target_position,vacancy_id,vacancy_name,employer,area,salary_from,salary_to,salary_mid,salary_currency,salary_gross,experience,employment,schedule,published_at,url
Помощник бариста,132897575,Старший бариста,Виннерс,Москва,130000.0,230000.0,180000.0,RUR,False,От 1 года до 3 лет,,,2026-05-22T18:10:38+0300,https://hh.ru/vacancy/132897575
Помощник бариста,133072909,Волшебный помощник / аниматор,Волшебнутый Кофе,Москва,82500.0,95000.0,88750.0,RUR,False,От 1 года до 3 лет,,,2026-05-23T08:24:00+0300,https://hh.ru/vacancy/133072909
Помощник бариста,133414516,Менеджер/ Старший бариста,Дринкит сеть кофеен,Москва,90000.0,,90000.0,RUR,False,От 1 года до 3 лет,,,2026-05-22T21:07:54+0300,https://hh.ru/vacancy/133414516
Помощник бариста,133413612,Помощник повара,Кафе Кошка,Москва,60000.0,90000.0,75000.0,RUR,False,Нет опыта,,,2026-05-22T19:14:45+0300,https://hh.ru/vacancy/133413612
Помощник бариста,133270985,Помощник бариста,Калачева Марина Вячеславовна,Москва,,40000.0,40000.0,RUR,False,Нет опыта,,,2026-05-19T17:37:01+0300,https://hh.ru/vacancy/133270985
Помощник бариста,132726649,Бариста / Бармен-официант в кафетерий,Азбука вкуса,Москва,5900.0,6500.0,6200.0,RUR,False,Нет опыта,,,2026-05-22T10:31:48+0300,https://hh.ru/vacancy/132726649
Помощник бариста,133308553,Бариста-администратор (старший бариста/менеджер смены),Shkulev Holding,Москва,85000.0,,85000.0,RUR,False,От 1 года до 3 лет,,,2026-05-20T14:39:11+0300,https://hh.ru/vacancy/133308553
Помощник бариста,133390213,Заместитель управляющего кафе,Смайл Парк,Москва,130000.0,150000.0,140000.0,RUR,False,От 1 года до 3 лет,,,2026-05-22T11:06:39+0300,https://hh.ru/vacancy/133390213
Помощник бариста,133353766,Помощник менеджера по продажам,Артпласт,Москва,80000.0,90000.0,85000.0,RUR,False,От 1 года до 3 лет,,,2026-05-21T12:52:00+0300,https://hh.ru/vacancy/133353766
Помощник бариста,133322751,Официант / Помощник официанта,rockets.coffee,Москва,60000.0,120000.0,90000.0,RUR,False,Нет опыта,,,2026-05-20T17:25:54+0300,https://hh.ru/vacancy/133322751
Помощник бариста,132810834,Начинающий бариста / Помощник бариста (в Парк Царицыно),Правительство Москвы,Москва,,,,,,Нет опыта,,,2026-05-15T14:13:32+0300,https://hh.ru/vacancy/132810834
Помощник бариста,133239308,Бариста/бармен-официант в кафе,Азбука вкуса,Москва,5900.0,,5900.0,RUR,False,Нет опыта,,,2026-05-19T10:22:12+0300,https://hh.ru/vacancy/133239308
Помощник бариста,129872563,Помощник Бариста,Shkulev Holding,Москва,30000.0,,30000.0,RUR,False,Нет опыта,,,2026-05-08T12:00:29+0300,https://hh.ru/vacancy/129872563
Помощник бариста,124549349,Помощник бариста,Сеть кофеен Шоколадница,Москва,60000.0,95000.0,77500.0,RUR,False,Нет опыта,,,2026-05-06T10:44:03+0300,https://hh.ru/vacancy/124549349
Помощник бариста,131921130,Младший менеджер по развитию HoReCa и дистрибуции,Аква Спиритс,Москва,130000.0,180000.0,155000.0,RUR,False,От 1 года до 3 лет,,,2026-05-21T19:04:58+0300,https://hh.ru/vacancy/131921130
Помощник бариста,133198665,"Раннер/помощник официанта (Сеть кофеен ""Аленка"" м. ВДНХ)",Группа Гута,Москва,69000.0,92000.0,80500.0,RUR,True,Нет опыта,,,2026-05-18T12:15:22+0300,https://hh.ru/vacancy/133198665
Помощник бариста,132890062,Шеф-бариста / Бариста в ресторан,Мегарест,Москва,100000.0,120000.0,110000.0,RUR,False,От 1 года до 3 лет,,,2026-05-07T15:22:52+0300,https://hh.ru/vacancy/132890062
Помощник бариста,132888092,Бариста в кофейню,Росинтер Ресторантс,Москва,70000.0,85000.0,77500.0,RUR,True,Нет опыта,,,2026-05-07T14:51:03+0300,https://hh.ru/vacancy/132888092
Помощник бариста,132621100,Шеф-бариста/Бариста,Место силы - изменить нельзя,Москва,80000.0,130000.0,105000.0,RUR,False,От 1 года до 3 лет,,,2026-04-29T12:54:25+0300,https://hh.ru/vacancy/132621100
Помощник бариста,132917933,Бариста в Правда кофе (м. Новокузнецкая),Правда Кофе (ООО Кофе Плюс),Москва,70000.0,80000.0,75000.0,RUR,True,Нет опыта,,,2026-05-08T11:51:32+0300,https://hh.ru/vacancy/132917933
Помощник бариста,132878309,Бариста в Правда кофе (м. Кантемировская),Правда Кофе (ООО Кофе Плюс),Москва,70000.0,80000.0,75000.0,RUR,True,Нет опыта,,,2026-05-07T12:04:01+0300,https://hh.ru/vacancy/132878309
Помощник бариста,133309093,Бармен,PhoBo,Москва,90000.0,,90000.0,RUR,True,Нет опыта,,,2026-05-23T14:48:18+0300,https://hh.ru/vacancy/133309093
Помощник бариста,132783247,Начинающий бариста в кафетерий (Москва),Азбука вкуса,Москва,5400.0,5800.0,5600.0,RUR,False,Нет опыта,,,2026-05-05T11:24:12+0300,https://hh.ru/vacancy/132783247
Помощник бариста,132199833,Бариста в Правда кофе (м. Краснопресненская),Правда Кофе (ООО Кофе Плюс),Москва,,,,,,Нет опыта,,,2026-05-06T14:08:42+0300,https://hh.ru/vacancy/132199833
Помощник бариста,132789185,Бариста / бармен - официант в кафе (Москва),Азбука вкуса,Москва,5900.0,,5900.0,RUR,False,Нет опыта,,,2026-05-05T12:53:59+0300,https://hh.ru/vacancy/132789185
Помощник бариста,132619553,Начинающий специалист / Ученик выездного мастера,Кузница Кадров,Москва,120000.0,250000.0,185000.0,RUR,False,Нет опыта,,,2026-05-23T12:23:36+0300,https://hh.ru/vacancy/132619553
Помощник бариста,131698876,Бариста в Правда кофе (м.Павелецкая),Правда Кофе (ООО Кофе Плюс),Москва,70000.0,80000.0,75000.0,RUR,True,Нет опыта,,,2026-04-29T12:23:02+0300,https://hh.ru/vacancy/131698876
Помощник бариста,133081354,Кассир в кафе (м. Киевская),PhoBo,Москва,110000.0,135000.0,122500.0,RUR,True,Нет опыта,,,2026-05-23T10:32:36+0300,https://hh.ru/vacancy/133081354
Помощник бариста,132564928,Начинающий бариста/официант в кафе (Москва),Азбука вкуса,Москва,5900.0,6500.0,6200.0,RUR,False,Нет опыта,,,2026-04-28T09:22:21+0300,https://hh.ru/vacancy/132564928
Помощник бариста,133059026,Официант,PhoBo,Москва,140000.0,,140000.0,RUR,True,Нет опыта,,,2026-05-22T16:53:52+0300,https://hh.ru/vacancy/133059026
Помощник бариста,133093664,"Повар в магазин (Москва, Сущёвский Вал, 53)","МАГНИТ, Розничная сеть",Москва,83600.0,106100.0,94850.0,RUR,True,Нет опыта,,,2026-05-23T10:04:38+0300,https://hh.ru/vacancy/133093664
Помощник бариста,132907413,"Повар в магазин (Москва, Бумажный, 19)","МАГНИТ, Розничная сеть",Москва,74200.0,100100.0,87150.0,RUR,True,Нет опыта,,,2026-05-23T10:04:37+0300,https://hh.ru/vacancy/132907413
Помощник бариста,133026568,"Повар в магазин (Москва, Ефремова, 10)","МАГНИТ, Розничная сеть",Москва,91100.0,119700.0,105400.0,RUR,True,Нет опыта,,,2026-05-23T10:04:37+0300,https://hh.ru/vacancy/133026568
Помощник бариста,129611779,Пиццамейкер-кассир (м. Фрунзенская),Додо Пицца (Корпоративная розничная сеть),Москва,86000.0,90000.0,88000.0,RUR,True,Нет опыта,,,2026-05-22T16:54:36+0300,https://hh.ru/vacancy/129611779
Помощник бариста,108628107,Пиццамейкер-кассир (м. Юго-Западная),Додо Пицца (Корпоративная розничная сеть),Москва,90000.0,93000.0,91500.0,RUR,True,Нет опыта,,,2026-05-22T15:45:23+0300,https://hh.ru/vacancy/108628107
Помощник бариста,133216277,Начинающий бармен в Парк Горького,PIMS,Москва,70000.0,,70000.0,RUR,False,Нет опыта,,,2026-05-21T16:37:15+0300,https://hh.ru/vacancy/133216277
Помощник бариста,132705704,Начинающий бармен (м. ВДНХ),PIMS,Москва,70000.0,,70000.0,RUR,False,Нет опыта,,,2026-05-21T14:48:33+0300,https://hh.ru/vacancy/132705704
Помощник бариста,132705699,Начинающий бармен (м. Тверская),PIMS,Москва,70000.0,,70000.0,RUR,False,Нет опыта,,,2026-05-21T14:47:56+0300,https://hh.ru/vacancy/132705699
Помощник бариста,133308549,Кассир ROSTIC`S / Ростикс (Новогиреево),АРТ РЕСТ,Москва,53000.0,66000.0,59500.0,RUR,True,Нет опыта,,,2026-05-20T14:39:06+0300,https://hh.ru/vacancy/133308549
Помощник бариста,133304722,Кассир ROSTIC`S / Ростикс (Новогиреево),АРТ РЕСТ,Москва,53000.0,66000.0,59500.0,RUR,True,Нет опыта,,,2026-05-20T13:38:52+0300,https://hh.ru/vacancy/133304722
Помощник бариста,131620173,Сотрудник ресторана ROSTIC`S / Ростикс (Водный стадион),АРТ РЕСТ,Москва,91000.0,106000.0,98500.0,RUR,True,Нет опыта,,,2026-05-20T13:20:57+0300,https://hh.ru/vacancy/131620173
Помощник бариста,133143928,Управляющий / Директор кофейни Дринкит,Дринкит сеть кофеен,Москва,90000.0,120000.0,105000.0,RUR,False,От 1 года до 3 лет,,,2026-05-21T15:20:29+0300,https://hh.ru/vacancy/133143928
Помощник бариста,133300846,Кассир ROSTIC`S / Ростикс (Каширская),АРТ РЕСТ,Москва,53000.0,66000.0,59500.0,RUR,True,Нет опыта,,,2026-05-20T12:39:06+0300,https://hh.ru/vacancy/133300846
Помощник бариста,131620766,Сотрудник ресторана ROSTIC`S / Ростикс (Авиаматорная),АРТ РЕСТ,Москва,91000.0,106000.0,98500.0,RUR,True,Нет опыта,,,2026-05-20T13:22:58+0300,https://hh.ru/vacancy/131620766
Помощник бариста,131620661,"Сотрудник ресторана ROSTIC`S / Ростикс (Шангал, Новогиреево)",АРТ РЕСТ,Москва,91000.0,106000.0,98500.0,RUR,True,Нет опыта,,,2026-05-20T13:22:36+0300,https://hh.ru/vacancy/131620661
Помощник бариста,131620462,Сотрудник ресторана ROSTIC`S / Ростикс (Бабушкинская),АРТ РЕСТ,Москва,91000.0,106000.0,98500.0,RUR,True,Нет опыта,,,2026-05-20T13:22:02+0300,https://hh.ru/vacancy/131620462
Помощник бариста,131620394,Сотрудник ресторана ROSTIC`S / Ростикс (Краснопресненская),АРТ РЕСТ,Москва,91000.0,106000.0,98500.0,RUR,True,Нет опыта,,,2026-05-20T13:21:41+0300,https://hh.ru/vacancy/131620394
Помощник бариста,130128988,Уборщица/уборщик в бизнес центр,Группа компаний РБЕ (RBE Group),Москва,65000.0,65000.0,65000.0,RUR,False,Нет опыта,,,2026-05-11T13:22:15+0300,https://hh.ru/vacancy/130128988
Помощник бариста,126304891,Мойщик Вагонов Метро ( депо Сокол),Группа компаний РБЕ (RBE Group),Москва,3500.0,3500.0,3500.0,RUR,False,Нет опыта,,,2026-05-11T13:19:49+0300,https://hh.ru/vacancy/126304891
Помощник бариста,132830798,Продавец-кассир АЗС Лукойл,Retail Personal,Москва,80000.0,,80000.0,RUR,True,Нет опыта,,,2026-05-06T10:37:13+0300,https://hh.ru/vacancy/132830798
Помощник бариста,131164350,Мойщик вагонов метро (Фили),Группа компаний РБЕ (RBE Group),Москва,3000.0,3000.0,3000.0,RUR,False,Нет опыта,,,2026-05-05T13:34:44+0300,https://hh.ru/vacancy/131164350
Помощник бариста,128787918,Мойщик вагонов метро,Группа компаний РБЕ (RBE Group),Москва,3500.0,3500.0,3500.0,RUR,False,Нет опыта,,,2026-05-05T13:34:43+0300,https://hh.ru/vacancy/128787918
Помощник бариста,132500679,"Бармен в PIMS (ТЦ Аркадия, м. Новокузнецкая)",Егоркин Никита Сергеевич,Москва,40000.0,70000.0,55000.0,RUR,False,Нет опыта,,,2026-04-26T11:44:35+0300,https://hh.ru/vacancy/132500679
Помощник бариста,132907538,"Повар в магазин (Москва, Тушинская, 24)","МАГНИТ, Розничная сеть",Москва,74200.0,100100.0,87150.0,RUR,True,Нет опыта,,,2026-05-23T10:04:36+0300,https://hh.ru/vacancy/132907538
Помощник бариста,133216154,Начинающий бармен (м. Комсомольская) ДЕПО,PIMS,Москва,70000.0,,70000.0,RUR,False,Нет опыта,,,2026-05-21T16:34:41+0300,https://hh.ru/vacancy/133216154
Помощник бариста,124102362,Пиццамейкер-кассир (м. Теплый стан),Додо Пицца (Корпоративная розничная сеть),Москва,86000.0,90000.0,88000.0,RUR,True,Нет опыта,,,2026-05-21T11:41:19+0300,https://hh.ru/vacancy/124102362
Помощник бариста,133304725,Кассир ROSTIC`S / Ростикс (Бирюлево),АРТ РЕСТ,Москва,53000.0,66000.0,59500.0,RUR,True,Нет опыта,,,2026-05-20T13:38:55+0300,https://hh.ru/vacancy/133304725
Помощник бариста,131619958,Сотрудник ресторана ROSTIC`S / Ростикс (Технопарк),АРТ РЕСТ,Москва,91000.0,106000.0,98500.0,RUR,True,Нет опыта,,,2026-05-20T13:20:34+0300,https://hh.ru/vacancy/131619958
Помощник бариста,133300852,Кассир ROSTIC`S / Ростикс (Выхино),АРТ РЕСТ,Москва,53000.0,66000.0,59500.0,RUR,True,Нет опыта,,,2026-05-20T12:39:09+0300,https://hh.ru/vacancy/133300852
Помощник бариста,133300832,Кассир ROSTIC`S / Ростикс (Щелковская),АРТ РЕСТ,Москва,53000.0,66000.0,59500.0,RUR,True,Нет опыта,,,2026-05-20T12:38:57+0300,https://hh.ru/vacancy/133300832
Помощник бариста,133300830,Кассир ROSTIC`S / Ростикс (Перово),АРТ РЕСТ,Москва,53000.0,66000.0,59500.0,RUR,True,Нет опыта,,,2026-05-20T12:38:55+0300,https://hh.ru/vacancy/133300830
Помощник бариста,133297751,Кассир ROSTIC`S / Ростикс Домодедовская,АРТ РЕСТ,Москва,53000.0,66000.0,59500.0,RUR,True,Нет опыта,,,2026-05-20T11:54:56+0300,https://hh.ru/vacancy/133297751
Помощник бариста,133297745,Кассир ROSTIC`S / Ростикс (Каширская),АРТ РЕСТ,Москва,53000.0,66000.0,59500.0,RUR,True,Нет опыта,,,2026-05-20T11:54:52+0300,https://hh.ru/vacancy/133297745
Помощник бариста,133297736,Кассир ROSTIC`S / Ростикс Алексеевская,АРТ РЕСТ,Москва,53000.0,66000.0,59500.0,RUR,True,Нет опыта,,,2026-05-20T11:54:50+0300,https://hh.ru/vacancy/133297736
Помощник бариста,133297738,Кассир ROSTIC`S / Ростикс (Тульская),АРТ РЕСТ,Москва,53000.0,66000.0,59500.0,RUR,True,Нет опыта,,,2026-05-20T11:54:50+0300,https://hh.ru/vacancy/133297738
Помощник бариста,133297732,Кассир (ROSTIC`S / Ростикс Технопарк),АРТ РЕСТ,Москва,53000.0,66000.0,59500.0,RUR,True,Нет опыта,,,2026-05-20T11:54:48+0300,https://hh.ru/vacancy/133297732
Помощник бариста,133297733,Кассир ROSTIC`S / Ростикс (Краснопресненская),АРТ РЕСТ,Москва,53000.0,66000.0,59500.0,RUR,True,Нет опыта,,,2026-05-20T11:54:48+0300,https://hh.ru/vacancy/133297733
Помощник бариста,133297725,Кассир ROSTIC`S / Ростикс (Бирюлево),АРТ РЕСТ,Москва,53000.0,66000.0,59500.0,RUR,True,Нет опыта,,,2026-05-20T11:54:45+0300,https://hh.ru/vacancy/133297725
Помощник бариста,133297717,Кассир OSTIC`S / Ростикс (Верхние котлы),АРТ РЕСТ,Москва,53000.0,66000.0,59500.0,RUR,True,Нет опыта,,,2026-05-20T11:54:43+0300,https://hh.ru/vacancy/133297717
Помощник бариста,133297706,Кассир ROSTIC`S / Ростикс (Пр-т Вернадского),АРТ РЕСТ,Москва,53000.0,66000.0,59500.0,RUR,True,Нет опыта,,,2026-05-20T11:54:40+0300,https://hh.ru/vacancy/133297706
Помощник бариста,133297702,Кассир ROSTIC`S / Ростикс (Зюзино),АРТ РЕСТ,Москва,53000.0,66000.0,59500.0,RUR,True,Нет опыта,,,2026-05-20T11:54:38+0300,https://hh.ru/vacancy/133297702
Помощник бариста,133297704,Кассир ROSTIC`S / Ростикс (Б-р Д. Донского),АРТ РЕСТ,Москва,53000.0,66000.0,59500.0,RUR,True,Нет опыта,,,2026-05-20T11:54:38+0300,https://hh.ru/vacancy/133297704
Помощник бариста,133297693,Кассир ROSTIC`S / Ростикс (Крылатское),АРТ РЕСТ,Москва,53000.0,66000.0,59500.0,RUR,True,Нет опыта,,,2026-05-20T11:54:34+0300,https://hh.ru/vacancy/133297693
Помощник бариста,133297686,Кассир ROSTIC`S / Ростикс (Бабушкинская),АРТ РЕСТ,Москва,53000.0,66000.0,59500.0,RUR,True,Нет опыта,,,2026-05-20T11:54:31+0300,https://hh.ru/vacancy/133297686
Помощник бариста,133297688,Кассир ROSTIC`S / Ростикс (Бибирево),АРТ РЕСТ,Москва,53000.0,66000.0,59500.0,RUR,True,Нет опыта,,,2026-05-20T11:54:31+0300,https://hh.ru/vacancy/133297688
Помощник бариста,133297679,Кассир ROSTIC`S / Ростикс (Бульвар Рокоссовского),АРТ РЕСТ,Москва,53000.0,66000.0,59500.0,RUR,True,Нет опыта,,,2026-05-20T11:54:29+0300,https://hh.ru/vacancy/133297679
Помощник бариста,133297676,Кассир (ROSTIC`S / Ростикс Отрадное),АРТ РЕСТ,Москва,53000.0,66000.0,59500.0,RUR,True,Нет опыта,,,2026-05-20T11:54:27+0300,https://hh.ru/vacancy/133297676
Помощник бариста,133297678,Кассир ROSTIC`S / Ростикс (Царицыно),АРТ РЕСТ,Москва,53000.0,66000.0,59500.0,RUR,True,Нет опыта,,,2026-05-20T11:54:27+0300,https://hh.ru/vacancy/133297678
Помощник бариста,133297674,Кассир ROSTIC`S / Ростикс Марьина роща,АРТ РЕСТ,Москва,53000.0,66000.0,59500.0,RUR,True,Нет опыта,,,2026-05-20T11:54:26+0300,https://hh.ru/vacancy/133297674
Помощник бариста,133297670,Кассир ROSTIC`S / Ростикс (ЗИЛ),АРТ РЕСТ,Москва,53000.0,66000.0,59500.0,RUR,True,Нет опыта,,,2026-05-20T11:54:25+0300,https://hh.ru/vacancy/133297670
Помощник бариста,133297672,Кассир ROSTIC`S / Ростикс Профсоюзная,АРТ РЕСТ,Москва,53000.0,66000.0,59500.0,RUR,True,Нет опыта,,,2026-05-20T11:54:25+0300,https://hh.ru/vacancy/133297672
Помощник бариста,133297665,Кассир ROSTIC`S / Ростикс (Преображенская пл-дь),АРТ РЕСТ,Москва,53000.0,66000.0,59500.0,RUR,True,Нет опыта,,,2026-05-20T11:54:24+0300,https://hh.ru/vacancy/133297665
Помощник бариста,133297663,Кассир ROSTIC`S / Ростикс (Третьяковская),АРТ РЕСТ,Москва,53000.0,66000.0,59500.0,RUR,True,Нет опыта,,,2026-05-20T11:54:23+0300,https://hh.ru/vacancy/133297663
Помощник бариста,133297659,Кассир ROSTIC`S / Ростикс (Щелковская),АРТ РЕСТ,Москва,53000.0,66000.0,59500.0,RUR,True,Нет опыта,,,2026-05-20T11:54:22+0300,https://hh.ru/vacancy/133297659
Помощник бариста,133297654,Кассир ROSTIC`S / Ростикс (Марьино),АРТ РЕСТ,Москва,53000.0,66000.0,59500.0,RUR,True,Нет опыта,,,2026-05-20T11:54:21+0300,https://hh.ru/vacancy/133297654
Помощник бариста,133297652,Кассир ROSTIC`S / Ростикс (ТЦ Иридиум),АРТ РЕСТ,Зеленоград,53000.0,66000.0,59500.0,RUR,True,Нет опыта,,,2026-05-20T11:54:20+0300,https://hh.ru/vacancy/133297652
Помощник бариста,133297651,Кассир ROSTIC`S / Ростикс (Выхино),АРТ РЕСТ,Москва,53000.0,66000.0,59500.0,RUR,True,Нет опыта,,,2026-05-20T11:54:19+0300,https://hh.ru/vacancy/133297651
Помощник бариста,133297647,Кассир ROSTIC`S / Ростикс (Митино),АРТ РЕСТ,Москва,53000.0,66000.0,59500.0,RUR,True,Нет опыта,,,2026-05-20T11:54:18+0300,https://hh.ru/vacancy/133297647
Помощник бариста,133297648,Кассир ROSTIC`S / Ростикс (Академическая),АРТ РЕСТ,Москва,53000.0,66000.0,59500.0,RUR,True,Нет опыта,,,2026-05-20T11:54:18+0300,https://hh.ru/vacancy/133297648
Помощник бариста,133297649,Кассир ROSTIC`S / Ростикс (Южная),АРТ РЕСТ,Москва,53000.0,66000.0,59500.0,RUR,True,Нет опыта,,,2026-05-20T11:54:18+0300,https://hh.ru/vacancy/133297649
Помощник бариста,133297641,Кассир ROSTIC`S / Ростикс (Водный стадион),АРТ РЕСТ,Москва,53000.0,66000.0,59500.0,RUR,True,Нет опыта,,,2026-05-20T11:54:16+0300,https://hh.ru/vacancy/133297641
Помощник бариста,133297633,Кассир ROSTIC`S / Ростикс (Варшавская),АРТ РЕСТ,Москва,53000.0,66000.0,59500.0,RUR,True,Нет опыта,,,2026-05-20T11:54:14+0300,https://hh.ru/vacancy/133297633
Помощник бариста,133297627,Кассир ROSTIC`S / Ростикс (Перово),АРТ РЕСТ,Москва,53000.0,66000.0,59500.0,RUR,True,Нет опыта,,,2026-05-20T11:54:12+0300,https://hh.ru/vacancy/133297627
Помощник бариста,133297630,Кассир ROSTIC`S / Ростикс Электрозаводская,АРТ РЕСТ,Москва,53000.0,66000.0,59500.0,RUR,True,Нет опыта,,,2026-05-20T11:54:12+0300,https://hh.ru/vacancy/133297630
Помощник бариста,133297626,Кассир ROSTIC`S / Ростикс (Коломенская),АРТ РЕСТ,Москва,53000.0,66000.0,59500.0,RUR,True,Нет опыта,,,2026-05-20T11:54:11+0300,https://hh.ru/vacancy/133297626
Помощник бариста,133297620,Кассир (ROSTIC`S / Ростикс Пражская),АРТ РЕСТ,Москва,53000.0,66000.0,59500.0,RUR,True,Нет опыта,,,2026-05-20T11:54:09+0300,https://hh.ru/vacancy/133297620
Помощник бариста,133297618,Кассир ROSTIC`S / Ростикс Ховрино,АРТ РЕСТ,Москва,53000.0,66000.0,59500.0,RUR,True,Нет опыта,,,2026-05-20T11:54:08+0300,https://hh.ru/vacancy/133297618
Помощник бариста,131620676,Сотрудник ресторана ROSTIC`S / Ростикс (Юго-Западная),АРТ РЕСТ,Москва,91000.0,106000.0,98500.0,RUR,True,Нет опыта,,,2026-05-20T13:22:47+0300,https://hh.ru/vacancy/131620676
Помощник бариста,131620542,Сотрудник ресторана ROSTIC`S / Ростикс (Новогиреево),АРТ РЕСТ,Москва,91000.0,106000.0,98500.0,RUR,True,Нет опыта,,,2026-05-20T13:22:25+0300,https://hh.ru/vacancy/131620542
Помощник бариста,131261163,Сотрудник ресторана ROSTIC`S / Ростикс (Профсоюзная),АРТ РЕСТ,Москва,91000.0,106000.0,98500.0,RUR,True,Нет опыта,,,2026-05-20T13:22:12+0300,https://hh.ru/vacancy/131261163
Помощник бариста,131620423,Сотрудник ресторана ROSTIC`S / Ростикс (Третьяковская),АРТ РЕСТ,Москва,91000.0,106000.0,98500.0,RUR,True,Нет опыта,,,2026-05-20T13:21:50+0300,https://hh.ru/vacancy/131620423
Помощник бариста,131620311,Сотрудник ресторана ROSTIC`S / Ростикс (Тульская),АРТ РЕСТ,Москва,91000.0,106000.0,98500.0,RUR,True,Нет опыта,,,2026-05-20T13:21:32+0300,https://hh.ru/vacancy/131620311
Помощник бариста,131620255,Сотрудник ресторана ROSTIC`S / Ростикс (Бульвар Рокоссовского),АРТ РЕСТ,Москва,91000.0,106000.0,98500.0,RUR,True,Нет опыта,,,2026-05-20T13:21:20+0300,https://hh.ru/vacancy/131620255
Помощник бариста,131620345,Сотрудник ресторана ROSTIC`S / Ростикс (Фрунзенская),АРТ РЕСТ,Москва,91000.0,106000.0,98500.0,RUR,True,Нет опыта,,,2026-05-20T13:21:08+0300,https://hh.ru/vacancy/131620345
Помощник бариста,131620099,Сотрудник ресторана ROSTIC`S / Ростикс (Коломенская),АРТ РЕСТ,Москва,91000.0,106000.0,98500.0,RUR,True,Нет опыта,,,2026-05-20T13:20:47+0300,https://hh.ru/vacancy/131620099
Помощник бариста,131619872,Сотрудник ресторана ROSTIC`S / Ростикс (Академическая),АРТ РЕСТ,Москва,91000.0,106000.0,98500.0,RUR,True,Нет опыта,,,2026-05-20T13:19:21+0300,https://hh.ru/vacancy/131619872
Помощник бариста,131619805,Сотрудник ресторана ROSTIC`S / Ростикс (Каширская),АРТ РЕСТ,Москва,91000.0,106000.0,98500.0,RUR,True,Нет опыта,,,2026-05-20T13:18:37+0300,https://hh.ru/vacancy/131619805
Помощник бариста,131619724,Сотрудник ресторана ROSTIC`S / Ростикс (Ховрино),АРТ РЕСТ,Москва,91000.0,106000.0,98500.0,RUR,True,Нет опыта,,,2026-05-20T13:18:15+0300,https://hh.ru/vacancy/131619724
Помощник бариста,131211087,Сотрудник ресторана ROSTIC`S / Ростикс (ЗИЛ),АРТ РЕСТ,Москва,91000.0,106000.0,98500.0,RUR,True,Нет опыта,,,2026-05-20T13:17:44+0300,https://hh.ru/vacancy/131211087
Помощник бариста,131261160,Сотрудник ресторана ROSTIC`S / Ростикс (Крылатское),АРТ РЕСТ,Москва,91000.0,106000.0,98500.0,RUR,True,Нет опыта,,,2026-05-20T13:17:17+0300,https://hh.ru/vacancy/131261160
Помощник бариста,131211092,Сотрудник ресторана ROSTIC`S / Ростикс (Митино),АРТ РЕСТ,Москва,91000.0,106000.0,98500.0,RUR,True,Нет опыта,,,2026-05-20T13:16:59+0300,https://hh.ru/vacancy/131211092
Помощник бариста,131227674,Сотрудник ресторана ROSTIC`S / Ростикс (Парк Культуры),АРТ РЕСТ,Москва,91000.0,106000.0,98500.0,RUR,True,Нет опыта,,,2026-05-20T13:16:45+0300,https://hh.ru/vacancy/131227674
Помощник бариста,132804512,Бариста,Перекрёсток,Москва,84000.0,,84000.0,RUR,True,Нет опыта,,,2026-05-23T15:50:51+0300,https://hh.ru/vacancy/132804512
Помощник бариста,132799151,Бариста,Диемм Кофе,Москва,,102000.0,102000.0,RUR,False,Нет опыта,,,2026-05-23T14:34:02+0300,https://hh.ru/vacancy/132799151
Помощник бариста,132790242,Бариста,Перекрёсток,Москва,84000.0,,84000.0,RUR,True,Нет опыта,,,2026-05-23T13:10:31+0300,https://hh.ru/vacancy/132790242
Помощник бариста,132788379,Бариста,Перекрёсток,Москва,84000.0,,84000.0,RUR,True,Нет опыта,,,2026-05-23T12:41:30+0300,https://hh.ru/vacancy/132788379
Помощник бариста,132783544,Бариста,Перекрёсток,Москва,84000.0,,84000.0,RUR,True,Нет опыта,,,2026-05-23T11:28:24+0300,https://hh.ru/vacancy/132783544
Помощник бариста,133105957,Начинающий специалист/Официант - бариста (м. Лубянка),КИДБУРГ,Москва,35000.0,,35000.0,RUR,False,Нет опыта,,,2026-05-23T17:35:36+0300,https://hh.ru/vacancy/133105957
Помощник бариста,132959750,Начинающий Бариста в сеть кофеен ONE & DOUBLE,OD BRANDS,Москва,65500.0,95900.0,80700.0,RUR,False,Нет опыта,,,2026-05-23T13:22:53+0300,https://hh.ru/vacancy/132959750
Помощник бариста,132959726,Начинающий Бариста в сеть кофеен ONE & DOUBLE,OD BRANDS,Москва,65500.0,95900.0,80700.0,RUR,False,Нет опыта,,,2026-05-23T13:20:24+0300,https://hh.ru/vacancy/132959726
Помощник бариста,132959661,Начинающий Бариста в сеть кофеен ONE & DOUBLE,OD BRANDS,Москва,65500.0,95900.0,80700.0,RUR,False,Нет опыта,,,2026-05-23T13:13:47+0300,https://hh.ru/vacancy/132959661
Помощник бариста,133182556,Бариста в кафе,Перекрёсток,Москва,65000.0,75000.0,70000.0,RUR,True,Нет опыта,,,2026-05-23T17:27:56+0300,https://hh.ru/vacancy/133182556
Помощник бариста,133290728,Старший бариста,Эй.Ви.Эм. Групп,Москва,100000.0,150000.0,125000.0,RUR,True,От 1 года до 3 лет,,,2026-05-23T10:26:46+0300,https://hh.ru/vacancy/133290728
Помощник бариста,133107375,Бариста в кафе Select,Перекрёсток,Москва,85000.0,,85000.0,RUR,True,Нет опыта,,,2026-05-23T18:16:15+0300,https://hh.ru/vacancy/133107375
Помощник бариста,133106990,Бариста в кафе Select,Перекрёсток,Москва,85000.0,,85000.0,RUR,True,Нет опыта,,,2026-05-23T18:08:44+0300,https://hh.ru/vacancy/133106990
Помощник бариста,132804265,Ночной Бариста Ленинградский вокзал,Перекрёсток,Москва,84000.0,90000.0,87000.0,RUR,True,Нет опыта,,,2026-05-23T15:45:45+0300,https://hh.ru/vacancy/132804265
Помощник бариста,133289796,Бариста в кафе,Перекрёсток,Москва,80000.0,85000.0,82500.0,RUR,True,Нет опыта,,,2026-05-23T10:13:11+0300,https://hh.ru/vacancy/133289796
Помощник бариста,130519566,Бариста в кафе,Перекрёсток,Москва,81000.0,85000.0,83000.0,RUR,True,Нет опыта,,,2026-05-23T09:53:36+0300,https://hh.ru/vacancy/130519566
Помощник бариста,125705139,Бариста-стажер,Сеть кофеен Шоколадница,Москва,55000.0,90000.0,72500.0,RUR,False,Нет опыта,,,2026-05-21T18:29:10+0300,https://hh.ru/vacancy/125705139
Помощник бариста,133288117,Бариста в кафе,Перекрёсток,Москва,79500.0,83100.0,81300.0,RUR,True,Нет опыта,,,2026-05-23T09:50:06+0300,https://hh.ru/vacancy/133288117
Помощник бариста,132909561,"Бариста (Зеленоград, , 406)",Перекрёсток,Зеленоград,78600.0,82100.0,80350.0,RUR,True,Нет опыта,,,2026-05-23T09:14:29+0300,https://hh.ru/vacancy/132909561
Помощник бариста,132502873,Бариста-наставник Дринкит (ТЦ Атриум),Дринкит сеть кофеен,Москва,60000.0,,60000.0,RUR,False,От 1 года до 3 лет,,,2026-05-23T15:41:19+0300,https://hh.ru/vacancy/132502873
Помощник бариста,133323446,Бариста в кофейню Дринкит (ТЦ Атриум),Дринкит сеть кофеен,Москва,20480.0,61440.0,40960.0,RUR,False,Нет опыта,,,2026-05-23T17:47:21+0300,https://hh.ru/vacancy/133323446
Помощник бариста,133297859,Ночной Бариста Ленинградский вокзал,Перекрёсток,Зеленоград,8400.0,90000.0,49200.0,RUR,True,Нет опыта,,,2026-05-23T11:56:43+0300,https://hh.ru/vacancy/133297859
Помощник бариста,133297728,Ночной Бариста Ленинградский вокзал,Перекрёсток,Химки (Московская область),84000.0,90000.0,87000.0,RUR,True,Нет опыта,,,2026-05-23T11:54:47+0300,https://hh.ru/vacancy/133297728
Помощник бариста,133314339,Начинающий специалист по недвижимости / Менеджер,Офис НА ПЕТРОВКЕ,Москва,275000.0,400000.0,337500.0,RUR,False,Нет опыта,,,2026-05-23T16:00:35+0300,https://hh.ru/vacancy/133314339
Помощник бариста,132555308,Бариста,One Price Coffee (ИП Авраменко Никита Максимович),Москва,350.0,400.0,375.0,RUR,True,Нет опыта,,,2026-05-21T22:15:21+0300,https://hh.ru/vacancy/132555308
Помощник бариста,133286047,"Бариста (Москва, Керамический, 51)",Перекрёсток,Москва,79500.0,83100.0,81300.0,RUR,True,Нет опыта,,,2026-05-23T09:16:54+0300,https://hh.ru/vacancy/133286047
Помощник бариста,133285894,"Бариста (Зеленоград, , 1446)",Перекрёсток,Зеленоград,80500.0,84100.0,82300.0,RUR,True,Нет опыта,,,2026-05-23T09:16:09+0300,https://hh.ru/vacancy/133285894
Помощник бариста,133076115,"Бариста (Москва, Щёлковское, 75)",Перекрёсток,Москва,82900.0,86600.0,84750.0,RUR,True,Нет опыта,,,2026-05-23T09:16:07+0300,https://hh.ru/vacancy/133076115
Помощник бариста,133076109,"Бариста (Москва, Краснобогатырская, 90)",Перекрёсток,Москва,70000.0,80000.0,75000.0,RUR,True,Нет опыта,,,2026-05-23T09:16:04+0300,https://hh.ru/vacancy/133076109
Помощник бариста,133285832,"Бариста (Москва, Усачёва, 2)",Перекрёсток,Москва,81000.0,84600.0,82800.0,RUR,True,Нет опыта,,,2026-05-23T09:15:53+0300,https://hh.ru/vacancy/133285832
Помощник бариста,133076074,"Бариста (Москва, Мичуринский, 31)",Перекрёсток,Москва,61700.0,65000.0,63350.0,RUR,True,Нет опыта,,,2026-05-23T09:15:45+0300,https://hh.ru/vacancy/133076074
Помощник бариста,133285809,"Бариста (Москва, Строгинский, 1)",Перекрёсток,Москва,78100.0,81600.0,79850.0,RUR,True,Нет опыта,,,2026-05-23T09:15:43+0300,https://hh.ru/vacancy/133285809
Помощник бариста,133285803,"Бариста (Москва, Планерная, 7)",Перекрёсток,Москва,60000.0,70000.0,65000.0,RUR,True,Нет опыта,,,2026-05-23T09:15:40+0300,https://hh.ru/vacancy/133285803
Помощник бариста,132608375,"Бариста (Москва, Русаковская, 31)",Перекрёсток,Москва,86700.0,90600.0,88650.0,RUR,True,Нет опыта,,,2026-05-23T09:14:34+0300,https://hh.ru/vacancy/132608375
Помощник бариста,132909550,"Бариста (Зеленоград, , 1549)",Перекрёсток,Зеленоград,83300.0,87100.0,85200.0,RUR,True,Нет опыта,,,2026-05-23T09:14:26+0300,https://hh.ru/vacancy/132909550
Помощник бариста,132909531,"Бариста (Москва, Куприна, 7)",Перекрёсток,Москва,60000.0,70000.0,65000.0,RUR,True,Нет опыта,,,2026-05-23T09:14:22+0300,https://hh.ru/vacancy/132909531
Помощник бариста,132773827,"Бариста (Москва, Пролетарский, 19)",Перекрёсток,Москва,80000.0,83000.0,81500.0,RUR,True,Нет опыта,,,2026-05-23T09:08:20+0300,https://hh.ru/vacancy/132773827
Помощник бариста,132773793,"Бариста (Москва, Ферганская, 17)",Перекрёсток,Москва,59000.0,82600.0,70800.0,RUR,True,Нет опыта,,,2026-05-23T09:08:09+0300,https://hh.ru/vacancy/132773793
Помощник бариста,133358622,Начинающий бариста-стажёр,Азбука вкуса,Москва,5900.0,6300.0,6100.0,RUR,False,Нет опыта,,,2026-05-21T14:06:33+0300,https://hh.ru/vacancy/133358622
Помощник бариста,132857387,Бариста,Перекрёсток,Москва,85000.0,,85000.0,RUR,True,Нет опыта,,,2026-05-21T18:40:37+0300,https://hh.ru/vacancy/132857387
Помощник бариста,132856888,Бариста,Перекрёсток,Москва,85000.0,,85000.0,RUR,True,Нет опыта,,,2026-05-21T18:09:22+0300,https://hh.ru/vacancy/132856888
Помощник бариста,132958600,Бариста в кофейню Дринкит (БП Румянцево),Дринкит сеть кофеен,Москва,20480.0,61440.0,40960.0,RUR,False,Нет опыта,,,2026-05-23T12:07:10+0300,https://hh.ru/vacancy/132958600
Помощник бариста,132608380,"Бариста (Москва, Саянская, 8А)",Перекрёсток,Москва,81000.0,84600.0,82800.0,RUR,True,Нет опыта,,,2026-05-23T09:14:40+0300,https://hh.ru/vacancy/132608380
Помощник бариста,132773796,"Бариста (Москва, Генерала Кузнецова, 25)",Перекрёсток,Москва,70000.0,80000.0,75000.0,RUR,True,Нет опыта,,,2026-05-23T09:08:11+0300,https://hh.ru/vacancy/132773796
Помощник бариста,133246823,Кассир / Бариста,NEW FORMAT,Москва,80000.0,,80000.0,RUR,False,Нет опыта,,,2026-05-22T12:04:50+0300,https://hh.ru/vacancy/133246823
Помощник бариста,132958642,Бариста в кофейню Дринкит (м. Парк Культуры),Дринкит сеть кофеен,Москва,53000.0,63000.0,58000.0,RUR,False,Нет опыта,,,2026-05-23T12:11:56+0300,https://hh.ru/vacancy/132958642
Помощник бариста,125704074,"Стажер-бариста в ""Шоколадницу""",Сеть кофеен Шоколадница,Москва,55000.0,90000.0,72500.0,RUR,False,Нет опыта,,,2026-05-21T18:29:22+0300,https://hh.ru/vacancy/125704074
Помощник бариста,133285975,"Бариста (Москва, Чертаново Северное, 1А)",Перекрёсток,Москва,79100.0,82600.0,80850.0,RUR,True,Нет опыта,,,2026-05-23T09:16:30+0300,https://hh.ru/vacancy/133285975
Помощник бариста,129976229,"Начинающий бариста в ресторан ""АндерСон"" (м. Проспект Мира)",ВкусВилл,Москва,70000.0,,70000.0,RUR,False,Нет опыта,,,2026-05-22T11:25:58+0300,https://hh.ru/vacancy/129976229
Помощник бариста,133269003,Бариста-пекарь (Басманный),Перекрёсток,Москва,5200.0,5700.0,5450.0,RUR,True,Нет опыта,,,2026-05-22T16:55:46+0300,https://hh.ru/vacancy/133269003
Помощник бариста,133422353,"Бариста «Зацепи кофе» (Пресенская наб., 10, стр. 2, Москва-сити)",Зацепи кофе (ИП Бахарев Давид Владимирович),Москва,85000.0,95000.0,90000.0,RUR,True,От 1 года до 3 лет,,,2026-05-23T15:31:41+0300,https://hh.ru/vacancy/133422353
Помощник бариста,133262884,Бариста (Савеловский район),Перекрёсток,Москва,81400.0,85100.0,83250.0,RUR,True,Нет опыта,,,2026-05-22T15:15:50+0300,https://hh.ru/vacancy/133262884
Помощник бариста,133346541,Начинающий Бариста в ONE & DOUBLE,OD BRANDS,Москва,65500.0,95900.0,80700.0,RUR,False,Нет опыта,,,2026-05-21T11:19:49+0300,https://hh.ru/vacancy/133346541
Помощник бариста,133326540,Бариста,Кафетерий Пряная тыква,Москва,350.0,,350.0,RUR,True,От 1 года до 3 лет,,,2026-05-20T20:58:13+0300,https://hh.ru/vacancy/133326540
Помощник бариста,132764851,Бариста в кофейню Дринкит (Новослободская),Дринкит сеть кофеен,Москва,55000.0,65000.0,60000.0,RUR,False,От 1 года до 3 лет,,,2026-05-22T23:10:32+0300,https://hh.ru/vacancy/132764851
Помощник бариста,132667351,Начинающий бариста в кофейню ONE & DOUBLE,OD BRANDS,Москва,65500.0,95900.0,80700.0,RUR,False,Нет опыта,,,2026-05-21T14:27:39+0300,https://hh.ru/vacancy/132667351
Помощник бариста,133268971,Бариста пекарь (Ленинградский вокзал),Перекрёсток,Москва,5200.0,5700.0,5450.0,RUR,True,Нет опыта,,,2026-05-22T16:54:55+0300,https://hh.ru/vacancy/133268971
Помощник бариста,133371924,Продавец-бариста,Журавлева Татьяна Владимировна,Москва,350.0,420.0,385.0,RUR,False,От 1 года до 3 лет,,,2026-05-21T18:10:22+0300,https://hh.ru/vacancy/133371924
Помощник бариста,133418384,Бариста в кофейню Дринкит (м. Нагатинская/мцк Верхние Котлы),Дринкит сеть кофеен,Москва,55000.0,70000.0,62500.0,RUR,False,Нет опыта,,,2026-05-23T07:33:17+0300,https://hh.ru/vacancy/133418384
Помощник бариста,126012310,"Бариста, пос. Шишкин Лес",ВкусВилл,Москва,80000.0,100000.0,90000.0,RUR,False,От 1 года до 3 лет,,,2026-05-22T13:59:52+0300,https://hh.ru/vacancy/126012310
Помощник бариста,132739221,Бариста (Москва-Сити - Дринкит),СМАРТ,Москва,60000.0,,60000.0,RUR,False,Нет опыта,,,2026-05-22T12:38:32+0300,https://hh.ru/vacancy/132739221
Помощник бариста,133410061,Бариста в кофейню (м. Баррикадная),rockets.coffee,Москва,80000.0,,80000.0,RUR,False,Нет опыта,,,2026-05-22T16:59:19+0300,https://hh.ru/vacancy/133410061
Помощник бариста,131647574,"Бариста (Москва, Шипиловская, 50)",Перекрёсток,Москва,81400.0,85100.0,83250.0,RUR,True,Нет опыта,,,2026-05-22T10:46:13+0300,https://hh.ru/vacancy/131647574
Помощник бариста,132891634,Бариста в кофейню Дринкит (м.Фили),Дринкит сеть кофеен,Москва,55000.0,70000.0,62500.0,RUR,False,Нет опыта,,,2026-05-22T15:58:37+0300,https://hh.ru/vacancy/132891634
Помощник бариста,132233169,Старший бариста,Томиоми,Москва,95000.0,110000.0,102500.0,RUR,True,От 1 года до 3 лет,,,2026-05-21T10:55:06+0300,https://hh.ru/vacancy/132233169
Помощник бариста,132726981,"Бариста (Москва, Голубинская, 5)",Перекрёсток,Москва,70000.0,85000.0,77500.0,RUR,True,Нет опыта,,,2026-05-22T10:33:44+0300,https://hh.ru/vacancy/132726981
Помощник бариста,131647268,"Бариста (Москва, Котельническая, 1/15)",Перекрёсток,Москва,81000.0,,81000.0,RUR,True,Нет опыта,,,2026-05-22T10:18:41+0300,https://hh.ru/vacancy/131647268
Помощник бариста,133031819,"Бариста (Москва, Таллинская, 7)",Перекрёсток,Москва,80500.0,84100.0,82300.0,RUR,True,Нет опыта,,,2026-05-22T10:18:39+0300,https://hh.ru/vacancy/133031819
Помощник бариста,133031746,"Бариста (Москва, Островитянова, 7)",Перекрёсток,Москва,81400.0,85100.0,83250.0,RUR,True,Нет опыта,,,2026-05-22T10:18:11+0300,https://hh.ru/vacancy/133031746
Помощник бариста,131647217,"Бариста (Москва, Пресненская, 2)",Перекрёсток,Москва,88100.0,92100.0,90100.0,RUR,True,Нет опыта,,,2026-05-22T10:18:41+0300,https://hh.ru/vacancy/131647217
Помощник бариста,131647277,"Бариста (Москва, Новослободская, 4)",Перекрёсток,Москва,81400.0,85100.0,83250.0,RUR,True,Нет опыта,,,2026-05-22T10:18:41+0300,https://hh.ru/vacancy/131647277
Помощник бариста,131794657,Ночной бариста в кафе,Перекрёсток,Москва,81000.0,91000.0,86000.0,RUR,True,Нет опыта,,,2026-05-22T10:22:45+0300,https://hh.ru/vacancy/131794657
Помощник бариста,133383229,"Бариста (Москва, Солнцевский, 21)",Перекрёсток,Москва,78600.0,82100.0,80350.0,RUR,True,Нет опыта,,,2026-05-22T09:09:01+0300,https://hh.ru/vacancy/133383229
Помощник бариста,132496998,Бариста в кофейню Дринкит (м. ЗИЛ),Дринкит сеть кофеен,Москва,55000.0,70000.0,62500.0,RUR,False,Нет опыта,,,2026-05-22T18:42:15+0300,https://hh.ru/vacancy/132496998
Помощник бариста,132496992,Бариста в кофейню Дринкит (м. Спортивная),Дринкит сеть кофеен,Москва,55000.0,70000.0,62500.0,RUR,False,Нет опыта,,,2026-05-22T18:41:31+0300,https://hh.ru/vacancy/132496992
Помощник бариста,132497007,Бариста в кофейню Дринкит (м. Аэропорт),Дринкит сеть кофеен,Москва,55000.0,70000.0,62500.0,RUR,False,Нет опыта,,,2026-05-22T18:43:18+0300,https://hh.ru/vacancy/132497007
Помощник бариста,133398306,Бариста в кофейню Coffee Combo,Егерев Юрий Валерьевич,Москва,4500.0,,4500.0,RUR,False,Нет опыта,,,2026-05-22T13:13:21+0300,https://hh.ru/vacancy/133398306
Помощник бариста,132596382,Бариста в кофейню Дринкит (м. Бауманская),Дринкит сеть кофеен,Москва,55000.0,,55000.0,RUR,True,Нет опыта,,,2026-05-22T18:29:06+0300,https://hh.ru/vacancy/132596382
Помощник бариста,132942555,"Начинающий бариста в ресторан ""АндерСон"" (м. Бауманская, м. Курская)",ВкусВилл,Москва,70000.0,,70000.0,RUR,False,Нет опыта,,,2026-05-21T16:41:43+0300,https://hh.ru/vacancy/132942555
Помощник бариста,132496764,Бариста в кофейню Дринкит (м. Новокузнецкая),Дринкит сеть кофеен,Москва,55000.0,70000.0,62500.0,RUR,False,Нет опыта,,,2026-05-22T18:01:38+0300,https://hh.ru/vacancy/132496764
Помощник бариста,131579133,Бариста в кофейню Дринкит (Шелепиха),Дринкит сеть кофеен,Москва,55000.0,70000.0,62500.0,RUR,False,Нет опыта,,,2026-05-22T11:12:52+0300,https://hh.ru/vacancy/131579133
Помощник бариста,132949504,Бариста в кофейню Дринкит (м. Савеловская),Дринкит сеть кофеен,Москва,53000.0,63000.0,58000.0,RUR,False,Нет опыта,,,2026-05-22T15:28:38+0300,https://hh.ru/vacancy/132949504
Помощник бариста,132726772,"Бариста (Зеленоград, , 2309А)",Перекрёсток,Зеленоград,65000.0,75000.0,70000.0,RUR,True,Нет опыта,,,2026-05-22T10:32:20+0300,https://hh.ru/vacancy/132726772
Помощник бариста,132724005,"Бариста (Москва, Омская, 7А)",Перекрёсток,Москва,80500.0,84100.0,82300.0,RUR,True,Нет опыта,,,2026-05-22T10:04:03+0300,https://hh.ru/vacancy/132724005
Помощник бариста,132564602,"Бариста (Москва, Дмитрия Донского, 1)",Перекрёсток,Москва,80000.0,83000.0,81500.0,RUR,True,Нет опыта,,,2026-05-22T09:16:46+0300,https://hh.ru/vacancy/132564602
Помощник бариста,132543099,Бариста в кафе,Перекрёсток,Москва,82000.0,,82000.0,RUR,True,Нет опыта,,,2026-05-21T15:37:37+0300,https://hh.ru/vacancy/132543099
Помощник бариста,133244961,Бариста ONE PRICE COFFEE (м. Серпуховская),Ван Груп Компани,Москва,75000.0,,75000.0,RUR,False,Нет опыта,,,2026-05-22T11:34:54+0300,https://hh.ru/vacancy/133244961
Помощник бариста,132949841,Бариста-наставник в кофейню Дринкит (БП Румянцево),Дринкит сеть кофеен,Москва,60000.0,,60000.0,RUR,False,От 1 года до 3 лет,,,2026-05-22T15:46:58+0300,https://hh.ru/vacancy/132949841
Помощник бариста,132977260,Бариста (район Лефортово),Перекрёсток,Москва,82000.0,85500.0,83750.0,RUR,True,Нет опыта,,,2026-05-21T09:35:11+0300,https://hh.ru/vacancy/132977260
Помощник бариста,132515308,Бариста в кафе,Перекрёсток,Москва,75000.0,85000.0,80000.0,RUR,True,Нет опыта,,,2026-05-21T09:09:00+0300,https://hh.ru/vacancy/132515308
Помощник бариста,132341766,Бариста в кофейню Дринкит (м. Марьина Роща),Дринкит сеть кофеен,Москва,55000.0,70000.0,62500.0,RUR,False,Нет опыта,,,2026-05-22T11:12:41+0300,https://hh.ru/vacancy/132341766
Помощник бариста,132550389,Бариста в кафе Select,Перекрёсток,Москва,83000.0,,83000.0,RUR,True,Нет опыта,,,2026-05-21T17:47:15+0300,https://hh.ru/vacancy/132550389
Помощник бариста,131647466,"Бариста (Москва, Милашенкова, 4)",Перекрёсток,Москва,83000.0,87000.0,85000.0,RUR,True,Нет опыта,,,2026-05-21T17:09:05+0300,https://hh.ru/vacancy/131647466
Помощник бариста,133147317,Бариста в кафе Select,Перекрёсток,Москва,85000.0,,85000.0,RUR,True,Нет опыта,,,2026-05-21T16:40:25+0300,https://hh.ru/vacancy/133147317
Помощник бариста,131581615,"Бариста в кофейню Дринкит (м. Дмитровская, Савёловский Сити)",Дринкит сеть кофеен,Москва,55000.0,70000.0,62500.0,RUR,False,Нет опыта,,,2026-05-22T11:12:06+0300,https://hh.ru/vacancy/131581615
Помощник бариста,133390279,Бариста в кофейню One Price Coffee (м. Сокольники),OnePrice Coffee,Москва,75400.0,,75400.0,RUR,False,Нет опыта,,,2026-05-22T11:07:23+0300,https://hh.ru/vacancy/133390279
Помощник бариста,132832719,Бариста ONE PRICE COFFEE,Ван Груп Компани,Москва,,84000.0,84000.0,RUR,False,Нет опыта,,,2026-05-21T11:07:50+0300,https://hh.ru/vacancy/132832719
Помощник бариста,132977162,Бариста в кофейню Select,Перекрёсток,Москва,75000.0,85000.0,80000.0,RUR,True,Нет опыта,,,2026-05-21T09:33:19+0300,https://hh.ru/vacancy/132977162
Помощник бариста,132460404,"Бариста (Москва, Новорязанская, 21)",Перекрёсток,Москва,70000.0,75000.0,72500.0,RUR,True,Нет опыта,,,2026-05-21T09:28:03+0300,https://hh.ru/vacancy/132460404
Помощник бариста,133336985,"Бариста (Москва, Дмитровское, 89)",Перекрёсток,Москва,70000.0,80000.0,75000.0,RUR,True,Нет опыта,,,2026-05-21T09:15:35+0300,https://hh.ru/vacancy/133336985
Помощник бариста,132824902,"Бариста (Москва, Крымский Вал)",Перекрёсток,Москва,80000.0,85000.0,82500.0,RUR,True,Нет опыта,,,2026-05-21T09:15:16+0300,https://hh.ru/vacancy/132824902
Помощник бариста,133336921,"Бариста (Москва, Осенний, 12)",Перекрёсток,Москва,83300.0,87100.0,85200.0,RUR,True,Нет опыта,,,2026-05-21T09:15:00+0300,https://hh.ru/vacancy/133336921
Помощник бариста,132975175,"Бариста (Москва, Перерва, 43)",Перекрёсток,Москва,70000.0,75000.0,72500.0,RUR,True,Нет опыта,,,2026-05-21T09:09:22+0300,https://hh.ru/vacancy/132975175
Помощник бариста,132975160,"Бариста (Москва, Каширское, 26)",Перекрёсток,Москва,79500.0,83100.0,81300.0,RUR,True,Нет опыта,,,2026-05-21T09:09:20+0300,https://hh.ru/vacancy/132975160
Помощник бариста,133182717,"Бариста (Москва, Крузенштерна, 12)",Перекрёсток,Москва,65700.0,79000.0,72350.0,RUR,True,Нет опыта,,,2026-05-21T09:08:26+0300,https://hh.ru/vacancy/133182717
Помощник бариста,132515017,"Бариста (Москва, Намёткина, 3)",Перекрёсток,Москва,69100.0,72600.0,70850.0,RUR,True,Нет опыта,,,2026-05-21T09:07:40+0300,https://hh.ru/vacancy/132515017
Помощник бариста,133182561,"Бариста (Москва, Волгоградский, 1)",Перекрёсток,Москва,75000.0,90000.0,82500.0,RUR,True,Нет опыта,,,2026-05-21T09:07:25+0300,https://hh.ru/vacancy/133182561
Помощник бариста,132515314,"Бариста (Москва, Череповецкая, 17)",Перекрёсток,Москва,82000.0,86000.0,84000.0,RUR,True,Нет опыта,,,2026-05-21T09:09:02+0300,https://hh.ru/vacancy/132515314
Помощник бариста,130541552,"Начинающий бариста в кафе (м. Юго-Западная, м. Мичуринский пр-т)",ВкусВилл,Москва,75000.0,,75000.0,RUR,False,Нет опыта,,,2026-05-20T21:21:26+0300,https://hh.ru/vacancy/130541552
Помощник бариста,131581292,Бариста в кофейню Дринкит (м. Улица 1905 года),Дринкит сеть кофеен,Москва,55000.0,70000.0,62500.0,RUR,False,Нет опыта,,,2026-05-22T11:12:21+0300,https://hh.ru/vacancy/131581292
Помощник бариста,133390573,Бариста в кофейню One Price Coffee (м. Цветной Бульвар),OnePrice Coffee,Москва,74300.0,,74300.0,RUR,True,Нет опыта,,,2026-05-22T11:10:37+0300,https://hh.ru/vacancy/133390573
Помощник бариста,130497782,"Бариста/Менеджер в кофейню Кранчи Дрим (Химки, м. Мякинино, м. ЦСКА)",Кранчи Дрим,Москва,65300.0,,65300.0,RUR,False,Нет опыта,,,2026-05-22T15:15:31+0300,https://hh.ru/vacancy/130497782
Помощник бариста,133389939,"Бариста в кофейню One Price Coffee (м. Арбатская, м. Смоленская)",OnePrice Coffee,Москва,71000.0,,71000.0,RUR,False,Нет опыта,,,2026-05-22T11:03:15+0300,https://hh.ru/vacancy/133389939
Помощник бариста,133300327,Бариста в кофейню,МИЛТИ,Москва,70000.0,100000.0,85000.0,RUR,False,Нет опыта,,,2026-05-20T12:28:47+0300,https://hh.ru/vacancy/133300327
Помощник бариста,132485674,Бариста ONE PRICE COFEE (м. Щукинская),Абгарян Тигран Вазгенович,Москва,75000.0,88000.0,81500.0,RUR,False,Нет опыта,,,2026-05-21T17:15:57+0300,https://hh.ru/vacancy/132485674
Помощник бариста,125705561,Начинающий бариста,Сеть кофеен Шоколадница,Москва,55000.0,90000.0,72500.0,RUR,False,Нет опыта,,,2026-05-14T17:53:25+0300,https://hh.ru/vacancy/125705561
Помощник бариста,133337045,"Бариста (Москва, Вильгельма Пика, 11)",Перекрёсток,Москва,70000.0,75000.0,72500.0,RUR,True,Нет опыта,,,2026-05-21T09:16:10+0300,https://hh.ru/vacancy/133337045
Помощник бариста,133337031,"Бариста (Москва, Академика Варги, 8)",Перекрёсток,Москва,80000.0,83600.0,81800.0,RUR,True,Нет опыта,,,2026-05-21T09:16:04+0300,https://hh.ru/vacancy/133337031
Помощник бариста,132975261,"Ночной бариста (Москва, Крымский Вал)",Перекрёсток,Москва,80000.0,90000.0,85000.0,RUR,True,Нет опыта,,,2026-05-21T09:09:39+0300,https://hh.ru/vacancy/132975261
Помощник бариста,132975270,"Бариста (Москва, Льва Толстого, 23)",Перекрёсток,Москва,79100.0,82600.0,80850.0,RUR,True,Нет опыта,,,2026-05-21T09:09:42+0300,https://hh.ru/vacancy/132975270
Помощник бариста,132856335,Бариста ONE PRICE COFFEE (м. Красные Ворота),Ван Груп Компани,Москва,59000.0,,59000.0,RUR,False,Нет опыта,,,2026-05-21T17:52:21+0300,https://hh.ru/vacancy/132856335
Помощник бариста,133124492,Бариста в кофейню Дринкит (Чаянова 12),ВКУС-НО,Москва,55000.0,65000.0,60000.0,RUR,False,От 1 года до 3 лет,,,2026-05-21T10:20:05+0300,https://hh.ru/vacancy/133124492
Помощник бариста,132672225,Бариста/Менеджер в кофейню Кранчи Дрим (Химки),Кранчи Дрим,Москва,67500.0,,67500.0,RUR,False,Нет опыта,,,2026-05-21T15:32:03+0300,https://hh.ru/vacancy/132672225
Помощник бариста,133285817,"Ночной бариста-пекарь (Москва, Комсомольская, 3)",Перекрёсток,Москва,80000.0,90000.0,85000.0,RUR,True,Нет опыта,,,2026-05-20T09:15:48+0300,https://hh.ru/vacancy/133285817
Помощник бариста,132194726,Бариста,Кривоносов Павел Александрович,Москва,72000.0,100000.0,86000.0,RUR,False,От 1 года до 3 лет,,,2026-05-13T11:29:49+0300,https://hh.ru/vacancy/132194726
Помощник бариста,133264498,Бариста в кофейню (м. Савеловская),rockets.coffee,Москва,80000.0,,80000.0,RUR,False,Нет опыта,,,2026-05-19T15:37:58+0300,https://hh.ru/vacancy/133264498
Помощник бариста,133264978,Бариста в кофейню (м. Смоленская),rockets.coffee,Москва,80000.0,,80000.0,RUR,False,Нет опыта,,,2026-05-19T15:44:38+0300,https://hh.ru/vacancy/133264978
Помощник бариста,133259937,Бариста в кофейню (м. Технопарк),rockets.coffee,Москва,80000.0,,80000.0,RUR,False,Нет опыта,,,2026-05-19T14:39:51+0300,https://hh.ru/vacancy/133259937
Помощник бариста,133264690,Бариста в кофейню (м. Парк Культуры),rockets.coffee,Москва,80000.0,,80000.0,RUR,False,Нет опыта,,,2026-05-19T15:40:32+0300,https://hh.ru/vacancy/133264690
Помощник бариста,132993303,Начинающий бариста (м. Шелепиха),Азбука вкуса,Москва,5500.0,6000.0,5750.0,RUR,False,Нет опыта,,,2026-05-12T12:49:30+0300,https://hh.ru/vacancy/132993303
Помощник бариста,133217322,Бариста в Coffee Combo (Алтуфьево),Егерев Юрий Валерьевич,Москва,4500.0,,4500.0,RUR,False,Нет опыта,,,2026-05-18T16:56:53+0300,https://hh.ru/vacancy/133217322
Помощник бариста,133259147,Бариста в Rockets Concept Store (м. Добрынинская),rockets.coffee,Москва,80000.0,,80000.0,RUR,False,Нет опыта,,,2026-05-19T14:35:47+0300,https://hh.ru/vacancy/133259147
Помощник бариста,124548965,Начинающий бариста,Сеть кофеен Шоколадница,Москва,65000.0,120000.0,92500.0,RUR,False,Нет опыта,,,2026-05-06T10:43:57+0300,https://hh.ru/vacancy/124548965
Помощник бариста,133169155,Бариста в Кофейню U,Кофейня Ü (ИП Неверова Татьяна Андреевна),Москва,55000.0,70000.0,62500.0,RUR,False,Нет опыта,,,2026-05-17T15:46:33+0300,https://hh.ru/vacancy/133169155
Помощник бариста,133198128,"Старший бариста (Кофейня ""Аленка"", м. ВДНХ)",Группа Гута,Москва,95000.0,,95000.0,RUR,True,От 1 года до 3 лет,,,2026-05-18T12:09:08+0300,https://hh.ru/vacancy/133198128
Помощник бариста,132333138,"Бариста (м. Деловой центр, ТРЦ Афимолл-Сити)",Shkulev Holding,Москва,65000.0,,65000.0,RUR,False,Нет опыта,,,2026-05-18T13:46:14+0300,https://hh.ru/vacancy/132333138
Помощник бариста,132993028,Бариста-стажёр (м. Кутузовская/Парк Победы),Азбука вкуса,Москва,5500.0,6000.0,5750.0,RUR,False,Нет опыта,,,2026-05-12T12:45:30+0300,https://hh.ru/vacancy/132993028
Помощник бариста,132985358,Продавец-бариста,Горбачев Михаил,Москва,4000.0,5000.0,4500.0,RUR,False,От 1 года до 3 лет,,,2026-05-12T11:07:40+0300,https://hh.ru/vacancy/132985358
Помощник бариста,124434783,Бариста\бармен начинающий,Сеть кофеен Шоколадница,Москва,,100000.0,100000.0,RUR,True,Нет опыта,,,2026-05-02T20:57:26+0300,https://hh.ru/vacancy/124434783
Помощник бариста,125149384,"Бариста-новичок в ""Шоколадницу""",Сеть кофеен Шоколадница,Москва,60000.0,100000.0,80000.0,RUR,True,Нет опыта,,,2026-04-30T14:06:05+0300,https://hh.ru/vacancy/125149384
Помощник бариста,126110491,"Бариста в ""Шоколадницу""",Сеть кофеен Шоколадница,Москва,60000.0,120000.0,90000.0,RUR,False,Нет опыта,,,2026-05-12T17:18:37+0300,https://hh.ru/vacancy/126110491
Помощник бариста,128632873,Бариста в кофейню,Shkulev Holding,Москва,65000.0,,65000.0,RUR,False,Нет опыта,,,2026-05-12T15:58:53+0300,https://hh.ru/vacancy/128632873
Помощник бариста,132996084,Бариста в кафе,Перекрёсток,Москва,,85000.0,85000.0,RUR,True,Нет опыта,,,2026-05-12T13:28:53+0300,https://hh.ru/vacancy/132996084
Помощник бариста,132995555,Бариста в кафе,Перекрёсток,Москва,5300.0,,5300.0,RUR,True,Нет опыта,,,2026-05-12T13:20:30+0300,https://hh.ru/vacancy/132995555
Помощник бариста,132927148,Бариста-пекарь,Магазины Ароматный Мир формата food & wine,Москва,90000.0,,90000.0,RUR,True,От 1 года до 3 лет,,,2026-05-08T14:55:30+0300,https://hh.ru/vacancy/132927148
Помощник бариста,132332791,Бариста/Бармен,Friends Forever by Nina Gudkova,Москва,80000.0,,80000.0,RUR,False,Нет опыта,,,2026-05-07T14:12:22+0300,https://hh.ru/vacancy/132332791
Помощник бариста,133076005,"Мобильный бариста ((Москва, Старокачаловская, 1Б)",Перекрёсток,Москва,75000.0,85000.0,80000.0,RUR,True,Нет опыта,,,2026-05-14T09:14:48+0300,https://hh.ru/vacancy/133076005
Помощник бариста,132576287,Бариста,Хайдаров Назир,Москва,65000.0,85000.0,75000.0,RUR,False,Нет опыта,,,2026-04-28T12:18:57+0300,https://hh.ru/vacancy/132576287
Помощник бариста,132868418,"Мобильный бариста ((Москва, Тихвинская, 17)",Перекрёсток,Москва,85000.0,90000.0,87500.0,RUR,True,Нет опыта,,,2026-05-07T09:14:30+0300,https://hh.ru/vacancy/132868418
Помощник бариста,132923337,"Бариста (Москва, ул Валовая, д 8/18)",Перекрёсток,Москва,81400.0,90000.0,85700.0,RUR,True,Нет опыта,,,2026-05-08T13:40:30+0300,https://hh.ru/vacancy/132923337
Помощник бариста,132824906,"Мобильный бариста ((Москва, Раменки, 3)",Перекрёсток,Москва,82400.0,86100.0,84250.0,RUR,True,Нет опыта,,,2026-05-06T09:15:18+0300,https://hh.ru/vacancy/132824906
Помощник бариста,125787575,"Бариста в ""Шоколадницу""",Сеть кофеен Шоколадница,Москва,55000.0,90000.0,72500.0,RUR,False,Нет опыта,,,2026-04-29T11:00:25+0300,https://hh.ru/vacancy/125787575
Помощник бариста,132556237,Бариста в кофейню,МАМА ВАРИТ КОФЕ,Москва,350.0,380.0,365.0,RUR,False,Нет опыта,,,2026-04-28T02:04:44+0300,https://hh.ru/vacancy/132556237
Помощник бариста,128535840,"Бариста в кафе (в ТРЦ ""Весна"")",Shkulev Holding,Москва,65000.0,,65000.0,RUR,False,Нет опыта,,,2026-05-05T12:10:30+0300,https://hh.ru/vacancy/128535840
Помощник бариста,132773789,"Ночной бариста-пекарь (Москва, Валовая, 8/18)",Перекрёсток,Москва,75000.0,80000.0,77500.0,RUR,True,Нет опыта,,,2026-05-05T09:08:08+0300,https://hh.ru/vacancy/132773789
Помощник бариста,131883850,Начинающий менеджер по продажам (HoReCa),AddOne,Москва,80000.0,,80000.0,RUR,False,Нет опыта,,,2026-05-04T12:03:00+0300,https://hh.ru/vacancy/131883850
Помощник бариста,130960663,Бариста ( м. Китай - город ),Департамент Ф53,Москва,80700.0,,80700.0,RUR,True,Нет опыта,,,2026-04-27T14:49:26+0300,https://hh.ru/vacancy/130960663
Помощник бариста,132514918,"Мобильный бариста ((Москва, Пушкинская)",Перекрёсток,Москва,75000.0,85000.0,80000.0,RUR,True,Нет опыта,,,2026-04-27T09:06:53+0300,https://hh.ru/vacancy/132514918
Помощник бариста,132653017,Бариста в кофейню Glitch Coffee (м. Тульская),Glitch Coffee,Москва,70000.0,,70000.0,RUR,True,Нет опыта,,,2026-04-30T09:46:55+0300,https://hh.ru/vacancy/132653017
Помощник бариста,131647300,"Ночной бариста-пекарь (Москва, Кожевническая, 10)",Перекрёсток,Москва,90596.0,90596.0,90596.0,RUR,True,Нет опыта,,,2026-04-28T10:18:41+0300,https://hh.ru/vacancy/131647300
Помощник бариста,132514905,"Мобильный бариста ((Москва, Крымский Вал, 9)",Перекрёсток,Москва,80000.0,85000.0,82500.0,RUR,True,Нет опыта,,,2026-04-27T09:06:47+0300,https://hh.ru/vacancy/132514905
Помощник бариста,132629841,"Бариста (Москва, ул Крузенштерна, д 12 к 3)",Перекрёсток,Москва,81400.0,85100.0,83250.0,RUR,True,Нет опыта,,,2026-04-29T15:53:02+0300,https://hh.ru/vacancy/132629841
Помощник бариста,132519249,Повар в кафе,Алло Пицца,Москва,3600.0,5400.0,4500.0,RUR,False,Нет опыта,,,2026-05-21T10:03:41+0300,https://hh.ru/vacancy/132519249
Помощник бариста,133356463,"Продавец-пекарь Цех85 (м. Авиамоторная, Лефортово)",Кафе-пекарня Цех85,Москва,,85000.0,85000.0,RUR,False,Нет опыта,,,2026-05-21T13:29:36+0300,https://hh.ru/vacancy/133356463
Помощник бариста,123246524,"Оператор аттракционов в ""Острове Мечты""",Остров Мечты,Москва,70000.0,,70000.0,RUR,False,Нет опыта,,,2026-05-21T18:01:10+0300,https://hh.ru/vacancy/123246524
Помощник бариста,132521858,Официант в кафе,Алло Пицца,Москва,3000.0,5000.0,4000.0,RUR,False,Нет опыта,,,2026-05-21T10:33:56+0300,https://hh.ru/vacancy/132521858
Помощник бариста,133310203,Сборщик еды в ресторан Rostic's,АДЕМАР,Москва,7000.0,,7000.0,RUR,False,Нет опыта,,,2026-05-20T15:06:18+0300,https://hh.ru/vacancy/133310203
Помощник бариста,126177363,"Оператор призовых аттракционов в ""Острове Мечты""",Остров Мечты,Москва,70000.0,,70000.0,RUR,False,Нет опыта,,,2026-05-20T10:11:59+0300,https://hh.ru/vacancy/126177363
Помощник бариста,131654283,Оператор призовых аттракционов в Острове Мечты,Остров Мечты,Москва,70000.0,,70000.0,RUR,False,Нет опыта,,,2026-05-20T13:26:38+0300,https://hh.ru/vacancy/131654283
Помощник бариста,130581996,"Оператор аттракционов в ""Острове Мечты""",Остров Мечты,Москва,70000.0,,70000.0,RUR,False,Нет опыта,,,2026-05-20T13:26:31+0300,https://hh.ru/vacancy/130581996
Помощник бариста,126177173,"Оператор аттракционов ""Остров Мечты""",Остров Мечты,Москва,70000.0,,70000.0,RUR,False,Нет опыта,,,2026-05-20T10:12:05+0300,https://hh.ru/vacancy/126177173
Помощник бариста,127569206,"Оператор аттракционов в ""Острове Мечты""",Остров Мечты,Москва,70000.0,,70000.0,RUR,False,Нет опыта,,,2026-05-20T10:12:02+0300,https://hh.ru/vacancy/127569206
Помощник бариста,123631122,Оператор призовых аттракционов (Остров Мечты),Остров Мечты,Москва,70000.0,,70000.0,RUR,False,Нет опыта,,,2026-05-19T17:16:20+0300,https://hh.ru/vacancy/123631122
Помощник бариста,133285902,"Мобильный менеджер кафе (Москва, 2-я Звенигородская, 13)",Перекрёсток,Москва,85000.0,90000.0,87500.0,RUR,True,Нет опыта,,,2026-05-20T09:16:13+0300,https://hh.ru/vacancy/133285902
Помощник бариста,124277206,Продавец-консультант (г. Москва),ВкусВилл,Краснодар,80000.0,107000.0,93500.0,RUR,False,Нет опыта,,,2026-05-18T09:49:05+0300,https://hh.ru/vacancy/124277206
Помощник бариста,133180568,Кофейный энтузиаст,РестоГрупп,Москва,70000.0,70000.0,70000.0,RUR,False,Нет опыта,,,2026-05-18T08:33:35+0300,https://hh.ru/vacancy/133180568
Помощник бариста,132513657,Продавец-консультант (г. Москва),ВкусВилл,Шахты,80000.0,107000.0,93500.0,RUR,False,Нет опыта,,,2026-05-18T09:51:06+0300,https://hh.ru/vacancy/132513657
Помощник бариста,99822128,Продавец-консультант (г. Москва),ВкусВилл,Калуга,97000.0,104000.0,100500.0,RUR,False,Нет опыта,,,2026-05-18T09:50:00+0300,https://hh.ru/vacancy/99822128
Помощник бариста,87348446,Продавец ВкусВилл (г. Москва),ВкусВилл,Ярославль,75000.0,107000.0,91000.0,RUR,False,Нет опыта,,,2026-05-18T09:49:32+0300,https://hh.ru/vacancy/87348446
Помощник бариста,133119832,"Мобильный менеджер кафе (Москва, Адмирала Лазарева, 2)",Перекрёсток,Москва,85000.0,95000.0,90000.0,RUR,True,Нет опыта,,,2026-05-15T09:08:45+0300,https://hh.ru/vacancy/133119832
Помощник бариста,131651482,Оператор призовых аттракционов в Острове Мечты,Остров Мечты,Москва,70000.0,,70000.0,RUR,False,Нет опыта,,,2026-05-12T18:44:13+0300,https://hh.ru/vacancy/131651482
Помощник бариста,124715999,Продавец-консультант (Москва),ВкусВилл,Старый Оскол,90000.0,107000.0,98500.0,RUR,False,Нет опыта,,,2026-05-11T12:18:01+0300,https://hh.ru/vacancy/124715999
Помощник бариста,131088863,Бармен (м. Белорусская),Friends Forever by Nina Gudkova,Москва,85000.0,100000.0,92500.0,RUR,False,От 1 года до 3 лет,,,2026-04-29T14:24:21+0300,https://hh.ru/vacancy/131088863
Помощник бариста,124723817,Продавец-консультант (в Москве),ВкусВилл,Псков,80000.0,107000.0,93500.0,RUR,False,Нет опыта,,,2026-05-04T09:53:59+0300,https://hh.ru/vacancy/124723817
Помощник бариста,124715577,Работник торгового зала (в Москве),ВкусВилл,Брянск,72500.0,100000.0,86250.0,RUR,False,Нет опыта,,,2026-05-04T09:53:53+0300,https://hh.ru/vacancy/124715577
Помощник бариста,132651329,"Мобильный менеджер кафе (Москва, Раменки, 3)",Перекрёсток,Москва,90000.0,95000.0,92500.0,RUR,True,Нет опыта,,,2026-04-30T09:13:49+0300,https://hh.ru/vacancy/132651329
Помощник бариста,132514927,"Мобильный менеджер кафе (Москва, Пушкинская)",Перекрёсток,Москва,85000.0,95000.0,90000.0,RUR,True,Нет опыта,,,2026-04-27T09:06:56+0300,https://hh.ru/vacancy/132514927
Помощник бариста,132799187,Бариста,Перекрёсток,Москва,84000.0,,84000.0,RUR,True,Нет опыта,,,2026-05-23T14:34:58+0300,https://hh.ru/vacancy/132799187
Помощник бариста,132959644,Начинающий Бариста в сеть кофеен ONE & DOUBLE,OD BRANDS,Москва,65500.0,95900.0,80700.0,RUR,False,Нет опыта,,,2026-05-23T13:12:34+0300,https://hh.ru/vacancy/132959644
Помощник бариста,132959561,Начинающий Бариста в сеть кофеен ONE & DOUBLE,OD BRANDS,Москва,65500.0,95900.0,80700.0,RUR,False,Нет опыта,,,2026-05-23T13:07:07+0300,https://hh.ru/vacancy/132959561
Помощник бариста,133106575,Бариста в кафе Select,Перекрёсток,Москва,85000.0,,85000.0,RUR,True,Нет опыта,,,2026-05-23T17:56:19+0300,https://hh.ru/vacancy/133106575
Помощник бариста,133106232,Бариста в кафе Select,Перекрёсток,Москва,85000.0,,85000.0,RUR,True,Нет опыта,,,2026-05-23T17:43:08+0300,https://hh.ru/vacancy/133106232
Помощник бариста,132803914,Ночной Бариста Ленинградский вокзал,Перекрёсток,Москва,84000.0,90000.0,87000.0,RUR,True,Нет опыта,,,2026-05-23T15:38:29+0300,https://hh.ru/vacancy/132803914
Помощник бариста,132791935,Ночной Бариста Ленинградский вокзал,Перекрёсток,Москва,84000.0,90000.0,87000.0,RUR,True,Нет опыта,,,2026-05-23T13:42:04+0300,https://hh.ru/vacancy/132791935
Помощник бариста,133285822,"Бариста (Москва, Марксистская, 1)",Перекрёсток,Москва,81000.0,84600.0,82800.0,RUR,True,Нет опыта,,,2026-05-23T09:15:50+0300,https://hh.ru/vacancy/133285822
Помощник бариста,132857395,Бариста,Перекрёсток,Москва,85000.0,,85000.0,RUR,True,Нет опыта,,,2026-05-21T18:41:19+0300,https://hh.ru/vacancy/132857395
Помощник бариста,132857319,Бариста,Перекрёсток,Москва,85000.0,,85000.0,RUR,True,Нет опыта,,,2026-05-21T18:35:07+0300,https://hh.ru/vacancy/132857319
Помощник бариста,132857297,Бариста,Перекрёсток,Москва,85000.0,,85000.0,RUR,True,Нет опыта,,,2026-05-21T18:33:04+0300,https://hh.ru/vacancy/132857297
Помощник бариста,132857023,Бариста,Перекрёсток,Москва,85000.0,,85000.0,RUR,True,Нет опыта,,,2026-05-21T18:15:52+0300,https://hh.ru/vacancy/132857023
Помощник бариста,132856318,Бариста,Перекрёсток,Москва,85000.0,,85000.0,RUR,True,Нет опыта,,,2026-05-21T17:51:41+0300,https://hh.ru/vacancy/132856318
Помощник бариста,132855977,Бариста,Перекрёсток,Москва,85000.0,,85000.0,RUR,True,Нет опыта,,,2026-05-21T17:40:36+0300,https://hh.ru/vacancy/132855977
Помощник бариста,132909584,"Бариста (Москва, Борисовские Пруды, 26)",Перекрёсток,Москва,80000.0,84000.0,82000.0,RUR,True,Нет опыта,,,2026-05-23T09:14:42+0300,https://hh.ru/vacancy/132909584
Помощник бариста,132608341,"Бариста (Москва, Краснопрудная, 13А)",Перекрёсток,Москва,80500.0,84100.0,82300.0,RUR,True,Нет опыта,,,2026-05-23T09:13:55+0300,https://hh.ru/vacancy/132608341
Помощник бариста,131730830,Бариста в кафе,Перекрёсток,Москва,80000.0,85000.0,82500.0,RUR,True,Нет опыта,,,2026-05-22T10:22:20+0300,https://hh.ru/vacancy/131730830
Помощник бариста,133383189,"Бариста (Зеленоград, , 900)",Перекрёсток,Зеленоград,81900.0,85600.0,83750.0,RUR,True,Нет опыта,,,2026-05-22T09:08:43+0300,https://hh.ru/vacancy/133383189
Помощник бариста,133199928,Начинающий Бариста в сеть кофеен ONE & DOUBLE,OD BRANDS,Москва,65500.0,95900.0,80700.0,RUR,False,Нет опыта,,,2026-05-21T12:32:53+0300,https://hh.ru/vacancy/133199928
Помощник бариста,133346083,Начинающий Бариста в сеть кофеен ONE & DOUBLE,OD BRANDS,Москва,65500.0,95900.0,80700.0,RUR,False,Нет опыта,,,2026-05-21T11:17:29+0300,https://hh.ru/vacancy/133346083
Помощник бариста,133191864,Начинающий Бариста в сеть кофеен ONE & DOUBLE,OD BRANDS,Москва,65500.0,95900.0,80700.0,RUR,False,Нет опыта,,,2026-05-21T10:51:45+0300,https://hh.ru/vacancy/133191864
Помощник бариста,133031994,"Бариста (Москва, Первомайская, 42)",Перекрёсток,Москва,82900.0,86600.0,84750.0,RUR,True,Нет опыта,,,2026-05-22T10:20:29+0300,https://hh.ru/vacancy/133031994
Помощник бариста,132723896,"Бариста (Москва, Сходненская, 25)",Перекрёсток,Москва,79500.0,83100.0,81300.0,RUR,True,Нет опыта,,,2026-05-22T10:03:19+0300,https://hh.ru/vacancy/132723896
Помощник бариста,133234927,"Бариста (Москва, Плещеева, 4)",Перекрёсток,Москва,80500.0,84100.0,82300.0,RUR,True,Нет опыта,,,2026-05-22T09:25:00+0300,https://hh.ru/vacancy/133234927
Помощник бариста,132868393,"Бариста (Москва, Совхозная, 8)",Перекрёсток,Москва,80000.0,83000.0,81500.0,RUR,True,Нет опыта,,,2026-05-22T09:14:17+0300,https://hh.ru/vacancy/132868393
Помощник бариста,132726858,"Бариста (Москва, Петрозаводская, 24А)",Перекрёсток,Москва,70000.0,80000.0,75000.0,RUR,True,Нет опыта,,,2026-05-22T10:32:56+0300,https://hh.ru/vacancy/132726858
Помощник бариста,133047647,Бариста в кофейню Дринкит (м. ЦСКА),Дринкит сеть кофеен,Москва,53000.0,63000.0,58000.0,RUR,False,Нет опыта,,,2026-05-22T13:56:35+0300,https://hh.ru/vacancy/133047647
Помощник бариста,133383283,"Бариста (Москва, Мичуринский, 44А)",Перекрёсток,Москва,78600.0,82100.0,80350.0,RUR,True,Нет опыта,,,2026-05-22T09:09:48+0300,https://hh.ru/vacancy/133383283
Помощник бариста,133158841,Бариста в кофейню Дринкит (м. Динамо),Дринкит сеть кофеен,Москва,53000.0,63000.0,58000.0,RUR,False,Нет опыта,,,2026-05-22T12:35:43+0300,https://hh.ru/vacancy/133158841
Помощник бариста,131795304,Ночной бариста в Премиум-кафе Select,Перекрёсток,Москва,81000.0,91000.0,86000.0,RUR,True,Нет опыта,,,2026-05-22T10:22:55+0300,https://hh.ru/vacancy/131795304
Помощник бариста,132560595,Бариста в кофейню Дринкит (м. Солнцево),Дринкит сеть кофеен,Москва,55000.0,70000.0,62500.0,RUR,False,Нет опыта,,,2026-05-22T07:53:10+0300,https://hh.ru/vacancy/132560595
Помощник бариста,132496962,Бариста в кофейню Дринкит,Дринкит сеть кофеен,Москва,55000.0,70000.0,62500.0,RUR,False,Нет опыта,,,2026-05-21T17:27:54+0300,https://hh.ru/vacancy/132496962
Помощник бариста,133146228,Бариста в кафе Select,Перекрёсток,Москва,85000.0,,85000.0,RUR,True,Нет опыта,,,2026-05-21T16:16:09+0300,https://hh.ru/vacancy/133146228
Помощник бариста,133145728,Бариста в кафе Select,Перекрёсток,Москва,85000.0,,85000.0,RUR,True,Нет опыта,,,2026-05-21T16:09:01+0300,https://hh.ru/vacancy/133145728
Помощник бариста,133145335,Бариста в кафе Select,Перекрёсток,Москва,85000.0,,85000.0,RUR,True,Нет опыта,,,2026-05-21T16:01:26+0300,https://hh.ru/vacancy/133145335
Помощник бариста,133145160,Бариста в кафе Select,Перекрёсток,Москва,85000.0,,85000.0,RUR,True,Нет опыта,,,2026-05-21T15:57:39+0300,https://hh.ru/vacancy/133145160
Помощник бариста,133144865,Бариста в кафе Select,Перекрёсток,Москва,85000.0,,85000.0,RUR,True,Нет опыта,,,2026-05-21T15:51:35+0300,https://hh.ru/vacancy/133144865
Помощник бариста,132469360,"Бариста (Москва, Крузенштерна, 3)",Перекрёсток,Москва,80000.0,85000.0,82500.0,RUR,True,Нет опыта,,,2026-05-21T12:11:55+0300,https://hh.ru/vacancy/132469360
Помощник бариста,132460521,"Бариста (Москва, Вавилова, 66)",Перекрёсток,Москва,81000.0,85000.0,83000.0,RUR,True,Нет опыта,,,2026-05-21T09:28:42+0300,https://hh.ru/vacancy/132460521
Помощник бариста,132460394,"Бариста (Москва, Валовая, 8/18)",Перекрёсток,Москва,70000.0,75000.0,72500.0,RUR,True,Нет опыта,,,2026-05-21T09:27:58+0300,https://hh.ru/vacancy/132460394
Помощник бариста,133337057,"Бариста (Москва, Сиреневый, 31)",Перекрёсток,Москва,79100.0,82600.0,80850.0,RUR,True,Нет опыта,,,2026-05-21T09:16:16+0300,https://hh.ru/vacancy/133337057
Помощник бариста,133337054,"Бариста (Москва, Лазоревый, 5)",Перекрёсток,Москва,80000.0,85000.0,82500.0,RUR,True,Нет опыта,,,2026-05-21T09:16:14+0300,https://hh.ru/vacancy/133337054
Помощник бариста,133337018,"Бариста (Москва, Покрышкина, 5)",Перекрёсток,Москва,82400.0,86100.0,84250.0,RUR,True,Нет опыта,,,2026-05-21T09:15:58+0300,https://hh.ru/vacancy/133337018
Помощник бариста,133336870,"Бариста (Москва, Прокшинский, 9)",Перекрёсток,Москва,78600.0,82100.0,80350.0,RUR,True,Нет опыта,,,2026-05-21T09:14:43+0300,https://hh.ru/vacancy/133336870
Помощник бариста,132975258,"Бариста (Москва, Пятницкое, 39)",Перекрёсток,Москва,78600.0,82100.0,80350.0,RUR,True,Нет опыта,,,2026-05-21T09:09:38+0300,https://hh.ru/vacancy/132975258
Помощник бариста,133182699,"Бариста (Москва, Дмитровское, 80)",Перекрёсток,Москва,80500.0,84100.0,82300.0,RUR,True,Нет опыта,,,2026-05-21T09:08:19+0300,https://hh.ru/vacancy/133182699
Помощник бариста,133182628,"Бариста (Москва, Удальцова, 42)",Перекрёсток,Москва,81000.0,85000.0,83000.0,RUR,True,Нет опыта,,,2026-05-21T09:07:46+0300,https://hh.ru/vacancy/133182628
Помощник бариста,132515034,"Бариста (Москва, Новоясеневский, 11)",Перекрёсток,Москва,79100.0,82600.0,80850.0,RUR,True,Нет опыта,,,2026-05-21T09:07:45+0300,https://hh.ru/vacancy/132515034
Помощник бариста,133182547,"Бариста (Москва, Тишинская, 1)",Перекрёсток,Москва,81000.0,84600.0,82800.0,RUR,True,Нет опыта,,,2026-05-21T09:07:21+0300,https://hh.ru/vacancy/133182547
Помощник бариста,133182521,"Бариста (Москва, Шаболовка, 10)",Перекрёсток,Москва,80000.0,83600.0,81800.0,RUR,True,Нет опыта,,,2026-05-21T09:07:16+0300,https://hh.ru/vacancy/133182521
Помощник бариста,132514920,"Бариста (Москва, Павелецкая, 3)",Перекрёсток,Москва,81000.0,85000.0,83000.0,RUR,True,Нет опыта,,,2026-05-21T09:06:54+0300,https://hh.ru/vacancy/132514920
Помощник бариста,133337003,"Бариста (Москва, Комсомольская, 3)",Перекрёсток,Москва,70000.0,75000.0,72500.0,RUR,True,Нет опыта,,,2026-05-21T09:15:48+0300,https://hh.ru/vacancy/133337003
Помощник бариста,133182505,"Бариста (Москва, Долгоруковская, 5)",Перекрёсток,Москва,70000.0,75000.0,72500.0,RUR,True,Нет опыта,,,2026-05-21T09:07:12+0300,https://hh.ru/vacancy/133182505
Помощник бариста,132708677,Бариста в кофейню Дринкит (м. Таганская),Дринкит сеть кофеен,Москва,53000.0,63000.0,58000.0,RUR,False,Нет опыта,,,2026-05-21T21:46:57+0300,https://hh.ru/vacancy/132708677
Помощник бариста,132460425,"Бариста (Москва, Братьев Весниных, 2)",Перекрёсток,Москва,78600.0,82100.0,80350.0,RUR,True,Нет опыта,,,2026-05-21T09:28:09+0300,https://hh.ru/vacancy/132460425
Помощник бариста,132824901,"Бариста (Москва, Крымский Вал, 9)",Перекрёсток,Москва,80000.0,85000.0,82500.0,RUR,True,Нет опыта,,,2026-05-21T09:15:10+0300,https://hh.ru/vacancy/132824901
Помощник бариста,132651174,"Бариста (Москва, Народного Ополчения, 24)",Перекрёсток,Москва,78600.0,82100.0,80350.0,RUR,True,Нет опыта,,,2026-05-21T09:12:37+0300,https://hh.ru/vacancy/132651174
Помощник бариста,132975234,"Бариста (Москва, Большой Овчинниковский, 16)",Перекрёсток,Москва,81000.0,85000.0,83000.0,RUR,True,Нет опыта,,,2026-05-21T09:09:33+0300,https://hh.ru/vacancy/132975234
Помощник бариста,132975213,"Бариста (Москва, Ленинградский, 31А)",Перекрёсток,Москва,70000.0,80000.0,75000.0,RUR,True,Нет опыта,,,2026-05-21T09:09:30+0300,https://hh.ru/vacancy/132975213
Помощник бариста,132515372,"Бариста (Москва, Адмирала Ушакова, 7)",Перекрёсток,Москва,80000.0,83600.0,81800.0,RUR,True,Нет опыта,,,2026-05-21T09:09:20+0300,https://hh.ru/vacancy/132515372
Помощник бариста,133119818,"Бариста (Зеленоград, Панфиловский, 6А)",Перекрёсток,Зеленоград,79100.0,82600.0,80850.0,RUR,True,Нет опыта,,,2026-05-21T09:08:38+0300,https://hh.ru/vacancy/133119818
Помощник бариста,132515062,"Бариста (Москва, Народного Ополчения, 15)",Перекрёсток,Москва,78600.0,82100.0,80350.0,RUR,True,Нет опыта,,,2026-05-21T09:07:52+0300,https://hh.ru/vacancy/132515062
Помощник бариста,133182637,"Бариста (Москва, Миклухо-Маклая, 37)",Перекрёсток,Москва,81400.0,85100.0,83250.0,RUR,True,Нет опыта,,,2026-05-21T09:07:51+0300,https://hh.ru/vacancy/133182637
Помощник бариста,133182634,"Бариста (Москва, Вернадского, 86А)",Перекрёсток,Москва,81400.0,85100.0,83250.0,RUR,True,Нет опыта,,,2026-05-21T09:07:48+0300,https://hh.ru/vacancy/133182634
Помощник бариста,132514960,"Бариста (Москва, Коровий Вал, 5)",Перекрёсток,Москва,81000.0,85000.0,83000.0,RUR,True,Нет опыта,,,2026-05-21T09:07:12+0300,https://hh.ru/vacancy/132514960
Помощник бариста,133337026,"Бариста (Москва, Мичуринский проспект.Олимпийская деревня, 10)",Перекрёсток,Москва,79100.0,82600.0,80850.0,RUR,True,Нет опыта,,,2026-05-21T09:16:01+0300,https://hh.ru/vacancy/133337026
Помощник бариста,132514949,"Бариста (Москва, 2-я Звенигородская, 13)",Перекрёсток,Москва,70000.0,75000.0,72500.0,RUR,True,Нет опыта,,,2026-05-21T09:07:06+0300,https://hh.ru/vacancy/132514949
Помощник бариста,132663337,Бариста в кофейню Дринкит (м. Ботанический сад),Дринкит сеть кофеен,Москва,55000.0,70000.0,62500.0,RUR,False,Нет опыта,,,2026-05-21T13:08:38+0300,https://hh.ru/vacancy/132663337
Помощник бариста,132528574,"Бариста в кофейню Дринкит (Авиамоторная, ТЦ Город)",Дринкит сеть кофеен,Москва,55000.0,65000.0,60000.0,RUR,False,От 1 года до 3 лет,,,2026-05-21T12:14:13+0300,https://hh.ru/vacancy/132528574
Помощник бариста,133195170,Начинающий Бариста в сеть кофеен ONE & DOUBLE,OD BRANDS,Москва,65500.0,95900.0,80700.0,RUR,False,Нет опыта,,,2026-05-18T11:32:02+0300,https://hh.ru/vacancy/133195170
Помощник бариста,132959861,Начинающий Бариста в сеть кофеен ONE & DOUBLE,OD BRANDS,Москва,65500.0,95900.0,80700.0,RUR,False,Нет опыта,,,2026-05-11T13:29:37+0300,https://hh.ru/vacancy/132959861
Помощник бариста,132975248,"Ночной бариста-пекарь (Москва, Ленинский, 68/10)",Перекрёсток,Москва,80000.0,90000.0,85000.0,RUR,True,Нет опыта,,,2026-05-12T09:09:36+0300,https://hh.ru/vacancy/132975248
Помощник бариста,132667298,Начинающий Бариста в сеть кофеен ONE & DOUBLE,OD BRANDS,Москва,65500.0,95900.0,80700.0,RUR,False,Нет опыта,,,2026-04-30T14:26:07+0300,https://hh.ru/vacancy/132667298
Помощник бариста,132667214,Начинающий Бариста в сеть кофеен ONE & DOUBLE,OD BRANDS,Москва,65500.0,95900.0,80700.0,RUR,False,Нет опыта,,,2026-04-30T14:24:21+0300,https://hh.ru/vacancy/132667214
Помощник бариста,132868412,"Мобильный бариста ((Москва, Котельническая, 1/15)",Перекрёсток,Москва,85000.0,90000.0,87500.0,RUR,True,Нет опыта,,,2026-05-07T09:14:27+0300,https://hh.ru/vacancy/132868412
Помощник бариста,132868407,"Мобильный бариста ((Москва, Средняя Калитниковская, 28)",Перекрёсток,Москва,85000.0,90000.0,87500.0,RUR,True,Нет опыта,,,2026-05-07T09:14:24+0300,https://hh.ru/vacancy/132868407
Помощник бариста,132868404,"Мобильный бариста ((Москва, Большой Овчинниковский, 16)",Перекрёсток,Москва,85000.0,90000.0,87500.0,RUR,True,Нет опыта,,,2026-05-07T09:14:22+0300,https://hh.ru/vacancy/132868404
Помощник бариста,132811842,Бариста в кофейню Дринкит (мцк Хорошёво),Дринкит сеть кофеен,Москва,55000.0,70000.0,62500.0,RUR,False,Нет опыта,,,2026-05-05T17:54:02+0300,https://hh.ru/vacancy/132811842
Помощник бариста,132460403,"Ночной бариста-пекарь (Москва, Новорязанская, 21)",Перекрёсток,Москва,75000.0,80000.0,77500.0,RUR,True,Нет опыта,,,2026-04-24T09:28:03+0300,https://hh.ru/vacancy/132460403
Помощник бариста,132460413,"Ночной бариста-пекарь (Москва, 2-я Звенигородская, 13)",Перекрёсток,Москва,75000.0,80000.0,77500.0,RUR,True,Нет опыта,,,2026-04-24T09:28:06+0300,https://hh.ru/vacancy/132460413
Помощник бариста,133182588,"Мобильный менеджер кафе (Москва, Павелецкая, 3)",Перекрёсток,Москва,85000.0,90000.0,87500.0,RUR,True,Нет опыта,,,2026-05-18T09:07:32+0300,https://hh.ru/vacancy/133182588
Помощник бариста,132513656,Продавец-консультант (г. Москва),ВкусВилл,Гуково,80000.0,107000.0,93500.0,RUR,False,Нет опыта,,,2026-05-18T09:51:01+0300,https://hh.ru/vacancy/132513656
Помощник бариста,132513655,Продавец-консультант (г. Москва),ВкусВилл,Зверево,80000.0,107000.0,93500.0,RUR,False,Нет опыта,,,2026-05-18T09:50:57+0300,https://hh.ru/vacancy/132513655
Помощник бариста,132513654,Продавец-консультант (г. Москва),ВкусВилл,Ростов-на-Дону,80000.0,107000.0,93500.0,RUR,False,Нет опыта,,,2026-05-18T09:50:53+0300,https://hh.ru/vacancy/132513654
Помощник бариста,87519225,Продавец ВкусВилл (г. Москва),ВкусВилл,Моршанск,80000.0,107000.0,93500.0,RUR,False,Нет опыта,,,2026-05-18T09:50:44+0300,https://hh.ru/vacancy/87519225
Помощник бариста,87487796,Продавец-консультант ВкусВилл (в г. Москве),ВкусВилл,Стерлитамак,80000.0,107000.0,93500.0,RUR,False,Нет опыта,,,2026-05-18T09:50:39+0300,https://hh.ru/vacancy/87487796
Помощник бариста,120216399,Продавец-консультант (в Москве),ВкусВилл,Набережные Челны,80000.0,107000.0,93500.0,RUR,False,Нет опыта,,,2026-05-18T09:50:35+0300,https://hh.ru/vacancy/120216399
Помощник бариста,84835170,Продавец-консультант (г. Москва),ВкусВилл,Вышний Волочек,80000.0,107000.0,93500.0,RUR,False,Нет опыта,,,2026-05-18T09:50:31+0300,https://hh.ru/vacancy/84835170
Помощник бариста,84845709,Продавец-консультант (г. Москва),ВкусВилл,Тюмень,80000.0,107000.0,93500.0,RUR,False,Нет опыта,,,2026-05-18T09:50:24+0300,https://hh.ru/vacancy/84845709
Помощник бариста,124718714,Продавец-консультант (г. Москва),ВкусВилл,Петрозаводск,80000.0,107000.0,93500.0,RUR,False,Нет опыта,,,2026-05-18T09:50:15+0300,https://hh.ru/vacancy/124718714
Помощник бариста,124723312,Продавец-консультант (в г. Москве),ВкусВилл,Кострома,80000.0,107000.0,93500.0,RUR,False,Нет опыта,,,2026-05-18T09:50:04+0300,https://hh.ru/vacancy/124723312
Помощник бариста,124277087,Продавец-консультант в Москву,ВкусВилл,Великий Новгород,80000.0,107000.0,93500.0,RUR,False,Нет опыта,,,2026-05-18T09:49:55+0300,https://hh.ru/vacancy/124277087
Помощник бариста,124715459,Продавец-консультант (г. Москва),ВкусВилл,Саранск,80000.0,107000.0,93500.0,RUR,False,Нет опыта,,,2026-05-18T09:49:51+0300,https://hh.ru/vacancy/124715459
Помощник бариста,84845069,Продавец-консультант (в г. Москве),ВкусВилл,Россошь,80000.0,107000.0,93500.0,RUR,False,Нет опыта,,,2026-05-18T09:49:41+0300,https://hh.ru/vacancy/84845069
Помощник бариста,124276790,Продавец-консультант (в г. Москве),ВкусВилл,Ржев,80000.0,107000.0,93500.0,RUR,False,Нет опыта,,,2026-05-18T09:49:37+0300,https://hh.ru/vacancy/124276790
Помощник бариста,87487809,Продавец ВкусВилл (в Москве),ВкусВилл,Сызрань,80000.0,107000.0,93500.0,RUR,False,Нет опыта,,,2026-05-18T09:49:28+0300,https://hh.ru/vacancy/87487809
Помощник бариста,125483949,Продавец-консультант (г. Москва),ВкусВилл,Покров,80000.0,107000.0,93500.0,RUR,False,Нет опыта,,,2026-05-18T09:49:23+0300,https://hh.ru/vacancy/125483949
Помощник бариста,125485254,Продавец-консультант (г. Москва),ВкусВилл,Ковров,80000.0,107000.0,93500.0,RUR,False,Нет опыта,,,2026-05-18T09:49:19+0300,https://hh.ru/vacancy/125485254
Помощник бариста,125485588,Продавец-консультант (г. Москва),ВкусВилл,Рославль,80000.0,107000.0,93500.0,RUR,False,Нет опыта,,,2026-05-18T09:49:14+0300,https://hh.ru/vacancy/125485588
Помощник бариста,87487792,Продавец ВкусВилл (в Москве),ВкусВилл,Пенза,80000.0,107000.0,93500.0,RUR,False,Нет опыта,,,2026-05-18T09:48:31+0300,https://hh.ru/vacancy/87487792
Помощник бариста,97140208,Продавец-консультант (г. Москва),ВкусВилл,Рязань,80000.0,107000.0,93500.0,RUR,False,Нет опыта,,,2026-05-18T09:48:24+0300,https://hh.ru/vacancy/97140208
Помощник бариста,97140206,Продавец-консультант (г. Москва),ВкусВилл,Киржач,80000.0,107000.0,93500.0,RUR,False,Нет опыта,,,2026-05-18T09:48:16+0300,https://hh.ru/vacancy/97140206
Помощник бариста,97130842,Продавец-консультант (г. Москва),ВкусВилл,Козельск,80000.0,107000.0,93500.0,RUR,False,Нет опыта,,,2026-05-18T09:48:07+0300,https://hh.ru/vacancy/97130842
Помощник бариста,84835903,Продавец-консультант (в г. Москве),ВкусВилл,Гусь-Хрустальный,80000.0,107000.0,93500.0,RUR,False,Нет опыта,,,2026-05-11T12:20:17+0300,https://hh.ru/vacancy/84835903
Помощник бариста,97130841,Продавец-консультант (г. Москва),ВкусВилл,Арзамас,80000.0,107000.0,93500.0,RUR,False,Нет опыта,,,2026-05-11T12:20:12+0300,https://hh.ru/vacancy/97130841
Помощник бариста,97130836,Продавец-консультант (г. Москва),ВкусВилл,Нерехта,80000.0,107000.0,93500.0,RUR,False,Нет опыта,,,2026-05-11T12:20:07+0300,https://hh.ru/vacancy/97130836
Помощник бариста,97130831,Продавец-консультант (г. Москва),ВкусВилл,Моршанск,80000.0,107000.0,93500.0,RUR,False,Нет опыта,,,2026-05-11T12:20:03+0300,https://hh.ru/vacancy/97130831
Помощник бариста,84834174,Продавец-консультант (г. Москва),ВкусВилл,Великие Луки,80000.0,107000.0,93500.0,RUR,False,Нет опыта,,,2026-05-11T12:19:58+0300,https://hh.ru/vacancy/84834174
Помощник бариста,87519603,Продавец-консультант (г. Москва),ВкусВилл,Камышин,80000.0,107000.0,93500.0,RUR,False,Нет опыта,,,2026-05-11T12:19:53+0300,https://hh.ru/vacancy/87519603
Помощник бариста,116794154,Продавец-консультант,ВкусВилл,Мурманск,80000.0,107000.0,93500.0,RUR,False,Нет опыта,,,2026-05-11T12:19:41+0300,https://hh.ru/vacancy/116794154
Помощник бариста,84845353,Продавец-консультант (г. Москва),ВкусВилл,Сокол,80000.0,107000.0,93500.0,RUR,False,Нет опыта,,,2026-05-11T12:19:30+0300,https://hh.ru/vacancy/84845353
Помощник бариста,87487802,Продавец ВкусВилл (в г. Москве),ВкусВилл,Муром,80000.0,107000.0,93500.0,RUR,False,Нет опыта,,,2026-05-11T12:19:27+0300,https://hh.ru/vacancy/87487802
Помощник бариста,124277270,Продавец-консультант (г. Москва),ВкусВилл,Тамбов,80000.0,107000.0,93500.0,RUR,False,Нет опыта,,,2026-05-11T12:19:16+0300,https://hh.ru/vacancy/124277270
Помощник бариста,124278983,Продавец-консультант ВкусВилл в Москве,ВкусВилл,Липецк,80000.0,107000.0,93500.0,RUR,False,Нет опыта,,,2026-05-11T12:19:11+0300,https://hh.ru/vacancy/124278983
Помощник бариста,120023013,Продавец-консультант,ВкусВилл,Череповец,80000.0,107000.0,93500.0,RUR,False,Нет опыта,,,2026-05-11T12:19:07+0300,https://hh.ru/vacancy/120023013
Помощник бариста,97130835,Продавец-консультант (г. Москва),ВкусВилл,Донецк,80000.0,107000.0,93500.0,RUR,False,Нет опыта,,,2026-05-11T12:19:02+0300,https://hh.ru/vacancy/97130835
Помощник бариста,124278374,Продавец-консультант (г. Москва),ВкусВилл,Уфа,80000.0,107000.0,93500.0,RUR,False,Нет опыта,,,2026-05-11T12:18:53+0300,https://hh.ru/vacancy/124278374
Помощник бариста,87487805,Продавец ВкусВилл (в Москве),ВкусВилл,Димитровград,80000.0,107000.0,93500.0,RUR,False,Нет опыта,,,2026-05-11T12:18:48+0300,https://hh.ru/vacancy/87487805
Помощник бариста,84845514,Продавец-консультант (г. Москва),ВкусВилл,Сыктывкар,80000.0,107000.0,93500.0,RUR,False,Нет опыта,,,2026-05-11T12:18:38+0300,https://hh.ru/vacancy/84845514
Помощник бариста,97130833,Продавец-консультант (г. Москва),ВкусВилл,Липецк,80000.0,107000.0,93500.0,RUR,False,Нет опыта,,,2026-05-11T12:18:34+0300,https://hh.ru/vacancy/97130833
Помощник бариста,124716191,Продавец-консультант (г. Москва),ВкусВилл,Тольятти,80000.0,107000.0,93500.0,RUR,False,Нет опыта,,,2026-05-11T12:18:29+0300,https://hh.ru/vacancy/124716191
Помощник бариста,124723992,Продавец-консультант (г. Москва),ВкусВилл,Кольчугино,80000.0,107000.0,93500.0,RUR,False,Нет опыта,,,2026-05-11T12:18:25+0300,https://hh.ru/vacancy/124723992
Помощник бариста,124723626,Продавец-консультант (г. Москва),ВкусВилл,Чебоксары,80000.0,107000.0,93500.0,RUR,False,Нет опыта,,,2026-05-11T12:18:20+0300,https://hh.ru/vacancy/124723626
Помощник бариста,124720430,Продавец-консультант (г. Москва),ВкусВилл,Киров (Кировская область),80000.0,107000.0,93500.0,RUR,False,Нет опыта,,,2026-05-11T12:18:15+0300,https://hh.ru/vacancy/124720430
Помощник бариста,124276661,Продавец-консультант (г. Москва),ВкусВилл,Москва,97000.0,104000.0,100500.0,RUR,False,Нет опыта,,,2026-05-11T12:18:10+0300,https://hh.ru/vacancy/124276661
Помощник бариста,124716407,Продавец-консультант (г. Москва),ВкусВилл,Ижевск,80000.0,107000.0,93500.0,RUR,False,Нет опыта,,,2026-05-11T12:18:05+0300,https://hh.ru/vacancy/124716407
Помощник бариста,124715695,Продавец-консультант (г. Москва),ВкусВилл,Иваново (Ивановская область),80000.0,107000.0,93500.0,RUR,False,Нет опыта,,,2026-05-11T12:17:56+0300,https://hh.ru/vacancy/124715695
Помощник бариста,124714990,Продавец-консультант (г. Москва),ВкусВилл,Нижний Тагил,80000.0,107000.0,93500.0,RUR,False,Нет опыта,,,2026-05-11T12:17:51+0300,https://hh.ru/vacancy/124714990
Помощник бариста,87519602,Продавец-консультант (в г. Москве),ВкусВилл,Йошкар-Ола,80000.0,107000.0,93500.0,RUR,False,Нет опыта,,,2026-05-11T12:17:16+0300,https://hh.ru/vacancy/87519602
Помощник бариста,84846878,Продавец-консультант (в г. Москве),ВкусВилл,Ухта,80000.0,107000.0,93500.0,RUR,False,Нет опыта,,,2026-05-04T09:56:16+0300,https://hh.ru/vacancy/84846878
Помощник бариста,87348018,Продавец ВкусВилл (в г. Москве),ВкусВилл,Брянск,80000.0,107000.0,93500.0,RUR,False,Нет опыта,,,2026-05-04T09:54:14+0300,https://hh.ru/vacancy/87348018
Помощник бариста,124715088,Продавец-консультант (г. Москва),ВкусВилл,Саратов,80000.0,107000.0,93500.0,RUR,False,Нет опыта,,,2026-05-04T09:54:09+0300,https://hh.ru/vacancy/124715088
Помощник бариста,87480435,Продавец-консультант (г. Москва),ВкусВилл,Астрахань,80000.0,107000.0,93500.0,RUR,False,Нет опыта,,,2026-05-04T09:54:04+0300,https://hh.ru/vacancy/87480435
Помощник бариста,97130834,Продавец-консультант (г. Москва),ВкусВилл,Луганск,80000.0,107000.0,93500.0,RUR,False,Нет опыта,,,2026-05-04T09:53:33+0300,https://hh.ru/vacancy/97130834
Помощник бариста,124276595,Продавец-консультант (г. Москва),ВкусВилл,Смоленск,80000.0,107000.0,93500.0,RUR,False,Нет опыта,,,2026-05-04T09:53:22+0300,https://hh.ru/vacancy/124276595
Помощник бариста,126700579,Продавец-консультант (г. Москва),ВкусВилл,Владимир,80000.0,107000.0,93500.0,RUR,False,Нет опыта,,,2026-05-04T09:52:54+0300,https://hh.ru/vacancy/126700579
Помощник бариста,87480432,Продавец-консультант (г. Москва),ВкусВилл,Курск,80000.0,107000.0,93500.0,RUR,False,Нет опыта,,,2026-05-04T09:52:43+0300,https://hh.ru/vacancy/87480432
Помощник бариста,87487804,Продавец ВкусВилл (в Москве),ВкусВилл,Ульяновск,80000.0,107000.0,93500.0,RUR,False,Нет опыта,,,2026-05-04T09:52:38+0300,https://hh.ru/vacancy/87487804
Помощник бариста,87348017,Продавец ВкусВилл (в г. Москве),ВкусВилл,Калуга,80000.0,107000.0,93500.0,RUR,False,Нет опыта,,,2026-05-04T09:52:13+0300,https://hh.ru/vacancy/87348017
Помощник бариста,129582521,Продавец-консультант (в г. Москве),ВкусВилл,Борисоглебск,80000.0,107000.0,93500.0,RUR,False,Нет опыта,,,2026-05-04T09:52:08+0300,https://hh.ru/vacancy/129582521
Помощник бариста,97130828,Продавец-консультант (г. Москва),ВкусВилл,Казань,80000.0,107000.0,93500.0,RUR,False,Нет опыта,,,2026-05-04T09:52:03+0300,https://hh.ru/vacancy/97130828
Помощник бариста,97130824,Продавец-консультант (г. Москва),ВкусВилл,Сафоново,80000.0,107000.0,93500.0,RUR,False,Нет опыта,,,2026-05-04T09:51:21+0300,https://hh.ru/vacancy/97130824
Помощник бариста,87519609,Продавец-консультант (г. Москва),ВкусВилл,Ростов Великий,80000.0,107000.0,93500.0,RUR,False,Нет опыта,,,2026-05-04T09:51:15+0300,https://hh.ru/vacancy/87519609
Помощник бариста,132225539,Бариста,Бизнес Групп,Москва,65000.0,80000.0,72500.0,RUR,False,Нет опыта,,,2026-05-23T16:08:34+0300,https://hh.ru/vacancy/132225539
Помощник бариста,132105401,Бариста,Кофейня Кофеварня,Москва,85000.0,,85000.0,RUR,False,От 1 года до 3 лет,,,2026-05-23T08:57:39+0300,https://hh.ru/vacancy/132105401
Помощник бариста,132902335,Бариста,LOCAL’s,Москва,70000.0,80000.0,75000.0,RUR,False,Нет опыта,,,2026-05-23T02:03:26+0300,https://hh.ru/vacancy/132902335
Помощник бариста,132618628,Шеф бариста,Лакки,Москва,120000.0,140000.0,130000.0,RUR,True,От 3 до 6 лет,,,2026-05-23T12:07:32+0300,https://hh.ru/vacancy/132618628
Помощник бариста,131718316,Бариста в кафе,Перекрёсток,Москва,80000.0,,80000.0,RUR,True,Нет опыта,,,2026-05-23T17:31:00+0300,https://hh.ru/vacancy/131718316
Помощник бариста,133085184,Бариста-бармен,Novikov School,Москва,66000.0,,66000.0,RUR,False,Нет опыта,,,2026-05-23T11:30:07+0300,https://hh.ru/vacancy/133085184
Помощник бариста,133321629,Бариста в кафе,Перекрёсток,Москва,65000.0,75000.0,70000.0,RUR,True,Нет опыта,,,2026-05-23T17:06:47+0300,https://hh.ru/vacancy/133321629
Помощник бариста,133312048,Бариста в кафе,Norme,Москва,80000.0,130000.0,105000.0,RUR,False,Нет опыта,,,2026-05-23T15:36:47+0300,https://hh.ru/vacancy/133312048
Помощник бариста,133267723,Бариста,Булочные Фокина (ИП Сидорова Светлана Михайловна),Москва,2200.0,4400.0,3300.0,RUR,False,От 1 года до 3 лет,,,2026-05-22T16:28:38+0300,https://hh.ru/vacancy/133267723
Помощник бариста,132585623,Бариста,Кофейня Natura,Москва,65000.0,80000.0,72500.0,RUR,False,От 1 года до 3 лет,,,2026-05-22T14:58:39+0300,https://hh.ru/vacancy/132585623
Помощник бариста,133303440,Бариста в кофейню,Кофейня Кортадо Кофе,Москва,64000.0,89000.0,76500.0,RUR,False,Нет опыта,,,2026-05-23T13:17:59+0300,https://hh.ru/vacancy/133303440
Помощник бариста,133305635,Бариста в кафе Select,Перекрёсток,Москва,5000.0,,5000.0,RUR,True,Нет опыта,,,2026-05-23T13:54:39+0300,https://hh.ru/vacancy/133305635
Помощник бариста,133305479,Бариста в кафе Select,Перекрёсток,Москва,5200.0,,5200.0,RUR,True,Нет опыта,,,2026-05-23T13:51:43+0300,https://hh.ru/vacancy/133305479
Помощник бариста,132621486,Бариста в кафе Select,Перекрёсток,Москва,5400.0,,5400.0,RUR,True,Нет опыта,,,2026-05-23T13:03:14+0300,https://hh.ru/vacancy/132621486
Помощник бариста,132633044,Бариста в ресторан Jinju Bistro (м.Спортивная),Кофейня Jinju,Москва,120000.0,,120000.0,RUR,False,От 1 года до 3 лет,,,2026-05-23T17:06:25+0300,https://hh.ru/vacancy/132633044
Помощник бариста,132265567,Бариста (м.Шабаловская),КОФЕФЕСТ,Москва,85000.0,120000.0,102500.0,RUR,False,Нет опыта,,,2026-05-22T19:14:06+0300,https://hh.ru/vacancy/132265567
Помощник бариста,132682168,Бариста,Удача,Москва,6800.0,,6800.0,RUR,False,Нет опыта,,,2026-05-21T23:13:18+0300,https://hh.ru/vacancy/132682168
Помощник бариста,127462564,"Ученик-бариста в ""Шоколадницу""",Сеть кофеен Шоколадница,Москва,55000.0,90000.0,72500.0,RUR,False,Нет опыта,,,2026-05-21T18:29:27+0300,https://hh.ru/vacancy/127462564
Помощник бариста,133412321,Бариста-бармен,ПОНО,Москва,85000.0,105000.0,95000.0,RUR,True,От 1 года до 3 лет,,,2026-05-22T18:06:42+0300,https://hh.ru/vacancy/133412321
Помощник бариста,133085123,Бариста-бармен в Novikov School,Novikov School,Москва,,,,,,Нет опыта,,,2026-05-23T11:29:04+0300,https://hh.ru/vacancy/133085123
Помощник бариста,133365032,Бариста,Кофеман (ИП Кутинов Владислав Александрович),Москва,,4500.0,4500.0,RUR,False,От 1 года до 3 лет,,,2026-05-21T15:52:11+0300,https://hh.ru/vacancy/133365032
Помощник бариста,133354037,Бариста,Кофейник,Москва,100000.0,120000.0,110000.0,RUR,False,Нет опыта,,,2026-05-21T12:54:58+0300,https://hh.ru/vacancy/133354037
Помощник бариста,133244263,Официант-бариста,Сеть семейных кафе Kitchen,Москва,90000.0,,90000.0,RUR,False,Нет опыта,,,2026-05-22T11:25:35+0300,https://hh.ru/vacancy/133244263
Помощник бариста,133386751,Старший бариста,Nothing Fancy,Москва,120000.0,140000.0,130000.0,RUR,True,От 1 года до 3 лет,,,2026-05-22T10:09:19+0300,https://hh.ru/vacancy/133386751
Помощник бариста,133335108,Бариста,Консул Медиа,Москва,113400.0,129600.0,121500.0,RUR,False,Нет опыта,,,2026-05-21T08:38:25+0300,https://hh.ru/vacancy/133335108
Помощник бариста,131579231,Бариста (центр города),Перекрёсток,Москва,60000.0,,60000.0,RUR,False,Нет опыта,,,2026-05-22T14:13:04+0300,https://hh.ru/vacancy/131579231
Помощник бариста,132886473,Бариста в кофейню,Jobers,Москва,103500.0,108000.0,105750.0,RUR,False,Нет опыта,,,2026-05-22T14:20:29+0300,https://hh.ru/vacancy/132886473
Помощник бариста,132878853,Бармен-кассир/бариста,МОНОЛИТ,Москва,100000.0,120000.0,110000.0,RUR,False,Нет опыта,,,2026-05-22T12:11:15+0300,https://hh.ru/vacancy/132878853
Помощник бариста,126016768,Ученик-Бариста,Сеть кофеен Шоколадница,Москва,,91000.0,91000.0,RUR,True,Нет опыта,,,2026-05-18T16:53:11+0300,https://hh.ru/vacancy/126016768
Помощник бариста,133056563,Бариста в кофейню (Перекресток),Перекрёсток,Москва,5300.0,,5300.0,RUR,True,Нет опыта,,,2026-05-22T16:08:49+0300,https://hh.ru/vacancy/133056563
Помощник бариста,132547948,Бариста-тренер,ГК Хлебник,Москва,,110000.0,110000.0,RUR,False,От 1 года до 3 лет,,,2026-05-21T16:54:34+0300,https://hh.ru/vacancy/132547948
Помощник бариста,132265559,Бариста в кофейню (район Хамовники),КОФЕФЕСТ,Москва,85000.0,120000.0,102500.0,RUR,False,Нет опыта,,,2026-05-22T19:11:49+0300,https://hh.ru/vacancy/132265559
Помощник бариста,133062755,Бариста в кофейню (м.Шоссе Энтузиастов),КОФЕФЕСТ,Москва,85000.0,120000.0,102500.0,RUR,False,Нет опыта,,,2026-05-22T18:24:21+0300,https://hh.ru/vacancy/133062755
Помощник бариста,132735880,Бариста-официант в кафе,Norme,Москва,80000.0,130000.0,105000.0,RUR,False,Нет опыта,,,2026-05-22T12:09:03+0300,https://hh.ru/vacancy/132735880
Помощник бариста,133205568,"Бариста-Продавец (м.Ясенево,м.Беляево,м.Академическая )",FRENCH BAKERY,Москва,420.0,,420.0,RUR,False,От 1 года до 3 лет,,,2026-05-22T17:53:45+0300,https://hh.ru/vacancy/133205568
Помощник бариста,132977301,Старший бариста/Шеф-бариста,Ton coffee,Москва,100000.0,,100000.0,RUR,False,От 3 до 6 лет,,,2026-05-21T09:35:49+0300,https://hh.ru/vacancy/132977301
Помощник бариста,133205256,"Бариста-Продавец (м. Электрозаводская, м. Перово)",FRENCH BAKERY,Москва,85000.0,120000.0,102500.0,RUR,False,Нет опыта,,,2026-05-22T17:53:45+0300,https://hh.ru/vacancy/133205256
Помощник бариста,133406112,"Бариста кассир (м Строгино,м Мякинино)",FRENCH BAKERY,Москва,80000.0,,80000.0,RUR,False,Нет опыта,,,2026-05-22T15:37:31+0300,https://hh.ru/vacancy/133406112
Помощник бариста,131747128,Бариста в кофейню Дринкит (м.Водный стадион),Дринкит сеть кофеен,Москва,53000.0,63000.0,58000.0,RUR,False,Нет опыта,,,2026-05-22T15:13:12+0300,https://hh.ru/vacancy/131747128
Помощник бариста,133326516,Бариста-кассир,Кафетерий Пряная тыква,Москва,350.0,,350.0,RUR,True,Нет опыта,,,2026-05-20T20:53:23+0300,https://hh.ru/vacancy/133326516
Помощник бариста,133323526,Бариста - кассир,Московский финансово-юридический университет МФЮА,Москва,75600.0,86400.0,81000.0,RUR,False,От 1 года до 3 лет,,,2026-05-20T17:50:09+0300,https://hh.ru/vacancy/133323526
Помощник бариста,133333530,Бариста в кафе,Перекрёсток,Москва,85000.0,,85000.0,RUR,True,Нет опыта,,,2026-05-21T08:01:36+0300,https://hh.ru/vacancy/133333530
Помощник бариста,133372865,Бариста в чайную Нитка,Современная Русская чайная Нитка,Москва,60000.0,100000.0,80000.0,RUR,False,Нет опыта,,,2026-05-21T19:06:18+0300,https://hh.ru/vacancy/133372865
Помощник бариста,133243131,Бариста в Chicha San Chen (Bubble tea),Фрешвинд,Москва,65000.0,85000.0,75000.0,RUR,False,Нет опыта,,,2026-05-22T11:11:47+0300,https://hh.ru/vacancy/133243131
Помощник бариста,133321505,"Продавец-бариста (м Цветной бульвар, м. Новослободская, м. Тимирязевская)",FRENCH BAKERY,Москва,420.0,,420.0,RUR,False,От 1 года до 3 лет,,,2026-05-22T17:53:45+0300,https://hh.ru/vacancy/133321505
Помощник бариста,132198448,Бариста в кафе Select,Перекрёсток,Москва,5100.0,5400.0,5250.0,RUR,True,Нет опыта,,,2026-05-21T15:04:13+0300,https://hh.ru/vacancy/132198448
Помощник бариста,133211804,"Бариста в кафе ""City Friends""",Миша Фишер,Москва,90000.0,,90000.0,RUR,False,Нет опыта,,,2026-05-21T15:26:43+0300,https://hh.ru/vacancy/133211804
Помощник бариста,133364112,Администратор-бариста в кофейню (м.Арбатская),Кондитория РОМБАБА,Москва,86000.0,100000.0,93000.0,RUR,False,Нет опыта,,,2026-05-21T15:34:21+0300,https://hh.ru/vacancy/133364112
Помощник бариста,133271790,Продавец-бариста,FRENCH BAKERY,Москва,75000.0,,75000.0,RUR,False,Нет опыта,,,2026-05-19T18:00:22+0300,https://hh.ru/vacancy/133271790
Помощник бариста,133349933,"Бариста (Кофейня ""Аленка"", м. Маяковская)",Группа Гута,Москва,85000.0,,85000.0,RUR,True,От 1 года до 3 лет,,,2026-05-21T11:59:34+0300,https://hh.ru/vacancy/133349933
Помощник бариста,132989739,Бармен/бариста в кафе Pims,PIMS (ИП Касаткина Елена Константиновна),Москва,65000.0,95000.0,80000.0,RUR,False,Нет опыта,,,2026-05-21T12:03:29+0300,https://hh.ru/vacancy/132989739
Помощник бариста,130536529,Бариста Pa Pa Power coffee,Забыли Сахар,Москва,80000.0,90000.0,85000.0,RUR,True,От 1 года до 3 лет,,,2026-05-21T11:36:23+0300,https://hh.ru/vacancy/130536529
Помощник бариста,133345131,Бариста OnePrice в ТЦ Ривьера,Академия Максимус,Москва,62000.0,76000.0,69000.0,RUR,False,Нет опыта,,,2026-05-21T11:11:42+0300,https://hh.ru/vacancy/133345131
Помощник бариста,124536657,Бариста/Бармен - ученик,Сеть кофеен Шоколадница,Москва,,125000.0,125000.0,RUR,True,Нет опыта,,,2026-05-15T15:30:35+0300,https://hh.ru/vacancy/124536657
Помощник бариста,126016408,Бариста-ученик,Сеть кофеен Шоколадница,Москва,,110000.0,110000.0,RUR,True,Нет опыта,,,2026-05-12T17:19:27+0300,https://hh.ru/vacancy/126016408
Помощник бариста,132897458,"Бариста в кафе ""Забыли сахар"" (м.Комсомольская)",Забыли Сахар,Москва,80000.0,100000.0,90000.0,RUR,True,От 1 года до 3 лет,,,2026-05-21T11:45:28+0300,https://hh.ru/vacancy/132897458
Помощник бариста,132838450,Бариста в кафе,Перекрёсток,Москва,5300.0,,5300.0,RUR,True,Нет опыта,,,2026-05-19T16:18:59+0300,https://hh.ru/vacancy/132838450
Помощник бариста,132358009,Бариста в кафе,Перекрёсток,Москва,,85000.0,85000.0,RUR,True,Нет опыта,,,2026-05-19T15:54:45+0300,https://hh.ru/vacancy/132358009
Помощник бариста,133353620,"Бариста-Продавец (м. Водный стадион, Аэропорт,Сокол, Беломорская)",FRENCH BAKERY,Москва,85000.0,120000.0,102500.0,RUR,False,От 1 года до 3 лет,,,2026-05-21T12:49:00+0300,https://hh.ru/vacancy/133353620
Помощник бариста,133104904,Бариста,Перекрёсток,Москва,85000.0,,85000.0,RUR,True,Нет опыта,,,2026-05-14T17:12:01+0300,https://hh.ru/vacancy/133104904
Помощник бариста,133353695,"Продавец-бариста (French Bakery, м. Беломорская, ул. Беломорская, д. 23 )",FRENCH BAKERY,Москва,100000.0,,100000.0,RUR,False,От 1 года до 3 лет,,,2026-05-21T12:50:31+0300,https://hh.ru/vacancy/133353695
Помощник бариста,132923174,Шеф-бариста (Дрожжино),Бородина Ксения Анатольевна,Москва,85000.0,110000.0,97500.0,RUR,False,Нет опыта,,,2026-05-18T15:22:09+0300,https://hh.ru/vacancy/132923174
Помощник бариста,132978469,Бариста-кассир (к1204),ФудСтайл,Зеленоград,75000.0,,75000.0,RUR,False,Нет опыта,,,2026-05-19T12:22:18+0300,https://hh.ru/vacancy/132978469
Помощник бариста,133005349,Бариста,Методика кофе (ИП Ерохина Екатерина Александровна),Москва,60000.0,90000.0,75000.0,RUR,False,От 1 года до 3 лет,,,2026-05-12T15:49:09+0300,https://hh.ru/vacancy/133005349
Помощник бариста,132304695,Бариста-Продавец (м. Саларьево),FRENCH BAKERY,Москва,100000.0,,100000.0,RUR,False,От 1 года до 3 лет,,,2026-05-18T14:27:12+0300,https://hh.ru/vacancy/132304695
Помощник бариста,133306922,"Продавец-бариста (French Bakery, м. Киевская, Ул Брянская,2)",FRENCH BAKERY,Москва,100000.0,,100000.0,RUR,False,От 1 года до 3 лет,,,2026-05-20T14:13:12+0300,https://hh.ru/vacancy/133306922
Помощник бариста,132630717,"Продавец-бариста (French Bakery, м. Яхромская, Дмитровское шоссе, 98)",FRENCH BAKERY,Москва,100000.0,,100000.0,RUR,False,От 1 года до 3 лет,,,2026-05-20T14:11:15+0300,https://hh.ru/vacancy/132630717
Помощник бариста,133274900,"Бариста «Зацепи кофе» (Шоссе Энтузиастов, 1, к. 2)",Зацепи Кофе (ИП Смирнов Матвей Олегович),Москва,85000.0,100000.0,92500.0,RUR,True,Нет опыта,,,2026-05-19T22:28:34+0300,https://hh.ru/vacancy/133274900
Помощник бариста,133195316,"Бариста (Кофейня ""Аленка"", м. ВДНХ)",Группа Гута,Москва,85000.0,,85000.0,RUR,True,Нет опыта,,,2026-05-18T11:33:24+0300,https://hh.ru/vacancy/133195316
Помощник бариста,133306855,"Продавец-бариста (French Bakery, м. Ботанический сад, 1-я улица Леонова, 18)",FRENCH BAKERY,Москва,80000.0,,80000.0,RUR,False,От 1 года до 3 лет,,,2026-05-20T14:12:19+0300,https://hh.ru/vacancy/133306855
Помощник бариста,132934284,Бариста,Представитель компании ООО Капитал Бизнесс,Москва,80000.0,100000.0,90000.0,RUR,False,От 1 года до 3 лет,,,2026-05-08T18:04:41+0300,https://hh.ru/vacancy/132934284
Помощник бариста,131672544,Ночной Продавец бариста,FRENCH BAKERY,Москва,,130000.0,130000.0,RUR,False,От 1 года до 3 лет,,,2026-05-15T13:46:29+0300,https://hh.ru/vacancy/131672544
Помощник бариста,133043130,Бариста-кассир,Sando Cafe (ИП Токаев Василий Юрьевич),Москва,90000.0,,90000.0,RUR,True,От 1 года до 3 лет,,,2026-05-13T12:44:14+0300,https://hh.ru/vacancy/133043130
Помощник бариста,132934412,Бариста,Смирнова Зоя Александровна,Москва,80000.0,,80000.0,RUR,False,От 1 года до 3 лет,,,2026-05-08T18:15:41+0300,https://hh.ru/vacancy/132934412
Помощник бариста,130685418,Продавец-бариста в сеть кафе-пекарен French Bakery,FRENCH BAKERY,Москва,100000.0,,100000.0,RUR,False,От 1 года до 3 лет,,,2026-05-18T12:37:45+0300,https://hh.ru/vacancy/130685418
Помощник бариста,132388592,"Продавец-бариста (м. Арбатская, м. Мякинино, м. Строгино)",FRENCH BAKERY,Москва,100000.0,,100000.0,RUR,False,От 1 года до 3 лет,,,2026-05-18T12:37:54+0300,https://hh.ru/vacancy/132388592
Помощник бариста,132846578,Бариста,ДЖЕЙКЕТ РАБОТА,Москва,,90000.0,90000.0,RUR,False,Нет опыта,,,2026-05-06T14:28:50+0300,https://hh.ru/vacancy/132846578
Помощник бариста,132842217,Бариста,Перекрёсток,Москва,5300.0,,5300.0,RUR,True,Нет опыта,,,2026-05-06T13:44:25+0300,https://hh.ru/vacancy/132842217
Помощник бариста,125138120,"Бариста-Продавец (Прокшино, Потапово)",FRENCH BAKERY,Москва,420.0,,420.0,RUR,False,От 1 года до 3 лет,,,2026-05-15T13:45:54+0300,https://hh.ru/vacancy/125138120
Помощник бариста,133205354,"Продавец-бариста (м Цветной бульвар, м. Новослободская, м. Тверская)",FRENCH BAKERY,Москва,420.0,,420.0,RUR,False,От 1 года до 3 лет,,,2026-05-18T13:52:42+0300,https://hh.ru/vacancy/133205354
Помощник бариста,133118707,Бариста с минимальным опытом,Русская кофейня Коврижечная,Москва,85000.0,,85000.0,RUR,False,От 1 года до 3 лет,,,2026-05-15T08:47:27+0300,https://hh.ru/vacancy/133118707
Помощник бариста,133035933,Бариста в кофейню,Сеть кофеен Шоколадница,Москва,65000.0,85000.0,75000.0,RUR,False,Нет опыта,,,2026-05-13T11:07:05+0300,https://hh.ru/vacancy/133035933
Помощник бариста,133185951,"Продавец-бариста (French Bakery, улица Олонецкая, дом 6, ЖК Гринпарк)",FRENCH BAKERY,Москва,100000.0,,100000.0,RUR,False,От 1 года до 3 лет,,,2026-05-18T09:47:01+0300,https://hh.ru/vacancy/133185951
Помощник бариста,133012700,"Бариста (парк ""Царицыно"")",Правительство Москвы,Москва,70000.0,,70000.0,RUR,False,Нет опыта,,,2026-05-12T18:05:47+0300,https://hh.ru/vacancy/133012700
Помощник бариста,132991516,Бариста в BurgerKing,Ракета,Москва,120000.0,,120000.0,RUR,True,Нет опыта,,,2026-05-12T12:24:12+0300,https://hh.ru/vacancy/132991516
Помощник бариста,132380925,Старший бариста,Маркарян Воскан Славикович,Москва,90000.0,,90000.0,RUR,False,От 1 года до 3 лет,,,2026-05-08T13:48:28+0300,https://hh.ru/vacancy/132380925
Помощник бариста,132122867,Бариста,Перекрёсток,Москва,85000.0,,85000.0,RUR,True,Нет опыта,,,2026-04-30T08:41:41+0300,https://hh.ru/vacancy/132122867
Помощник бариста,133131263,"Бариста-кассир Лаки Кинг (Зеленоград, 1410)",ФудСтайл,Зеленоград,70000.0,,70000.0,RUR,False,Нет опыта,,,2026-05-15T12:05:05+0300,https://hh.ru/vacancy/133131263
Помощник бариста,132947455,Бариста в кофейню,Правительство Москвы,Москва,70000.0,,70000.0,RUR,False,Нет опыта,,,2026-05-10T10:36:48+0300,https://hh.ru/vacancy/132947455
Помощник бариста,132860897,Шеф-бариста,Шариков Тимофей Константинович,Москва,80000.0,120000.0,100000.0,RUR,False,От 1 года до 3 лет,,,2026-05-07T02:36:07+0300,https://hh.ru/vacancy/132860897
Помощник бариста,132621461,Бариста,ЭСКО БРАНД РУС,Москва,75000.0,,75000.0,RUR,False,Нет опыта,,,2026-04-29T13:02:28+0300,https://hh.ru/vacancy/132621461
Помощник бариста,132597317,Бариста,Департамент Ф53,Москва,87000.0,,87000.0,RUR,True,Нет опыта,,,2026-04-28T18:41:32+0300,https://hh.ru/vacancy/132597317
Помощник бариста,131659783,Бариста,B&D Cafe,Москва,65000.0,80000.0,72500.0,RUR,False,Нет опыта,,,2026-04-28T11:04:59+0300,https://hh.ru/vacancy/131659783
Помощник бариста,131354009,Бариста в кофейню One Price Coffee (Ватутинки ТЦ Лайнер),Интерком,Москва,50000.0,,50000.0,RUR,False,Нет опыта,,,2026-05-15T17:28:01+0300,https://hh.ru/vacancy/131354009
Помощник бариста,131639197,Бариста,Зацепи Кофе (ИП Березнева Яна Александровна),Москва,80000.0,97700.0,88850.0,RUR,False,От 1 года до 3 лет,,,2026-04-27T01:03:16+0300,https://hh.ru/vacancy/131639197
Помощник бариста,132034127,"Продавец-бариста (French Bakery, м. Беляево, Профсоюзная, 102с1, ТЦ ""Ареал"")",FRENCH BAKERY,Москва,100000.0,,100000.0,RUR,False,От 1 года до 3 лет,,,2026-05-15T13:46:29+0300,https://hh.ru/vacancy/132034127
Помощник бариста,132839034,Бариста в кафе,Перекрёсток,Москва,5300.0,,5300.0,RUR,True,Нет опыта,,,2026-05-06T12:51:16+0300,https://hh.ru/vacancy/132839034
Помощник бариста,130407412,Бариста (аэропорт Внуково),Сеть кофеен Шоколадница,Москва,60000.0,120000.0,90000.0,RUR,False,Нет опыта,,,2026-05-06T08:38:38+0300,https://hh.ru/vacancy/130407412
Помощник бариста,131289032,"Бариста-кассир Лаки Кинг (Сходня, Юбилейный, 7)",ФудСтайл,Химки (Московская область),75000.0,,75000.0,RUR,False,Нет опыта,,,2026-05-12T11:37:40+0300,https://hh.ru/vacancy/131289032
Помощник бариста,132897761,"Бариста в новое кафе ""Забыли сахар"" (м.Шелепиха/Москва-сити)",Забыли Сахар,Москва,80000.0,90000.0,85000.0,RUR,True,От 1 года до 3 лет,,,2026-05-13T13:48:48+0300,https://hh.ru/vacancy/132897761
Помощник бариста,132634181,Бариста – официант,Das Brot,Москва,3000.0,4000.0,3500.0,RUR,False,От 1 года до 3 лет,,,2026-04-29T17:36:07+0300,https://hh.ru/vacancy/132634181
Помощник бариста,133073647,"Бариста в кофейню Соседи.Кофе (ЖК Level ""Лесной"", м. Пятницкое шоссе/м. Митино)",Бирюкова Екатерина Игоревна,Москва,70000.0,,70000.0,RUR,False,Нет опыта,,,2026-05-14T08:37:01+0300,https://hh.ru/vacancy/133073647
Помощник бариста,132555274,Старший бариста/бариста универсал,Чернов Денис Николаевич,Москва,70000.0,100000.0,85000.0,RUR,False,От 1 года до 3 лет,,,2026-04-27T22:12:27+0300,https://hh.ru/vacancy/132555274
Помощник бариста,132803444,Бариста ( премиальная сеть ритейла ),Департамент Ф53,Москва,87000.0,,87000.0,RUR,False,Нет опыта,,,2026-05-05T15:30:17+0300,https://hh.ru/vacancy/132803444
Помощник бариста,132929360,Ночной кассир-бариста в кафе (м.Комсомольская),Забыли Сахар,Москва,100000.0,,100000.0,RUR,False,От 1 года до 3 лет,,,2026-05-08T15:44:34+0300,https://hh.ru/vacancy/132929360
Помощник бариста,132706141,Бариста в продуктовую сеть,Департамент Ф53,Москва,90000.0,,90000.0,RUR,True,Нет опыта,,,2026-05-03T15:55:41+0300,https://hh.ru/vacancy/132706141
Помощник бариста,132383461,Бариста в кафе,Перекрёсток,Москва,5300.0,,5300.0,RUR,True,Нет опыта,,,2026-04-30T08:41:45+0300,https://hh.ru/vacancy/132383461
Помощник бариста,132473403,Бариста-универсал,Виннерс,Москва,60000.0,110000.0,85000.0,RUR,True,От 1 года до 3 лет,,,2026-04-24T13:25:43+0300,https://hh.ru/vacancy/132473403
Помощник бариста,133291692,Тренер в сеть кофеен,КОФЕФЕСТ,Москва,80000.0,,80000.0,RUR,False,От 1 года до 3 лет,,,2026-05-23T10:39:42+0300,https://hh.ru/vacancy/133291692
Помощник бариста,131951098,"Продавец-бариста (French Bakery, м. ФИЛИ, м. Москва-Сити)",FRENCH BAKERY,Москва,100000.0,,100000.0,RUR,False,От 1 года до 3 лет,,,2026-05-05T17:59:29+0300,https://hh.ru/vacancy/131951098
Помощник бариста,132483220,Бариста-кассир (м.Цветной бульвар),Макарова Ирина Анатольевна,Москва,64300.0,82200.0,73250.0,RUR,False,Нет опыта,,,2026-04-24T16:17:30+0300,https://hh.ru/vacancy/132483220
Помощник бариста,131903582,Бариста-кассир (Лаки Кинг пл. Юности),ФудСтайл,Зеленоград,75000.0,,75000.0,RUR,False,Нет опыта,,,2026-04-29T14:04:55+0300,https://hh.ru/vacancy/131903582
Помощник бариста,132584888,"Продавец-бариста (French Bakery, м. Окская )",FRENCH BAKERY,Москва,100000.0,,100000.0,RUR,False,От 1 года до 3 лет,,,2026-04-28T14:40:24+0300,https://hh.ru/vacancy/132584888
Помощник бариста,132573571,Сотрудник в кофейню (ЗАО),КОФЕФЕСТ,Москва,85000.0,120000.0,102500.0,RUR,False,Нет опыта,,,2026-05-22T11:35:32+0300,https://hh.ru/vacancy/132573571
Помощник бариста,122188913,"Стюард - официант (Высокоскоростной поезд ""Сапсан"" Москва- Санкт-Петербург)",Группа компаний РБЕ (RBE Group),Москва,86000.0,130000.0,108000.0,RUR,True,Нет опыта,,,2026-05-23T11:49:47+0300,https://hh.ru/vacancy/122188913
Помощник бариста,133314278,Специалист по недвижимости / Менеджер по работе с клиентами,Офис НА ПЕТРОВКЕ,Москва,400900.0,644800.0,522850.0,RUR,False,Нет опыта,,,2026-05-23T15:59:31+0300,https://hh.ru/vacancy/133314278
Помощник бариста,132487186,Бариста в LOOK UP Cafe & Shop,UPSKILL,Москва,5400.0,6400.0,5900.0,RUR,False,От 1 года до 3 лет,,,2026-04-24T18:22:59+0300,https://hh.ru/vacancy/132487186
Помощник бариста,133094035,Тренинг-менеджер в сеть кофеен Кранчи Дрим,Кранчи Дрим,Москва,110000.0,110000.0,110000.0,RUR,False,От 1 года до 3 лет,,,2026-05-23T13:58:42+0300,https://hh.ru/vacancy/133094035
Помощник бариста,132494582,Бариста в кофейню Соседи.Кофе (ЖК Митино Парк),Завьялов Максим Юрьевич,Москва,80000.0,,80000.0,RUR,False,Нет опыта,,,2026-04-25T12:21:56+0300,https://hh.ru/vacancy/132494582
Помощник бариста,131469787,Управляющий кофейней,Томиоми,Москва,120000.0,,120000.0,RUR,True,От 1 года до 3 лет,,,2026-05-23T10:51:03+0300,https://hh.ru/vacancy/131469787
Помощник бариста,133250933,Сотрудник бара в кинотеатр (м. Братиславская),Киномакс,Москва,55000.0,60000.0,57500.0,RUR,False,Нет опыта,,,2026-05-22T16:53:46+0300,https://hh.ru/vacancy/133250933
Помощник бариста,133397012,Продавец-кассир (м. Потапово),Хлебник (ИП Галлиулин Николай Валерьевич),Москва,5000.0,,5000.0,RUR,False,Нет опыта,,,2026-05-22T12:53:56+0300,https://hh.ru/vacancy/133397012
Помощник бариста,133244259,Продавец,24TORT.RU,Москва,80000.0,,80000.0,RUR,False,Нет опыта,,,2026-05-22T11:25:32+0300,https://hh.ru/vacancy/133244259
Помощник бариста,132988133,Продавец-кассир (Новые Ватутинки),Хлебник (ИП Галлиулин Николай Валерьевич),Москва,5000.0,,5000.0,RUR,False,Нет опыта,,,2026-05-21T11:42:50+0300,https://hh.ru/vacancy/132988133
Помощник бариста,133033089,"Менеджер по работе с клиентами (HoReCa, дистрибуция)",JDaI,Москва,140000.0,170000.0,155000.0,RUR,False,От 1 года до 3 лет,,,2026-05-22T10:32:45+0300,https://hh.ru/vacancy/133033089
Помощник бариста,133362299,"Пиццайоло (пиццамейкер/повар пиццы) в Surf Coffee x Flacon, Москва",Surf Coffee,Москва,50000.0,75000.0,62500.0,RUR,True,Нет опыта,,,2026-05-21T15:05:19+0300,https://hh.ru/vacancy/133362299
Помощник бариста,132245568,Менеджер кафе,Национальный исследовательский ядерный университет МИФИ,Москва,,,,,,Нет опыта,,,2026-05-20T17:12:15+0300,https://hh.ru/vacancy/132245568
Помощник бариста,133315604,Ведущий инженер-конструктор в отделе монолитных конструкций,ФСК,Москва,,,,,,Более 6 лет,,,2026-05-20T16:10:40+0300,https://hh.ru/vacancy/133315604
Помощник бариста,129340757,Менеджер по продажам,Артпласт,Москва,150000.0,,150000.0,RUR,False,От 1 года до 3 лет,,,2026-05-19T10:50:08+0300,https://hh.ru/vacancy/129340757
Помощник бариста,133078555,Администратор мини-отеля,Отель Менеджмент,Москва,70000.0,,70000.0,RUR,False,Нет опыта,,,2026-05-14T09:54:27+0300,https://hh.ru/vacancy/133078555
Помощник бариста,119442391,"Стюард - официант (Скоростной поезд ""Ласточка"" (Москва-Санкт-Петербург)",Группа компаний РБЕ (RBE Group),Москва,79100.0,,79100.0,RUR,True,Нет опыта,,,2026-05-15T17:21:24+0300,https://hh.ru/vacancy/119442391
Помощник бариста,132204438,"Стюард - официант (Высокоскоростной поезд ""Сапсан"" Москва- Санкт-Петербург)",Группа компаний РБЕ (RBE Group),Москва,86000.0,130000.0,108000.0,RUR,True,Нет опыта,,,2026-05-15T16:37:33+0300,https://hh.ru/vacancy/132204438
Помощник бариста,119395103,"Стюард - официант (Высокоскоростной поезд ""Сапсан"" Москва- Санкт-Петербург)",Группа компаний РБЕ (RBE Group),Москва,86000.0,130000.0,108000.0,RUR,True,Нет опыта,,,2026-05-15T16:36:28+0300,https://hh.ru/vacancy/119395103
Помощник бариста,125159456,"Стюард-официант (Высокоскоростной поезд ""Сапсан"" Москва-Санкт-Петербург)",Группа компаний РБЕ (RBE Group),Москва,86000.0,130000.0,108000.0,RUR,True,Нет опыта,,,2026-05-11T10:46:11+0300,https://hh.ru/vacancy/125159456
Помощник бариста,133008899,Ведущий инженер-проектировщик ЭОМ,ФСК,Москва,,,,,,Более 6 лет,,,2026-05-12T16:43:37+0300,https://hh.ru/vacancy/133008899
Помощник бариста,133008473,Ведущий инженер-проектировщик внутренних систем ВК,ФСК,Москва,,,,,,Более 6 лет,,,2026-05-12T16:38:19+0300,https://hh.ru/vacancy/133008473
Помощник бариста,119428439,"Стюард - официант (Высокоскоростной поезд ""Сапсан"" Москва-Санкт-Петербург)",Группа компаний РБЕ (RBE Group),Москва,86000.0,130000.0,108000.0,RUR,True,Нет опыта,,,2026-05-08T16:52:29+0300,https://hh.ru/vacancy/119428439
Помощник бариста,119437438,"Стюард - официант (Скоростной поезд ""Ласточка"" Москва- Санкт-Петербург)",Группа компаний РБЕ (RBE Group),Москва,79100.0,,79100.0,RUR,True,Нет опыта,,,2026-05-08T16:51:59+0300,https://hh.ru/vacancy/119437438
Помощник бариста,132922371,Управляющий кафе,Дородных Валерия Юрьевна,Москва,180000.0,,180000.0,RUR,False,От 1 года до 3 лет,,,2026-05-08T13:19:19+0300,https://hh.ru/vacancy/132922371
Помощник бариста,130521984,Старший бармен-кассир,Мрия (Mriya Resort),Ялта,110000.0,,110000.0,RUR,True,От 3 до 6 лет,,,2026-04-24T16:18:39+0300,https://hh.ru/vacancy/130521984
Помощник бариста,132659112,Инженер-конструктор 1 категории (монолитные конструкции),ФСК,Москва,,,,,,От 3 до 6 лет,,,2026-04-30T11:44:35+0300,https://hh.ru/vacancy/132659112
Помощник бариста,132633817,Архитектор 1 категории,ФСК,Москва,,,,,,От 3 до 6 лет,,,2026-04-29T17:25:02+0300,https://hh.ru/vacancy/132633817
Помощник бариста,131718280,Бариста в кафе,Перекрёсток,Москва,80000.0,,80000.0,RUR,True,Нет опыта,,,2026-05-23T17:30:47+0300,https://hh.ru/vacancy/131718280
Помощник бариста,133305281,Бариста в кафе Select,Перекрёсток,Москва,5000.0,,5000.0,RUR,True,Нет опыта,,,2026-05-23T13:48:23+0300,https://hh.ru/vacancy/133305281
Помощник бариста,130780639,Бариста-кассир в кафе Select,Перекрёсток,Москва,5200.0,,5200.0,RUR,True,Нет опыта,,,2026-05-23T15:46:35+0300,https://hh.ru/vacancy/130780639
Помощник бариста,132120731,Бариста в кафе Перекресток,Перекрёсток,Москва,5300.0,,5300.0,RUR,True,Нет опыта,,,2026-05-21T09:31:43+0300,https://hh.ru/vacancy/132120731
Помощник бариста,133249824,"Продавец-бариста (French Bakery, м. Кузнецкий Мост, ул. Рождественка д.5/7 стр1)",FRENCH BAKERY,Москва,100000.0,,100000.0,RUR,False,От 1 года до 3 лет,,,2026-05-19T12:43:23+0300,https://hh.ru/vacancy/133249824
Помощник бариста,133200495,"Продавец-бариста (French Bakery, м. Раменки, пр-т Мичуринский, 21к6)",FRENCH BAKERY,Москва,100000.0,,100000.0,RUR,False,От 1 года до 3 лет,,,2026-05-18T12:41:43+0300,https://hh.ru/vacancy/133200495
Помощник бариста,132722035,"Бариста-Продавец (м. Новохохловская,м. Окская )",FRENCH BAKERY,Москва,85000.0,120000.0,102500.0,RUR,False,Нет опыта,,,2026-05-15T13:45:53+0300,https://hh.ru/vacancy/132722035
Помощник бариста,131950801,"Продавец-бариста (French Bakery, м. Университет, м. Фрунзенская)",FRENCH BAKERY,Москва,100000.0,,100000.0,RUR,False,От 1 года до 3 лет,,,2026-05-15T13:46:29+0300,https://hh.ru/vacancy/131950801
Помощник бариста,131755529,"Продавец-бариста (French Bakery, м. Киевская, м. Бауманская, м. Авиамоторная)",FRENCH BAKERY,Москва,100000.0,,100000.0,RUR,False,От 1 года до 3 лет,,,2026-05-15T13:46:29+0300,https://hh.ru/vacancy/131755529
Помощник бариста,132665122,Бариста в чайную Нитка,Современная Русская чайная Нитка,Москва,60000.0,100000.0,80000.0,RUR,False,Нет опыта,,,2026-04-30T13:43:40+0300,https://hh.ru/vacancy/132665122
Помощник бариста,132016780,"Продавец-бариста (French Bakery, м. Авиамоторная, ул. Авиамоторная д 47)",FRENCH BAKERY,Москва,100000.0,,100000.0,RUR,False,От 1 года до 3 лет,,,2026-05-07T16:00:23+0300,https://hh.ru/vacancy/132016780
Помощник бариста,132226931,"Продавец-бариста (French Bakery, м.Новохохловская, 1-й Грайвороновский проезд 7а к3)",FRENCH BAKERY,Москва,100000.0,,100000.0,RUR,False,От 1 года до 3 лет,,,2026-05-07T16:00:23+0300,https://hh.ru/vacancy/132226931
Помощник бариста,119442406,"Стюард - официант (Высокоскоростной поезд ""Сапсан"" Москва-Санкт-Петербург)",Группа компаний РБЕ (RBE Group),Москва,86000.0,130000.0,108000.0,RUR,True,Нет опыта,,,2026-05-08T16:52:27+0300,https://hh.ru/vacancy/119442406
Помощник бариста,132962037,Бариста,Мизерный Роман Степанович,Москва,79000.0,95000.0,87000.0,RUR,False,Нет опыта,,,2026-05-23T16:10:41+0300,https://hh.ru/vacancy/132962037
Помощник бариста,132789292,Бариста,КофеБрейк,Москва,82000.0,,82000.0,RUR,True,Нет опыта,,,2026-05-23T12:56:12+0300,https://hh.ru/vacancy/132789292
Помощник бариста,133291752,Бариста,Лопанова Людмила Александровна,Москва,4900.0,,4900.0,RUR,False,Нет опыта,,,2026-05-23T10:40:15+0300,https://hh.ru/vacancy/133291752
Помощник бариста,132808356,Бариста-кассир,"От Круассановича, с любовью",Москва,,5000.0,5000.0,RUR,False,Нет опыта,,,2026-05-23T16:41:11+0300,https://hh.ru/vacancy/132808356
Помощник бариста,133322307,Бариста в кафе,Перекрёсток,Москва,81400.0,85100.0,83250.0,RUR,True,Нет опыта,,,2026-05-23T17:17:21+0300,https://hh.ru/vacancy/133322307
Помощник бариста,131169922,Бариста (Коммунарка),ВкусВилл,Москва,85000.0,95000.0,90000.0,RUR,False,Нет опыта,,,2026-05-23T10:14:07+0300,https://hh.ru/vacancy/131169922
Помощник бариста,132598772,Бариста (м. Селигерская),ВкусВилл,Москва,,90000.0,90000.0,RUR,False,Нет опыта,,,2026-05-23T16:28:17+0300,https://hh.ru/vacancy/132598772
Помощник бариста,132150372,Бариста (м. Аэропорт),ВкусВилл,Москва,67000.0,97000.0,82000.0,RUR,False,Нет опыта,,,2026-05-23T16:26:38+0300,https://hh.ru/vacancy/132150372
Помощник бариста,124869607,Бариста,Сеть кофеен Шоколадница,Москва,,110000.0,110000.0,RUR,True,Нет опыта,,,2026-05-22T14:25:21+0300,https://hh.ru/vacancy/124869607
Помощник бариста,126117283,Бариста,Сеть кофеен Шоколадница,Москва,,125000.0,125000.0,RUR,True,Нет опыта,,,2026-05-22T14:25:21+0300,https://hh.ru/vacancy/126117283
Помощник бариста,132886824,Бариста,Литвинова Елена Александровна,Москва,70000.0,90000.0,80000.0,RUR,True,Нет опыта,,,2026-05-22T14:27:26+0300,https://hh.ru/vacancy/132886824
Помощник бариста,131743406,Бариста,Stars Coffee (ООО Пальмет),Москва,45000.0,60000.0,52500.0,RUR,True,Нет опыта,,,2026-05-22T14:07:23+0300,https://hh.ru/vacancy/131743406
Помощник бариста,131675465,Бариста в кофейню Дринкит,Дринкит сеть кофеен,Москва,53000.0,63000.0,58000.0,RUR,False,Нет опыта,,,2026-05-23T16:41:35+0300,https://hh.ru/vacancy/131675465
Помощник бариста,132619863,Бариста в кофейню,Skuratov Coffee,Москва,68000.0,76000.0,72000.0,RUR,False,Нет опыта,,,2026-05-23T12:30:00+0300,https://hh.ru/vacancy/132619863
Помощник бариста,131943975,Бариста,Азбука вкуса,Москва,93600.0,,93600.0,RUR,True,Нет опыта,,,2026-05-22T12:16:45+0300,https://hh.ru/vacancy/131943975
Помощник бариста,132771268,Бариста ВкусВилл (м. Строгино),ВкусВилл,Москва,70000.0,75000.0,72500.0,RUR,False,Нет опыта,,,2026-05-23T16:08:00+0300,https://hh.ru/vacancy/132771268
Помощник бариста,132957703,Бариста в кофейню,StaffLine (ИП Смолко Анастасия Алексеевна),Москва,100000.0,125000.0,112500.0,RUR,False,Нет опыта,,,2026-05-23T11:07:18+0300,https://hh.ru/vacancy/132957703
Помощник бариста,131941160,Бариста,STARS COFFEE,Москва,,,,,,Нет опыта,,,2026-05-22T10:14:43+0300,https://hh.ru/vacancy/131941160
Помощник бариста,132613109,Бариста в Караваевы,Кулинарная лавка братьев Караваевых,Москва,,120000.0,120000.0,RUR,False,Нет опыта,,,2026-05-23T10:33:17+0300,https://hh.ru/vacancy/132613109
Помощник бариста,133169811,Бариста в кофейню (Бизнес центр),Coffee Point,Москва,76000.0,110000.0,93000.0,RUR,False,Нет опыта,,,2026-05-23T17:37:34+0300,https://hh.ru/vacancy/133169811
Помощник бариста,132633585,Бариста-кассир м. Ботанический сад,Хлеб с маслом,Москва,60000.0,72300.0,66150.0,RUR,False,Нет опыта,,,2026-05-23T17:17:15+0300,https://hh.ru/vacancy/132633585
Помощник бариста,133105202,"Бариста в сеть пекарен ""Хлебник""",Шарипова Ольга Сергеевна,Москва,5083.0,5083.0,5083.0,RUR,False,Нет опыта,,,2026-05-23T17:17:48+0300,https://hh.ru/vacancy/133105202
Помощник бариста,133300558,Бариста в кофейни WakeCup,Маликов Антон Дмитриевич,Москва,75000.0,125000.0,100000.0,RUR,False,Нет опыта,,,2026-05-23T12:33:00+0300,https://hh.ru/vacancy/133300558
Помощник бариста,133420436,Бариста в кофейню Дринкит,Дринкит сеть кофеен,Москва,57600.0,63000.0,60300.0,RUR,False,Нет опыта,,,2026-05-23T11:53:59+0300,https://hh.ru/vacancy/133420436
Помощник бариста,131787487,Бариста в кофейню Дринкит (м.Белорусская),Дринкит сеть кофеен,Москва,53000.0,63000.0,58000.0,RUR,False,Нет опыта,,,2026-05-23T14:39:00+0300,https://hh.ru/vacancy/131787487
Помощник бариста,133292616,Бариста-кассир (м. Медведково),Хлеб с маслом,Москва,76800.0,82300.0,79550.0,RUR,True,Нет опыта,,,2026-05-23T10:50:21+0300,https://hh.ru/vacancy/133292616
Помощник бариста,133105186,"Кассир-Бариста в сеть пекарен ""Хлебник""",Шарипова Ольга Сергеевна,Москва,5083.0,5083.0,5083.0,RUR,False,Нет опыта,,,2026-05-23T17:17:38+0300,https://hh.ru/vacancy/133105186
Помощник бариста,133419732,Бариста (м. Кожуховская/Дубровка),Киященко Наталья Ефимовна,Москва,57000.0,90000.0,73500.0,RUR,False,Нет опыта,,,2026-05-23T10:28:49+0300,https://hh.ru/vacancy/133419732
Помощник бариста,133100359,Бариста в ТРЦ Колумбус (м. Пражская),Macaronika,Москва,65000.0,75000.0,70000.0,RUR,False,Нет опыта,,,2026-05-23T15:49:14+0300,https://hh.ru/vacancy/133100359
Помощник бариста,133367847,Продавец-бариста,FRENCH BAKERY,Москва,420.0,,420.0,RUR,False,Нет опыта,,,2026-05-22T17:53:45+0300,https://hh.ru/vacancy/133367847
Помощник бариста,132594873,Продавец-бариста,ТПК Руссайд,Москва,60000.0,,60000.0,RUR,False,Нет опыта,,,2026-05-22T17:31:10+0300,https://hh.ru/vacancy/132594873
Помощник бариста,133013107,Бариста,Кулинарная лавка братьев Караваевых,Москва,,120000.0,120000.0,RUR,False,Нет опыта,,,2026-05-21T18:24:19+0300,https://hh.ru/vacancy/133013107
Помощник бариста,128784165,Бариста,Сеть кофеен Шоколадница,Москва,65000.0,100000.0,82500.0,RUR,False,Нет опыта,,,2026-05-21T18:29:17+0300,https://hh.ru/vacancy/128784165
Помощник бариста,123631869,Бариста,Сеть кофеен Шоколадница,Москва,65000.0,120000.0,92500.0,RUR,True,Нет опыта,,,2026-05-21T17:36:05+0300,https://hh.ru/vacancy/123631869
Помощник бариста,133370265,Бариста,Территория Фитнеса,Москва,60000.0,,60000.0,RUR,True,Нет опыта,,,2026-05-21T17:28:39+0300,https://hh.ru/vacancy/133370265
Помощник бариста,133010320,Бариста,Milk&Beans,Москва,80000.0,,80000.0,RUR,False,Нет опыта,,,2026-05-21T17:09:18+0300,https://hh.ru/vacancy/133010320
Помощник бариста,132549747,Бариста,Швадченко Вадим Витальевич,Москва,65000.0,95000.0,80000.0,RUR,False,Нет опыта,,,2026-05-21T17:29:33+0300,https://hh.ru/vacancy/132549747
Помощник бариста,132483218,Бариста,Азбука вкуса,Москва,93600.0,114600.0,104100.0,RUR,True,Нет опыта,,,2026-05-21T16:17:26+0300,https://hh.ru/vacancy/132483218
Помощник бариста,132928899,Бариста в кафе Special (м. Ботанический сад),Франшиза Спешиал,Москва,100000.0,,100000.0,RUR,False,Нет опыта,,,2026-05-23T15:33:34+0300,https://hh.ru/vacancy/132928899
Помощник бариста,89985149,Бариста (м.Тропарёво),ВкусВилл,Москва,75000.0,95000.0,85000.0,RUR,False,Нет опыта,,,2026-05-22T13:59:42+0300,https://hh.ru/vacancy/89985149
Помощник бариста,133357049,Бариста,МИЛТИ,Москва,4200.0,5200.0,4700.0,RUR,False,Нет опыта,,,2026-05-21T13:39:38+0300,https://hh.ru/vacancy/133357049
Помощник бариста,132321393,Бариста в кофейню (Бизнес центр),Coffee Point,Москва,76000.0,110000.0,93000.0,RUR,False,Нет опыта,,,2026-05-23T09:03:24+0300,https://hh.ru/vacancy/132321393
Помощник бариста,132878177,Бариста / старший бариста / менеджер,Служба доставки,Москва,50000.0,65000.0,57500.0,RUR,False,Нет опыта,,,2026-05-22T12:02:15+0300,https://hh.ru/vacancy/132878177
Помощник бариста,132469897,Бариста,Coffee bean,Москва,80000.0,,80000.0,RUR,False,Нет опыта,,,2026-05-21T12:23:09+0300,https://hh.ru/vacancy/132469897
Помощник бариста,132687190,Бариста-кассир,Piccolo,Москва,72000.0,80000.0,76000.0,RUR,False,Нет опыта,,,2026-05-22T11:19:01+0300,https://hh.ru/vacancy/132687190
Помощник бариста,132525822,Бариста,Кулинарная лавка братьев Караваевых,Москва,,120000.0,120000.0,RUR,False,Нет опыта,,,2026-05-21T11:35:00+0300,https://hh.ru/vacancy/132525822
Помощник бариста,133349560,Бариста,One Price Coffee,Москва,62000.0,80000.0,71000.0,RUR,False,Нет опыта,,,2026-05-21T11:51:29+0300,https://hh.ru/vacancy/133349560
Помощник бариста,132465856,Бариста,La Poste,Москва,75000.0,94000.0,84500.0,RUR,False,Нет опыта,,,2026-05-21T11:05:33+0300,https://hh.ru/vacancy/132465856
Помощник бариста,132656651,Бариста,Дом Нам,Москва,450.0,,450.0,RUR,False,Нет опыта,,,2026-05-21T10:58:25+0300,https://hh.ru/vacancy/132656651
Помощник бариста,133108760,"Бариста Surf Coffee x Pier, Grain, Москва (м. Шелепиха, м. Хорошево)",Surf Coffee,Москва,45000.0,60000.0,52500.0,RUR,True,Нет опыта,,,2026-05-23T19:41:51+0300,https://hh.ru/vacancy/133108760
Помощник бариста,132776053,Бариста в кофейню Дринкит (м. Авиамоторная ),Дринкит сеть кофеен,Москва,55000.0,65000.0,60000.0,RUR,False,Нет опыта,,,2026-05-23T09:44:59+0300,https://hh.ru/vacancy/132776053
Помощник бариста,132775968,Бариста в кофейню Дринкит (м. Яхромская),Дринкит сеть кофеен,Москва,53000.0,63000.0,58000.0,RUR,False,Нет опыта,,,2026-05-23T09:43:39+0300,https://hh.ru/vacancy/132775968
Помощник бариста,132187081,Бариста (м. Войковская),ВкусВилл,Москва,65000.0,80000.0,72500.0,RUR,False,Нет опыта,,,2026-05-22T19:26:12+0300,https://hh.ru/vacancy/132187081
Помощник бариста,133025311,Бариста (м. Сокол),ВкусВилл,Москва,60000.0,80000.0,70000.0,RUR,False,Нет опыта,,,2026-05-22T19:26:12+0300,https://hh.ru/vacancy/133025311
Помощник бариста,133058804,Бариста (м. Лихоборы),ВкусВилл,Москва,75000.0,100000.0,87500.0,RUR,False,Нет опыта,,,2026-05-22T19:26:12+0300,https://hh.ru/vacancy/133058804
Помощник бариста,132814443,"Бариста Surf Coffee x Ogni, Москва (м. Аминьевская, м. Матвеевское, м. Мичуринский пр.)",Surf Coffee,Москва,40000.0,70000.0,55000.0,RUR,True,Нет опыта,,,2026-05-23T20:21:43+0300,https://hh.ru/vacancy/132814443
Помощник бариста,133101320,"Бариста Surf Coffee x Lineup, Neglinka, Seasons, G-Spot, Москва",Surf Coffee,Москва,60000.0,80000.0,70000.0,RUR,True,Нет опыта,,,2026-05-23T16:05:47+0300,https://hh.ru/vacancy/133101320
Помощник бариста,133406945,Бариста м. Киевская,ВкусВилл,Москва,80000.0,110000.0,95000.0,RUR,True,Нет опыта,,,2026-05-22T15:55:00+0300,https://hh.ru/vacancy/133406945
Помощник бариста,133406793,Бариста (м. Баррикадная),ВкусВилл,Москва,80000.0,110000.0,95000.0,RUR,True,Нет опыта,,,2026-05-22T15:51:32+0300,https://hh.ru/vacancy/133406793
Помощник бариста,133053489,Менеджер кафетерия / Бариста,Азбука вкуса,Москва,93600.0,107300.0,100450.0,RUR,True,Нет опыта,,,2026-05-22T15:16:48+0300,https://hh.ru/vacancy/133053489
Помощник бариста,133092924,Бариста в кофейню Дринкит (м. Багратионовская/ м. Парк Победы),Дринкит сеть кофеен,Москва,50000.0,55000.0,52500.0,RUR,True,Нет опыта,,,2026-05-23T13:36:27+0300,https://hh.ru/vacancy/133092924
Помощник бариста,133328153,Бариста,Галстян Лилит Кареновна,Москва,300.0,380.0,340.0,RUR,False,Нет опыта,,,2026-05-21T00:28:35+0300,https://hh.ru/vacancy/133328153
Помощник бариста,133404927,Бариста в Cofix,Cofix (ИП Курбанов-Осипов Михаил Александрович),Москва,65000.0,80000.0,72500.0,RUR,False,Нет опыта,,,2026-05-22T15:12:32+0300,https://hh.ru/vacancy/133404927
Помощник бариста,133405591,Бариста (м. Академическая),Сеть розничных магазинов Добрынинский. Кондитерская и гастрономия.,Москва,70000.0,90000.0,80000.0,RUR,True,Нет опыта,,,2026-05-22T15:25:34+0300,https://hh.ru/vacancy/133405591
Помощник бариста,132956083,Кассир-бариста в Додо Пиццу (м. Электрозаводская),Додо Пицца (ООО Пиццамейкер Басманный),Москва,,79000.0,79000.0,RUR,False,Нет опыта,,,2026-05-23T09:32:13+0300,https://hh.ru/vacancy/132956083
Помощник бариста,133402540,Бариста (сеть кофеен),Браво,Москва,,,,,,Нет опыта,,,2026-05-22T14:26:19+0300,https://hh.ru/vacancy/133402540
Помощник бариста,133327668,Бариста,Sweet cup,Москва,3700.0,6700.0,5200.0,RUR,False,Нет опыта,,,2026-05-20T22:35:51+0300,https://hh.ru/vacancy/133327668
Помощник бариста,101749728,Бариста (м. Фрунзенская),ВкусВилл,Москва,80000.0,110000.0,95000.0,RUR,False,Нет опыта,,,2026-05-22T13:59:42+0300,https://hh.ru/vacancy/101749728
Помощник бариста,70151766,Бариста (м. Говорово),ВкусВилл,Москва,80000.0,100000.0,90000.0,RUR,False,Нет опыта,,,2026-05-22T13:59:39+0300,https://hh.ru/vacancy/70151766
Помощник бариста,126200930,Бариста (м. Серпуховская),ВкусВилл,Москва,75000.0,100000.0,87500.0,RUR,False,Нет опыта,,,2026-05-22T13:59:39+0300,https://hh.ru/vacancy/126200930
Помощник бариста,130707194,Бариста (м. Полянка),ВкусВилл,Москва,75000.0,100000.0,87500.0,RUR,False,Нет опыта,,,2026-05-22T13:59:39+0300,https://hh.ru/vacancy/130707194
Помощник бариста,133399776,Бариста (метро Аминьевская),Сеть кофеен Шоколадница,Москва,75000.0,,75000.0,RUR,False,Нет опыта,,,2026-05-22T13:37:11+0300,https://hh.ru/vacancy/133399776
Помощник бариста,132805435,"Бариста Surf Coffee x Astra, Москва (м. Солнцево, м. Новопеределкино, м. Солнечная)",Surf Coffee,Москва,55000.0,65000.0,60000.0,RUR,True,Нет опыта,,,2026-05-23T16:07:41+0300,https://hh.ru/vacancy/132805435
Помощник бариста,132426287,"Бармен-бариста в ресторан ""АндерСон"" (м. Коньково)",ВкусВилл,Москва,70000.0,,70000.0,RUR,False,Нет опыта,,,2026-05-23T07:32:48+0300,https://hh.ru/vacancy/132426287
Помощник бариста,133391406,Бариста (Хорошевское шоссе),Сеть кофеен Шоколадница,Москва,70000.0,100000.0,85000.0,RUR,False,Нет опыта,,,2026-05-22T11:25:46+0300,https://hh.ru/vacancy/133391406
Помощник бариста,133413302,Бариста-продавец в парк,Дон Кофеоне,Москва,90000.0,,90000.0,RUR,True,Нет опыта,,,2026-05-22T18:52:50+0300,https://hh.ru/vacancy/133413302
Помощник бариста,131242544,Бариста (м. Ростокино),ВкусВилл,Москва,72000.0,,72000.0,RUR,False,Нет опыта,,,2026-05-22T10:58:01+0300,https://hh.ru/vacancy/131242544
Помощник бариста,133032798,Бариста в кофейню,Сеть кофеен Шоколадница,Москва,55000.0,85000.0,70000.0,RUR,False,Нет опыта,,,2026-05-22T10:16:54+0300,https://hh.ru/vacancy/133032798
Помощник бариста,132868698,Продавец-бариста (м. Фили),FRENCH BAKERY,Москва,100000.0,,100000.0,RUR,False,Нет опыта,,,2026-05-22T17:53:45+0300,https://hh.ru/vacancy/132868698
Помощник бариста,132896393,Бариста в кофейню Лалибела,Росинтер Ресторантс,Москва,70000.0,,70000.0,RUR,False,Нет опыта,,,2026-05-22T17:28:09+0300,https://hh.ru/vacancy/132896393
Помощник бариста,133306451,Бариста,Конюхов Владимир Владимирович,Москва,80000.0,,80000.0,RUR,True,Нет опыта,,,2026-05-20T14:07:59+0300,https://hh.ru/vacancy/133306451
Помощник бариста,133411347,Бариста в кофейню Lovemark,Квантум,Москва,72000.0,100000.0,86000.0,RUR,False,Нет опыта,,,2026-05-22T17:29:02+0300,https://hh.ru/vacancy/133411347
Помощник бариста,130787357,Бариста (м. Зорге),ВкусВилл,Москва,70000.0,90000.0,80000.0,RUR,False,Нет опыта,,,2026-05-22T09:08:39+0300,https://hh.ru/vacancy/130787357
Помощник бариста,130332531,Бариста (м. Планерная),ВкусВилл,Москва,75000.0,100000.0,87500.0,RUR,False,Нет опыта,,,2026-05-22T08:58:21+0300,https://hh.ru/vacancy/130332531
Помощник бариста,133302277,Бариста,МИЛТИ,Москва,95000.0,,95000.0,RUR,False,Нет опыта,,,2026-05-20T13:03:32+0300,https://hh.ru/vacancy/133302277
Помощник бариста,133383259,Бариста (м. Селигерская),Spar,Москва,70000.0,90000.0,80000.0,RUR,False,Нет опыта,,,2026-05-22T09:09:20+0300,https://hh.ru/vacancy/133383259
Помощник бариста,133299275,Бариста,Дюваль,Москва,85000.0,130000.0,107500.0,RUR,False,Нет опыта,,,2026-05-20T12:14:11+0300,https://hh.ru/vacancy/133299275
Помощник бариста,126258247,Бариста,Сеть кофеен Шоколадница,Москва,55000.0,85000.0,70000.0,RUR,False,Нет опыта,,,2026-05-20T12:00:49+0300,https://hh.ru/vacancy/126258247
Помощник бариста,131418693,Бариста,COFIX GLOBAL,Москва,,,,,,Нет опыта,,,2026-05-20T11:33:19+0300,https://hh.ru/vacancy/131418693
Помощник бариста,133371329,Бариста-кассир,Петров Иван Алексеевич,Москва,70000.0,90000.0,80000.0,RUR,False,Нет опыта,,,2026-05-21T17:49:41+0300,https://hh.ru/vacancy/133371329
Помощник бариста,133064940,"Бариста в сеть кофеен ""Кофепорт""",Кадровое агентство МЕТОД,Москва,100000.0,130000.0,115000.0,RUR,False,Нет опыта,,,2026-05-22T21:02:38+0300,https://hh.ru/vacancy/133064940
Помощник бариста,132548232,Бармен Бариста,Шуваткин Данила,Долгопрудный (Московская область),65000.0,90000.0,77500.0,RUR,False,Нет опыта,,,2026-05-21T17:00:44+0300,https://hh.ru/vacancy/132548232
Помощник бариста,132582892,Бариста в кулинарную лавку,Кулинарная лавка братьев Караваевых,Москва,,120000.0,120000.0,RUR,False,Нет опыта,,,2026-05-22T14:02:01+0300,https://hh.ru/vacancy/132582892
Помощник бариста,131606217,Бариста (м. Москва-Сити),ВкусВилл,Москва,80000.0,100000.0,90000.0,RUR,False,Нет опыта,,,2026-05-22T13:59:41+0300,https://hh.ru/vacancy/131606217
Помощник бариста,123942715,Бариста (м. Парк культуры),ВкусВилл,Москва,75000.0,95000.0,85000.0,RUR,False,Нет опыта,,,2026-05-22T13:59:38+0300,https://hh.ru/vacancy/123942715
Помощник бариста,131294955,Бариста (м. Ленинский проспект),ВкусВилл,Москва,70000.0,90000.0,80000.0,RUR,False,Нет опыта,,,2026-05-22T13:59:38+0300,https://hh.ru/vacancy/131294955
Помощник бариста,133362251,Бариста-Кассир,УСТИМЕНКО ИВАН МИХАЙЛОВИЧ,Москва,70000.0,110000.0,90000.0,RUR,True,Нет опыта,,,2026-05-21T15:04:43+0300,https://hh.ru/vacancy/133362251
Помощник бариста,133361533,Бариста - кассир,Лайм Кафе,Москва,,100000.0,100000.0,RUR,False,Нет опыта,,,2026-05-21T14:50:51+0300,https://hh.ru/vacancy/133361533
Помощник бариста,132279880,Бармен / Бариста (Аэропорт Шереметьево),Винегрет кафе,Москва,80000.0,130000.0,105000.0,RUR,False,Нет опыта,,,2026-05-22T12:24:13+0300,https://hh.ru/vacancy/132279880
Помощник бариста,133350925,Бариста-кассир,Агабекян Анастасия Алексеевна,Москва,60000.0,85000.0,72500.0,RUR,False,Нет опыта,,,2026-05-21T12:13:19+0300,https://hh.ru/vacancy/133350925
Помощник бариста,133392316,"Бариста в ""Кампус Кофе""",ОРГАНИК ГОЛЬФ,Москва,75000.0,,75000.0,RUR,False,Нет опыта,,,2026-05-22T11:41:56+0300,https://hh.ru/vacancy/133392316
Помощник бариста,132594872,Бариста в кофейню (Бизнес центр),Coffee Point,Москва,87000.0,110000.0,98500.0,RUR,False,Нет опыта,,,2026-05-22T17:31:10+0300,https://hh.ru/vacancy/132594872
Помощник бариста,133304974,Бариста (м. Парк победы),ВкусВилл,Москва,80000.0,100000.0,90000.0,RUR,False,Нет опыта,,,2026-05-22T09:08:44+0300,https://hh.ru/vacancy/133304974
Помощник бариста,132749422,Бариста в кофейню Дринкит (м.Дмитровская),Дринкит сеть кофеен,Москва,53000.0,63000.0,58000.0,RUR,False,Нет опыта,,,2026-05-22T14:49:53+0300,https://hh.ru/vacancy/132749422
Помощник бариста,133298729,"Бариста Surf Coffee x Space, Красногорск (м. Строгино, м. Павшино, м. Пенягино, м. Мякинино)",Surf Coffee,Москва,60000.0,,60000.0,RUR,True,Нет опыта,,,2026-05-23T12:08:39+0300,https://hh.ru/vacancy/133298729
Помощник бариста,132343973,Бариста,Богданова Полина Евгеньевна,Москва,65000.0,85000.0,75000.0,RUR,False,Нет опыта,,,2026-05-19T20:11:21+0300,https://hh.ru/vacancy/132343973
Помощник бариста,132497010,Бариста в кофейню Дринкит (м. Арбатская),Дринкит сеть кофеен,Москва,55000.0,70000.0,62500.0,RUR,True,Нет опыта,,,2026-05-22T18:43:50+0300,https://hh.ru/vacancy/132497010
Помощник бариста,133271555,Бариста,Галерея кофе,Москва,4200.0,6300.0,5250.0,RUR,True,Нет опыта,,,2026-05-19T17:50:59+0300,https://hh.ru/vacancy/133271555
Помощник бариста,130953243,Бариста Cofix Bakery (м. Кропоткинская),COFIX GLOBAL,Москва,,,,,,Нет опыта,,,2026-05-22T12:45:56+0300,https://hh.ru/vacancy/130953243
Помощник бариста,133391630,Бариста в кофейню (ВТБ Арена),Сеть кофеен Шоколадница,Москва,70000.0,120000.0,95000.0,RUR,False,Нет опыта,,,2026-05-22T11:29:42+0300,https://hh.ru/vacancy/133391630
Помощник бариста,125705835,Бариста в кофейню,Сеть кофеен Шоколадница,Москва,55000.0,90000.0,72500.0,RUR,False,Нет опыта,,,2026-05-21T18:29:14+0300,https://hh.ru/vacancy/125705835
Помощник бариста,131893984,Бариста (м. Лианозово),ВкусВилл,Москва,70000.0,90000.0,80000.0,RUR,False,Нет опыта,,,2026-05-21T18:45:26+0300,https://hh.ru/vacancy/131893984
Помощник бариста,132598750,Бариста (м. Дмитровская),ВкусВилл,Москва,75000.0,90000.0,82500.0,RUR,False,Нет опыта,,,2026-05-21T18:45:26+0300,https://hh.ru/vacancy/132598750
Помощник бариста,131830544,Бариста (м. Яхромская),ВкусВилл,Москва,70000.0,90000.0,80000.0,RUR,False,Нет опыта,,,2026-05-21T18:36:24+0300,https://hh.ru/vacancy/131830544
Помощник бариста,132854118,Бариста в кинотеатр (м. Пражская),Киномакс,Москва,60000.0,70000.0,65000.0,RUR,False,Нет опыта,,,2026-05-22T11:05:37+0300,https://hh.ru/vacancy/132854118
Помощник бариста,130897477,"Бариста (м. Бибирево Полярная, 27)",ВкусВилл,Москва,60000.0,80000.0,70000.0,RUR,False,Нет опыта,,,2026-05-22T10:58:01+0300,https://hh.ru/vacancy/130897477
Помощник бариста,133149621,Бариста (м. Новокузнецкая),Coffee bean,Москва,80000.0,,80000.0,RUR,False,Нет опыта,,,2026-05-21T17:31:03+0300,https://hh.ru/vacancy/133149621
Помощник бариста,133053281,Бариста в кофейню Дринкит (м. Прокшино),Дринкит сеть кофеен,Москва,50000.0,60000.0,55000.0,RUR,False,Нет опыта,,,2026-05-22T15:13:38+0300,https://hh.ru/vacancy/133053281
Помощник бариста,131746799,Бариста в кофейню Дринкит (м. ВДНХ),Дринкит сеть кофеен,Москва,53000.0,63000.0,58000.0,RUR,True,Нет опыта,,,2026-05-22T15:08:19+0300,https://hh.ru/vacancy/131746799
Помощник бариста,133235038,Бариста,iFCM,Москва,85000.0,85000.0,85000.0,RUR,False,Нет опыта,,,2026-05-19T10:14:58+0300,https://hh.ru/vacancy/133235038
Помощник бариста,133233898,Бариста,Писаренко Игорь Владимирович,Москва,65000.0,80000.0,72500.0,RUR,False,Нет опыта,,,2026-05-19T09:11:27+0300,https://hh.ru/vacancy/133233898
Помощник бариста,132402565,Бариста (м. 1905-го года),Маркарян Воскан Славикович,Москва,,104000.0,104000.0,RUR,False,Нет опыта,,,2026-05-22T15:21:35+0300,https://hh.ru/vacancy/132402565
Помощник бариста,132762785,"Бармен-бариста в ресторан ""АндерСон"" (м. Медведково)",ВкусВилл,Москва,75000.0,,75000.0,RUR,False,Нет опыта,,,2026-05-22T19:10:41+0300,https://hh.ru/vacancy/132762785
Помощник бариста,133327552,Бариста/Бармен,Bubble Store (ИП Любовская Мария Александровна),Москва,70000.0,90000.0,80000.0,RUR,False,Нет опыта,,,2026-05-20T22:16:45+0300,https://hh.ru/vacancy/133327552
Помощник бариста,133400269,"Бариста-кассир (ТРЦ Метрополис, м. Войковская)",Хлеб с маслом,Москва,58240.0,78200.0,68220.0,RUR,False,Нет опыта,,,2026-05-22T13:45:39+0300,https://hh.ru/vacancy/133400269
Помощник бариста,133209818,Бариста в Караваевы,Кулинарная лавка братьев Караваевых,Москва,,120000.0,120000.0,RUR,False,Нет опыта,,,2026-05-21T14:59:46+0300,https://hh.ru/vacancy/133209818
Помощник бариста,132846662,Бариста ТЦ Весна,STARS COFFEE,Москва,,,,,,Нет опыта,,,2026-05-21T14:30:23+0300,https://hh.ru/vacancy/132846662
Помощник бариста,132741698,Бариста в кофейню Дринкит (м. Полежаевская),Дринкит сеть кофеен,Москва,55000.0,,55000.0,RUR,True,Нет опыта,,,2026-05-22T13:02:19+0300,https://hh.ru/vacancy/132741698
Помощник бариста,133207357,Бариста (ТЦ Кузьминки),Томиоми,Москва,70000.0,80000.0,75000.0,RUR,True,Нет опыта,,,2026-05-21T14:22:10+0300,https://hh.ru/vacancy/133207357
Помощник бариста,132887288,Продавец-бариста ( сотрудник ),FRENCH BAKERY,Москва,40000.0,,40000.0,RUR,False,Нет опыта,,,2026-05-21T13:01:34+0300,https://hh.ru/vacancy/132887288
Помощник бариста,133039798,Бариста -кассир ТРЦ Галерея (м. Аэропорт),Хлеб с маслом,Москва,58240.0,71400.0,64820.0,RUR,False,Нет опыта,,,2026-05-22T11:56:18+0300,https://hh.ru/vacancy/133039798
Помощник бариста,133351109,Бариста (м. Щукинская),COFIX GLOBAL,Москва,,,,,,Нет опыта,,,2026-05-21T12:15:37+0300,https://hh.ru/vacancy/133351109
Помощник бариста,132689380,Бариста в кофейню Дринкит (м. Волгоградский проспект),Дринкит сеть кофеен,Москва,50000.0,60000.0,55000.0,RUR,False,Нет опыта,,,2026-05-22T15:34:05+0300,https://hh.ru/vacancy/132689380
Помощник бариста,130891285,Бариста в ТЦ Афимолл (м. Деловой центр),Macaronika,Москва,70000.0,85000.0,77500.0,RUR,False,Нет опыта,,,2026-05-22T15:47:00+0300,https://hh.ru/vacancy/130891285
Помощник бариста,130229913,Бариста (м. ВДНХ),ВкусВилл,Москва,82000.0,90000.0,86000.0,RUR,False,Нет опыта,,,2026-05-21T12:04:54+0300,https://hh.ru/vacancy/130229913
Помощник бариста,132633069,Бариста (м. Новомосковская),ВкусВилл,Москва,65000.0,95000.0,80000.0,RUR,False,Нет опыта,,,2026-05-21T11:18:19+0300,https://hh.ru/vacancy/132633069
Помощник бариста,130761233,"Бариста в ресторан ""АндерСон"" (м. Царицыно)",ВкусВилл,Москва,70000.0,,70000.0,RUR,False,Нет опыта,,,2026-05-22T11:20:28+0300,https://hh.ru/vacancy/130761233
Помощник бариста,131385179,Бариста (Усачевский рынок),Томиоми,Москва,400.0,,400.0,RUR,False,Нет опыта,,,2026-05-21T10:40:42+0300,https://hh.ru/vacancy/131385179
Помощник бариста,132870722,Бариста в One Price Coffee (Павелецкая),Кофе-Он,Москва,58000.0,70000.0,64000.0,RUR,False,Нет опыта,,,2026-05-22T09:55:05+0300,https://hh.ru/vacancy/132870722
Помощник бариста,133309472,"Кассир-бариста (м. Народное ополчение, 2/2)",Печорин Групп,Москва,90000.0,,90000.0,RUR,False,Нет опыта,,,2026-05-22T09:56:19+0300,https://hh.ru/vacancy/133309472
Помощник бариста,133223068,Бариста,Шегай Валентин Сергеевич,Москва,5000.0,10000.0,7500.0,RUR,False,Нет опыта,,,2026-05-18T21:08:27+0300,https://hh.ru/vacancy/133223068
Помощник бариста,132294441,Бариста (м. Сходненская),ВкусВилл,Москва,75000.0,100000.0,87500.0,RUR,False,Нет опыта,,,2026-05-21T09:16:57+0300,https://hh.ru/vacancy/132294441
Помощник бариста,130387986,Бариста (м. Аэропорт),ВкусВилл,Москва,75000.0,100000.0,87500.0,RUR,False,Нет опыта,,,2026-05-21T09:16:58+0300,https://hh.ru/vacancy/130387986
Помощник бариста,130532288,"Бариста-кассир в кофейню ""Тирольские Пироги""","Круг, Кондитерская фабрика",Москва,62250.0,,62250.0,RUR,False,Нет опыта,,,2026-05-22T10:00:27+0300,https://hh.ru/vacancy/130532288
Помощник бариста,131288150,Бариста (м. Тверская),Сеть розничных магазинов Добрынинский. Кондитерская и гастрономия.,Москва,70000.0,90000.0,80000.0,RUR,True,Нет опыта,,,2026-05-21T09:04:32+0300,https://hh.ru/vacancy/131288150
Помощник бариста,130797896,Бариста (м. Белорусская),ВкусВилл,Москва,52000.0,,52000.0,RUR,False,Нет опыта,,,2026-05-21T09:16:58+0300,https://hh.ru/vacancy/130797896
Помощник бариста,131798062,Бариста (м. Крылатское),ВкусВилл,Москва,80000.0,100000.0,90000.0,RUR,False,Нет опыта,,,2026-05-21T08:51:59+0300,https://hh.ru/vacancy/131798062
Помощник бариста,130169072,Бариста (м. Щукинская),ВкусВилл,Москва,75000.0,95000.0,85000.0,RUR,False,Нет опыта,,,2026-05-21T08:51:57+0300,https://hh.ru/vacancy/130169072
Помощник бариста,132292868,Бариста (м.Сходненская),ВкусВилл,Москва,75000.0,100000.0,87500.0,RUR,False,Нет опыта,,,2026-05-20T13:39:22+0300,https://hh.ru/vacancy/132292868
Помощник бариста,131633569,Бариста кассир,МЕСТО ВАРЕНЬЯ (ИП Галоян Ольга Андреевна),Москва,80000.0,90000.0,85000.0,RUR,False,Нет опыта,,,2026-05-20T12:12:10+0300,https://hh.ru/vacancy/131633569
Помощник бариста,133219471,Бариста в ТРЦ Метрополис,Хлеб с маслом,Москва,67500.0,83200.0,75350.0,RUR,False,Нет опыта,,,2026-05-21T17:41:36+0300,https://hh.ru/vacancy/133219471
Помощник бариста,132947895,"Бармен-бариста в ресторан ""АндерСон"" (м. Калужская)",ВкусВилл,Москва,70000.0,,70000.0,RUR,False,Нет опыта,,,2026-05-22T11:38:19+0300,https://hh.ru/vacancy/132947895
Помощник бариста,133201917,Бариста,Hedonism coffee,Москва,3000.0,5000.0,4000.0,RUR,False,Нет опыта,,,2026-05-18T13:04:08+0300,https://hh.ru/vacancy/133201917
Помощник бариста,132763395,"Бариста Surf Coffee x Pkrvk, Москва (м. Курская, м. Чкаловская)",Surf Coffee,Москва,40000.0,90000.0,65000.0,RUR,True,Нет опыта,,,2026-05-22T20:05:20+0300,https://hh.ru/vacancy/132763395
Помощник бариста,130423522,"Бармен-бариста в ресторан ""АндерСон"" (м. Сокол)",ВкусВилл,Москва,90000.0,,90000.0,RUR,False,Нет опыта,,,2026-05-22T11:25:14+0300,https://hh.ru/vacancy/130423522
Помощник бариста,122087072,"Бармен-бариста в ресторан ""АндерСон"" (м. Царицыно)",ВкусВилл,Москва,70000.0,,70000.0,RUR,False,Нет опыта,,,2026-05-22T11:23:16+0300,https://hh.ru/vacancy/122087072
Помощник бариста,133198974,Бариста,Тортбери,Москва,65000.0,100000.0,82500.0,RUR,False,Нет опыта,,,2026-05-18T12:19:33+0300,https://hh.ru/vacancy/133198974
Помощник бариста,132730307,"Бармен-бариста в ресторан ""АндерСон"" (м. Таганская)",ВкусВилл,Москва,75000.0,,75000.0,RUR,False,Нет опыта,,,2026-05-22T11:13:23+0300,https://hh.ru/vacancy/132730307
Помощник бариста,131900011,Бариста в кофейню Дринкит (м. Проспект Мира),Дринкит сеть кофеен,Москва,53000.0,63000.0,58000.0,RUR,False,Нет опыта,,,2026-05-22T09:52:46+0300,https://hh.ru/vacancy/131900011
Помощник бариста,133401841,Бариста в ТЦ АВЕНЮ СЕВЕР и КУЗЬМИНКИ МОЛЛ,BUBBLE TEAM,Москва,70000.0,90000.0,80000.0,RUR,False,Нет опыта,,,2026-05-22T14:12:40+0300,https://hh.ru/vacancy/133401841
Помощник бариста,133196260,Бариста (м. Деловой центр),Coffee bean,Москва,80000.0,,80000.0,RUR,False,Нет опыта,,,2026-05-21T11:45:50+0300,https://hh.ru/vacancy/133196260
Помощник бариста,133034164,"Бариста в кофейню Дринкит (м. Авиамоторная, м. Сортировочная)",Дринкит сеть кофеен,Москва,50000.0,70000.0,60000.0,RUR,False,Нет опыта,,,2026-05-22T10:45:42+0300,https://hh.ru/vacancy/133034164
Помощник бариста,133034097,"Бариста в кофейню Дринкит (м. Павелецкая, м. Cерпуховская)",Дринкит сеть кофеен,Москва,50000.0,70000.0,60000.0,RUR,False,Нет опыта,,,2026-05-22T10:44:45+0300,https://hh.ru/vacancy/133034097
Помощник бариста,132523699,Бариста в ТРЦ Авиапарк,Хлеб с маслом,Москва,67500.0,83200.0,75350.0,RUR,False,Нет опыта,,,2026-05-21T11:02:53+0300,https://hh.ru/vacancy/132523699
Помощник бариста,132551483,Бариста в кафе Братья Караваевы,Кулинарная лавка братьев Караваевых,Москва,,120000.0,120000.0,RUR,False,Нет опыта,,,2026-05-21T18:31:02+0300,https://hh.ru/vacancy/132551483
Помощник бариста,132460189,Бариста в кофейню Дринкит,Дринкит сеть кофеен,Москва,50000.0,,50000.0,RUR,True,Нет опыта,,,2026-05-21T09:24:42+0300,https://hh.ru/vacancy/132460189
Помощник бариста,131814687,Бариста (м. Юго-Западная),ВкусВилл,Москва,75000.0,100000.0,87500.0,RUR,False,Нет опыта,,,2026-05-21T09:38:06+0300,https://hh.ru/vacancy/131814687
Помощник бариста,132137780,Бариста-пекарь (м. Петровско-Разумовская),ВкусВилл,Москва,66000.0,,66000.0,RUR,False,Нет опыта,,,2026-05-21T18:22:46+0300,https://hh.ru/vacancy/132137780
Помощник бариста,132972781,"Бариста Surf Coffee, Москва",Surf Coffee,Москва,60000.0,80000.0,70000.0,RUR,False,Нет опыта,,,2026-05-21T08:32:27+0300,https://hh.ru/vacancy/132972781
Помощник бариста,133027897,"Бармен-бариста в ресторан ""АндерСон"" (м. Проспект Мира)",ВкусВилл,Москва,70000.0,,70000.0,RUR,False,Нет опыта,,,2026-05-22T09:30:36+0300,https://hh.ru/vacancy/133027897
Помощник бариста,133273383,"Бариста Surf Coffee x Ostankino, Москва (м. Останкино, м. Бутырская, м. Фонвизинская)",Surf Coffee,Москва,39000.0,47500.0,43250.0,RUR,True,Нет опыта,,,2026-05-22T19:07:12+0300,https://hh.ru/vacancy/133273383
Помощник бариста,126670813,Бариста в «Шоколадницу»,Сеть кофеен Шоколадница,Москва,55000.0,85000.0,70000.0,RUR,False,Нет опыта,,,2026-05-20T17:53:33+0300,https://hh.ru/vacancy/126670813
Помощник бариста,132729973,"Бариста Surf Coffee x Fast Track, Москва (м. Комсомольская)",Surf Coffee,Москва,64000.0,90000.0,77000.0,RUR,True,Нет опыта,,,2026-05-22T11:10:20+0300,https://hh.ru/vacancy/132729973
Помощник бариста,133273914,"Бариста Surf Coffee x Bless, Москва (м. Отрадное, м. Ботанический сад, м. Свибилово)",Surf Coffee,Москва,50000.0,70000.0,60000.0,RUR,True,Нет опыта,,,2026-05-22T20:05:02+0300,https://hh.ru/vacancy/133273914
Помощник бариста,132554919,Бариста в кофейню Дринкит (м. Павелецкая),Дринкит сеть кофеен,Москва,55000.0,70000.0,62500.0,RUR,False,Нет опыта,,,2026-05-21T21:24:11+0300,https://hh.ru/vacancy/132554919
Помощник бариста,133209117,Бариста в сеть кафе Караваевы,Кулинарная лавка братьев Караваевых,Москва,,120000.0,120000.0,RUR,False,Нет опыта,,,2026-05-21T14:47:24+0300,https://hh.ru/vacancy/133209117
Помощник бариста,132858633,Бариста в кофейню Дринкит (м. Первомайская),Дринкит сеть кофеен,Москва,50000.0,,50000.0,RUR,True,Нет опыта,,,2026-05-21T20:46:54+0300,https://hh.ru/vacancy/132858633
Помощник бариста,132582897,Бариста в кофейню Дринкит ЦДМ,Дринкит сеть кофеен,Москва,53000.0,63000.0,58000.0,RUR,False,Нет опыта,,,2026-05-21T13:34:12+0300,https://hh.ru/vacancy/132582897
Помощник бариста,132664392,Бариста-кассир в ТРЦ Columbus,Хлеб с маслом,Москва,60080.0,77500.0,68790.0,RUR,False,Нет опыта,,,2026-05-21T13:28:39+0300,https://hh.ru/vacancy/132664392
Помощник бариста,133063520,Бариста (Дрожжино),Бородина Ксения Анатольевна,Москва,60000.0,70000.0,65000.0,RUR,False,Нет опыта,,,2026-05-19T14:20:22+0300,https://hh.ru/vacancy/133063520
Помощник бариста,133295756,Бариста (м. Бибирево),COFIX GLOBAL,Москва,,,,,,Нет опыта,,,2026-05-20T11:30:50+0300,https://hh.ru/vacancy/133295756
Помощник бариста,132655812,Бариста в кофейню Дринкит (м.Автозаводская),Дринкит сеть кофеен,Москва,53000.0,63000.0,58000.0,RUR,False,Нет опыта,,,2026-05-21T10:43:31+0300,https://hh.ru/vacancy/132655812
Помощник бариста,132655374,Бариста в кофейню Дринкит (м.Прокшино),Дринкит сеть кофеен,Москва,53000.0,63000.0,58000.0,RUR,False,Нет опыта,,,2026-05-21T10:35:37+0300,https://hh.ru/vacancy/132655374
Помощник бариста,132872788,"Бариста (м. Фонвизинская, Фонвизина 17)",ВкусВилл,Москва,67500.0,77000.0,72250.0,RUR,False,Нет опыта,,,2026-05-21T10:40:41+0300,https://hh.ru/vacancy/132872788
Помощник бариста,133146980,Бариста в кофейню Дринкит (м. Комсомольская),Дринкит сеть кофеен,Москва,53000.0,63000.0,58000.0,RUR,True,Нет опыта,,,2026-05-21T16:33:14+0300,https://hh.ru/vacancy/133146980
Помощник бариста,133267133,Бариста (м. Белорусская),ВкусВилл,Москва,80000.0,110000.0,95000.0,RUR,False,Нет опыта,,,2026-05-20T09:17:19+0300,https://hh.ru/vacancy/133267133
Помощник бариста,131881703,Бариста в кофейню Дринкит (м. Новокузнецкая),Дринкит сеть кофеен,Москва,53000.0,63000.0,58000.0,RUR,False,Нет опыта,,,2026-05-21T16:10:36+0300,https://hh.ru/vacancy/131881703
Помощник бариста,132627342,Бариста-пекарь (м. Новые Черёмушки),ВкусВилл,Москва,75000.0,100000.0,87500.0,RUR,False,Нет опыта,,,2026-05-21T09:38:06+0300,https://hh.ru/vacancy/132627342
Помощник бариста,132847955,"Бариста-кассир (ТРЦ Дискавери, м. Ховрино)",Хлеб с маслом,Москва,67500.0,85100.0,76300.0,RUR,False,Нет опыта,,,2026-05-21T14:56:17+0300,https://hh.ru/vacancy/132847955
Помощник бариста,132539880,Бариста в сеть кофеен Блэк Милк,Кофейня Блэк Милк,Москва,,115000.0,115000.0,RUR,False,Нет опыта,,,2026-05-21T14:55:31+0300,https://hh.ru/vacancy/132539880
Помощник бариста,133362318,"Кассир-Бариста в сеть пекарен ""Хлебник""",Шарипова Ольга Сергеевна,Москва,70000.0,90000.0,80000.0,RUR,True,Нет опыта,,,2026-05-21T15:05:39+0300,https://hh.ru/vacancy/133362318
Помощник бариста,124318893,Бариста,Сеть кофеен Шоколадница,Москва,65000.0,125000.0,95000.0,RUR,True,Нет опыта,,,2026-05-16T20:56:05+0300,https://hh.ru/vacancy/124318893
Помощник бариста,125764954,Бариста,Сеть кофеен Шоколадница,Москва,55000.0,120000.0,87500.0,RUR,False,Нет опыта,,,2026-05-16T20:55:21+0300,https://hh.ru/vacancy/125764954
Помощник бариста,132532195,Бариста в кофейню Дринкит (м. Пражская),Дринкит сеть кофеен,Москва,55000.0,70000.0,62500.0,RUR,False,Нет опыта,,,2026-05-21T13:08:19+0300,https://hh.ru/vacancy/132532195
Помощник бариста,133200900,Бариста в кофейню Дринкит (м. Павелецкая),Дринкит сеть кофеен,Москва,53000.0,63000.0,58000.0,RUR,False,Нет опыта,,,2026-05-21T12:47:15+0300,https://hh.ru/vacancy/133200900
Помощник бариста,133133907,Бариста в ТРЦ Ривьера (м. Автозаводская),Macaronika,Москва,65000.0,75000.0,70000.0,RUR,False,Нет опыта,,,2026-05-21T12:44:03+0300,https://hh.ru/vacancy/133133907
Помощник бариста,133160880,Бариста,Лаврущева Татьяна Львовна,Москва,50000.0,90000.0,70000.0,RUR,False,Нет опыта,,,2026-05-16T16:40:27+0300,https://hh.ru/vacancy/133160880
Помощник бариста,132837890,Бариста в ТРЦ Саларис (м. Саларьево),Macaronika,Москва,65000.0,75000.0,70000.0,RUR,False,Нет опыта,,,2026-05-21T12:30:01+0300,https://hh.ru/vacancy/132837890
Помощник бариста,133012529,"Бариста в кофейню Дринкит (Красногорск, м. Строгино)",Дринкит сеть кофеен,Москва,50000.0,70000.0,60000.0,RUR,True,Нет опыта,,,2026-05-21T18:02:04+0300,https://hh.ru/vacancy/133012529
Помощник бариста,133191949,Бариста в кофейню Дринкит (м. Киевская),Дринкит сеть кофеен,Москва,53000.0,63000.0,58000.0,RUR,True,Нет опыта,,,2026-05-21T10:52:54+0300,https://hh.ru/vacancy/133191949
Помощник бариста,132982053,Бариста в кофейню Дринкит (м. Фрунзенская),Дринкит сеть кофеен,Москва,53000.0,70000.0,61500.0,RUR,False,Нет опыта,,,2026-05-21T10:31:16+0300,https://hh.ru/vacancy/132982053
Помощник бариста,132703702,Бариста в кофейню Дринкит (м.Лианозово/Яхромская),Дринкит сеть кофеен,Москва,55000.0,70000.0,62500.0,RUR,False,Нет опыта,,,2026-05-21T10:31:37+0300,https://hh.ru/vacancy/132703702
Помощник бариста,132827179,Бариста в кофейню Дринкит (м. Курская),Дринкит сеть кофеен,Москва,55000.0,70000.0,62500.0,RUR,True,Нет опыта,,,2026-05-21T09:51:11+0300,https://hh.ru/vacancy/132827179
Помощник бариста,132518399,Бариста в кофейню Дринкит (м. Технопарк),Дринкит сеть кофеен,Москва,55000.0,,55000.0,RUR,False,Нет опыта,,,2026-05-21T09:53:04+0300,https://hh.ru/vacancy/132518399
Помощник бариста,132823440,Бариста в кофейню Дринкит (м. Технопарк),Дринкит сеть кофеен,Москва,53000.0,63000.0,58000.0,RUR,False,Нет опыта,,,2026-05-21T08:45:47+0300,https://hh.ru/vacancy/132823440
Помощник бариста,130703571,Бариста (м. Пятницкое шоссе),ВкусВилл,Москва,80000.0,100000.0,90000.0,RUR,False,Нет опыта,,,2026-05-20T13:39:22+0300,https://hh.ru/vacancy/130703571
Помощник бариста,132318444,Бариста в МФК Кунцево Плаза (м.Молодежная),Macaronika,Москва,67000.0,80000.0,73500.0,RUR,False,Нет опыта,,,2026-05-21T08:26:16+0300,https://hh.ru/vacancy/132318444
Помощник бариста,132510908,Бариста в кофейню Дринкит (м. Киевская),Дринкит сеть кофеен,Москва,55000.0,70000.0,62500.0,RUR,False,Нет опыта,,,2026-05-21T07:42:20+0300,https://hh.ru/vacancy/132510908
Помощник бариста,133155601,Бариста,Кофейня Bodriy,Москва,4400.0,5100.0,4750.0,RUR,False,Нет опыта,,,2026-05-16T06:32:07+0300,https://hh.ru/vacancy/133155601
Помощник бариста,132680571,Бариста в кофейню Дринкит (м. Тверская/м. Пушкинская),Дринкит сеть кофеен,Москва,53000.0,63000.0,58000.0,RUR,False,Нет опыта,,,2026-05-21T18:54:50+0300,https://hh.ru/vacancy/132680571
Помощник бариста,133372024,Бариста в кофейню Дринкит Искра-Парк (Метро Динамо),Дринкит сеть кофеен,Москва,53000.0,63000.0,58000.0,RUR,False,Нет опыта,,,2026-05-21T18:13:13+0300,https://hh.ru/vacancy/133372024
Помощник бариста,133132860,"Бариста в кофейню Дринкит (Новочеремушкинская, д. 17)",Дринкит сеть кофеен,Москва,53000.0,71000.0,62000.0,RUR,True,Нет опыта,,,2026-05-21T12:27:49+0300,https://hh.ru/vacancy/133132860
Помощник бариста,133213437,Бариста - кассир,СА Родияр,Москва,70000.0,,70000.0,RUR,False,Нет опыта,,,2026-05-18T15:52:48+0300,https://hh.ru/vacancy/133213437
Помощник бариста,132743512,Бариста (м. Чистые пруды),ВкусВилл,Москва,80000.0,100000.0,90000.0,RUR,False,Нет опыта,,,2026-05-20T09:17:19+0300,https://hh.ru/vacancy/132743512
Помощник бариста,133283236,Бариста в творческое пространство,HR Фактор (ИП Баширова Анастасия Сергеевна),Москва,100000.0,,100000.0,RUR,False,Нет опыта,,,2026-05-20T08:18:19+0300,https://hh.ru/vacancy/133283236
Помощник бариста,133051581,"Бариста (м. Строгино, Кулакова20)",ВкусВилл,Москва,70000.0,,70000.0,RUR,False,Нет опыта,,,2026-05-20T19:32:35+0300,https://hh.ru/vacancy/133051581
Помощник бариста,133150989,Бариста,Омега,Москва,4500.0,,4500.0,RUR,False,Нет опыта,,,2026-05-15T18:23:50+0300,https://hh.ru/vacancy/133150989
Помощник бариста,133358483,Бариста-кассир в стритфуд на проекте «Московские сезоны»,Пироговая лавка,Москва,,90000.0,90000.0,RUR,True,Нет опыта,,,2026-05-21T14:04:19+0300,https://hh.ru/vacancy/133358483
Помощник бариста,132677864,Бариста/продавец-кассир,МИР ВЕНДИНГА,Москва,85000.0,,85000.0,RUR,True,Нет опыта,,,2026-05-19T11:58:05+0300,https://hh.ru/vacancy/132677864
Помощник бариста,133138076,Бариста,Зунилабс,Москва,80000.0,,80000.0,RUR,True,Нет опыта,,,2026-05-15T13:53:33+0300,https://hh.ru/vacancy/133138076
Помощник бариста,133138017,Бариста,Зунилабс,Москва,6000.0,,6000.0,RUR,True,Нет опыта,,,2026-05-15T13:52:33+0300,https://hh.ru/vacancy/133138017
Помощник бариста,132534109,Бариста (м. Автозаводская),ВкусВилл,Москва,75000.0,100000.0,87500.0,RUR,False,Нет опыта,,,2026-05-19T11:22:34+0300,https://hh.ru/vacancy/132534109
Помощник бариста,133132422,Бариста,KOFF Coffee,Москва,400.0,500.0,450.0,RUR,False,Нет опыта,,,2026-05-15T12:20:35+0300,https://hh.ru/vacancy/133132422
Помощник бариста,133134236,Бариста,ОЦ Московский Дом книги,Москва,55000.0,,55000.0,RUR,True,Нет опыта,,,2026-05-15T12:50:07+0300,https://hh.ru/vacancy/133134236
Помощник бариста,132933656,"Бариста в udcкафе (ТЦ Мега, м. Теплый стан)",ICONFOOD,Москва,70000.0,,70000.0,RUR,False,Нет опыта,,,2026-05-21T11:36:04+0300,https://hh.ru/vacancy/132933656
Помощник бариста,133238199,Бариста/бармен/продавец,Костиков Алексей Владимирович,Москва,4000.0,,4000.0,RUR,False,Нет опыта,,,2026-05-19T10:06:40+0300,https://hh.ru/vacancy/133238199
Помощник бариста,133116614,Бариста,Уваркин Алексей Александрович,Москва,3500.0,5000.0,4250.0,RUR,False,Нет опыта,,,2026-05-15T08:01:45+0300,https://hh.ru/vacancy/133116614
Помощник бариста,133198029,"Бармен-бариста в ресторан ""АндерСон"" (м. Октябрьское поле)",ВкусВилл,Москва,90000.0,,90000.0,RUR,False,Нет опыта,,,2026-05-21T12:08:05+0300,https://hh.ru/vacancy/133198029
Помощник бариста,133304854,"Бариста (Кофейня ""Аленка"", м. Новослободская)",Группа Гута,Москва,95000.0,,95000.0,RUR,True,Нет опыта,,,2026-05-20T13:41:20+0300,https://hh.ru/vacancy/133304854
Помощник бариста,132981013,Бариста в кофейню Дринкит (м. Новослободская/м. Маяковская),Дринкит сеть кофеен,Москва,50000.0,60000.0,55000.0,RUR,False,Нет опыта,,,2026-05-21T10:19:04+0300,https://hh.ru/vacancy/132981013
Помощник бариста,133288481,"Бариста (м. Семеновская, Щербаковская 3)",ВкусВилл,Москва,55000.0,,55000.0,RUR,False,Нет опыта,,,2026-05-20T09:56:27+0300,https://hh.ru/vacancy/133288481
Помощник бариста,133109662,Бариста,Бортник Дарья,Москва,60000.0,80000.0,70000.0,RUR,False,Нет опыта,,,2026-05-14T20:42:06+0300,https://hh.ru/vacancy/133109662
Помощник бариста,128782913,Бариста,Сеть кофеен Шоколадница,Москва,65000.0,100000.0,82500.0,RUR,False,Нет опыта,,,2026-05-14T17:53:35+0300,https://hh.ru/vacancy/128782913
Помощник бариста,133096598,Бариста,One Price Coffee (ИП Капур Джатиндер Сингх),Москва,65000.0,86000.0,75500.0,RUR,False,Нет опыта,,,2026-05-14T14:43:15+0300,https://hh.ru/vacancy/133096598
Помощник бариста,133090851,Бариста,Deti Lapshi,Москва,94500.0,126000.0,110250.0,RUR,False,Нет опыта,,,2026-05-14T12:59:22+0300,https://hh.ru/vacancy/133090851
Помощник бариста,132976747,"Продавец-Бариста (ст.м. Арбатская, ул. Арбат д. 1)",Кондитерские Север-Метрополь,Москва,75000.0,100000.0,87500.0,RUR,True,Нет опыта,,,2026-05-21T09:29:04+0300,https://hh.ru/vacancy/132976747
Помощник бариста,133306231,"Бариста (м. Потапово, ЖК Бунинские луга)",ЗДРАСТЕ,Москва,70000.0,,70000.0,RUR,False,Нет опыта,,,2026-05-20T14:04:48+0300,https://hh.ru/vacancy/133306231
Помощник бариста,133087082,Бариста,Швадченко Вадим Витальевич,Москва,65000.0,85000.0,75000.0,RUR,False,Нет опыта,,,2026-05-14T11:59:45+0300,https://hh.ru/vacancy/133087082
Помощник бариста,133083648,Бариста,Пимс (ИП Караяниди Константин Георгиевич),Москва,60000.0,80000.0,70000.0,RUR,False,Нет опыта,,,2026-05-14T11:06:12+0300,https://hh.ru/vacancy/133083648
Помощник бариста,132725479,Бариста в кофейню,Сеть кофеен Шоколадница,Москва,50000.0,90000.0,70000.0,RUR,False,Нет опыта,,,2026-05-18T18:12:03+0300,https://hh.ru/vacancy/132725479
Помощник бариста,133299798,Бариста в кафе пекарню (м. Сухаревская),Волконский,Москва,80000.0,,80000.0,RUR,True,Нет опыта,,,2026-05-20T12:21:30+0300,https://hh.ru/vacancy/133299798
Помощник бариста,132626751,Бариста (м. Киевская),COFIX GLOBAL,Москва,,,,,,Нет опыта,,,2026-05-18T15:50:45+0300,https://hh.ru/vacancy/132626751
Помощник бариста,128633139,Бариста-кассир в кафе (м. Семеновская),Shkulev Holding,Москва,65000.0,,65000.0,RUR,False,Нет опыта,,,2026-05-20T11:17:12+0300,https://hh.ru/vacancy/128633139
Помощник бариста,133238210,Кассир-бариста (м. Шаболовская),Печорин Групп,Москва,90000.0,,90000.0,RUR,False,Нет опыта,,,2026-05-19T10:06:41+0300,https://hh.ru/vacancy/133238210
Помощник бариста,124324323,Бариста (Аэропорт Внуково),Сеть кофеен Шоколадница,Апрелевка (Московская область),60000.0,100000.0,80000.0,RUR,False,Нет опыта,,,2026-05-18T12:31:48+0300,https://hh.ru/vacancy/124324323
Помощник бариста,130294128,Бариста (метро Спартак),ВкусВилл,Москва,80000.0,100000.0,90000.0,RUR,False,Нет опыта,,,2026-05-18T12:30:05+0300,https://hh.ru/vacancy/130294128
Помощник бариста,132648825,Бариста,Кофе бинс,Москва,60000.0,80000.0,70000.0,RUR,False,Нет опыта,,,2026-05-13T21:57:13+0300,https://hh.ru/vacancy/132648825
Помощник бариста,132917123,Бариста (м. Севастопольская),ВкусВилл,Москва,95000.0,110000.0,102500.0,RUR,False,Нет опыта,,,2026-05-18T09:38:04+0300,https://hh.ru/vacancy/132917123
Помощник бариста,106902609,Пекарь бариста (м.Чертановская),ВкусВилл,Москва,70000.0,120000.0,95000.0,RUR,False,Нет опыта,,,2026-05-18T10:12:26+0300,https://hh.ru/vacancy/106902609
Помощник бариста,133153472,"Бариста Surf Coffee x Sport, Москва (м. Спортивная, м. Лужники, м. Фрунзенская, м. Воробьевы горы)",Surf Coffee,Москва,50000.0,100000.0,75000.0,RUR,True,Нет опыта,,,2026-05-21T22:14:11+0300,https://hh.ru/vacancy/133153472
Помощник бариста,133272269,Бариста в кофейню (м. Сокол),Азбука вкуса,Москва,5500.0,6000.0,5750.0,RUR,True,Нет опыта,,,2026-05-19T18:13:23+0300,https://hh.ru/vacancy/133272269
Помощник бариста,133039962,Бариста,Coffee Way (ИП Карпов Артур Владимирович),Москва,60000.0,,60000.0,RUR,False,Нет опыта,,,2026-05-13T11:58:45+0300,https://hh.ru/vacancy/133039962
Помощник бариста,124052742,Бариста,Сеть кофеен Шоколадница,Москва,65000.0,110000.0,87500.0,RUR,True,Нет опыта,,,2026-05-13T09:49:35+0300,https://hh.ru/vacancy/124052742
Помощник бариста,133294960,Бариста в кафе пекарню (м. Преображенская Площадь),Волконский,Москва,65000.0,,65000.0,RUR,False,Нет опыта,,,2026-05-20T11:19:29+0300,https://hh.ru/vacancy/133294960
Помощник бариста,133328914,"Бариста Surf Coffee x Station, Москва (м. Курская, м. Чкаловская)",Surf Coffee,Москва,50000.0,100000.0,75000.0,RUR,True,Нет опыта,,,2026-05-21T03:08:15+0300,https://hh.ru/vacancy/133328914
Помощник бариста,133311574,"Бариста (м. Бульвар Дмитрия Донского, ТЦ Северное сияние)",ЗДРАСТЕ,Москва,65000.0,,65000.0,RUR,False,Нет опыта,,,2026-05-20T15:28:18+0300,https://hh.ru/vacancy/133311574
Помощник бариста,130358727,Бариста,Shkulev Holding,Москва,65000.0,,65000.0,RUR,False,Нет опыта,,,2026-05-12T15:58:46+0300,https://hh.ru/vacancy/130358727
Помощник бариста,133216798,Бармен-бариста (ТРЦ Авиапарк),Joki Joya,Москва,85000.0,,85000.0,RUR,False,Нет опыта,,,2026-05-18T16:46:05+0300,https://hh.ru/vacancy/133216798
Помощник бариста,132545603,Бариста (ЖК Level Причальный),ЗДРАСТЕ,Москва,85000.0,,85000.0,RUR,False,Нет опыта,,,2026-05-18T14:17:22+0300,https://hh.ru/vacancy/132545603
Помощник бариста,120966048,"Бармен-бариста в ресторан ""АндерСон"" (м. Юго-Западная ТЦ ""Фестиваль"")",ВкусВилл,Москва,70000.0,,70000.0,RUR,False,Нет опыта,,,2026-05-20T21:26:26+0300,https://hh.ru/vacancy/120966048
Помощник бариста,133200383,Кассир-бариста (м. Академическая),Печорин Групп,Москва,95000.0,,95000.0,RUR,False,Нет опыта,,,2026-05-18T12:40:15+0300,https://hh.ru/vacancy/133200383
Помощник бариста,130276847,Бармен / Бариста (Аэропорт Внуково),Винегрет кафе,Москва,80000.0,130000.0,105000.0,RUR,False,Нет опыта,,,2026-05-18T12:13:04+0300,https://hh.ru/vacancy/130276847
Помощник бариста,131897748,Бармен/ бариста (аэропорт Шереметьево),Винегрет кафе,Москва,80000.0,100000.0,90000.0,RUR,False,Нет опыта,,,2026-05-18T12:13:04+0300,https://hh.ru/vacancy/131897748
Помощник бариста,133198226,Кассир-бариста (м. Белорусская),Печорин Групп,Москва,90000.0,,90000.0,RUR,False,Нет опыта,,,2026-05-18T12:10:34+0300,https://hh.ru/vacancy/133198226
Помощник бариста,133308248,Бариста в кофейню One price coffee (м. Площадь Ильича),Интерком,Москва,50000.0,,50000.0,RUR,False,Нет опыта,,,2026-05-20T14:34:48+0300,https://hh.ru/vacancy/133308248
Помощник бариста,133173440,"Бариста Surf Coffee x Pi, Москва (м. Кропоткинская, м. Боровицкая, м. Арбатская)",Surf Coffee,Москва,40000.0,65000.0,52500.0,RUR,True,Нет опыта,,,2026-05-21T02:38:10+0300,https://hh.ru/vacancy/133173440
Помощник бариста,133306399,Бариста в кофейню One price coffee (м. Кузнецкий мост),Интерком,Москва,60000.0,,60000.0,RUR,False,Нет опыта,,,2026-05-20T14:07:18+0300,https://hh.ru/vacancy/133306399
Помощник бариста,131894041,Бариста (м. Ботанический сад),ВкусВилл,Москва,70000.0,100000.0,85000.0,RUR,False,Нет опыта,,,2026-05-18T10:23:16+0300,https://hh.ru/vacancy/131894041
Помощник бариста,132464095,Бариста (м. Водный стадион),ВкусВилл,Москва,80000.0,80000.0,80000.0,RUR,False,Нет опыта,,,2026-05-18T10:21:21+0300,https://hh.ru/vacancy/132464095
Помощник бариста,132757042,"Бариста (м. Спартак, ЖК Холланд Парк)",ЗДРАСТЕ,Москва,80000.0,,80000.0,RUR,False,Нет опыта,,,2026-05-19T12:59:27+0300,https://hh.ru/vacancy/132757042
Помощник бариста,133249982,"Бариста (м. Нижегородская, Рязанский проспект, 2)",ВкусВилл,Москва,60000.0,,60000.0,RUR,False,Нет опыта,,,2026-05-19T12:46:18+0300,https://hh.ru/vacancy/133249982
Помощник бариста,133245266,Старший Бариста в Музее‑заповеднике «Царицыно»,Правительство Москвы,Москва,,,,,,Нет опыта,,,2026-05-19T11:40:01+0300,https://hh.ru/vacancy/133245266
Помощник бариста,132958640,Бариста,Теплицкая Настасья Николаевна,Зеленоград,300.0,,300.0,RUR,False,Нет опыта,,,2026-05-11T12:11:21+0300,https://hh.ru/vacancy/132958640
Помощник бариста,118712393,Бариста,ВкусВилл,Курск,74460.0,110000.0,92230.0,RUR,False,Нет опыта,,,2026-05-11T12:18:57+0300,https://hh.ru/vacancy/118712393
Помощник бариста,133216677,"Бариста в ""Udcкафе"" (м. Войковская)",ICONFOOD,Москва,75000.0,,75000.0,RUR,False,Нет опыта,,,2026-05-18T16:44:28+0300,https://hh.ru/vacancy/133216677
Помощник бариста,132916888,Бариста в кофейню (центр Москвы),Винегрет кафе,Москва,80000.0,100000.0,90000.0,RUR,False,Нет опыта,,,2026-05-18T12:13:05+0300,https://hh.ru/vacancy/132916888
Помощник бариста,133109661,Кассир-бариста,Смаль Елена Игоревна,Москва,47000.0,47000.0,47000.0,RUR,True,Нет опыта,,,2026-05-14T20:42:01+0300,https://hh.ru/vacancy/133109661
Помощник бариста,132950098,Бариста,Мурритория,Москва,60000.0,70000.0,65000.0,RUR,False,Нет опыта,,,2026-05-10T16:29:57+0300,https://hh.ru/vacancy/132950098
Помощник бариста,133173674,"Бариста Surf Coffee x Miracle, Москва (м. Прокшино, м. Филатов Луг, м. Ольховая, м. Коммунарка)",Surf Coffee,Москва,40000.0,60000.0,50000.0,RUR,True,Нет опыта,,,2026-05-21T02:59:32+0300,https://hh.ru/vacancy/133173674
Помощник бариста,130475141,"Бариста (м. Бабушкинская, Менжинского 23)",ВкусВилл,Москва,75000.0,80000.0,77500.0,RUR,False,Нет опыта,,,2026-05-18T10:38:13+0300,https://hh.ru/vacancy/130475141
Помощник бариста,131713284,"Бариста (м. ВДНХ, Кибальчича 4)",ВкусВилл,Москва,67000.0,102000.0,84500.0,RUR,False,Нет опыта,,,2026-05-18T10:38:12+0300,https://hh.ru/vacancy/131713284
Помощник бариста,133234383,Бариста-кассир в ресторан Кофемания BEZ TARELOK,Кофемания,Москва,,80000.0,80000.0,RUR,False,Нет опыта,,,2026-05-19T09:18:20+0300,https://hh.ru/vacancy/133234383
Помощник бариста,133080965,Бармен/бариста,Гастробарсервис,Москва,78000.0,,78000.0,RUR,False,Нет опыта,,,2026-05-14T10:27:18+0300,https://hh.ru/vacancy/133080965
Помощник бариста,133195861,"Бариста (м. Аминьевская, ЖК Матвеевский парк)",ЗДРАСТЕ,Москва,75000.0,,75000.0,RUR,False,Нет опыта,,,2026-05-18T11:40:50+0300,https://hh.ru/vacancy/133195861
Помощник бариста,133198482,Продавец-кассир/Бариста-кассир (Черёмушкинский рынок),Печорин Групп,Москва,5500.0,,5500.0,RUR,False,Нет опыта,,,2026-05-18T12:13:27+0300,https://hh.ru/vacancy/133198482
Помощник бариста,131622187,"Бариста (г. Зеленоград, корпус 1215)",ВкусВилл,Зеленоград,67000.0,90000.0,78500.0,RUR,False,Нет опыта,,,2026-05-18T12:24:11+0300,https://hh.ru/vacancy/131622187
Помощник бариста,130434788,"Бариста (м. Бабушкинская, Коминтерна, дом 15)",ВкусВилл,Москва,57000.0,76000.0,66500.0,RUR,False,Нет опыта,,,2026-05-18T10:38:14+0300,https://hh.ru/vacancy/130434788
Помощник бариста,106621252,Пекарь-бариста на даркстор (м. Марьино),ВкусВилл,Москва,70000.0,120000.0,95000.0,RUR,False,Нет опыта,,,2026-05-18T10:12:32+0300,https://hh.ru/vacancy/106621252
Помощник бариста,133052044,Бариста-кассир,Lavburger,Москва,60000.0,80000.0,70000.0,RUR,False,Нет опыта,,,2026-05-13T15:00:35+0300,https://hh.ru/vacancy/133052044
Помощник бариста,131326406,Менеджер кафетерия/ Бариста,Азбука вкуса,Москва,82200.0,,82200.0,RUR,False,Нет опыта,,,2026-05-15T12:13:25+0300,https://hh.ru/vacancy/131326406
Помощник бариста,133212023,Бариста в кофейню One Price (м. Рассказовка),Интерком,Москва,60000.0,,60000.0,RUR,False,Нет опыта,,,2026-05-18T15:30:20+0300,https://hh.ru/vacancy/133212023
Помощник бариста,133157168,Бариста в ресторан SIBERIAN,УК Арбат 38,Москва,100000.0,,100000.0,RUR,False,Нет опыта,,,2026-05-16T09:37:30+0300,https://hh.ru/vacancy/133157168
Помощник бариста,129533169,Бариста в кофейню One price coffee (м. Пражская),Интерком,Москва,60000.0,,60000.0,RUR,False,Нет опыта,,,2026-05-18T15:31:11+0300,https://hh.ru/vacancy/129533169
Помощник бариста,132968935,Буфетчик-бариста,РОСКОСМОС,Москва,,85000.0,85000.0,RUR,True,Нет опыта,,,2026-05-12T06:32:23+0300,https://hh.ru/vacancy/132968935
Помощник бариста,133150043,Бариста-кассир в стритфуд!,Пироговая лавка,Москва,,90000.0,90000.0,RUR,False,Нет опыта,,,2026-05-15T17:44:32+0300,https://hh.ru/vacancy/133150043
Помощник бариста,132450705,Бариста,Зуева Кристина Георгиевна,Москва,70000.0,,70000.0,RUR,False,Нет опыта,,,2026-05-06T08:57:49+0300,https://hh.ru/vacancy/132450705
Помощник бариста,132804141,Бариста,Правительство Москвы,Москва,70000.0,,70000.0,RUR,False,Нет опыта,,,2026-05-05T15:43:11+0300,https://hh.ru/vacancy/132804141
Помощник бариста,131166936,"Бариста в кофейню One Price Coffee (м. Митино, ТЦ Ладья)",Интерком,Москва,50000.0,,50000.0,RUR,False,Нет опыта,,,2026-05-18T15:31:05+0300,https://hh.ru/vacancy/131166936
Помощник бариста,132728132,Бариста/бармен в парк аттракционов,Парк Сказка,Москва,57931.0,,57931.0,RUR,True,Нет опыта,,,2026-05-15T13:05:41+0300,https://hh.ru/vacancy/132728132
Помощник бариста,133008218,Бариста (м. Саларьево),COFIX GLOBAL,Москва,,,,,,Нет опыта,,,2026-05-12T16:33:36+0300,https://hh.ru/vacancy/133008218
Помощник бариста,133002600,Бариста в кофейню,Лаборатория Еды,Москва,72000.0,110000.0,91000.0,RUR,False,Нет опыта,,,2026-05-12T15:07:40+0300,https://hh.ru/vacancy/133002600
Помощник бариста,133052005,Бариста (м. Чистые пруды),COFIX GLOBAL,Москва,,,,,,Нет опыта,,,2026-05-13T14:59:51+0300,https://hh.ru/vacancy/133052005
Помощник бариста,133039761,"Бариста в кофейню ""Cofix""",Кофикс,Москва,90000.0,120000.0,105000.0,RUR,False,Нет опыта,,,2026-05-13T11:55:45+0300,https://hh.ru/vacancy/133039761
Помощник бариста,133088294,Бармен/Бариста в Грузинский ресторан,Гастробарсервис,Москва,80000.0,,80000.0,RUR,False,Нет опыта,,,2026-05-14T12:15:33+0300,https://hh.ru/vacancy/133088294
Помощник бариста,132674310,Бариста,Зунилабс,Москва,70000.0,,70000.0,RUR,False,Нет опыта,,,2026-04-30T16:06:08+0300,https://hh.ru/vacancy/132674310
Помощник бариста,132895596,Кассир - бариста,Хлебник (ИП Карюкин Вячеслав Александрович),Москва,75000.0,80000.0,77500.0,RUR,False,Нет опыта,,,2026-05-07T17:05:49+0300,https://hh.ru/vacancy/132895596
Помощник бариста,132665590,Бариста,Румянцева Ксения Игоревна,Москва,,400.0,400.0,RUR,False,Нет опыта,,,2026-04-30T13:53:49+0300,https://hh.ru/vacancy/132665590
Помощник бариста,131705211,Бариста,Маркарян Воскан Славикович,Москва,,104000.0,104000.0,RUR,False,Нет опыта,,,2026-04-30T08:51:23+0300,https://hh.ru/vacancy/131705211
Помощник бариста,132992935,"Бариста (м.Филатов Луг, дер.Зимёнки)",Азбука вкуса,Москва,6000.0,,6000.0,RUR,False,Нет опыта,,,2026-05-12T12:44:00+0300,https://hh.ru/vacancy/132992935
Помощник бариста,126017202,Бариста,Сеть кофеен Шоколадница,Москва,,120000.0,120000.0,RUR,True,Нет опыта,,,2026-04-29T17:40:54+0300,https://hh.ru/vacancy/126017202
Помощник бариста,133039255,Бариста OnePriceCoffee в ТЦ Ривьера,Академия Максимус,Москва,65000.0,,65000.0,RUR,True,Нет опыта,,,2026-05-13T11:48:28+0300,https://hh.ru/vacancy/133039255
Помощник бариста,131082730,Бариста,PIMS (ИП Босхомджиев Улюмджи Хейчиевич),Москва,,99990.0,99990.0,RUR,False,Нет опыта,,,2026-04-29T17:12:29+0300,https://hh.ru/vacancy/131082730
Помощник бариста,132624736,Бариста,Cofix (ИП Моисеева Дарья Сергеевна),Москва,70000.0,,70000.0,RUR,False,Нет опыта,,,2026-04-29T14:07:49+0300,https://hh.ru/vacancy/132624736
Помощник бариста,124099247,Бариста,Сеть кофеен Шоколадница,Москва,65000.0,120000.0,92500.0,RUR,True,Нет опыта,,,2026-04-29T10:41:57+0300,https://hh.ru/vacancy/124099247
Помощник бариста,132839484,Бармен / бариста,НЕБО,Москва,80000.0,,80000.0,RUR,False,Нет опыта,,,2026-05-06T13:01:20+0300,https://hh.ru/vacancy/132839484
Помощник бариста,132847307,Бариста Cofix,Самоволькина Юлия Анатольевна,Москва,,65000.0,65000.0,RUR,True,Нет опыта,,,2026-05-06T14:43:19+0300,https://hh.ru/vacancy/132847307
Помощник бариста,129954119,Бариста\бармен,Сеть кофеен Шоколадница,Москва,,70000.0,70000.0,RUR,True,Нет опыта,,,2026-05-06T11:47:14+0300,https://hh.ru/vacancy/129954119
Помощник бариста,132835612,Бариста-кассир,Бао,Москва,80000.0,,80000.0,RUR,False,Нет опыта,,,2026-05-06T11:52:14+0300,https://hh.ru/vacancy/132835612
Помощник бариста,126534643,Бариста в «Шоколадницу»,Сеть кофеен Шоколадница,Москва,55000.0,85000.0,70000.0,RUR,False,Нет опыта,,,2026-05-09T16:10:37+0300,https://hh.ru/vacancy/126534643
Помощник бариста,132821536,Бариста/Администратор,Правительство Москвы,Москва,,,,,,Нет опыта,,,2026-05-06T08:00:45+0300,https://hh.ru/vacancy/132821536
Помощник бариста,132312420,"Официант-бариста в магазин-кафе здоровых продуктов ""Амбар""",ОРГАНИК ГОЛЬФ,Москва,130000.0,,130000.0,RUR,False,Нет опыта,,,2026-05-15T09:27:24+0300,https://hh.ru/vacancy/132312420
Помощник бариста,132806402,Кондитер-бариста,Ефимова Диана Алексеевна,Москва,5200.0,,5200.0,RUR,False,Нет опыта,,,2026-05-05T16:19:49+0300,https://hh.ru/vacancy/132806402
Помощник бариста,128674029,Бариста,Сеть кофеен Шоколадница,Москва,60000.0,90000.0,75000.0,RUR,False,Нет опыта,,,2026-04-27T18:06:21+0300,https://hh.ru/vacancy/128674029
Помощник бариста,125945884,"Бариста в сеть кофеен ""Шоколадница""",Сеть кофеен Шоколадница,Москва,45000.0,130000.0,87500.0,RUR,False,Нет опыта,,,2026-05-12T14:03:44+0300,https://hh.ru/vacancy/125945884
Помощник бариста,133039188,"Бариста OnePriceCoffee (ТЦ Калужский, м. Калужская)",Академия Максимус,Москва,60000.0,,60000.0,RUR,False,Нет опыта,,,2026-05-13T11:47:43+0300,https://hh.ru/vacancy/133039188
Помощник бариста,132995212,Бармен/Бариста (м. Народное ополчение),PIMS (ИП Литовченко Никита Владимирович),Москва,75000.0,,75000.0,RUR,False,Нет опыта,,,2026-05-12T13:15:37+0300,https://hh.ru/vacancy/132995212
Помощник бариста,80570692,Бариста-кассир в мини-кафе,Shkulev Holding,Москва,70000.0,,70000.0,RUR,False,Нет опыта,,,2026-05-12T11:03:27+0300,https://hh.ru/vacancy/80570692
Помощник бариста,133080337,Бариста-кассир в ресторан Кофемания BEZ TARELOK,Кофемания,Москва,,80000.0,80000.0,RUR,False,Нет опыта,,,2026-05-14T10:17:38+0300,https://hh.ru/vacancy/133080337
Помощник бариста,132130772,Бариста (м. Люблино),COFIX GLOBAL,Москва,,,,,,Нет опыта,,,2026-05-08T18:12:43+0300,https://hh.ru/vacancy/132130772
Помощник бариста,133105961,Бармен / бариста в фитнес-клуб на лето (м. Мякинино),Agalarov Development,Москва,80000.0,,80000.0,RUR,True,Нет опыта,,,2026-05-15T15:06:17+0300,https://hh.ru/vacancy/133105961
Помощник бариста,132918608,Ночной бариста-кассир,Бао,Москва,100000.0,,100000.0,RUR,False,Нет опыта,,,2026-05-08T12:04:34+0300,https://hh.ru/vacancy/132918608
Помощник бариста,133104787,Бармен / бариста в фитнес-клуб (м. Москва-Сити),Agalarov Development,Москва,80000.0,,80000.0,RUR,True,Нет опыта,,,2026-05-14T17:30:58+0300,https://hh.ru/vacancy/133104787
Помощник бариста,124361118,Бариста,Сеть кофеен Шоколадница,Москва,50000.0,100000.0,75000.0,RUR,True,Нет опыта,,,2026-04-25T21:34:57+0300,https://hh.ru/vacancy/124361118
Помощник бариста,132829848,Бариста в сеть кофеен OnePriceCoffee (ТЦ Ривьера),Академия Максимус,Москва,65000.0,,65000.0,RUR,False,Нет опыта,,,2026-05-13T10:42:06+0300,https://hh.ru/vacancy/132829848
Помощник бариста,124641424,Бариста\бармен,Сеть кофеен Шоколадница,Москва,,120000.0,120000.0,RUR,True,Нет опыта,,,2026-05-03T12:49:18+0300,https://hh.ru/vacancy/124641424
Помощник бариста,132704527,Бариста-кассир,JINJU BUBBLE TEA,Москва,80000.0,110000.0,95000.0,RUR,False,Нет опыта,,,2026-05-03T12:14:45+0300,https://hh.ru/vacancy/132704527
Помощник бариста,129361202,Бариста в кофейню (м. Юго-западная),Shkulev Holding,Москва,70000.0,,70000.0,RUR,False,Нет опыта,,,2026-05-12T11:03:19+0300,https://hh.ru/vacancy/129361202
Помощник бариста,132332755,Бариста в One price coffee (ТЦ Елоховский Пассаж),Интерком,Москва,60000.0,,60000.0,RUR,False,Нет опыта,,,2026-05-13T18:10:54+0300,https://hh.ru/vacancy/132332755
Помощник бариста,129533789,Бариста в кофейню One price coffee (м. Академическая),Интерком,Москва,50000.0,,50000.0,RUR,False,Нет опыта,,,2026-05-13T18:10:43+0300,https://hh.ru/vacancy/129533789
Помощник бариста,132836130,Бариста (Ривер парк),Завьялов Андрей Андреевич,Москва,78000.0,,78000.0,RUR,False,Нет опыта,,,2026-05-06T12:01:52+0300,https://hh.ru/vacancy/132836130
Помощник бариста,132837070,Бариста/Бармен PIMS,Pims (ИП Зубарев Максим Алексеевич),Москва,65000.0,85000.0,75000.0,RUR,False,Нет опыта,,,2026-05-06T12:14:23+0300,https://hh.ru/vacancy/132837070
Помощник бариста,132693471,Бариста-кассир,Lavburger,Москва,70000.0,90000.0,80000.0,RUR,False,Нет опыта,,,2026-05-02T01:00:59+0300,https://hh.ru/vacancy/132693471
Помощник бариста,131990043,"Бариста в кофейню (ЖК ""Остров"", м. Терехово)",Буханка,Москва,90000.0,,90000.0,RUR,True,Нет опыта,,,2026-05-12T11:30:24+0300,https://hh.ru/vacancy/131990043
Помощник бариста,128959650,Бариста в мини-кафе (м. Юго-западная),Shkulev Holding,Москва,70000.0,,70000.0,RUR,False,Нет опыта,,,2026-05-12T11:03:44+0300,https://hh.ru/vacancy/128959650
Помощник бариста,128959580,"Бариста в кофейню (""Башня Федерация"", Москва-Сити)",Shkulev Holding,Москва,65000.0,,65000.0,RUR,False,Нет опыта,,,2026-05-12T11:03:39+0300,https://hh.ru/vacancy/128959580
Помощник бариста,132957351,Продавец-кассир/Бариста-кассир (Черёмушкинский рынок),Печорин Групп,Москва,90000.0,,90000.0,RUR,False,Нет опыта,,,2026-05-11T10:45:50+0300,https://hh.ru/vacancy/132957351
Помощник бариста,128669392,Бариста (аэропорт Внуково),Сеть кофеен Шоколадница,Внуковское (Московская область),60000.0,100000.0,80000.0,RUR,False,Нет опыта,,,2026-05-05T10:57:57+0300,https://hh.ru/vacancy/128669392
Помощник бариста,132681602,Бармен/Бариста,Спорткорт,Москва,60000.0,150000.0,105000.0,RUR,False,Нет опыта,,,2026-04-30T21:08:39+0300,https://hh.ru/vacancy/132681602
Помощник бариста,132888004,Бариста в кофейню Лалибела,Росинтер Ресторантс,Москва,70000.0,,70000.0,RUR,False,Нет опыта,,,2026-05-07T14:48:38+0300,https://hh.ru/vacancy/132888004
Помощник бариста,130318456,Бариста в кофейню One price coffee (м. Кантемировская),Интерком,Москва,60000.0,,60000.0,RUR,False,Нет опыта,,,2026-05-12T16:59:21+0300,https://hh.ru/vacancy/130318456
Помощник бариста,132962139,Бариста в кофейню Glitch Coffee (м. Курская),Glitch Coffee,Москва,80000.0,,80000.0,RUR,True,Нет опыта,,,2026-05-11T16:20:09+0300,https://hh.ru/vacancy/132962139
Помощник бариста,132757874,Бариста (м. Технопарк),ЗДРАСТЕ,Москва,75000.0,,75000.0,RUR,False,Нет опыта,,,2026-05-04T16:44:26+0300,https://hh.ru/vacancy/132757874
Помощник бариста,133211719,Оператор по обслуживанию кофейных и снековых аппаратов,Бариста,Москва,120000.0,,120000.0,RUR,True,Нет опыта,,,2026-05-18T15:25:00+0300,https://hh.ru/vacancy/133211719
Помощник бариста,132735499,Бариста (м. Кропоткинская),ANCOR,Москва,,117600.0,117600.0,RUR,True,Нет опыта,,,2026-05-04T12:06:06+0300,https://hh.ru/vacancy/132735499
Помощник бариста,129588646,Бариста в кофейню ( м. Шаболовская),Shkulev Holding,Москва,65000.0,,65000.0,RUR,False,Нет опыта,,,2026-05-08T12:00:05+0300,https://hh.ru/vacancy/129588646
Помощник бариста,126577300,"Бариста в кофейни ""Шоколадница""",Сеть кофеен Шоколадница,Москва,55000.0,95000.0,75000.0,RUR,False,Нет опыта,,,2026-05-06T11:47:02+0300,https://hh.ru/vacancy/126577300
Помощник бариста,132910944,Кассир-бариста (м.Новаторская / м.Проспект вернадского),Печорин Групп,Москва,5500.0,,5500.0,RUR,False,Нет опыта,,,2026-05-08T09:40:56+0300,https://hh.ru/vacancy/132910944
Помощник бариста,132996478,Бариста в кофейню One price coffee (м. Парк культуры),Интерком,Москва,60000.0,,60000.0,RUR,False,Нет опыта,,,2026-05-12T13:35:08+0300,https://hh.ru/vacancy/132996478
Помощник бариста,132422496,"Бариста (м. Царицыно, ТЦ Среда)",ЗДРАСТЕ,Москва,75000.0,,75000.0,RUR,False,Нет опыта,,,2026-05-07T12:30:16+0300,https://hh.ru/vacancy/132422496
Помощник бариста,132886389,Бариста в кофейню Лалибела Кофе,Росинтер Ресторантс,Москва,100000.0,,100000.0,RUR,False,Нет опыта,,,2026-05-07T14:19:23+0300,https://hh.ru/vacancy/132886389
Помощник бариста,132792002,Бариста-продавец в парк,Дон Кофеоне,Москва,90000.0,,90000.0,RUR,True,Нет опыта,,,2026-05-05T13:43:30+0300,https://hh.ru/vacancy/132792002
Помощник бариста,132801034,Продавец в кондитерскую/Бариста,Ванлав,Москва,75000.0,90000.0,82500.0,RUR,True,Нет опыта,,,2026-05-05T15:07:33+0300,https://hh.ru/vacancy/132801034
Помощник бариста,130577812,"Бариста в кафе (""ТЦ Рио"", Алтуфьво)",Shkulev Holding,Москва,70000.0,,70000.0,RUR,False,Нет опыта,,,2026-05-08T12:00:20+0300,https://hh.ru/vacancy/130577812
Помощник бариста,132666827,Бариста в кофейню,Сикачев Максим Игоревич,Москва,66000.0,88000.0,77000.0,RUR,False,Нет опыта,,,2026-04-30T14:16:09+0300,https://hh.ru/vacancy/132666827
Помощник бариста,132890071,Бармен/бариста в фитнес-клуб (м. Молодежная),Agalarov Development,Москва,66000.0,88000.0,77000.0,RUR,True,Нет опыта,,,2026-05-08T22:35:14+0300,https://hh.ru/vacancy/132890071
Помощник бариста,132468139,Бариста/Бармен,SMSTRETCHING,Москва,85000.0,110000.0,97500.0,RUR,False,Нет опыта,,,2026-04-24T11:49:22+0300,https://hh.ru/vacancy/132468139
Помощник бариста,131909207,Бариста OnePriceCoffee в ТЦ Калужская,Академия Максимус,Москва,60000.0,,60000.0,RUR,True,Нет опыта,,,2026-05-05T12:14:43+0300,https://hh.ru/vacancy/131909207
Помощник бариста,131977971,Бариста в кофейню (м. Раменки),Азбука вкуса,Москва,5500.0,6000.0,5750.0,RUR,False,Нет опыта,,,2026-05-05T14:32:03+0300,https://hh.ru/vacancy/131977971
Помощник бариста,131794896,Бариста в ШОКОЛАДНИЦУ,Сеть кофеен Шоколадница,Москва,60000.0,80000.0,70000.0,RUR,True,Нет опыта,,,2026-04-29T08:47:31+0300,https://hh.ru/vacancy/131794896
Помощник бариста,131792076,Бариста (метро Баррикадная),Сеть кофеен Шоколадница,Москва,60000.0,80000.0,70000.0,RUR,False,Нет опыта,,,2026-04-29T08:47:27+0300,https://hh.ru/vacancy/131792076
Помощник бариста,132596272,Бариста/бармен PIMS,Основина Александра Константиновна,Москва,60000.0,90000.0,75000.0,RUR,True,Нет опыта,,,2026-04-28T18:23:27+0300,https://hh.ru/vacancy/132596272
Помощник бариста,132715289,"Бариста OnePriceCoffee (Зеленоград, ТЦ Панфиловский)",Академия Максимус,Зеленоград,55000.0,,55000.0,RUR,False,Нет опыта,,,2026-05-04T07:59:54+0300,https://hh.ru/vacancy/132715289
Помощник бариста,132689735,Бариста в г. Зеленоград,Академия Максимус,Зеленоград,55000.0,,55000.0,RUR,False,Нет опыта,,,2026-05-01T16:22:23+0300,https://hh.ru/vacancy/132689735
Помощник бариста,132471153,Кассир-Бариста в Правда кофе (м. Белорусская),Правда Кофе (ООО Кофе Плюс),Москва,,,,,,Нет опыта,,,2026-05-07T12:04:25+0300,https://hh.ru/vacancy/132471153
Помощник бариста,131120952,Бармен/бариста в фитнес-клуб Crocus Fitness,Agalarov Development,Москва,66000.0,88000.0,77000.0,RUR,True,Нет опыта,,,2026-05-06T16:37:12+0300,https://hh.ru/vacancy/131120952
Помощник бариста,132832599,Бариста-кассир в ресторан Кофемания BEZ TARELOK,Кофемания,Москва,55000.0,75000.0,65000.0,RUR,False,Нет опыта,,,2026-05-06T11:06:20+0300,https://hh.ru/vacancy/132832599
Помощник бариста,132764107,Бариста/бармен в парк аттракционов Сказка,Парк Сказка,Москва,77586.0,,77586.0,RUR,True,Нет опыта,,,2026-05-04T21:32:40+0300,https://hh.ru/vacancy/132764107
Помощник бариста,132844596,Бариста в кофейню One price coffee (м. Электрозаводская),Интерком,Москва,60000.0,,60000.0,RUR,False,Нет опыта,,,2026-05-06T14:09:16+0300,https://hh.ru/vacancy/132844596
Помощник бариста,132783924,Бариста в ТРЦ Павелецкая Плаза (м. Павелецкая),Хартамаджы Марина Сергеевна,Москва,60000.0,80000.0,70000.0,RUR,False,Нет опыта,,,2026-05-05T11:33:19+0300,https://hh.ru/vacancy/132783924
Помощник бариста,132462466,Бариста / сотрудник кафе,Иванов Олег Юрьевич,Москва,3000.0,,3000.0,RUR,False,Нет опыта,,,2026-04-24T10:04:56+0300,https://hh.ru/vacancy/132462466
Помощник бариста,132473322,Продавец-кассир/бариста,Новый Концепт,Москва,80000.0,,80000.0,RUR,False,Нет опыта,,,2026-04-24T13:24:05+0300,https://hh.ru/vacancy/132473322
Помощник бариста,131807064,"Бариста (м. Сокольники, ул. Барболина д. 2)",ВкусВилл,Москва,,80000.0,80000.0,RUR,False,Нет опыта,,,2026-05-04T17:45:53+0300,https://hh.ru/vacancy/131807064
Помощник бариста,132547164,Продавец-бариста (формат «мини-магазин + кофейня»),ВкусВилл,Москва,60000.0,74000.0,67000.0,RUR,False,Нет опыта,,,2026-05-04T09:29:33+0300,https://hh.ru/vacancy/132547164
Помощник бариста,132678362,Менеджер кафетерия/Бариста (г. Москва),Азбука вкуса,Москва,5500.0,,5500.0,RUR,False,Нет опыта,,,2026-04-30T17:56:36+0300,https://hh.ru/vacancy/132678362
Помощник бариста,132503347,Бариста (ТЦ «Маркос Молл»),Эсаулов Андрей Владимирович,Москва,65000.0,75000.0,70000.0,RUR,False,Нет опыта,,,2026-04-26T17:07:24+0300,https://hh.ru/vacancy/132503347
Помощник бариста,128323427,Бариста в кофейню (метро Деловой центр),Сеть кофеен Шоколадница,Москва,70000.0,110000.0,90000.0,RUR,False,Нет опыта,,,2026-04-30T17:25:45+0300,https://hh.ru/vacancy/128323427
Помощник бариста,132665469,Бариста в кафе (метро Деловой центр),Сеть кофеен Шоколадница,Москва,70000.0,95000.0,82500.0,RUR,False,Нет опыта,,,2026-04-30T13:50:46+0300,https://hh.ru/vacancy/132665469
Помощник бариста,132789513,Бариста в кофейню One price coffee (м. Саларьево ТЦ Саларис),Интерком,Москва,60000.0,,60000.0,RUR,False,Нет опыта,,,2026-05-05T13:00:22+0300,https://hh.ru/vacancy/132789513
Помощник бариста,133314547,Брокер по недвижимости / Менеджер,Офис НА ПЕТРОВКЕ,Москва,400000.0,752900.0,576450.0,RUR,False,Нет опыта,,,2026-05-23T16:03:10+0300,https://hh.ru/vacancy/133314547
Помощник бариста,132595147,Бариста в кофейню One price coffee (м. Лубянка),Интерком,Москва,60000.0,,60000.0,RUR,False,Нет опыта,,,2026-04-28T17:39:52+0300,https://hh.ru/vacancy/132595147
Помощник бариста,131864357,Бармен/бариста в фитнес-клуб Crocus Fitness (м. Парк Победы),Agalarov Development,Москва,80000.0,,80000.0,RUR,True,Нет опыта,,,2026-04-29T15:33:22+0300,https://hh.ru/vacancy/131864357
Помощник бариста,132521242,"Бариста в кофейню Дринкит (ЖК Октябрьское поле, ул. Берзарина, 32А)",Дринкит сеть кофеен,Москва,53000.0,71000.0,62000.0,RUR,True,Нет опыта,,,2026-04-27T10:25:19+0300,https://hh.ru/vacancy/132521242
Помощник бариста,133169458,Повар / Пиццамейкер (м. Народное Ополчение),Додо Пицца (ООО ГОРОД ПИЦЦЫ 1.0),Москва,60000.0,90000.0,75000.0,RUR,False,Нет опыта,,,2026-05-23T16:31:15+0300,https://hh.ru/vacancy/133169458
Помощник бариста,133315000,Агент по недвижимости,Офис НА ПЕТРОВКЕ,Москва,421800.0,615700.0,518750.0,RUR,False,Нет опыта,,,2026-05-23T16:08:04+0300,https://hh.ru/vacancy/133315000
Помощник бариста,131193943,Кассир-пиццамейкер,Додо пицца Тверь (ООО Мастер-Фуд),Москва,,90000.0,90000.0,RUR,False,Нет опыта,,,2026-05-23T08:52:33+0300,https://hh.ru/vacancy/131193943
Помощник бариста,133294153,Ночной пиццамейкер в Додо Пиццу,М-ФУД,Москва,65000.0,,65000.0,RUR,False,Нет опыта,,,2026-05-23T11:08:31+0300,https://hh.ru/vacancy/133294153
Помощник бариста,133295171,Ночной повар в Додо Пиццу,Додо пицца Тверь (ООО Мастер-Фуд),Москва,65000.0,,65000.0,RUR,True,Нет опыта,,,2026-05-23T11:22:14+0300,https://hh.ru/vacancy/133295171
Помощник бариста,133293915,Ночной сотрудник кухни,М-ФУД,Москва,65000.0,,65000.0,RUR,False,Нет опыта,,,2026-05-23T11:05:37+0300,https://hh.ru/vacancy/133293915
Помощник бариста,132299088,Ночной пиццамейкер,М-ФУД,Москва,60000.0,,60000.0,RUR,False,Нет опыта,,,2026-05-23T11:03:06+0300,https://hh.ru/vacancy/132299088
Помощник бариста,132300519,Ночной пиццамейкер,Додо пицца Тверь (ООО Мастер-Фуд),Москва,60000.0,,60000.0,RUR,False,Нет опыта,,,2026-05-23T11:19:39+0300,https://hh.ru/vacancy/132300519
Помощник бариста,128738335,Сотрудник кухни в Додо Пиццу (м. Митино),Додо Пицца (ООО ДОДО ПИЦЦА САМАРА),Москва,86000.0,95000.0,90500.0,RUR,True,Нет опыта,,,2026-05-23T10:27:50+0300,https://hh.ru/vacancy/128738335
Помощник бариста,132608337,"Менеджер кафе и пекарни (Москва, Комсомольская, 3)",Перекрёсток,Москва,85000.0,90000.0,87500.0,RUR,True,Нет опыта,,,2026-05-23T09:13:52+0300,https://hh.ru/vacancy/132608337
Помощник бариста,132608556,"Менеджер кафе (Москва, Варшавское, 210)",Перекрёсток,Москва,70000.0,80000.0,75000.0,RUR,True,Нет опыта,,,2026-05-23T09:17:32+0300,https://hh.ru/vacancy/132608556
Помощник бариста,133285946,"Менеджер кафе (Москва, Рождественская, 11)",Перекрёсток,Москва,80000.0,90000.0,85000.0,RUR,True,Нет опыта,,,2026-05-23T09:16:23+0300,https://hh.ru/vacancy/133285946
Помощник бариста,133076113,"Менеджер кафе (Москва, Краснобогатырская, 90)",Перекрёсток,Москва,80000.0,90000.0,85000.0,RUR,True,Нет опыта,,,2026-05-23T09:16:06+0300,https://hh.ru/vacancy/133076113
Помощник бариста,132773861,"Менеджер кафе (Москва, Ферганская, 17)",Перекрёсток,Москва,66000.0,92400.0,79200.0,RUR,True,Нет опыта,,,2026-05-23T09:08:29+0300,https://hh.ru/vacancy/132773861
Помощник бариста,132773832,"Менеджер кафе (Москва, Пролетарский, 19)",Перекрёсток,Москва,90000.0,94000.0,92000.0,RUR,True,Нет опыта,,,2026-05-23T09:08:23+0300,https://hh.ru/vacancy/132773832
Помощник бариста,132773803,"Менеджер кафе (Москва, Генерала Кузнецова, 25)",Перекрёсток,Москва,75000.0,85000.0,80000.0,RUR,True,Нет опыта,,,2026-05-23T09:08:12+0300,https://hh.ru/vacancy/132773803
Помощник бариста,132871039,Бармен,NICEPRICECAFE,Москва,84000.0,,84000.0,RUR,False,Нет опыта,,,2026-05-22T10:00:48+0300,https://hh.ru/vacancy/132871039
Помощник бариста,133271498,Официант в Yumbaker,Yumbaker,Москва,89000.0,110000.0,99500.0,RUR,False,Нет опыта,,,2026-05-22T17:49:49+0300,https://hh.ru/vacancy/133271498
Помощник бариста,133053097,Менеджер ресторана в Додо Пиццу,Додо Пицца г. Москва (ООО АГОРА),Москва,83600.0,104000.0,93800.0,RUR,True,Нет опыта,,,2026-05-22T15:11:59+0300,https://hh.ru/vacancy/133053097
Помощник бариста,132705972,Кассир в Братья Караваевы,Кулинарная лавка братьев Караваевых,Москва,,120000.0,120000.0,RUR,False,Нет опыта,,,2026-05-21T15:31:32+0300,https://hh.ru/vacancy/132705972
Помощник бариста,132506734,Бармен,Романовская пекарня,Москва,68000.0,90000.0,79000.0,RUR,False,Нет опыта,,,2026-05-21T02:03:30+0300,https://hh.ru/vacancy/132506734
Помощник бариста,133350521,Бармен,Амбирест,Москва,66000.0,90000.0,78000.0,RUR,True,Нет опыта,,,2026-05-21T12:09:09+0300,https://hh.ru/vacancy/133350521
Помощник бариста,132726852,"Менеджер кафе (Москва, Заревый, 14/12)",Перекрёсток,Москва,89200.0,93000.0,91100.0,RUR,True,Нет опыта,,,2026-05-22T10:32:53+0300,https://hh.ru/vacancy/132726852
Помощник бариста,133031827,"Менеджер кафе (Москва, Таллинская, 7)",Перекрёсток,Москва,90600.0,94500.0,92550.0,RUR,True,Нет опыта,,,2026-05-22T10:18:42+0300,https://hh.ru/vacancy/133031827
Помощник бариста,133031790,"Менеджер кафе (Москва, Корнея Чуковского, 2)",Перекрёсток,Москва,92500.0,96500.0,94500.0,RUR,True,Нет опыта,,,2026-05-22T10:18:30+0300,https://hh.ru/vacancy/133031790
Помощник бариста,133234936,"Менеджер кафе (Москва, Керамический, 51)",Перекрёсток,Москва,83000.0,89000.0,86000.0,RUR,True,Нет опыта,,,2026-05-22T09:25:06+0300,https://hh.ru/vacancy/133234936
Помощник бариста,133234836,"Менеджер кафе (Москва, Волгоградский, 18)",Перекрёсток,Москва,88700.0,92500.0,90600.0,RUR,True,Нет опыта,,,2026-05-22T09:24:16+0300,https://hh.ru/vacancy/133234836
Помощник бариста,133234832,"Менеджер кафе (Москва, Киевского Вокзала, 2)",Перекрёсток,Москва,95900.0,100000.0,97950.0,RUR,True,Нет опыта,,,2026-05-22T09:24:14+0300,https://hh.ru/vacancy/133234832
Помощник бариста,132564608,"Менеджер кафе (Москва, Череповецкая, 17)",Перекрёсток,Москва,92100.0,96000.0,94050.0,RUR,True,Нет опыта,,,2026-05-22T09:16:51+0300,https://hh.ru/vacancy/132564608
Помощник бариста,132868518,"Менеджер кафе (Москва, Скандинавский, 10)",Перекрёсток,Москва,75000.0,85000.0,80000.0,RUR,True,Нет опыта,,,2026-05-22T09:15:00+0300,https://hh.ru/vacancy/132868518
Помощник бариста,132868501,"Менеджер кафе (Москва, Адмирала Ушакова, 7)",Перекрёсток,Москва,90000.0,94000.0,92000.0,RUR,True,Нет опыта,,,2026-05-22T09:14:54+0300,https://hh.ru/vacancy/132868501
Помощник бариста,132489670,Вайбовый Капибариста,Bodro Coffee,Москва,63000.0,135000.0,99000.0,RUR,False,Нет опыта,,,2026-05-21T20:36:30+0300,https://hh.ru/vacancy/132489670
Помощник бариста,132992059,Бармен/барледи в бар,Персонал.тут (ИП Шелунов Андрей Евгеньевич),Москва,150000.0,190000.0,170000.0,RUR,False,Нет опыта,,,2026-05-21T12:31:21+0300,https://hh.ru/vacancy/132992059
Помощник бариста,130788861,Пекарь в магазин (м. Сокол),ВкусВилл,Москва,70000.0,,70000.0,RUR,False,Нет опыта,,,2026-05-21T18:45:22+0300,https://hh.ru/vacancy/130788861
Помощник бариста,133326385,Бармен - Официант,GERSHON Luxury jewelry & diamonds,Москва,4500.0,5000.0,4750.0,RUR,False,Нет опыта,,,2026-05-20T20:32:59+0300,https://hh.ru/vacancy/133326385
Помощник бариста,133324999,Бармен,В Кадре,Москва,6000.0,9000.0,7500.0,RUR,False,Нет опыта,,,2026-05-20T18:56:42+0300,https://hh.ru/vacancy/133324999
Помощник бариста,133197068,Официант (м. Строгино),"КуулКлевер (МясновЪ, Отдохни)",Москва,80000.0,,80000.0,RUR,False,Нет опыта,,,2026-05-21T11:55:59+0300,https://hh.ru/vacancy/133197068
Помощник бариста,89612196,Кассир в Додо Пиццу (м. Митино),Додо Пицца (ООО ДОДО ПИЦЦА САМАРА),Москва,86000.0,95000.0,90500.0,RUR,True,Нет опыта,,,2026-05-21T17:06:13+0300,https://hh.ru/vacancy/89612196
Помощник бариста,133366904,Менеджер по продажам недвижимости,Офис НА ПЕТРОВКЕ,Москва,342700.0,511600.0,427150.0,RUR,False,Нет опыта,,,2026-05-21T16:26:33+0300,https://hh.ru/vacancy/133366904
Помощник бариста,132199373,Пиццамейкер в Додо Пиццу,М-ФУД,Москва,60000.0,,60000.0,RUR,False,Нет опыта,,,2026-05-21T10:42:55+0300,https://hh.ru/vacancy/132199373
Помощник бариста,132195723,Кассир-пиццамейкер,М-ФУД,Москва,60000.0,,60000.0,RUR,False,Нет опыта,,,2026-05-21T10:39:24+0300,https://hh.ru/vacancy/132195723
Помощник бариста,133133091,Сотрудник кассовой зоны,М-ФУД,Москва,60000.0,,60000.0,RUR,False,Нет опыта,,,2026-05-21T12:32:35+0300,https://hh.ru/vacancy/133133091
Помощник бариста,132460549,"Менеджер кафе (Москва, Ясногорская, 2)",Перекрёсток,Москва,88700.0,92500.0,90600.0,RUR,True,Нет опыта,,,2026-05-21T09:28:56+0300,https://hh.ru/vacancy/132460549
Помощник бариста,132975230,"Менеджер кафе (Москва, Ленинградский, 31А)",Перекрёсток,Москва,80000.0,90000.0,85000.0,RUR,True,Нет опыта,,,2026-05-21T09:09:32+0300,https://hh.ru/vacancy/132975230
Помощник бариста,132975202,"Менеджер кафе (Москва, Краснодарская, 51)",Перекрёсток,Москва,89700.0,93500.0,91600.0,RUR,True,Нет опыта,,,2026-05-21T09:09:27+0300,https://hh.ru/vacancy/132975202
Помощник бариста,132975103,"Менеджер кафе (Зеленоград, , 900)",Перекрёсток,Зеленоград,92100.0,96000.0,94050.0,RUR,True,Нет опыта,,,2026-05-21T09:09:07+0300,https://hh.ru/vacancy/132975103
Помощник бариста,133119755,"Менеджер кафе (Москва, Краснопрудная, 13А)",Перекрёсток,Москва,90600.0,94500.0,92550.0,RUR,True,Нет опыта,,,2026-05-21T09:08:09+0300,https://hh.ru/vacancy/133119755
Помощник бариста,133182664,"Менеджер кафе (Москва, Шипиловская, 50)",Перекрёсток,Москва,91600.0,95500.0,93550.0,RUR,True,Нет опыта,,,2026-05-21T09:08:02+0300,https://hh.ru/vacancy/133182664
Помощник бариста,133119737,"Менеджер кафе (Москва, Народного Ополчения, 15)",Перекрёсток,Москва,88700.0,92500.0,90600.0,RUR,True,Нет опыта,,,2026-05-21T09:07:57+0300,https://hh.ru/vacancy/133119737
Помощник бариста,132515073,"Менеджер кафе (Москва, Волжский, 7)",Перекрёсток,Москва,95400.0,99500.0,97450.0,RUR,True,Нет опыта,,,2026-05-21T09:07:56+0300,https://hh.ru/vacancy/132515073
Помощник бариста,133136732,Повар-пиццамейкер,М-ФУД,Москва,60000.0,,60000.0,RUR,False,Нет опыта,,,2026-05-21T13:32:35+0300,https://hh.ru/vacancy/133136732
Помощник бариста,129617120,"Официант в ""Шоколадницу""",Сеть кофеен Шоколадница,Москва,55000.0,95000.0,75000.0,RUR,True,Нет опыта,,,2026-05-20T17:53:33+0300,https://hh.ru/vacancy/129617120
Помощник бариста,133222425,Бармен-официант,Кальянная Философия,Москва,100000.0,150000.0,125000.0,RUR,False,Нет опыта,,,2026-05-18T19:55:35+0300,https://hh.ru/vacancy/133222425
Помощник бариста,133264656,Сомелье/Контент-мейкер/SMM-менеджер,Friendly_team,Москва,80000.0,120000.0,100000.0,RUR,False,Нет опыта,,,2026-05-19T15:39:55+0300,https://hh.ru/vacancy/133264656
Помощник бариста,133162613,Бармен,Pims,Москва,40000.0,70000.0,55000.0,RUR,False,Нет опыта,,,2026-05-16T20:31:33+0300,https://hh.ru/vacancy/133162613
Помощник бариста,133314836,Администратор компьютерного клуба F5 Центр киберспорта,F5 Центр Киберспорта,Москва,45000.0,90000.0,67500.0,RUR,False,Нет опыта,,,2026-05-20T16:06:44+0300,https://hh.ru/vacancy/133314836
Помощник бариста,133082344,Сотрудник ресторана быстрого питания,Развитие РОСТ,Москва,100000.0,,100000.0,RUR,True,Нет опыта,,,2026-05-14T10:45:55+0300,https://hh.ru/vacancy/133082344
Помощник бариста,133045300,Менеджер,Сеть кофеен Шоколадница,Москва,,80000.0,80000.0,RUR,True,Нет опыта,,,2026-05-13T13:16:30+0300,https://hh.ru/vacancy/133045300
Помощник бариста,133032730,Официант,Сеть кофеен Шоколадница,Москва,45000.0,70000.0,57500.0,RUR,False,Нет опыта,,,2026-05-13T10:29:41+0300,https://hh.ru/vacancy/133032730
Помощник бариста,133143809,Барбер / Парикмахер,Fabric13 Atmosphere,Москва,80000.0,150000.0,115000.0,RUR,False,Нет опыта,,,2026-05-15T15:28:35+0300,https://hh.ru/vacancy/133143809
Помощник бариста,133097445,Бармен,Багдасарян Карен Геворгович,Москва,300.0,420.0,360.0,RUR,False,Нет опыта,,,2026-05-14T14:58:23+0300,https://hh.ru/vacancy/133097445
Помощник бариста,126791796,Официант,Сеть кофеен Шоколадница,Москва,60000.0,100000.0,80000.0,RUR,False,Нет опыта,,,2026-05-11T15:02:11+0300,https://hh.ru/vacancy/126791796
Помощник бариста,133058029,Продавец-кассир на выпечку (м.Новаторская / м.Проспект вернадского),Печорин Групп,Москва,5500.0,,5500.0,RUR,False,Нет опыта,,,2026-05-13T16:33:38+0300,https://hh.ru/vacancy/133058029
Помощник бариста,132836710,"Продавец-кассир в пекарню ""Буханка""",Гаделия Антон Велодиевич,Москва,90000.0,115000.0,102500.0,RUR,True,Нет опыта,,,2026-05-06T12:09:43+0300,https://hh.ru/vacancy/132836710
Помощник бариста,126914248,"Официант в ""Шоколадницу""",Сеть кофеен Шоколадница,Москва,45000.0,85000.0,65000.0,RUR,False,Нет опыта,,,2026-05-07T10:18:48+0300,https://hh.ru/vacancy/126914248
Помощник бариста,132862006,Администратор Шале «Дача» (Камчатка),Kamchatka freeride community,Москва,70000.0,,70000.0,RUR,False,Нет опыта,,,2026-05-07T04:47:20+0300,https://hh.ru/vacancy/132862006
Помощник бариста,129617171,Официант,Сеть кофеен Шоколадница,Москва,50000.0,120000.0,85000.0,RUR,False,Нет опыта,,,2026-04-27T18:05:57+0300,https://hh.ru/vacancy/129617171
Помощник бариста,129929350,"Официант в ""Шоколадницу""",Сеть кофеен Шоколадница,Москва,55000.0,95000.0,75000.0,RUR,True,Нет опыта,,,2026-04-29T11:00:30+0300,https://hh.ru/vacancy/129929350
Помощник бариста,132734839,"Текильщица/текильщик/хостес, Москва",Серов Дмитрий Валерьевич,Москва,5000.0,8000.0,6500.0,RUR,False,Нет опыта,,,2026-05-04T11:59:31+0300,https://hh.ru/vacancy/132734839
Помощник бариста,131421180,"Бариста (Софьи Ковалевской, 4)",ВкусВилл,Москва,75000.0,100000.0,87500.0,RUR,False,Нет опыта,,,2026-05-22T19:26:12+0300,https://hh.ru/vacancy/131421180
Помощник бариста,133406620,Бариста (м. Деловой Центр),ВкусВилл,Москва,80000.0,110000.0,95000.0,RUR,True,Нет опыта,,,2026-05-22T15:48:09+0300,https://hh.ru/vacancy/133406620
Помощник бариста,131747917,Бариста в кофейню Дринкит (м.Арбатская),Дринкит сеть кофеен,Москва,53000.0,63000.0,58000.0,RUR,False,Нет опыта,,,2026-05-22T15:28:32+0300,https://hh.ru/vacancy/131747917
Помощник бариста,131894022,Бариста (м. Отрадное),ВкусВилл,Москва,70000.0,90000.0,80000.0,RUR,False,Нет опыта,,,2026-05-21T18:45:26+0300,https://hh.ru/vacancy/131894022
Помощник бариста,130499265,Бариста (м. Баррикадная),ВкусВилл,Москва,70000.0,90000.0,80000.0,RUR,False,Нет опыта,,,2026-05-21T08:52:01+0300,https://hh.ru/vacancy/130499265
Помощник бариста,131491817,Бариста (м. Динамо),ВкусВилл,Москва,80000.0,100000.0,90000.0,RUR,False,Нет опыта,,,2026-05-21T08:51:58+0300,https://hh.ru/vacancy/131491817
Помощник бариста,133058913,"Бариста (м. Войковская, Балтийская)",ВкусВилл,Москва,75000.0,100000.0,87500.0,RUR,False,Нет опыта,,,2026-05-21T18:45:29+0300,https://hh.ru/vacancy/133058913
Помощник бариста,131973646,Бариста (м. Верхние Лихоборы),ВкусВилл,Москва,70000.0,90000.0,80000.0,RUR,False,Нет опыта,,,2026-05-21T18:36:06+0300,https://hh.ru/vacancy/131973646
Помощник бариста,133372372,"Бариста (м. Алтуфьево, п. Нагорное)",ВкусВилл,Москва,70000.0,90000.0,80000.0,RUR,False,Нет опыта,,,2026-05-21T18:35:06+0300,https://hh.ru/vacancy/133372372
Помощник бариста,130756364,Бариста (м. Народное ополчение),ВкусВилл,Москва,70000.0,90000.0,80000.0,RUR,False,Нет опыта,,,2026-05-21T09:16:58+0300,https://hh.ru/vacancy/130756364
Помощник бариста,132847976,Бариста в ТЦ Охотный ряд,Хлеб с маслом,Москва,65300.0,81540.0,73420.0,RUR,False,Нет опыта,,,2026-05-21T14:56:50+0300,https://hh.ru/vacancy/132847976
Помощник бариста,130293611,Бариста (метро Митино),ВкусВилл,Москва,75000.0,100000.0,87500.0,RUR,False,Нет опыта,,,2026-05-20T13:39:22+0300,https://hh.ru/vacancy/130293611
Помощник бариста,132126576,"Бариста в кофейню Дринкит (м. Москва-сити, м. Деловой Центр)",Дринкит сеть кофеен,Москва,50000.0,70000.0,60000.0,RUR,False,Нет опыта,,,2026-05-22T10:43:20+0300,https://hh.ru/vacancy/132126576
Помощник бариста,133295878,Бариста (м. Новогиреево),COFIX GLOBAL,Москва,,,,,,Нет опыта,,,2026-05-20T11:32:26+0300,https://hh.ru/vacancy/133295878
Помощник бариста,131814215,"Бариста (м. ЦСКА, ул. Гризодубовой)",ВкусВилл,Москва,80000.0,100000.0,90000.0,RUR,False,Нет опыта,,,2026-05-21T09:16:57+0300,https://hh.ru/vacancy/131814215
Помощник бариста,131814276,"Бариста (м. ЦСКА, ТЦ Авиапарк)",ВкусВилл,Москва,80000.0,100000.0,90000.0,RUR,False,Нет опыта,,,2026-05-21T08:51:57+0300,https://hh.ru/vacancy/131814276
Помощник бариста,132655560,Бариста в кофейню Дринкит (м. Калужская),Дринкит сеть кофеен,Москва,53000.0,63000.0,58000.0,RUR,False,Нет опыта,,,2026-05-21T10:38:54+0300,https://hh.ru/vacancy/132655560
Помощник бариста,131710822,Бариста в кофейню Дринкит (м. Деловой центр),Дринкит сеть кофеен,Москва,53000.0,63000.0,58000.0,RUR,False,Нет опыта,,,2026-05-21T15:58:24+0300,https://hh.ru/vacancy/131710822
Помощник бариста,133267700,Бариста (м. Марьина Роща),ВкусВилл,Москва,80000.0,100000.0,90000.0,RUR,False,Нет опыта,,,2026-05-20T09:17:19+0300,https://hh.ru/vacancy/133267700
Помощник бариста,132701205,Бариста в кофейню Дринкит (м. Воронцовская),Дринкит сеть кофеен,Москва,50000.0,60000.0,55000.0,RUR,False,Нет опыта,,,2026-05-21T02:56:13+0300,https://hh.ru/vacancy/132701205
Помощник бариста,132581206,Бариста (Потапово),ВкусВилл,Москва,85000.0,95000.0,90000.0,RUR,False,Нет опыта,,,2026-05-18T09:38:04+0300,https://hh.ru/vacancy/132581206
Помощник бариста,133248054,Бариста (м. Авиамоторная),COFIX GLOBAL,Москва,,,,,,Нет опыта,,,2026-05-19T12:17:57+0300,https://hh.ru/vacancy/133248054
Помощник бариста,128323184,Бариста в кофейню (метро Бабушкинская),Сеть кофеен Шоколадница,Москва,70000.0,120000.0,95000.0,RUR,False,Нет опыта,,,2026-05-20T17:01:55+0300,https://hh.ru/vacancy/128323184
Помощник бариста,132965133,Бариста в кофейню Дринкит (м. Красносельская/Бауманская),Дринкит сеть кофеен,Москва,50000.0,60000.0,55000.0,RUR,False,Нет опыта,,,2026-05-20T23:47:29+0300,https://hh.ru/vacancy/132965133
Помощник бариста,131798070,Бариста (м. Молодёжная),ВкусВилл,Москва,80000.0,100000.0,90000.0,RUR,False,Нет опыта,,,2026-05-18T10:30:05+0300,https://hh.ru/vacancy/131798070
Помощник бариста,101623319,Бариста (м. Тропарёво),ВкусВилл,Москва,75000.0,100000.0,87500.0,RUR,False,Нет опыта,,,2026-05-18T09:37:57+0300,https://hh.ru/vacancy/101623319
Помощник бариста,131881804,Бариста (м. Прокшино),ВкусВилл,Москва,75000.0,100000.0,87500.0,RUR,False,Нет опыта,,,2026-05-18T09:37:57+0300,https://hh.ru/vacancy/131881804
Помощник бариста,133200328,Кассир-бариста (м. Вавиловская),Печорин Групп,Москва,95000.0,,95000.0,RUR,False,Нет опыта,,,2026-05-18T12:39:33+0300,https://hh.ru/vacancy/133200328
Помощник бариста,131864862,Бариста (м. Новые Черёмушки),ВкусВилл,Москва,75000.0,100000.0,87500.0,RUR,False,Нет опыта,,,2026-05-18T09:37:53+0300,https://hh.ru/vacancy/131864862
Помощник бариста,132451250,"Бариста (м. Медведково, п. Нагорное)",ВкусВилл,Москва,70000.0,90000.0,80000.0,RUR,False,Нет опыта,,,2026-05-18T10:22:55+0300,https://hh.ru/vacancy/132451250
Помощник бариста,106897125,Пекарь бариста (м. Бульвар Адмирала Ушакова),ВкусВилл,Москва,70000.0,120000.0,95000.0,RUR,False,Нет опыта,,,2026-05-18T10:12:26+0300,https://hh.ru/vacancy/106897125
Помощник бариста,130959727,Бариста (м. Свиблово ул. Амундсена 15к1),ВкусВилл,Москва,60000.0,80000.0,70000.0,RUR,False,Нет опыта,,,2026-05-18T10:38:15+0300,https://hh.ru/vacancy/130959727
Помощник бариста,133051841,Бариста (м. Лубянка),COFIX GLOBAL,Москва,,,,,,Нет опыта,,,2026-05-13T14:56:50+0300,https://hh.ru/vacancy/133051841
Помощник бариста,118712392,Бариста,ВкусВилл,Орел,74460.0,110000.0,92230.0,RUR,False,Нет опыта,,,2026-05-04T09:55:33+0300,https://hh.ru/vacancy/118712392
Помощник бариста,118712391,Бариста (в Москве),ВкусВилл,Махачкала,74460.0,110000.0,92230.0,RUR,False,Нет опыта,,,2026-05-11T12:18:43+0300,https://hh.ru/vacancy/118712391
Помощник бариста,131867383,Бармен / бариста,НЕБО,Москва,80000.0,,80000.0,RUR,False,Нет опыта,,,2026-05-04T17:43:57+0300,https://hh.ru/vacancy/131867383
Помощник бариста,132808599,Бариста (м. Семеновская),COFIX GLOBAL,Москва,,,,,,Нет опыта,,,2026-05-05T16:44:31+0300,https://hh.ru/vacancy/132808599
Помощник бариста,132194618,Бариста в кофейню One price coffee (ТЦ Коламбус),Интерком,Москва,60000.0,,60000.0,RUR,False,Нет опыта,,,2026-05-12T16:59:27+0300,https://hh.ru/vacancy/132194618
Помощник бариста,128616205,Бариста-кассир в STAR HIT CAFE (м. Кузнецкий мост),Shkulev Holding,Москва,65000.0,,65000.0,RUR,False,Нет опыта,,,2026-05-12T11:03:32+0300,https://hh.ru/vacancy/128616205
Помощник бариста,131099757,Бариста в кофейню Дринкит Арбат,Дринкит сеть кофеен,Москва,53000.0,63000.0,58000.0,RUR,False,Нет опыта,,,2026-05-04T10:37:09+0300,https://hh.ru/vacancy/131099757
Помощник бариста,132345152,Бариста-кассир в ресторан Кофемания BEZ TARELOK,Кофемания,Москва,,80000.0,80000.0,RUR,False,Нет опыта,,,2026-05-06T11:04:52+0300,https://hh.ru/vacancy/132345152
Помощник бариста,132722760,Бариста в кофейню Дринкит (м. Тульская),Дринкит сеть кофеен,Москва,50000.0,55000.0,52500.0,RUR,True,Нет опыта,,,2026-05-04T09:50:16+0300,https://hh.ru/vacancy/132722760
Помощник бариста,132671734,Бариста в кафе (метро Аминьевская),Сеть кофеен Шоколадница,Москва,70000.0,100000.0,85000.0,RUR,False,Нет опыта,,,2026-04-30T15:24:56+0300,https://hh.ru/vacancy/132671734
Помощник бариста,132668135,Бариста в кофейню (метро Римская),Сеть кофеен Шоколадница,Москва,70000.0,120000.0,95000.0,RUR,False,Нет опыта,,,2026-04-30T14:44:15+0300,https://hh.ru/vacancy/132668135
Помощник бариста,130707210,Бариста в кофейню One price coffee (м. Бауманская),Интерком,Москва,60000.0,,60000.0,RUR,False,Нет опыта,,,2026-05-04T14:20:50+0300,https://hh.ru/vacancy/130707210
Помощник бариста,132622991,Бариста в кофейню (метро Цветной Бульвар),Сеть кофеен Шоколадница,Москва,70000.0,110000.0,90000.0,RUR,False,Нет опыта,,,2026-04-29T13:33:11+0300,https://hh.ru/vacancy/132622991
Помощник бариста,132608114,Бариста-кассир в ресторан Кофемания BEZ TARELOK,Кофемания,Москва,,80000.0,80000.0,RUR,False,Нет опыта,,,2026-04-29T09:08:12+0300,https://hh.ru/vacancy/132608114
Помощник бариста,132238699,Бариста в кофейню One Price Coffee (ТЦ Ладья),Интерком,Москва,50000.0,,50000.0,RUR,False,Нет опыта,,,2026-04-28T17:40:22+0300,https://hh.ru/vacancy/132238699
Помощник бариста,133197702,Продавец-кассир на выпечку (Рынок на Ленинском),Печорин Групп,Москва,5500.0,,5500.0,RUR,False,Нет опыта,,,2026-05-22T09:56:04+0300,https://hh.ru/vacancy/133197702
Помощник бариста,132469326,"Менеджер кафе (Москва, Крузенштерна, 3)",Перекрёсток,Москва,90000.0,95000.0,92500.0,RUR,True,Нет опыта,,,2026-05-21T12:11:32+0300,https://hh.ru/vacancy/132469326
Помощник бариста,133337065,"Менеджер кафе (Москва, Лазоревый, 5)",Перекрёсток,Москва,85000.0,90000.0,87500.0,RUR,True,Нет опыта,,,2026-05-21T09:16:20+0300,https://hh.ru/vacancy/133337065
Помощник бариста,133337032,"Менеджер кафе (Москва, Мичуринский проспект.Олимпийская деревня, 10)",Перекрёсток,Москва,89200.0,93000.0,91100.0,RUR,True,Нет опыта,,,2026-05-21T09:16:04+0300,https://hh.ru/vacancy/133337032
Помощник бариста,132824963,"Менеджер кафе (Москва, Открытое, 4)",Перекрёсток,Москва,89700.0,93500.0,91600.0,RUR,True,Нет опыта,,,2026-05-21T09:15:52+0300,https://hh.ru/vacancy/132824963
Помощник бариста,132975065,"Менеджер кафе (Москва, Декабристов, 12)",Перекрёсток,Москва,91600.0,95500.0,93550.0,RUR,True,Нет опыта,,,2026-05-21T09:08:55+0300,https://hh.ru/vacancy/132975065
Помощник бариста,133182707,"Менеджер кафе (Москва, Петрозаводская, 24А)",Перекрёсток,Москва,80000.0,90000.0,85000.0,RUR,True,Нет опыта,,,2026-05-21T09:08:23+0300,https://hh.ru/vacancy/133182707
Помощник бариста,132514937,"Менеджер кафе (Москва, Шмитовский, 16)",Перекрёсток,Москва,89000.0,93000.0,91000.0,RUR,True,Нет опыта,,,2026-05-21T09:07:01+0300,https://hh.ru/vacancy/132514937
Помощник бариста,132514928,"Менеджер кафе (Москва, Большая Дорогомиловская, 8)",Перекрёсток,Москва,89000.0,93000.0,91000.0,RUR,True,Нет опыта,,,2026-05-21T09:06:57+0300,https://hh.ru/vacancy/132514928
Помощник бариста,133197529,Продавец-кассир на выпечку (Черёмушкинский рынок),Печорин Групп,Москва,90000.0,,90000.0,RUR,False,Нет опыта,,,2026-05-20T10:07:05+0300,https://hh.ru/vacancy/133197529
Помощник бариста,129978630,"Официант в ""Шоколадницу""",Сеть кофеен Шоколадница,Москва,55000.0,95000.0,75000.0,RUR,True,Нет опыта,,,2026-04-28T23:50:48+0300,https://hh.ru/vacancy/129978630
Помощник бариста,128673907,"Официант в ""Шоколадницу""",Сеть кофеен Шоколадница,Москва,55000.0,95000.0,75000.0,RUR,True,Нет опыта,,,2026-04-27T18:06:17+0300,https://hh.ru/vacancy/128673907
Помощник бариста,128674092,"Официант в ""Шоколадницу""",Сеть кофеен Шоколадница,Москва,55000.0,95000.0,75000.0,RUR,False,Нет опыта,,,2026-04-27T18:06:11+0300,https://hh.ru/vacancy/128674092
Помощник бариста,132917869,Агент по недвижимости / Стажер / Риэлтор ( м. Китай - город ),Vysotsky Estate,Москва,350.0,690.0,520.0,RUR,True,Нет опыта,,,2026-05-23T11:50:43+0300,https://hh.ru/vacancy/132917869
Помощник бариста,133171028,Начинающий риелтор/агент по недвижимости (м. Профсоюзная),Vysotsky Estate,Москва,300000.0,450000.0,375000.0,RUR,False,Нет опыта,,,2026-05-23T20:18:10+0300,https://hh.ru/vacancy/133171028
Помощник бариста,132910306,Агент по недвижимости/Начинающий риелтор/Стажер (м. Минская),Vysotsky Estate,Москва,300000.0,500000.0,400000.0,RUR,False,Нет опыта,,,2026-05-23T09:29:05+0300,https://hh.ru/vacancy/132910306
Помощник бариста,133397647,Бармен в ресторан Saray,Lucky Group,Москва,85000.0,120000.0,102500.0,RUR,False,От 1 года до 3 лет,,,2026-05-22T13:04:15+0300,https://hh.ru/vacancy/133397647
Помощник бариста,133285689,Агент по недвижимости/ начинающий риелтор(м. Таганская),Vysotsky Estate,Москва,300000.0,500000.0,400000.0,RUR,True,Нет опыта,,,2026-05-23T09:13:25+0300,https://hh.ru/vacancy/133285689
Помощник бариста,132954360,Начинающий риэлтор/агент по недвижимости (м. ВДНХ),Vysotsky Estate,Москва,350000.0,500000.0,425000.0,RUR,False,Нет опыта,,,2026-05-23T07:20:05+0300,https://hh.ru/vacancy/132954360
Помощник бариста,132721719,Агент по недвижимости / Стажер / Риэлтор (м. Медведково),Vysotsky Estate,Москва,350000.0,450000.0,400000.0,RUR,False,Нет опыта,,,2026-05-22T09:37:31+0300,https://hh.ru/vacancy/132721719
Помощник бариста,132730491,Начинающий агент по недвижимости / Стажер / Риэлтор (м. Мичуринский проспект),Vysotsky Estate,Москва,300000.0,450000.0,375000.0,RUR,False,Нет опыта,,,2026-05-22T11:15:17+0300,https://hh.ru/vacancy/132730491
Помощник бариста,133137084,Стажер в федеральное агентство (м. Таганская ),Vysotsky Estate,Москва,290000.0,390000.0,340000.0,RUR,False,Нет опыта,,,2026-05-21T13:38:26+0300,https://hh.ru/vacancy/133137084
Помощник бариста,133137159,Агент по недвижимости / Стажер / Риэлтор ( м. Технопарк ),Vysotsky Estate,Москва,325000.0,450000.0,387500.0,RUR,False,Нет опыта,,,2026-05-21T13:39:22+0300,https://hh.ru/vacancy/133137159
Помощник бариста,132329111,Бармен в ресторан All Day,Lucky Group,Москва,90000.0,120000.0,105000.0,RUR,False,От 1 года до 3 лет,,,2026-05-18T10:05:41+0300,https://hh.ru/vacancy/132329111
Помощник бариста,133129983,Бармен в ресторан EVA,Lucky Group,Москва,100000.0,120000.0,110000.0,RUR,True,Нет опыта,,,2026-05-15T11:44:25+0300,https://hh.ru/vacancy/133129983
Помощник бариста,133115907,Бармен-администратор в Лаунж бар,Крайнев Роман Геннадьевич,Москва,90000.0,110000.0,100000.0,RUR,False,От 1 года до 3 лет,,,2026-05-15T07:36:06+0300,https://hh.ru/vacancy/133115907
Помощник бариста,133153710,Бармен The Irish Bar (аэропорт Внуково),УК Арбат 38,Москва,,,,,,От 1 года до 3 лет,,,2026-05-15T23:18:03+0300,https://hh.ru/vacancy/133153710
Помощник бариста,132980616,Бармен в ресторан Koji,Lucky Group,Москва,110000.0,,110000.0,RUR,False,От 1 года до 3 лет,,,2026-05-12T10:14:47+0300,https://hh.ru/vacancy/132980616
Помощник бариста,132812475,Официант-бармен,ГК Квинта-Рест,Москва,90000.0,,90000.0,RUR,False,Нет опыта,,,2026-05-05T18:13:41+0300,https://hh.ru/vacancy/132812475
Помощник бариста,130901262,Бармен The Irish Bar (аэропорт Внуково),УК Арбат 38,Москва,75000.0,,75000.0,RUR,False,От 1 года до 3 лет,,,2026-05-12T22:27:19+0300,https://hh.ru/vacancy/130901262
Помощник бариста,133129867,Начинающий специалист (помощник официанта) в ресторан EVA в Хамовниках,Lucky Group,Москва,70000.0,100000.0,85000.0,RUR,False,Нет опыта,,,2026-05-15T11:42:25+0300,https://hh.ru/vacancy/133129867
Помощник бариста,132755683,Бармен в ресторан Eva,Lucky Group,Москва,120000.0,,120000.0,RUR,False,От 1 года до 3 лет,,,2026-05-04T16:06:21+0300,https://hh.ru/vacancy/132755683
Помощник бариста,129838281,Менеджер в офис продаж/Начинающий Риэлтор (м. Октябрьская),ВЛАДИС,Москва,215000.0,300000.0,257500.0,RUR,False,Нет опыта,,,2026-05-14T10:01:06+0300,https://hh.ru/vacancy/129838281
Помощник бариста,131979858,Бармен в ресторан Loro Хамовники,Lucky Group,Москва,130000.0,,130000.0,RUR,False,От 1 года до 3 лет,,,2026-05-05T10:50:26+0300,https://hh.ru/vacancy/131979858
Помощник бариста,132699112,Барледи-Бармен зала/Мобильный бармен/Tequila girl (Tequila Boy),Promo People,Москва,50000.0,250000.0,150000.0,RUR,False,Нет опыта,,,2026-05-02T17:39:33+0300,https://hh.ru/vacancy/132699112
Помощник бариста,132992830,Начинающий специалист (раннер-кассир) в кофейню Eleven,Lucky Group,Москва,60000.0,,60000.0,RUR,False,Нет опыта,,,2026-05-12T12:42:45+0300,https://hh.ru/vacancy/132992830
Помощник бариста,132595602,Бармен в ресторан EVA в Хамовниках,Lucky Group,Москва,100000.0,120000.0,110000.0,RUR,True,От 1 года до 3 лет,,,2026-04-28T17:57:31+0300,https://hh.ru/vacancy/132595602
Помощник бариста,133104237,Официант в ресторан (м. Молодежная),"Нияма, Сеть ресторанов",Москва,140000.0,,140000.0,RUR,False,Нет опыта,,,2026-05-23T16:58:02+0300,https://hh.ru/vacancy/133104237
Помощник бариста,133277495,Официант в ресторан Maroon,Старт,Москва,200000.0,250000.0,225000.0,RUR,False,От 3 до 6 лет,,,2026-05-23T01:55:29+0300,https://hh.ru/vacancy/133277495
Помощник бариста,130760504,Официант в ресторан (м. Таганская),"Нияма, Сеть ресторанов",Москва,130000.0,,130000.0,RUR,False,От 1 года до 3 лет,,,2026-05-23T15:20:09+0300,https://hh.ru/vacancy/130760504
Помощник бариста,131101729,Бармен в Chaihona №1 VASILCHUKÍ (аэропорт Внуково),УК Арбат 38,Москва,5000.0,,5000.0,RUR,False,От 1 года до 3 лет,,,2026-04-28T18:56:12+0300,https://hh.ru/vacancy/131101729
Помощник бариста,131663545,Официант в ресторан (м. Партизанская),"Нияма, Сеть ресторанов",Москва,140000.0,,140000.0,RUR,False,Нет опыта,,,2026-05-23T13:07:49+0300,https://hh.ru/vacancy/131663545
Помощник бариста,133260623,Сотрудник ресторана,АРТ РЕСТ,Москва,,,,,,Нет опыта,,,2026-05-23T09:15:40+0300,https://hh.ru/vacancy/133260623
Помощник бариста,133412125,Официант в ресторан Osteria Osso,Lucky Group,Москва,200000.0,,200000.0,RUR,False,От 1 года до 3 лет,,,2026-05-22T17:59:40+0300,https://hh.ru/vacancy/133412125
Помощник бариста,133411857,Менеджер ресторана Osteria Osso,Lucky Group,Москва,,,,,,От 3 до 6 лет,,,2026-05-22T17:46:56+0300,https://hh.ru/vacancy/133411857
Помощник бариста,133405509,Официант в клуб Studio 3,Lucky Group,Москва,250000.0,,250000.0,RUR,False,От 1 года до 3 лет,,,2026-05-22T15:23:40+0300,https://hh.ru/vacancy/133405509
Помощник бариста,132775011,Менеджер автосалона/Менеджер по оценке и выкупу автомобилей,"РОЛЬФ, группа компаний",Москва,180000.0,,180000.0,RUR,True,Нет опыта,,,2026-05-22T17:28:17+0300,https://hh.ru/vacancy/132775011
Помощник бариста,132503610,Помощник в департамент,Владис (ООО Владис Водный Стадион),Москва,300000.0,,300000.0,RUR,False,Нет опыта,,,2026-05-20T10:20:25+0300,https://hh.ru/vacancy/132503610
Помощник бариста,132681426,Хостес в шоу-бар,La Storia (ИП Ли Сергей Георгиевич),Москва,150000.0,250000.0,200000.0,RUR,False,Нет опыта,,,2026-05-21T20:26:42+0300,https://hh.ru/vacancy/132681426
Помощник бариста,132681293,Официантка/официант в шоу-бар,La Storia (ИП Ли Сергей Георгиевич),Москва,130000.0,200000.0,165000.0,RUR,False,Нет опыта,,,2026-05-21T20:08:10+0300,https://hh.ru/vacancy/132681293
Помощник бариста,133189447,Официант,ВОРКСПЕЙС,Москва,120000.0,150000.0,135000.0,RUR,False,Нет опыта,,,2026-05-21T10:27:59+0300,https://hh.ru/vacancy/133189447
Помощник бариста,133134589,Официант в ресторан ANCHOVY'S CLUB от FOLK TEAM и DREAMTEAM,FOLK TEAM,Москва,200000.0,,200000.0,RUR,False,От 1 года до 3 лет,,,2026-05-21T12:56:46+0300,https://hh.ru/vacancy/133134589
Помощник бариста,133172798,Официант,Романенко Анастасия Алексеевна,Москва,170000.0,300000.0,235000.0,RUR,False,Нет опыта,,,2026-05-21T01:06:13+0300,https://hh.ru/vacancy/133172798
Помощник бариста,131979753,Официант в ресторан Oltremare,Lucky Group,Москва,200000.0,,200000.0,RUR,False,От 3 до 6 лет,,,2026-05-20T13:02:53+0300,https://hh.ru/vacancy/131979753
Помощник бариста,133299662,"Официант в ресторан ""Лимончино""",il FORNO Group,Москва,150000.0,,150000.0,RUR,False,От 1 года до 3 лет,,,2026-05-20T12:19:17+0300,https://hh.ru/vacancy/133299662
Помощник бариста,133162989,Официантка/официант в Ночной клуб (м. Лубянка),Human Resources (ИП Такташов Геннадий Александрович),Москва,120000.0,180000.0,150000.0,RUR,False,Нет опыта,,,2026-05-16T21:52:14+0300,https://hh.ru/vacancy/133162989
Помощник бариста,132290233,Официант в ресторан San Si,Lucky Group,Москва,120000.0,,120000.0,RUR,False,От 1 года до 3 лет,,,2026-05-18T10:05:53+0300,https://hh.ru/vacancy/132290233
Помощник бариста,132375065,Официант в ресторан Niki,Lucky Group,Москва,150000.0,,150000.0,RUR,False,От 1 года до 3 лет,,,2026-05-18T10:05:37+0300,https://hh.ru/vacancy/132375065
Помощник бариста,133200743,"Официант в ресторан ""il FORNO"" (м. Кузнецкий мост)",il FORNO Group,Москва,130000.0,,130000.0,RUR,False,От 1 года до 3 лет,,,2026-05-18T12:45:06+0300,https://hh.ru/vacancy/133200743
Помощник бариста,131818536,Менеджер по оценке и выкупу автомобилей (м. Окская/Рязанский пр-кт),"РОЛЬФ, группа компаний",Москва,150000.0,,150000.0,RUR,True,Нет опыта,,,2026-05-18T10:29:27+0300,https://hh.ru/vacancy/131818536
Помощник бариста,132291156,Официант в премиальный загородный ресторан Alaska Pool Club,Lucky Group,Москва,180000.0,300000.0,240000.0,RUR,False,От 1 года до 3 лет,,,2026-05-15T08:56:27+0300,https://hh.ru/vacancy/132291156
Помощник бариста,132726358,"Официант в ресторан ""Grande Osteria""",il FORNO Group,Москва,160000.0,,160000.0,RUR,False,От 1 года до 3 лет,,,2026-05-13T11:44:00+0300,https://hh.ru/vacancy/132726358
Помощник бариста,131437979,Специалист по сделкам (Самолет Плюс Юг),Самолет Плюс (ИП Шапилов Николай Александрович),Москва,200000.0,500000.0,350000.0,RUR,False,Нет опыта,,,2026-05-15T10:09:57+0300,https://hh.ru/vacancy/131437979
Помощник бариста,132540459,Хостес в ресторан Maya,Lucky Group,Москва,100000.0,,100000.0,RUR,False,Нет опыта,,,2026-05-12T16:51:06+0300,https://hh.ru/vacancy/132540459
Помощник бариста,133000589,Хостес в ресторан EVA в Хамовниках,Lucky Group,Москва,90000.0,,90000.0,RUR,False,От 1 года до 3 лет,,,2026-05-12T14:37:14+0300,https://hh.ru/vacancy/133000589
Помощник бариста,133000469,Хостес в ресторан Saray,Lucky Group,Москва,90000.0,,90000.0,RUR,False,От 1 года до 3 лет,,,2026-05-12T14:35:05+0300,https://hh.ru/vacancy/133000469
Помощник бариста,132347501,Официант в ресторан All Day,Lucky Group,Москва,150000.0,200000.0,175000.0,RUR,False,Нет опыта,,,2026-05-12T12:26:06+0300,https://hh.ru/vacancy/132347501
Помощник бариста,132962129,Повар холодного цеха в ресторан Eva (Белорусская),Lucky Group,Москва,130000.0,,130000.0,RUR,False,От 1 года до 3 лет,,,2026-05-11T16:19:38+0300,https://hh.ru/vacancy/132962129
Помощник бариста,132207826,Официант в открывающийся проект Niki Piano Bar от Lucky Group,Lucky Group,Москва,200000.0,,200000.0,RUR,False,От 1 года до 3 лет,,,2026-05-12T09:36:54+0300,https://hh.ru/vacancy/132207826
Помощник бариста,129758638,Официант в ресторан Eva Хамовники,Lucky Group,Москва,150000.0,,150000.0,RUR,False,Нет опыта,,,2026-05-12T09:36:46+0300,https://hh.ru/vacancy/129758638
Помощник бариста,132958797,Повар холодного цеха в ресторан Koji (Арбатская),Lucky Group,Москва,120000.0,,120000.0,RUR,False,Нет опыта,,,2026-05-11T12:23:14+0300,https://hh.ru/vacancy/132958797
Помощник бариста,133042206,Официант в рестопаб,Pub Life Group,Москва,130000.0,,130000.0,RUR,False,Нет опыта,,,2026-05-13T12:30:29+0300,https://hh.ru/vacancy/133042206
Помощник бариста,132987297,"Официант ресторана ""il FORNO"" (м. Киевская)",il FORNO Group,Москва,200000.0,,200000.0,RUR,False,От 1 года до 3 лет,,,2026-05-12T11:32:15+0300,https://hh.ru/vacancy/132987297
Помощник бариста,132980366,Менеджер в Федеральную компанию (юг),Самолет Плюс (ИП Шапилов Николай Александрович),Москва,300000.0,500000.0,400000.0,RUR,False,От 1 года до 3 лет,,,2026-05-12T10:11:42+0300,https://hh.ru/vacancy/132980366
Помощник бариста,132911728,Официант в ресторан Loro,Lucky Group,Москва,180000.0,,180000.0,RUR,False,От 1 года до 3 лет,,,2026-05-08T09:56:07+0300,https://hh.ru/vacancy/132911728
Помощник бариста,132855286,Кассир в проект Alaska pool Club (м.Крылатское),Lucky Group,Москва,75000.0,,75000.0,RUR,False,От 1 года до 3 лет,,,2026-05-06T17:18:51+0300,https://hh.ru/vacancy/132855286
Помощник бариста,132896289,Хостес в ресторан Kiyomi,Lucky Group,Москва,80000.0,,80000.0,RUR,False,От 1 года до 3 лет,,,2026-05-07T17:24:06+0300,https://hh.ru/vacancy/132896289
Помощник бариста,131947396,Официант в ресторан Saray,Lucky Group,Москва,180000.0,,180000.0,RUR,False,От 1 года до 3 лет,,,2026-05-07T14:44:08+0300,https://hh.ru/vacancy/131947396
Помощник бариста,132289820,Хостес в открывающийся проект Niki Piano Bar от Lucky Group,Lucky Group,Москва,,,,,,От 1 года до 3 лет,,,2026-05-07T10:12:43+0300,https://hh.ru/vacancy/132289820
Помощник бариста,132057822,Менеджер в Ресторан,Локал Фуд,Москва,100000.0,140000.0,120000.0,RUR,False,Более 6 лет,,,2026-05-06T20:49:29+0300,https://hh.ru/vacancy/132057822
Помощник бариста,132848632,Официант в премиальные рестораны Lucky Group,Lucky Group,Москва,150000.0,400000.0,275000.0,RUR,False,От 1 года до 3 лет,,,2026-05-06T18:06:03+0300,https://hh.ru/vacancy/132848632
Помощник бариста,132836864,Хостес в ресторан Eva (метро Белорусская),Lucky Group,Москва,85000.0,,85000.0,RUR,False,От 1 года до 3 лет,,,2026-05-06T12:11:40+0300,https://hh.ru/vacancy/132836864
Помощник бариста,132777545,Хостес в ресторан Bruno,Lucky Group,Москва,100000.0,,100000.0,RUR,False,От 1 года до 3 лет,,,2026-05-05T10:06:40+0300,https://hh.ru/vacancy/132777545
Помощник бариста,132749924,Официант в ресторан Koji,Lucky Group,Москва,180000.0,,180000.0,RUR,False,От 1 года до 3 лет,,,2026-05-04T14:57:59+0300,https://hh.ru/vacancy/132749924
Помощник бариста,130688102,Официант в ресторан EVA,Lucky Group,Москва,150000.0,,150000.0,RUR,False,От 1 года до 3 лет,,,2026-05-04T11:09:33+0300,https://hh.ru/vacancy/130688102
Помощник бариста,132173949,"Официант в ресторан ""Сыроварня"" (Парк Горького)",il FORNO Group,Москва,150000.0,,150000.0,RUR,False,От 1 года до 3 лет,,,2026-05-04T12:06:20+0300,https://hh.ru/vacancy/132173949
Помощник бариста,132811338,Коммерческий директор,Lucky Group,Москва,,,,,,От 3 до 6 лет,,,2026-05-05T17:35:15+0300,https://hh.ru/vacancy/132811338
Помощник бариста,132780803,Бренд-менеджер в рестораны Lucky Group,Lucky Group,Москва,,,,,,От 1 года до 3 лет,,,2026-05-05T10:52:34+0300,https://hh.ru/vacancy/132780803
Помощник бариста,129652307,Официант в ресторан Margarita Bistro,Lucky Group,Москва,140000.0,,140000.0,RUR,False,От 1 года до 3 лет,,,2026-04-30T14:40:30+0300,https://hh.ru/vacancy/129652307
Помощник бариста,130796126,Официант в ресторан Mamie,Lucky Group,Москва,150000.0,,150000.0,RUR,False,От 1 года до 3 лет,,,2026-04-29T10:55:36+0300,https://hh.ru/vacancy/130796126
Помощник бариста,132668023,Официант в открывающийся проект Eva от Lucky Group,Lucky Group,Москва,150000.0,,150000.0,RUR,False,От 1 года до 3 лет,,,2026-04-30T14:42:24+0300,https://hh.ru/vacancy/132668023
Помощник бариста,132525767,Официант в Lucky Izakaya Bar,Lucky Group,Москва,250000.0,,250000.0,RUR,False,От 3 до 6 лет,,,2026-04-27T11:34:18+0300,https://hh.ru/vacancy/132525767
Помощник бариста,130120839,Менеджер по работе с клиентами,Самолет Плюс (ИП Шапилов Николай Александрович),Москва,200000.0,600000.0,400000.0,RUR,True,Нет опыта,,,2026-04-29T11:30:21+0300,https://hh.ru/vacancy/130120839
Помощник бариста,132707210,Стажер/Начинающий риэлтор (м. Митино),Vysotsky Estate,Москва,350000.0,500000.0,425000.0,RUR,False,Нет опыта,,,2026-05-21T18:37:45+0300,https://hh.ru/vacancy/132707210
Помощник бариста,133261163,Сотрудник ресторана,АРТ РЕСТ,Москва,,,,,,Нет опыта,,,2026-05-23T09:15:38+0300,https://hh.ru/vacancy/133261163
Помощник бариста,133169825,Помощник в департамент,Владис (ООО Владис Водный Стадион),Москва,300000.0,,300000.0,RUR,False,Нет опыта,,,2026-05-17T17:42:07+0300,https://hh.ru/vacancy/133169825
Помощник бариста,132708023,Агент по недвижимости,Владис (ООО Владис Водный Стадион),Москва,300000.0,,300000.0,RUR,False,Нет опыта,,,2026-05-03T20:02:19+0300,https://hh.ru/vacancy/132708023
Помощник бариста,132707633,Специалист в офис,Владис (ООО Владис Водный Стадион),Москва,300000.0,,300000.0,RUR,False,Нет опыта,,,2026-05-03T19:13:48+0300,https://hh.ru/vacancy/132707633
Бариста,133423886,Бариста,Звезда,Москва,4500.0,,4500.0,RUR,False,От 1 года до 3 лет,,,2026-05-23T19:30:29+0300,https://hh.ru/vacancy/133423886
Бариста,133320419,Бариста,Темпо,Москва,75000.0,,75000.0,RUR,False,От 1 года до 3 лет,,,2026-05-23T16:40:41+0300,https://hh.ru/vacancy/133320419
Бариста,133101577,Бариста,Хартис ДВ,Москва,,5000.0,5000.0,RUR,False,От 1 года до 3 лет,,,2026-05-23T16:09:05+0300,https://hh.ru/vacancy/133101577
Бариста,133421606,Бариста,POST. COFFEE,Москва,90000.0,110000.0,100000.0,RUR,False,От 1 года до 3 лет,,,2026-05-23T13:54:43+0300,https://hh.ru/vacancy/133421606
Бариста,132619812,Бариста,AVM Media,Москва,75000.0,,75000.0,RUR,False,От 1 года до 3 лет,,,2026-05-23T12:29:08+0300,https://hh.ru/vacancy/132619812
Бариста,133296263,Бариста,БУДИ БОБРА,Москва,60000.0,120000.0,90000.0,RUR,False,От 1 года до 3 лет,,,2026-05-23T11:37:06+0300,https://hh.ru/vacancy/133296263
Бариста,133322936,Бариста/Старший бариста,Курбанисмаилов Джалил Джалалович,Москва,420.0,450.0,435.0,RUR,True,От 1 года до 3 лет,,,2026-05-23T17:31:33+0300,https://hh.ru/vacancy/133322936
Бариста,132909763,Бариста,BAGEATTERIA,Москва,90000.0,110000.0,100000.0,RUR,False,От 1 года до 3 лет,,,2026-05-23T09:17:31+0300,https://hh.ru/vacancy/132909763
Бариста,133417277,Бариста,Куки Луки,Москва,60000.0,90000.0,75000.0,RUR,False,От 1 года до 3 лет,,,2026-05-23T04:49:59+0300,https://hh.ru/vacancy/133417277
Бариста,133096422,Бариста-кассир,ФРЕНДС ГРУПП,Москва,56000.0,,56000.0,RUR,False,От 1 года до 3 лет,,,2026-05-23T14:40:29+0300,https://hh.ru/vacancy/133096422
Бариста,133095454,Бариста-бармен,Санпол,Москва,90000.0,130000.0,110000.0,RUR,False,От 1 года до 3 лет,,,2026-05-23T14:22:53+0300,https://hh.ru/vacancy/133095454
Бариста,133292177,Буфетчик-бариста,Группа компаний ПНЕВМОТЕХ,Москва,75000.0,100000.0,87500.0,RUR,False,От 1 года до 3 лет,,,2026-05-23T10:44:56+0300,https://hh.ru/vacancy/133292177
Бариста,133419829,Бармен/бариста,Коваль Анастасия Леонидовна,Москва,100000.0,,100000.0,RUR,False,От 1 года до 3 лет,,,2026-05-23T10:39:25+0300,https://hh.ru/vacancy/133419829
Бариста,133412915,Бариста,BB love cake,Москва,60000.0,85000.0,72500.0,RUR,True,От 1 года до 3 лет,,,2026-05-22T18:31:46+0300,https://hh.ru/vacancy/133412915
Бариста,133408221,Бариста,Великие,Москва,80000.0,100000.0,90000.0,RUR,False,От 1 года до 3 лет,,,2026-05-22T16:16:37+0300,https://hh.ru/vacancy/133408221
Бариста,132590964,Бариста,Дом кофе,Москва,65000.0,100000.0,82500.0,RUR,False,От 1 года до 3 лет,,,2026-05-22T16:14:07+0300,https://hh.ru/vacancy/132590964
Бариста,132891767,Бариста,Скорый кофе (ИП Коледа Вера Вячеславовна),Москва,,5000.0,5000.0,RUR,False,От 1 года до 3 лет,,,2026-05-22T16:01:32+0300,https://hh.ru/vacancy/132891767
Бариста,133404360,Бариста,Кофемолка,Москва,80000.0,,80000.0,RUR,False,От 1 года до 3 лет,,,2026-05-22T15:04:25+0300,https://hh.ru/vacancy/133404360
Бариста,132204741,Бариста,VivoTattoo,Москва,380.0,380.0,380.0,RUR,False,От 1 года до 3 лет,,,2026-05-22T14:25:49+0300,https://hh.ru/vacancy/132204741
Бариста,132744605,Бариста,Кофейня Даблби,Москва,70000.0,90000.0,80000.0,RUR,False,От 1 года до 3 лет,,,2026-05-22T13:38:38+0300,https://hh.ru/vacancy/132744605
Бариста,133386112,Бариста,Варданян Нарек Хачикович,Москва,75000.0,110000.0,92500.0,RUR,False,От 1 года до 3 лет,,,2026-05-22T09:59:27+0300,https://hh.ru/vacancy/133386112
Бариста,131702557,Бариста (м.Молодёжная/Мещерская/Братиславская/Проспект Вернадского),2Grind Coffeeshop,Москва,4000.0,4500.0,4250.0,RUR,False,От 1 года до 3 лет,,,2026-05-23T20:07:58+0300,https://hh.ru/vacancy/131702557
Бариста,131724470,Бариста (м. Москва-Сити),Сеть розничных магазинов Добрынинский. Кондитерская и гастрономия.,Москва,70000.0,100000.0,85000.0,RUR,True,От 1 года до 3 лет,,,2026-05-23T10:04:25+0300,https://hh.ru/vacancy/131724470
Бариста,133272178,Бариста Yumbaker,Yumbaker,Москва,89000.0,110000.0,99500.0,RUR,False,От 1 года до 3 лет,,,2026-05-22T18:11:04+0300,https://hh.ru/vacancy/133272178
Бариста,133088009,"Бариста в сеть ""Правда Кофе""",Фараонов Сергей Вячеславович,Москва,75000.0,120000.0,97500.0,RUR,False,От 1 года до 3 лет,,,2026-05-23T12:11:06+0300,https://hh.ru/vacancy/133088009
Бариста,133373447,Бариста,Преснякова Ксения Викторовна,Москва,60000.0,120000.0,90000.0,RUR,False,От 1 года до 3 лет,,,2026-05-21T20:06:48+0300,https://hh.ru/vacancy/133373447
Бариста,133014812,Бариста,Paula Coffee,Москва,90000.0,110000.0,100000.0,RUR,False,От 1 года до 3 лет,,,2026-05-21T20:06:07+0300,https://hh.ru/vacancy/133014812
Бариста,133410595,Бармен-бариста,Клуб 187 BJJ,Москва,70000.0,80000.0,75000.0,RUR,False,От 1 года до 3 лет,,,2026-05-22T17:09:44+0300,https://hh.ru/vacancy/133410595
Бариста,133221808,Бариста,Here'n'now,Москва,75000.0,100000.0,87500.0,RUR,False,От 1 года до 3 лет,,,2026-05-21T19:06:23+0300,https://hh.ru/vacancy/133221808
Бариста,133420291,Бариста - продавец (ЖК Южное Бунино),Glace (ИП Кончар Желько),Москва,75000.0,,75000.0,RUR,True,От 1 года до 3 лет,,,2026-05-23T11:37:11+0300,https://hh.ru/vacancy/133420291
Бариста,133421755,Бариста в HQ! coffee (Парк Культуры),HQ!,Москва,98000.0,155000.0,126500.0,RUR,False,От 1 года до 3 лет,,,2026-05-23T14:13:05+0300,https://hh.ru/vacancy/133421755
Бариста,133266904,Бариста Аэроплан.кофе,Аэроплан. Кофе,Москва,78000.0,107000.0,92500.0,RUR,False,От 1 года до 3 лет,,,2026-05-22T16:13:24+0300,https://hh.ru/vacancy/133266904
Бариста,133148953,Бариста,Кулинария,Москва,75000.0,75000.0,75000.0,RUR,False,От 1 года до 3 лет,,,2026-05-21T17:13:43+0300,https://hh.ru/vacancy/133148953
Бариста,132485077,Бариста,Ресторан Рыбный Базар,Москва,80000.0,110000.0,95000.0,RUR,False,От 1 года до 3 лет,,,2026-05-21T17:00:09+0300,https://hh.ru/vacancy/132485077
Бариста,132119046,Бариста,FreshCafe,Москва,85000.0,,85000.0,RUR,True,От 1 года до 3 лет,,,2026-05-21T16:22:16+0300,https://hh.ru/vacancy/132119046
Бариста,132761541,Бариста,Москвариум,Москва,87975.0,87975.0,87975.0,RUR,True,От 1 года до 3 лет,,,2026-05-21T15:41:59+0300,https://hh.ru/vacancy/132761541
Бариста,133401273,Бариста-кассир,Вд Рестор,Москва,70000.0,90000.0,80000.0,RUR,False,От 1 года до 3 лет,,,2026-05-22T14:04:23+0300,https://hh.ru/vacancy/133401273
Бариста,132998763,Бариста,МЕТОДИКА КОФЕ (ИП Стогова Наталья Дмитриевна),Москва,,90000.0,90000.0,RUR,True,От 1 года до 3 лет,,,2026-05-21T14:11:25+0300,https://hh.ru/vacancy/132998763
Бариста,133135303,Бариста,Prosvet coffee,Москва,70000.0,90000.0,80000.0,RUR,False,От 1 года до 3 лет,,,2026-05-21T13:07:04+0300,https://hh.ru/vacancy/133135303
Бариста,133356393,Бариста,Amathus Family Fitness,Москва,60000.0,100000.0,80000.0,RUR,False,От 1 года до 3 лет,,,2026-05-21T13:28:03+0300,https://hh.ru/vacancy/133356393
Бариста,133349630,Бариста,Веллер Медиа,Москва,500.0,,500.0,RUR,False,От 1 года до 3 лет,,,2026-05-21T11:53:17+0300,https://hh.ru/vacancy/133349630
Бариста,132791532,Бариста в ABC COFFEE ROASTERS (Новая Рига),Эй Би Си Кофе,Москва,85000.0,130000.0,107500.0,RUR,False,От 1 года до 3 лет,,,2026-05-23T13:34:20+0300,https://hh.ru/vacancy/132791532
Бариста,133036073,Бариста,Группа компаний Кафетера,Москва,73950.0,,73950.0,RUR,False,От 1 года до 3 лет,,,2026-05-21T10:18:33+0300,https://hh.ru/vacancy/133036073
Бариста,131857181,Бариста,DAVID B CAFE,Москва,70000.0,100000.0,85000.0,RUR,False,От 1 года до 3 лет,,,2026-05-21T09:44:49+0300,https://hh.ru/vacancy/131857181
Бариста,132565116,Буфетчик (бариста),НИКИЭТ,Москва,100000.0,100000.0,100000.0,RUR,True,От 1 года до 3 лет,,,2026-05-22T09:59:45+0300,https://hh.ru/vacancy/132565116
Бариста,133336174,Бариста,МАНА,Москва,5500.0,5500.0,5500.0,RUR,True,От 1 года до 3 лет,,,2026-05-21T09:02:32+0300,https://hh.ru/vacancy/133336174
Бариста,133410892,Управляющий/Шеф бариста,Azarov Consulting,Москва,140000.0,200000.0,170000.0,RUR,False,От 3 до 6 лет,,,2026-05-22T17:16:01+0300,https://hh.ru/vacancy/133410892
Бариста,132905234,Бариста в кофейню Дринкит (м. Пражская),Дринкит сеть кофеен,Москва,55000.0,70000.0,62500.0,RUR,False,От 1 года до 3 лет,,,2026-05-23T06:51:04+0300,https://hh.ru/vacancy/132905234
Бариста,132642511,Бариста,Даблби (ИП Саушкина Валерия Владимировна),Москва,75000.0,85000.0,80000.0,RUR,False,От 1 года до 3 лет,,,2026-05-20T22:19:19+0300,https://hh.ru/vacancy/132642511
Бариста,133396949,Бариста в кофейню,Соломон Анастасия Сергеевна,Москва,75000.0,100000.0,87500.0,RUR,False,От 1 года до 3 лет,,,2026-05-22T12:52:25+0300,https://hh.ru/vacancy/133396949
Бариста,133413884,Бариста в specialty кофейню,Даблби,Москва,88000.0,110000.0,99000.0,RUR,True,От 1 года до 3 лет,,,2026-05-22T19:41:45+0300,https://hh.ru/vacancy/133413884
Бариста,133374503,Бариста/Бармен,Кафе_193,Москва,110000.0,140000.0,125000.0,RUR,False,От 1 года до 3 лет,,,2026-05-21T22:52:01+0300,https://hh.ru/vacancy/133374503
Бариста,133298570,Бариста,Правительство Москвы,Москва,100000.0,,100000.0,RUR,False,От 1 года до 3 лет,,,2026-05-20T12:06:46+0300,https://hh.ru/vacancy/133298570
Бариста,132680841,Бармен-бариста,ДЖЕЙКЕТ РАБОТА,Москва,,120000.0,120000.0,RUR,False,От 1 года до 3 лет,,,2026-05-21T19:16:55+0300,https://hh.ru/vacancy/132680841
Бариста,132857510,Администратор бариста,Якубова Эльмира Фанильевна,Москва,5500.0,6000.0,5750.0,RUR,False,От 1 года до 3 лет,,,2026-05-21T18:49:59+0300,https://hh.ru/vacancy/132857510
Бариста,132889618,Бариста в Nothing Fancy,Nothing Fancy,Москва,90000.0,110000.0,100000.0,RUR,False,От 1 года до 3 лет,,,2026-05-22T15:13:55+0300,https://hh.ru/vacancy/132889618
Бариста,132516696,Бариста/Бармен (м. Таганская),ФГБУ «Национальный медицинский исследовательский центр травматологии и ортопедии имени Н.Н. Приорова» Минздрава России,Москва,100000.0,100000.0,100000.0,RUR,True,От 1 года до 3 лет,,,2026-05-22T14:59:31+0300,https://hh.ru/vacancy/132516696
Бариста,132535653,Бариста (Specialty),Гулиева Карина Рахматуллаевна,Москва,75000.0,90000.0,82500.0,RUR,False,От 1 года до 3 лет,,,2026-05-21T14:00:34+0300,https://hh.ru/vacancy/132535653
Бариста,133350879,Бариста-кассир,Московский цирк Никулина на Цветном бульваре,Москва,74373.0,,74373.0,RUR,True,От 1 года до 3 лет,,,2026-05-21T12:12:41+0300,https://hh.ru/vacancy/133350879
Бариста,133270309,Бариста в кофейню (метро Озерная),Сеть кофеен Дайте Два,Москва,80000.0,90000.0,85000.0,RUR,False,От 1 года до 3 лет,,,2026-05-22T17:19:41+0300,https://hh.ru/vacancy/133270309
Бариста,133388287,Бариста (ТЦ Павелецкая плаза),Томиоми,Москва,400.0,,400.0,RUR,False,От 1 года до 3 лет,,,2026-05-22T10:33:32+0300,https://hh.ru/vacancy/133388287
Бариста,132751145,"Бариста-бармен в ресторан ""Вадваре""",Краденый Артишок,Москва,80000.0,110000.0,95000.0,RUR,False,От 1 года до 3 лет,,,2026-05-22T15:16:13+0300,https://hh.ru/vacancy/132751145
Бариста,133274504,Бариста,Wax and Gloss,Люберцы  (Московская область),70000.0,,70000.0,RUR,False,От 1 года до 3 лет,,,2026-05-19T21:37:27+0300,https://hh.ru/vacancy/133274504
Бариста,133274251,Бариста,БЕСТ КОНЦЕПТ РЕСТОРАНТС ГРУПП,Москва,80000.0,95000.0,87500.0,RUR,False,От 1 года до 3 лет,,,2026-05-19T20:59:07+0300,https://hh.ru/vacancy/133274251
Бариста,133271415,Бариста,Калачева Марина Вячеславовна,Москва,,5500.0,5500.0,RUR,False,От 1 года до 3 лет,,,2026-05-19T17:46:23+0300,https://hh.ru/vacancy/133271415
Бариста,133270229,Бариста,Jobers,Москва,70000.0,,70000.0,RUR,False,От 1 года до 3 лет,,,2026-05-19T17:18:08+0300,https://hh.ru/vacancy/133270229
Бариста,133269607,Бариста,Joja coffee,Москва,60000.0,80000.0,70000.0,RUR,False,От 1 года до 3 лет,,,2026-05-19T17:07:42+0300,https://hh.ru/vacancy/133269607
Бариста,132489633,Бариста/Волшебник кофемашины,Bodro Coffee,Москва,70000.0,135000.0,102500.0,RUR,False,От 1 года до 3 лет,,,2026-05-21T20:35:26+0300,https://hh.ru/vacancy/132489633
Бариста,132868750,Бариста,ГРУППА КОМПАНИЙ МЕРИДИАН,Москва,75000.0,85000.0,80000.0,RUR,False,От 1 года до 3 лет,,,2026-05-19T13:08:42+0300,https://hh.ru/vacancy/132868750
Бариста,132875204,Бариста (SPECIAL м. Октябрьское Поле),Франшиза Спешиал,Москва,80000.0,,80000.0,RUR,False,От 1 года до 3 лет,,,2026-05-22T11:12:49+0300,https://hh.ru/vacancy/132875204
Бариста,133247507,Бариста,Coffee Ray,Москва,70000.0,120000.0,95000.0,RUR,False,От 1 года до 3 лет,,,2026-05-19T12:12:39+0300,https://hh.ru/vacancy/133247507
Бариста,133241812,Бариста в ABC COFFEE ROASTERS,Эй Би Си Кофе,Москва,90000.0,120000.0,105000.0,RUR,False,От 1 года до 3 лет,,,2026-05-22T10:55:09+0300,https://hh.ru/vacancy/133241812
Бариста,133242571,Бариста,Лидер,Москва,4200.0,,4200.0,RUR,False,От 1 года до 3 лет,,,2026-05-19T11:05:38+0300,https://hh.ru/vacancy/133242571
Бариста,133366957,Бариста (БЦ Comcity),MIXIT,Москва,110000.0,,110000.0,RUR,False,От 1 года до 3 лет,,,2026-05-21T16:28:20+0300,https://hh.ru/vacancy/133366957
Бариста,132897669,Бариста в премиальный ресторан Magritte (Novikov Group),Мани Групп,Москва,5500.0,,5500.0,RUR,False,От 1 года до 3 лет,,,2026-05-22T18:13:19+0300,https://hh.ru/vacancy/132897669
Бариста,132999167,Бариста (м. Комсомольская),ДНИ НЕДЕЛИ,Москва,84000.0,110000.0,97000.0,RUR,True,От 1 года до 3 лет,,,2026-05-21T14:15:57+0300,https://hh.ru/vacancy/132999167
Бариста,133207030,Бариста (ЖК Hide),Оператор инфраструктуры и сервисов,Москва,85000.0,,85000.0,RUR,False,От 1 года до 3 лет,,,2026-05-21T14:16:30+0300,https://hh.ru/vacancy/133207030
Бариста,133350326,Бариста (м. Нагатинская),ДНИ НЕДЕЛИ,Москва,84000.0,110000.0,97000.0,RUR,True,От 1 года до 3 лет,,,2026-05-21T12:06:38+0300,https://hh.ru/vacancy/133350326
Бариста,133323871,Бариста-кассир,Малоросское подворье,Москва,5000.0,,5000.0,RUR,False,От 1 года до 3 лет,,,2026-05-20T18:03:58+0300,https://hh.ru/vacancy/133323871
Бариста,133321734,Бариста/Бармен,КИОМИ,Москва,350.0,400.0,375.0,RUR,False,От 1 года до 3 лет,,,2026-05-20T17:08:13+0300,https://hh.ru/vacancy/133321734
Бариста,133388265,Бариста-универсал в стильное бистро Ruby,Лучшие Друзья,Москва,85000.0,103400.0,94200.0,RUR,True,От 1 года до 3 лет,,,2026-05-22T10:33:15+0300,https://hh.ru/vacancy/133388265
Бариста,133315352,Бармен-бариста,Абилванова К.Д,Москва,5000.0,,5000.0,RUR,False,От 1 года до 3 лет,,,2026-05-20T16:09:35+0300,https://hh.ru/vacancy/133315352
Бариста,133224146,Бариста,Ступников Сергей Сергеевич,Москва,84000.0,92000.0,88000.0,RUR,False,От 1 года до 3 лет,,,2026-05-18T22:46:03+0300,https://hh.ru/vacancy/133224146
Бариста,133373641,Бариста в Парк Патриот,Звезда,Москва,90000.0,120000.0,105000.0,RUR,False,От 1 года до 3 лет,,,2026-05-21T20:42:29+0300,https://hh.ru/vacancy/133373641
Бариста,133223082,Бариста,Гартвих Владимир Владимирович,Москва,70000.0,108000.0,89000.0,RUR,False,От 1 года до 3 лет,,,2026-05-18T21:12:05+0300,https://hh.ru/vacancy/133223082
Бариста,133220781,Бариста,Шайдуллина Мария Сергеевна,Москва,60000.0,120000.0,90000.0,RUR,False,От 1 года до 3 лет,,,2026-05-18T18:23:02+0300,https://hh.ru/vacancy/133220781
Бариста,133214167,Бариста,Кофейня termos,Москва,90000.0,100000.0,95000.0,RUR,False,От 1 года до 3 лет,,,2026-05-18T16:06:21+0300,https://hh.ru/vacancy/133214167
Бариста,133055005,Бариста - кассир (старший смены) в кафе-пекарню Cinnabon,"МегаГрупп, Группа компаний",Москва,69000.0,120000.0,94500.0,RUR,False,От 1 года до 3 лет,,,2026-05-22T15:43:26+0300,https://hh.ru/vacancy/133055005
Бариста,133219899,Бариста в ресторан Kalabasa,Kalabasa,Москва,85000.0,,85000.0,RUR,False,От 1 года до 3 лет,,,2026-05-21T17:55:49+0300,https://hh.ru/vacancy/133219899
Бариста,133207659,Бариста,Faberlic,Москва,75000.0,85000.0,80000.0,RUR,False,От 1 года до 3 лет,,,2026-05-18T14:26:42+0300,https://hh.ru/vacancy/133207659
Бариста,132205708,Бариста-официант,ГРУППА КОМПАНИЙ МЕРИДИАН,Москва,95000.0,,95000.0,RUR,False,От 1 года до 3 лет,,,2026-05-20T09:16:35+0300,https://hh.ru/vacancy/132205708
Бариста,132567853,Бармен-бариста в ресторан Bystro / Bartender in Bystro,Four Seasons Hotel Moscow,Москва,,,,,,От 1 года до 3 лет,,,2026-05-22T14:39:26+0300,https://hh.ru/vacancy/132567853
Бариста,133005694,Бариста (в ресторан LEA),Зубовская площадь,Москва,80000.0,,80000.0,RUR,False,От 1 года до 3 лет,,,2026-05-21T15:55:02+0300,https://hh.ru/vacancy/133005694
Бариста,133192562,Бариста,United Catering Group,Москва,68000.0,78000.0,73000.0,RUR,False,От 1 года до 3 лет,,,2026-05-18T11:00:16+0300,https://hh.ru/vacancy/133192562
Бариста,132599061,Старший бариста в кофейню при студии танцев и фитнеса 128bpm,128bpm,Москва,90000.0,110000.0,100000.0,RUR,True,От 1 года до 3 лет,,,2026-05-22T20:58:09+0300,https://hh.ru/vacancy/132599061
Бариста,132525788,"Бариста в ресторан ""Булка""",Булка,Москва,80000.0,100000.0,90000.0,RUR,False,От 1 года до 3 лет,,,2026-05-21T11:34:36+0300,https://hh.ru/vacancy/132525788
Бариста,133173274,Бариста,Вязиков Артём Юрьевич,Москва,70000.0,100000.0,85000.0,RUR,False,От 1 года до 3 лет,,,2026-05-18T02:16:57+0300,https://hh.ru/vacancy/133173274
Бариста,133173340,Бариста,Имплант Клиник Север,Москва,,5000.0,5000.0,RUR,False,От 3 до 6 лет,,,2026-05-18T02:27:08+0300,https://hh.ru/vacancy/133173340
Бариста,132897386,Бармен-бариста (м. Селигерская),Joki Joya,Москва,80000.0,,80000.0,RUR,False,От 1 года до 3 лет,,,2026-05-21T09:45:30+0300,https://hh.ru/vacancy/132897386
Бариста,133168491,Бариста,Здрасте Тагильская,Москва,300.0,320.0,310.0,RUR,False,От 1 года до 3 лет,,,2026-05-17T14:07:03+0300,https://hh.ru/vacancy/133168491
Бариста,133264404,Бармен/бариста,Тэсти,Москва,99000.0,120000.0,109500.0,RUR,False,От 1 года до 3 лет,,,2026-05-19T15:36:23+0300,https://hh.ru/vacancy/133264404
Бариста,133166993,Бариста,СмартПроект,Москва,4000.0,,4000.0,RUR,False,От 1 года до 3 лет,,,2026-05-17T10:48:03+0300,https://hh.ru/vacancy/133166993
Бариста,133251059,Кассир-бариста,Единый Русский Стиль,Москва,4000.0,7000.0,5500.0,RUR,False,От 1 года до 3 лет,,,2026-05-19T13:04:06+0300,https://hh.ru/vacancy/133251059
Бариста,133122168,Бармен (бариста),Юнит,Москва,85000.0,85000.0,85000.0,RUR,False,От 1 года до 3 лет,,,2026-05-19T10:23:10+0300,https://hh.ru/vacancy/133122168
Бариста,133160907,Бариста,Моргунова Анастасия,Москва,4000.0,,4000.0,RUR,False,От 1 года до 3 лет,,,2026-05-16T16:51:39+0300,https://hh.ru/vacancy/133160907
Бариста,133351218,Бариста в закрытую Кофейню м. Крылатское,Терехин Виталий Владимирович,Москва,90000.0,100000.0,95000.0,RUR,False,От 1 года до 3 лет,,,2026-05-21T12:16:41+0300,https://hh.ru/vacancy/133351218
Бариста,133349176,Бариста в Забыли сахар (офис Яндекс),Забыли Сахар,Москва,90000.0,,90000.0,RUR,True,От 1 года до 3 лет,,,2026-05-21T11:44:50+0300,https://hh.ru/vacancy/133349176
Бариста,132255883,Бариста,Пекарня Адвоката,Москва,90000.0,120000.0,105000.0,RUR,False,От 1 года до 3 лет,,,2026-05-16T13:21:09+0300,https://hh.ru/vacancy/132255883
Бариста,133158694,Бариста,Шеф Сомелье,Москва,350.0,400.0,375.0,RUR,False,От 1 года до 3 лет,,,2026-05-16T12:19:31+0300,https://hh.ru/vacancy/133158694
Бариста,133363854,Бариста в HQ! coffee (м. Пятницкое шоссе),HQ!,Москва,98000.0,155000.0,126500.0,RUR,False,От 1 года до 3 лет,,,2026-05-21T15:29:41+0300,https://hh.ru/vacancy/133363854
Бариста,133157167,Бариста,Козлова Екатерина Андреевна,Москва,80000.0,90000.0,85000.0,RUR,False,От 1 года до 3 лет,,,2026-05-16T09:37:15+0300,https://hh.ru/vacancy/133157167
Бариста,133222306,Бариста-кассир,Тамбовцев Михаил Владимирович,Москва,4000.0,4000.0,4000.0,RUR,False,От 1 года до 3 лет,,,2026-05-18T19:43:45+0300,https://hh.ru/vacancy/133222306
Бариста,133214257,Шеф-бариста,Легендар,Москва,80000.0,100000.0,90000.0,RUR,False,От 1 года до 3 лет,,,2026-05-18T16:07:46+0300,https://hh.ru/vacancy/133214257
Бариста,133357160,Бариста в корпоративную столовую (м. Пл. Ильича),Деловой подход,Москва,74000.0,82000.0,78000.0,RUR,False,От 1 года до 3 лет,,,2026-05-21T13:41:40+0300,https://hh.ru/vacancy/133357160
Бариста,133213500,Бариста (Молодежная),FreshCafe,Москва,97000.0,,97000.0,RUR,True,От 1 года до 3 лет,,,2026-05-18T15:54:15+0300,https://hh.ru/vacancy/133213500
Бариста,133193042,Бариста - кассир,ГБУ г. Москвы ОКЦ ВАО,Москва,90000.0,100000.0,95000.0,RUR,False,От 1 года до 3 лет,,,2026-05-18T11:06:04+0300,https://hh.ru/vacancy/133193042
Бариста,132127887,Мобильный Бариста,FreshCafe,Москва,88000.0,,88000.0,RUR,True,От 1 года до 3 лет,,,2026-05-18T10:20:06+0300,https://hh.ru/vacancy/132127887
Бариста,132578280,Бариста-официант (Сколково),FreshCafe,Москва,95000.0,,95000.0,RUR,True,От 1 года до 3 лет,,,2026-05-19T13:47:36+0300,https://hh.ru/vacancy/132578280
Бариста,133322927,"Бариста (м. Октябрьская, Парк Горького)",ЗДРАСТЕ,Москва,85000.0,,85000.0,RUR,False,От 1 года до 3 лет,,,2026-05-20T17:31:13+0300,https://hh.ru/vacancy/133322927
Бариста,133147927,Бариста,Глобальная Еда Мира,Москва,300.0,400.0,350.0,RUR,False,От 1 года до 3 лет,,,2026-05-15T16:52:53+0300,https://hh.ru/vacancy/133147927
Бариста,133255068,Бариста в ресторан,Шама Групп,Москва,75000.0,,75000.0,RUR,False,От 1 года до 3 лет,,,2026-05-19T14:04:02+0300,https://hh.ru/vacancy/133255068
Бариста,133184106,Бариста-кассир,Международный Аэропорт Внуково,Москва,82500.0,,82500.0,RUR,True,От 1 года до 3 лет,,,2026-05-18T09:26:31+0300,https://hh.ru/vacancy/133184106
Бариста,133144227,Бариста,Правительство Москвы,Москва,100000.0,,100000.0,RUR,False,От 1 года до 3 лет,,,2026-05-15T15:37:43+0300,https://hh.ru/vacancy/133144227
Бариста,133143110,Бариста,Правительство Москвы,Москва,100000.0,,100000.0,RUR,False,От 1 года до 3 лет,,,2026-05-15T15:15:31+0300,https://hh.ru/vacancy/133143110
Бариста,133123568,Бариста,Bach coffee,Москва,80000.0,110000.0,95000.0,RUR,False,От 1 года до 3 лет,,,2026-05-15T10:08:33+0300,https://hh.ru/vacancy/133123568
Бариста,133305153,"Бариста (Кофейня ""Аленка"", м. Пушкинская)",Группа Гута,Москва,100000.0,,100000.0,RUR,True,От 1 года до 3 лет,,,2026-05-20T13:45:47+0300,https://hh.ru/vacancy/133305153
Бариста,133295628,Бариста Vigge Cafe (ТЦ Ботаника),Мэлон Фэшн Груп,Москва,,,,,,От 1 года до 3 лет,,,2026-05-20T11:28:57+0300,https://hh.ru/vacancy/133295628
Бариста,133109383,Бариста,Смаль Елена Игоревна,Москва,80000.0,93000.0,86500.0,RUR,False,От 1 года до 3 лет,,,2026-05-14T20:12:30+0300,https://hh.ru/vacancy/133109383
Бариста,133324582,Бариста в бар автосалона Рольф Сити,Рестлайн,Москва,4000.0,4500.0,4250.0,RUR,False,От 1 года до 3 лет,,,2026-05-20T18:33:19+0300,https://hh.ru/vacancy/133324582
Бариста,133092651,Бариста,Глотокъ,Москва,5000.0,6000.0,5500.0,RUR,False,От 3 до 6 лет,,,2026-05-14T13:31:21+0300,https://hh.ru/vacancy/133092651
Бариста,133265712,Бариста в клинику косметологии,CLINIC DR. AIDA,Москва,,,,,,От 1 года до 3 лет,,,2026-05-19T15:56:35+0300,https://hh.ru/vacancy/133265712
Бариста,133110191,Бариста в пекарню ЗОЕ (м. Чистые пруды),Zoe The Bakery,Москва,100000.0,145000.0,122500.0,RUR,False,От 1 года до 3 лет,,,2026-05-20T21:31:31+0300,https://hh.ru/vacancy/133110191
Бариста,130014142,Бариста/Бармен (м. Войковская),ФГБУ «Национальный медицинский исследовательский центр травматологии и ортопедии имени Н.Н. Приорова» Минздрава России,Москва,100000.0,100000.0,100000.0,RUR,True,От 1 года до 3 лет,,,2026-05-19T14:18:39+0300,https://hh.ru/vacancy/130014142
Бариста,133249340,Старший бариста (м. Авиамоторная),COFIX GLOBAL,Москва,,,,,,От 1 года до 3 лет,,,2026-05-19T12:35:30+0300,https://hh.ru/vacancy/133249340
Бариста,132921980,Бариста в кафе пекарню (Новый Арбат),Волконский,Москва,80000.0,,80000.0,RUR,False,От 1 года до 3 лет,,,2026-05-20T12:48:36+0300,https://hh.ru/vacancy/132921980
Бариста,132922082,Бариста в кафе пекарню (м. Киевская),Волконский,Москва,80000.0,,80000.0,RUR,False,От 1 года до 3 лет,,,2026-05-20T12:31:20+0300,https://hh.ru/vacancy/132922082
Бариста,132729067,Бариста в кафе пекарню (ТЦ Авиапарк),Волконский,Москва,80000.0,,80000.0,RUR,True,От 1 года до 3 лет,,,2026-05-20T12:16:57+0300,https://hh.ru/vacancy/132729067
Бариста,133063558,Бариста,АВАНЕСОВА КАРИНЭ КАМАЛОВНА,Москва,80000.0,,80000.0,RUR,False,От 1 года до 3 лет,,,2026-05-13T19:07:53+0300,https://hh.ru/vacancy/133063558
Бариста,133057422,Бариста,Кадровое Агентство ОК Консалт,Москва,65000.0,80000.0,72500.0,RUR,False,От 1 года до 3 лет,,,2026-05-13T16:21:54+0300,https://hh.ru/vacancy/133057422
Бариста,133056475,Бариста,Миронов Никита Глебович,Москва,80000.0,100000.0,90000.0,RUR,False,От 1 года до 3 лет,,,2026-05-13T16:07:38+0300,https://hh.ru/vacancy/133056475
Бариста,133173685,Бариста М.Измайловская/Партизанская,CHILL HUB,Москва,350.0,350.0,350.0,RUR,False,От 1 года до 3 лет,,,2026-05-18T03:00:02+0300,https://hh.ru/vacancy/133173685
Бариста,133012113,Бариста,Бухалова Лиана Эдуардовна,Москва,3000.0,4000.0,3500.0,RUR,False,От 1 года до 3 лет,,,2026-05-12T17:48:27+0300,https://hh.ru/vacancy/133012113
Бариста,133007280,Бариста,Гарифуллина Эмина Марсельевна,Москва,4000.0,,4000.0,RUR,False,От 1 года до 3 лет,,,2026-05-12T16:18:01+0300,https://hh.ru/vacancy/133007280
Бариста,133004179,Бариста,Шульженко Наталья Александровна,Москва,4000.0,,4000.0,RUR,False,От 1 года до 3 лет,,,2026-05-12T15:29:15+0300,https://hh.ru/vacancy/133004179
Бариста,132965716,Бариста,Мульти-Фуд,Москва,70000.0,80000.0,75000.0,RUR,False,От 1 года до 3 лет,,,2026-05-12T01:09:29+0300,https://hh.ru/vacancy/132965716
Бариста,133185224,"Бариста (корпоративное кафе), Москва",Кейтеринбург,Москва,80000.0,100000.0,90000.0,RUR,False,От 1 года до 3 лет,,,2026-05-18T09:38:32+0300,https://hh.ru/vacancy/133185224
Бариста,132947974,Бариста,Dormouse,Москва,80000.0,100000.0,90000.0,RUR,True,От 1 года до 3 лет,,,2026-05-10T11:47:57+0300,https://hh.ru/vacancy/132947974
Бариста,133092950,Старший бариста,Олехнович Владимир Николаевич,Москва,75000.0,95000.0,85000.0,RUR,True,От 3 до 6 лет,,,2026-05-14T13:37:09+0300,https://hh.ru/vacancy/133092950
Бариста,133218604,Бариста в Гранд бутик «СЧАСТЬЕ» (ГУМ),Счастье,Москва,84000.0,,84000.0,RUR,False,От 1 года до 3 лет,,,2026-05-18T17:20:16+0300,https://hh.ru/vacancy/133218604
Бариста,132336966,Бариста (кафе в ТЦ Ботаника Молл),Мэлон Фэшн Груп,Москва,,,,,,От 1 года до 3 лет,,,2026-05-18T17:45:54+0300,https://hh.ru/vacancy/132336966
Бариста,132942957,Бариста,BIZ COFFEE,Москва,67500.0,84000.0,75750.0,RUR,False,От 1 года до 3 лет,,,2026-05-09T18:02:27+0300,https://hh.ru/vacancy/132942957
Бариста,133026843,Бариста-Кассир,Белатрикс (ЦО),Москва,80000.0,100000.0,90000.0,RUR,False,От 1 года до 3 лет,,,2026-05-13T09:17:11+0300,https://hh.ru/vacancy/133026843
Бариста,133029575,Бармен/Бариста,ГБУ г. Москвы ОКЦ ВАО,Москва,100000.0,,100000.0,RUR,False,От 1 года до 3 лет,,,2026-05-13T09:50:41+0300,https://hh.ru/vacancy/133029575
Бариста,133161246,Бармен / Бариста семейного ресторана,Семейное,Москва,65000.0,,65000.0,RUR,False,От 1 года до 3 лет,,,2026-05-16T17:44:00+0300,https://hh.ru/vacancy/133161246
Бариста,133015116,Бариста - бармен,Моисеев Дмитрий Игоревич,Москва,90000.0,110000.0,100000.0,RUR,False,От 1 года до 3 лет,,,2026-05-12T20:30:43+0300,https://hh.ru/vacancy/133015116
Бариста,132854931,Бариста,Fifth Avenue,Москва,450.0,,450.0,RUR,True,От 1 года до 3 лет,,,2026-05-06T17:12:54+0300,https://hh.ru/vacancy/132854931
Бариста,132957455,Кассир-бариста,Печорин Групп,Москва,95000.0,,95000.0,RUR,False,От 1 года до 3 лет,,,2026-05-11T10:54:19+0300,https://hh.ru/vacancy/132957455
Бариста,132814585,Бариста,GY Coffee,Москва,350.0,400.0,375.0,RUR,False,От 1 года до 3 лет,,,2026-05-05T20:38:19+0300,https://hh.ru/vacancy/132814585
Бариста,132813972,Бариста,Малыш Евгения Игоревна,Москва,75000.0,95000.0,85000.0,RUR,False,От 1 года до 3 лет,,,2026-05-05T19:32:01+0300,https://hh.ru/vacancy/132813972
Бариста,133111881,"Бариста (Люберцы, 8 марта)",ЗДРАСТЕ,Москва,80000.0,,80000.0,RUR,False,От 1 года до 3 лет,,,2026-05-15T02:15:23+0300,https://hh.ru/vacancy/133111881
Бариста,131344536,Бариста (ЖК Зиларт),ЗДРАСТЕ,Москва,90000.0,,90000.0,RUR,False,От 1 года до 3 лет,,,2026-05-13T13:52:22+0300,https://hh.ru/vacancy/131344536
Бариста,133162918,"Рекрутёр на массовый подбор (продавцы, бариста)",Дон Кофеоне,Москва,70000.0,105000.0,87500.0,RUR,False,От 3 до 6 лет,,,2026-05-16T21:37:27+0300,https://hh.ru/vacancy/133162918
Бариста,132762653,Бариста,Урбан Ростер,Москва,100000.0,150000.0,125000.0,RUR,False,От 1 года до 3 лет,,,2026-05-04T19:06:49+0300,https://hh.ru/vacancy/132762653
Бариста,132477997,"Бариста в ГУМ (Кафе ""Простоквашино"")",Bosco di Ciliegi,Москва,,,,,,От 1 года до 3 лет,,,2026-05-15T18:51:07+0300,https://hh.ru/vacancy/132477997
Бариста,132729041,Бариста,Янкины Булки,Москва,,60000.0,60000.0,RUR,False,От 1 года до 3 лет,,,2026-05-04T10:59:09+0300,https://hh.ru/vacancy/132729041
Бариста,133091394,"Бариста в кафе ""Плейс""",ОРГАНИК ГОЛЬФ,Одинцово (Московская область),75000.0,,75000.0,RUR,False,От 1 года до 3 лет,,,2026-05-14T13:08:16+0300,https://hh.ru/vacancy/133091394
Бариста,132710132,Бариста,Бейджанс,Москва,70000.0,100000.0,85000.0,RUR,True,От 1 года до 3 лет,,,2026-05-04T02:10:43+0300,https://hh.ru/vacancy/132710132
Бариста,132710070,Бариста,Сафарян Милена Кареновна,Москва,4000.0,,4000.0,RUR,False,От 1 года до 3 лет,,,2026-05-04T02:09:32+0300,https://hh.ru/vacancy/132710070
Бариста,131548847,Бариста в кофейню,Мануфактура,Москва,78000.0,,78000.0,RUR,False,От 1 года до 3 лет,,,2026-05-12T15:10:42+0300,https://hh.ru/vacancy/131548847
Бариста,132706916,Бариста,Ибрагимов Орхан,Москва,3500.0,4000.0,3750.0,RUR,False,От 1 года до 3 лет,,,2026-05-03T18:04:37+0300,https://hh.ru/vacancy/132706916
Бариста,132704143,Бариста,Фролов Илья Владимирович,Москва,4500.0,5800.0,5150.0,RUR,False,От 1 года до 3 лет,,,2026-05-03T11:29:29+0300,https://hh.ru/vacancy/132704143
Бариста,132703545,Бариста,Клейменова Анна Сергеевна,Москва,55000.0,,55000.0,RUR,False,От 1 года до 3 лет,,,2026-05-03T10:10:20+0300,https://hh.ru/vacancy/132703545
Бариста,132699587,Бариста,Кольдин Сергей Николаевич,Москва,3000.0,5000.0,4000.0,RUR,False,От 1 года до 3 лет,,,2026-05-02T19:23:57+0300,https://hh.ru/vacancy/132699587
Бариста,132416267,Бариста,ВкусВилл,Москва,62000.0,70400.0,66200.0,RUR,False,От 1 года до 3 лет,,,2026-05-02T12:10:32+0300,https://hh.ru/vacancy/132416267
Бариста,132360278,Администратор-бариста в кофейню,Кондитория РОМБАБА,Москва,86000.0,100000.0,93000.0,RUR,False,От 1 года до 3 лет,,,2026-05-13T13:58:11+0300,https://hh.ru/vacancy/132360278
Бариста,132962410,Бариста (м. Сходненская),Шамарова Татьяна Александровна,Москва,70000.0,71000.0,70500.0,RUR,False,От 1 года до 3 лет,,,2026-05-11T16:46:09+0300,https://hh.ru/vacancy/132962410
Бариста,133138169,Бариста в specialty кофейню (м. Коломенская),BREW & VIBE,Москва,60000.0,80000.0,70000.0,RUR,False,От 1 года до 3 лет,,,2026-05-15T13:54:51+0300,https://hh.ru/vacancy/133138169
Бариста,132130046,Старший бариста (м. Саларьево),COFIX GLOBAL,Москва,,,,,,От 1 года до 3 лет,,,2026-05-12T16:29:30+0300,https://hh.ru/vacancy/132130046
Бариста,133007184,Бариста/Контент-мейкер/SMM,Friendly_team,Москва,80000.0,120000.0,100000.0,RUR,False,От 1 года до 3 лет,,,2026-05-12T16:16:49+0300,https://hh.ru/vacancy/133007184
Бариста,132660080,Бариста,Mates,Москва,90000.0,120000.0,105000.0,RUR,False,От 1 года до 3 лет,,,2026-04-30T12:03:30+0300,https://hh.ru/vacancy/132660080
Бариста,132950435,Бариста в кофейню,Сикачев Максим Игоревич,Москва,70000.0,85000.0,77500.0,RUR,False,От 1 года до 3 лет,,,2026-05-10T17:24:17+0300,https://hh.ru/vacancy/132950435
Бариста,132873160,Бариста - универсал,Здрасте Кофейня (ИП Савостьянова Мария Владимировна),Зеленоград,310.0,,310.0,RUR,False,От 1 года до 3 лет,,,2026-05-07T10:38:29+0300,https://hh.ru/vacancy/132873160
Бариста,132988207,Старший бариста (м. Семеновская),COFIX GLOBAL,Москва,,,,,,От 1 года до 3 лет,,,2026-05-12T11:43:24+0300,https://hh.ru/vacancy/132988207
Бариста,132991277,Бариста в кофейню Sotto,Курник-Групп,Москва,132000.0,200000.0,166000.0,RUR,False,От 1 года до 3 лет,,,2026-05-12T12:21:14+0300,https://hh.ru/vacancy/132991277
Бариста,132293592,Бариста/Бармен в кафе фитнес-клуба,Reset Fitness,Москва,75000.0,,75000.0,RUR,True,От 1 года до 3 лет,,,2026-05-14T16:08:53+0300,https://hh.ru/vacancy/132293592
Бариста,132638969,Бариста,Сарёнок,Москва,,450.0,450.0,RUR,True,От 3 до 6 лет,,,2026-04-29T19:45:21+0300,https://hh.ru/vacancy/132638969
Бариста,133049873,Бариста в HQ! coffee (Белорусская),HQ!,Москва,98000.0,155000.0,126500.0,RUR,False,От 1 года до 3 лет,,,2026-05-13T14:28:27+0300,https://hh.ru/vacancy/133049873
Бариста,132616261,Бариста,Культурный код,Москва,80000.0,,80000.0,RUR,False,От 1 года до 3 лет,,,2026-04-29T11:22:29+0300,https://hh.ru/vacancy/132616261
Бариста,129305501,Бариста (Савеловская),FreshCafe,Москва,91000.0,,91000.0,RUR,True,От 1 года до 3 лет,,,2026-05-06T11:17:29+0300,https://hh.ru/vacancy/129305501
Бариста,132821542,Бариста Тушино,Ton coffee,Москва,70000.0,100000.0,85000.0,RUR,False,От 1 года до 3 лет,,,2026-05-06T08:01:02+0300,https://hh.ru/vacancy/132821542
Бариста,132593252,Бариста,После обсудим,Москва,70000.0,81000.0,75500.0,RUR,False,От 1 года до 3 лет,,,2026-04-28T16:53:53+0300,https://hh.ru/vacancy/132593252
Бариста,132557629,Бариста,Заднепровский Сергей Юрьевич,Москва,4000.0,5000.0,4500.0,RUR,False,От 1 года до 3 лет,,,2026-04-28T05:31:04+0300,https://hh.ru/vacancy/132557629
Бариста,132803891,Бариста-официант,Волшебнутый Кофе,Москва,82500.0,95000.0,88750.0,RUR,False,От 1 года до 3 лет,,,2026-05-05T15:37:56+0300,https://hh.ru/vacancy/132803891
Бариста,132805230,Бармен/Бариста,Бравура,Москва,4500.0,,4500.0,RUR,False,От 1 года до 3 лет,,,2026-05-05T16:04:41+0300,https://hh.ru/vacancy/132805230
Бариста,132803611,Бариста-кассир,Кулинарная студия Белый хлеб,Москва,,80000.0,80000.0,RUR,False,От 1 года до 3 лет,,,2026-05-05T15:32:59+0300,https://hh.ru/vacancy/132803611
Бариста,132531565,Бариста,Street9 Coffee,Москва,4300.0,,4300.0,RUR,False,От 1 года до 3 лет,,,2026-04-27T12:59:59+0300,https://hh.ru/vacancy/132531565
Бариста,133050024,Бариста в HQ! coffee (Мичуринский проспект),HQ!,Москва,98000.0,155000.0,126500.0,RUR,True,От 1 года до 3 лет,,,2026-05-13T14:30:18+0300,https://hh.ru/vacancy/133050024
Бариста,132131894,Бариста-официант,Карьерный центр РЕКОРД,Волгоград,80000.0,90000.0,85000.0,RUR,False,От 1 года до 3 лет,,,2026-05-05T10:50:33+0300,https://hh.ru/vacancy/132131894
Бариста,132506749,Бариста,Егорова Ирина Александровна,Москва,400.0,450.0,425.0,RUR,False,От 1 года до 3 лет,,,2026-04-27T02:03:49+0300,https://hh.ru/vacancy/132506749
Бариста,133152743,"Старший бариста / старший смены/менеджер смены в COFIX (ТЦ ""Саларис"")",Самоволькина Юлия Анатольевна,Москва,,78500.0,78500.0,RUR,True,От 1 года до 3 лет,,,2026-05-15T21:02:41+0300,https://hh.ru/vacancy/133152743
Бариста,132754603,Бармен - бариста,Парк Сказка,Москва,72000.0,,72000.0,RUR,False,От 1 года до 3 лет,,,2026-05-04T15:50:37+0300,https://hh.ru/vacancy/132754603
Бариста,132760199,Бариста/бармен,Городская Ферма,Москва,,,,,,От 1 года до 3 лет,,,2026-05-04T17:30:44+0300,https://hh.ru/vacancy/132760199
Бариста,132959682,Бариста в HQ coffee (Маяковская),HQ!,Москва,98000.0,155000.0,126500.0,RUR,False,От 1 года до 3 лет,,,2026-05-11T13:16:08+0300,https://hh.ru/vacancy/132959682
Бариста,132705165,Бариста-продавец,Сеть кофеен кондитерских Не.Спать,Зеленоград,76000.0,,76000.0,RUR,False,От 1 года до 3 лет,,,2026-05-03T13:29:11+0300,https://hh.ru/vacancy/132705165
Бариста,132852879,Бариста в Joli,italy,Москва,130000.0,,130000.0,RUR,False,От 1 года до 3 лет,,,2026-05-06T16:31:48+0300,https://hh.ru/vacancy/132852879
Бариста,132832766,Бариста (м. Смоленская),FreshCafe,Москва,116000.0,,116000.0,RUR,True,От 1 года до 3 лет,,,2026-05-06T11:08:20+0300,https://hh.ru/vacancy/132832766
Бариста,132122864,Бариста-кассир,Супермаркет Азия,Москва,72000.0,85000.0,78500.0,RUR,False,От 1 года до 3 лет,,,2026-04-30T17:01:19+0300,https://hh.ru/vacancy/132122864
Бариста,132726707,Бариста / мастер-турки,Климов Антон Валерьевич,Москва,4200.0,4200.0,4200.0,RUR,False,От 1 года до 3 лет,,,2026-05-04T10:31:55+0300,https://hh.ru/vacancy/132726707
Бариста,132633899,Бариста-официант,Фитнес-клубы XFIT,Москва,5000.0,,5000.0,RUR,True,От 1 года до 3 лет,,,2026-04-29T17:26:47+0300,https://hh.ru/vacancy/132633899
Бариста,132579276,Бариста-официант ночной (Сколково),FreshCafe,Москва,90000.0,,90000.0,RUR,True,От 1 года до 3 лет,,,2026-05-06T15:49:54+0300,https://hh.ru/vacancy/132579276
Бариста,131885176,"Бариста (м.Раменки, ЖК Настоящее)",ЗДРАСТЕ,Москва,85000.0,,85000.0,RUR,False,От 1 года до 3 лет,,,2026-05-05T10:49:27+0300,https://hh.ru/vacancy/131885176
Бариста,132131532,Бариста-официант в Москве,Карьерный центр РЕКОРД,Волгоград,75000.0,90000.0,82500.0,RUR,False,От 1 года до 3 лет,,,2026-05-05T10:50:35+0300,https://hh.ru/vacancy/132131532
Бариста,132503677,Продавец-Бариста,Корзин-ка,Москва,4000.0,4500.0,4250.0,RUR,False,От 1 года до 3 лет,,,2026-04-26T18:07:27+0300,https://hh.ru/vacancy/132503677
Бариста,132495429,Бариста-кассир,Пэпэ Центр,Москва,67500.0,90000.0,78750.0,RUR,False,От 1 года до 3 лет,,,2026-04-25T14:08:21+0300,https://hh.ru/vacancy/132495429
Бариста,132493865,Главный бариста,Клыгин Антон Александрович,Москва,60000.0,,60000.0,RUR,False,От 1 года до 3 лет,,,2026-04-25T10:47:31+0300,https://hh.ru/vacancy/132493865
Бариста,132616373,Бариста (кассир-буфетчик),Омега,Москва,75000.0,,75000.0,RUR,False,От 1 года до 3 лет,,,2026-04-29T11:24:33+0300,https://hh.ru/vacancy/132616373
Бариста,131921417,Бариста в бренд Planta Rosa,Planta Rosa,Москва,80000.0,80000.0,80000.0,RUR,False,От 1 года до 3 лет,,,2026-05-04T14:26:18+0300,https://hh.ru/vacancy/131921417
Бариста,132704437,Бариста Карлсон&Со (м. Рассказовка),Ласис Роман Александрович,Москва,60000.0,,60000.0,RUR,False,От 1 года до 3 лет,,,2026-05-03T12:01:57+0300,https://hh.ru/vacancy/132704437
Бариста,132764919,Бариста в HQ! coffee (Красная Пресня),HQ!,Москва,98000.0,155000.0,126500.0,RUR,False,От 1 года до 3 лет,,,2026-05-04T23:24:32+0300,https://hh.ru/vacancy/132764919
Бариста,132733791,Бариста в HQ! coffee (Китай-город),HQ!,Москва,95000.0,155000.0,125000.0,RUR,False,От 1 года до 3 лет,,,2026-05-04T11:46:08+0300,https://hh.ru/vacancy/132733791
Бариста,132586689,Кассир бариста в столовую,«Мульти Кейтеринг»,Москва,75000.0,90000.0,82500.0,RUR,False,От 1 года до 3 лет,,,2026-04-28T15:11:51+0300,https://hh.ru/vacancy/132586689
Бариста,129027968,"Бариста в кафе ""Плейс""",ОРГАНИК ГОЛЬФ,Москва,75000.0,,75000.0,RUR,False,От 1 года до 3 лет,,,2026-04-27T15:08:58+0300,https://hh.ru/vacancy/129027968
Бариста,132476083,Бариста-универсал в Plain,Plain (ИП Сидаравичус Эрнест Артурович),Москва,85000.0,,85000.0,RUR,False,От 1 года до 3 лет,,,2026-04-24T14:07:25+0300,https://hh.ru/vacancy/132476083
Бариста,132556093,Бариста-Кассир в Пиццерию (м. Верхние Лихоборы),Erаri-food,Москва,4000.0,7000.0,5500.0,RUR,True,От 1 года до 3 лет,,,2026-04-28T01:32:27+0300,https://hh.ru/vacancy/132556093
Бариста,132064842,Бариста в кофейню при студии танцев и фитнеса 128bpm,128bpm,Москва,70000.0,90000.0,80000.0,RUR,False,От 1 года до 3 лет,,,2026-04-27T11:12:27+0300,https://hh.ru/vacancy/132064842
Бариста,133108159,Менеджер по продажам B2B / менеджер по работе с клиентами,BUREAU,Москва,109000.0,179000.0,144000.0,RUR,True,От 1 года до 3 лет,,,2026-05-23T19:07:07+0300,https://hh.ru/vacancy/133108159
Бариста,132634088,Повар,Кофейня Natura,Москва,95000.0,120000.0,107500.0,RUR,False,От 1 года до 3 лет,,,2026-05-23T17:34:24+0300,https://hh.ru/vacancy/132634088
Бариста,132766047,Бармен в проект в центре города NoSugar,No Sugar,Москва,100000.0,,100000.0,RUR,False,От 1 года до 3 лет,,,2026-05-23T03:10:09+0300,https://hh.ru/vacancy/132766047
Бариста,133420401,Бармен в Кафе-премиум (Кунцевская),ЗДОРОВОЕ ОТНОШЕНИЕ,Москва,130000.0,,130000.0,RUR,False,От 1 года до 3 лет,,,2026-05-23T11:45:38+0300,https://hh.ru/vacancy/133420401
Бариста,133374102,Бармен в стильное бистро Fobs,Кофе Рум,Москва,80000.0,110000.0,95000.0,RUR,False,От 1 года до 3 лет,,,2026-05-21T22:04:17+0300,https://hh.ru/vacancy/133374102
Бариста,133405840,Управляющий,Муркофе,Москва,80000.0,90000.0,85000.0,RUR,False,От 1 года до 3 лет,,,2026-05-22T15:32:13+0300,https://hh.ru/vacancy/133405840
Бариста,132916695,Продавец-кассир авторских десертов,COOKlinova pastry,Москва,80000.0,120000.0,100000.0,RUR,False,От 1 года до 3 лет,,,2026-05-23T11:31:44+0300,https://hh.ru/vacancy/132916695
Бариста,133407287,Старший бармен (Фитнес-клуб),Группа компаний La Salute,Москва,80000.0,,80000.0,RUR,False,От 1 года до 3 лет,,,2026-05-22T16:02:51+0300,https://hh.ru/vacancy/133407287
Бариста,133414145,Кассир,Додо Пицца (ООО ДП Крыло),Москва,85000.0,110000.0,97500.0,RUR,False,От 1 года до 3 лет,,,2026-05-22T20:08:45+0300,https://hh.ru/vacancy/133414145
Бариста,133093533,"Менеджер по оптовым продажам B2B (HoReCa, замороженные соки)",Айс Фреш,Москва,150000.0,200000.0,175000.0,RUR,False,От 3 до 6 лет,,,2026-05-23T13:50:03+0300,https://hh.ru/vacancy/133093533
Бариста,132612973,Менеджер по работе с маркетплейсом Ozon,Бариста-лтд.ру,Москва,150000.0,250000.0,200000.0,RUR,True,От 1 года до 3 лет,,,2026-04-29T10:31:13+0300,https://hh.ru/vacancy/132612973
Бариста,133393961,Продавец-кассир в пекарню,Гринькин Андрей Петрович,Москва,5500.0,6000.0,5750.0,RUR,False,От 1 года до 3 лет,,,2026-05-22T12:08:55+0300,https://hh.ru/vacancy/133393961
Бариста,133253335,Бармен,Венская Сказка,Москва,5500.0,,5500.0,RUR,False,От 1 года до 3 лет,,,2026-05-22T13:36:17+0300,https://hh.ru/vacancy/133253335
Бариста,132500197,Руководитель отдела персонала / Начальник HR-отдела (массовый подбор в аутсорсе),Ваши Люди,Москва,100000.0,200000.0,150000.0,RUR,False,От 3 до 6 лет,,,2026-05-23T10:06:06+0300,https://hh.ru/vacancy/132500197
Бариста,133403769,Бар-шеф,Бердиев Сармат Вадимович,Москва,30000.0,,30000.0,RUR,False,От 1 года до 3 лет,,,2026-05-22T14:53:01+0300,https://hh.ru/vacancy/133403769
Бариста,131743450,Бармен на летнюю террасу / Bartender,Four Seasons Hotel Moscow,Москва,,,,,,От 1 года до 3 лет,,,2026-05-22T14:38:54+0300,https://hh.ru/vacancy/131743450
Бариста,133007091,Официант в Osteria Unica,БАЗИС,Москва,180000.0,200000.0,190000.0,RUR,False,От 1 года до 3 лет,,,2026-05-21T16:15:34+0300,https://hh.ru/vacancy/133007091
Бариста,133363883,Специалист по закупкам в общепит (StoreHouse),Звезда,Москва,150000.0,,150000.0,RUR,False,От 1 года до 3 лет,,,2026-05-21T15:30:23+0300,https://hh.ru/vacancy/133363883
Бариста,133241401,Менеджер по подбору персонала,Спектр,Москва,70000.0,100000.0,85000.0,RUR,False,От 1 года до 3 лет,,,2026-05-22T10:49:02+0300,https://hh.ru/vacancy/133241401
Бариста,132885378,Старший рекрутер на массовый найм в Дринкит,Дринкит сеть кофеен,Москва,,,,,,От 1 года до 3 лет,,,2026-05-22T14:03:39+0300,https://hh.ru/vacancy/132885378
Бариста,133398705,Менеджер по подбору персонала,Новые Традиции,Москва,,50000.0,50000.0,RUR,False,От 1 года до 3 лет,,,2026-05-22T13:19:29+0300,https://hh.ru/vacancy/133398705
Бариста,133269792,Смм маркетолог,Зацепи Груп,Москва,,,,,,От 1 года до 3 лет,,,2026-05-22T17:11:04+0300,https://hh.ru/vacancy/133269792
Бариста,132585528,Официант (Москва),Кофейня Natura,Москва,85000.0,100000.0,92500.0,RUR,False,От 1 года до 3 лет,,,2026-05-22T14:56:13+0300,https://hh.ru/vacancy/132585528
Бариста,133372954,Технолог напитков,Шмелев Максим Андреевич,Москва,10000.0,50000.0,30000.0,RUR,False,От 1 года до 3 лет,,,2026-05-21T19:13:29+0300,https://hh.ru/vacancy/133372954
Бариста,133314865,Бармен в фитнес-клуб,ФК МАНХЭТТЕН,Москва,80000.0,110000.0,95000.0,RUR,False,От 1 года до 3 лет,,,2026-05-20T16:07:07+0300,https://hh.ru/vacancy/133314865
Бариста,133001735,Менеджер по подбору персонала,SKY GROUP,Москва,70000.0,100000.0,85000.0,RUR,False,От 1 года до 3 лет,,,2026-05-21T14:55:04+0300,https://hh.ru/vacancy/133001735
Бариста,133214361,Администратор-кассир (корнер в Фудмолле ДЕПО),Mamma Mia,Москва,88000.0,115000.0,101500.0,RUR,False,От 1 года до 3 лет,,,2026-05-18T16:09:07+0300,https://hh.ru/vacancy/133214361
Бариста,133132411,Делопроизводитель,Ван Груп Компани,Москва,90000.0,,90000.0,RUR,False,От 1 года до 3 лет,,,2026-05-21T12:20:26+0300,https://hh.ru/vacancy/133132411
Бариста,133325485,Бармен-официан,IFK Hotel Management,Москва,96000.0,,96000.0,RUR,True,От 1 года до 3 лет,,,2026-05-20T19:33:01+0300,https://hh.ru/vacancy/133325485
Бариста,133008162,Менеджер кофейни,Coffee bean,Москва,80000.0,110000.0,95000.0,RUR,False,От 1 года до 3 лет,,,2026-05-21T16:32:32+0300,https://hh.ru/vacancy/133008162
Бариста,132936510,Менеджер по закупкам,BUREAU,Москва,150000.0,183000.0,166500.0,RUR,True,От 3 до 6 лет,,,2026-05-20T23:05:44+0300,https://hh.ru/vacancy/132936510
Бариста,131967068,"HRBP, HRG, HRD, региональный HR",Сеть кофеен Шоколадница,Москва,,,,,,От 1 года до 3 лет,,,2026-05-20T18:16:48+0300,https://hh.ru/vacancy/131967068
Бариста,131817866,Специалист по сервису (Путинковский переулок 5),Лига Ставок,Москва,75000.0,100000.0,87500.0,RUR,True,От 1 года до 3 лет,,,2026-05-18T11:20:02+0300,https://hh.ru/vacancy/131817866
Бариста,133146528,Бармен,Гонзо,Москва,75000.0,90000.0,82500.0,RUR,True,От 1 года до 3 лет,,,2026-05-15T16:23:06+0300,https://hh.ru/vacancy/133146528
Бариста,133272679,Менеджер по развитию,"МАГНИТ, Розничная сеть",Москва,,,,,,От 1 года до 3 лет,,,2026-05-19T18:35:59+0300,https://hh.ru/vacancy/133272679
Бариста,133217570,Менеджер отдела оптовых продаж,Артпласт,Москва,120000.0,,120000.0,RUR,True,От 1 года до 3 лет,,,2026-05-18T17:02:17+0300,https://hh.ru/vacancy/133217570
Бариста,133251848,Менеджер бизнес проектов,Бакарди Рус,Москва,,,,,,Более 6 лет,,,2026-05-19T13:13:39+0300,https://hh.ru/vacancy/133251848
Бариста,133152243,Торговый представитель/амбассадор бренда спешелти кофе Adept,Дагаев Дмитрий Викторович,Москва,120000.0,180000.0,150000.0,RUR,True,От 1 года до 3 лет,,,2026-05-15T20:06:16+0300,https://hh.ru/vacancy/133152243
Бариста,133052226,Старший смены кофейни (м. Павелецкая),COFIX GLOBAL,Москва,,,,,,От 1 года до 3 лет,,,2026-05-13T15:02:39+0300,https://hh.ru/vacancy/133052226
Бариста,133246675,Специалист отдела пополнения РЦ товарами категории ФРОВ,"МАГНИТ, Розничная сеть",Москва,100000.0,,100000.0,RUR,True,От 1 года до 3 лет,,,2026-05-19T12:02:11+0300,https://hh.ru/vacancy/133246675
Бариста,133094805,Бармен,Усадьба Бушарино,Москва,90000.0,,90000.0,RUR,False,От 1 года до 3 лет,,,2026-05-14T14:11:07+0300,https://hh.ru/vacancy/133094805
Бариста,132897500,Бармен,Чернышова Юлия Ивановна,Москва,4000.0,4000.0,4000.0,RUR,False,От 1 года до 3 лет,,,2026-05-07T18:08:21+0300,https://hh.ru/vacancy/132897500
Бариста,133091087,Бармен,Торговый Дом Альянс,Москва,5500.0,,5500.0,RUR,False,От 1 года до 3 лет,,,2026-05-14T13:03:27+0300,https://hh.ru/vacancy/133091087
Бариста,132815572,Бармен-кальянщик,Торонто,Москва,80000.0,120000.0,100000.0,RUR,True,От 1 года до 3 лет,,,2026-05-05T21:56:57+0300,https://hh.ru/vacancy/132815572
Бариста,133131167,Маркетолог,Правда Кофе (ООО Кофе Плюс),Москва,,,,,,От 1 года до 3 лет,,,2026-05-15T12:04:03+0300,https://hh.ru/vacancy/133131167
Бариста,133034699,Территориальный управляющий сетью кофеен Glitch Coffee,Glitch Coffee,Москва,,150000.0,150000.0,RUR,False,От 1 года до 3 лет,,,2026-05-13T10:52:24+0300,https://hh.ru/vacancy/133034699
Бариста,133017548,"Менеджер по продажам / BDM (HoReCa, Retail, сети АЗС)",Дринкикс,Москва,150000.0,,150000.0,RUR,False,От 3 до 6 лет,,,2026-05-13T02:03:59+0300,https://hh.ru/vacancy/133017548
Бариста,132694767,Администратор кофеен,Дон Кофеоне,Москва,,,,,,От 1 года до 3 лет,,,2026-05-02T06:23:08+0300,https://hh.ru/vacancy/132694767
Бариста,132737137,Бармен-кассир,Каракетов Арсен Владимирович,Москва,72000.0,90000.0,81000.0,RUR,False,От 1 года до 3 лет,,,2026-05-04T12:26:39+0300,https://hh.ru/vacancy/132737137
Бариста,132629580,Бармен Летней площадки Bosco cafe (ГУМ),Bosco di Ciliegi,Москва,75000.0,110000.0,92500.0,RUR,True,От 1 года до 3 лет,,,2026-04-29T15:47:08+0300,https://hh.ru/vacancy/132629580
Бариста,133012795,Инженер по эксплуатации,"МАГНИТ, Розничная сеть",Москва,,,,,,От 1 года до 3 лет,,,2026-05-12T18:08:25+0300,https://hh.ru/vacancy/133012795
Бариста,132812409,Менеджер ресторана,ТОСТИ,Москва,90000.0,120000.0,105000.0,RUR,True,От 1 года до 3 лет,,,2026-05-05T18:11:15+0300,https://hh.ru/vacancy/132812409
Бариста,132746962,"Официант (м. Потапово, ЖК Бунинские луга)",ЗДРАСТЕ,Москва,80000.0,,80000.0,RUR,False,От 1 года до 3 лет,,,2026-05-04T14:13:25+0300,https://hh.ru/vacancy/132746962
Бариста,130806254,Администратор,Правительство Москвы,Москва,90000.0,120000.0,105000.0,RUR,False,От 1 года до 3 лет,,,2026-05-04T10:38:22+0300,https://hh.ru/vacancy/130806254
Бариста,132883970,Бармен в семейный ресторан Hello park (ТЦ Авиапарк),Hello Park ( ООО Сова),Москва,115000.0,,115000.0,RUR,True,От 1 года до 3 лет,,,2026-05-07T13:41:55+0300,https://hh.ru/vacancy/132883970
Бариста,131960170,Менеджер в магазин-кафе здоровых продуктов «Амбар»,ОРГАНИК ГОЛЬФ,Москва,75000.0,,75000.0,RUR,False,От 1 года до 3 лет,,,2026-05-03T16:01:49+0300,https://hh.ru/vacancy/131960170
Бариста,132797476,Официант в кофейню Здрасте (метро Филатов луг),Борисова Валентина Витальевна,Москва,60000.0,,60000.0,RUR,False,От 1 года до 3 лет,,,2026-05-05T14:20:28+0300,https://hh.ru/vacancy/132797476
Бариста,132550453,Территориальный управляющий сетью кофеен,МИР ВЕНДИНГА,Москва,200000.0,,200000.0,RUR,False,От 3 до 6 лет,,,2026-04-27T17:50:10+0300,https://hh.ru/vacancy/132550453
Бариста,132729433,Администратор Лаки Кинг (Зеленоград),ФудСтайл,Зеленоград,80000.0,,80000.0,RUR,False,От 1 года до 3 лет,,,2026-05-04T11:03:42+0300,https://hh.ru/vacancy/132729433
Бариста,132800446,Junior Account Manager (Digital),DV Group,Москва,80000.0,90000.0,85000.0,RUR,False,От 1 года до 3 лет,,,2026-05-05T14:57:48+0300,https://hh.ru/vacancy/132800446
Бариста,131494514,Менеджер по работе с партнёрами (Auto-ID и роботизация),Райт Скан,Москва,,,,,,От 1 года до 3 лет,,,2026-05-08T11:16:37+0300,https://hh.ru/vacancy/131494514
Бариста,131495068,Менеджер по работе с партнёрами (Auto-ID и роботизация) СНГ и Турция,Райт Скан,Москва,,,,,,От 3 до 6 лет,,,2026-05-08T11:16:29+0300,https://hh.ru/vacancy/131495068
Бариста,132898170,Кофе-леди/кофе-мен в офис,Т-Банк,Москва,,,,,,От 1 года до 3 лет,,,2026-05-07T18:24:43+0300,https://hh.ru/vacancy/132898170
Бариста,132523881,Менеджер по закупкам / снабженец,Бекимова Диана Юрьевна,Москва,120000.0,,120000.0,RUR,False,От 1 года до 3 лет,,,2026-04-27T11:06:19+0300,https://hh.ru/vacancy/132523881
Бариста,131493696,Менеджер по развитию проектных продаж (Auto-ID и роботизация),Райт Скан,Москва,,,,,,От 3 до 6 лет,,,2026-05-08T11:16:42+0300,https://hh.ru/vacancy/131493696
Бариста,132698570,Менеджер бутика / Sales-консультант (Патриаршие пруды),Лук,Москва,120000.0,,120000.0,RUR,True,От 1 года до 3 лет,,,2026-05-02T15:52:34+0300,https://hh.ru/vacancy/132698570
Бариста,132615694,Менеджер по продажам B2B,Бекимова Диана Юрьевна,Москва,120000.0,,120000.0,RUR,False,От 1 года до 3 лет,,,2026-04-29T11:12:07+0300,https://hh.ru/vacancy/132615694
Бариста,132750993,Бармен (Камчатка),Голубая лагуна,Москва,80000.0,,80000.0,RUR,False,От 1 года до 3 лет,,,2026-05-04T15:14:16+0300,https://hh.ru/vacancy/132750993
Бариста,131106889,Менеджер по массовому подбору персонала,ВкусВилл,Москва,100000.0,,100000.0,RUR,False,От 1 года до 3 лет,,,2026-05-06T14:47:12+0300,https://hh.ru/vacancy/131106889
Бариста,132786911,Senior PR-менеджер,DV Group,Москва,130000.0,150000.0,140000.0,RUR,False,От 3 до 6 лет,,,2026-05-05T12:16:29+0300,https://hh.ru/vacancy/132786911
Бариста,132594857,Графический дизайнер,Райт Скан,Москва,,,,,,От 3 до 6 лет,,,2026-04-28T17:31:04+0300,https://hh.ru/vacancy/132594857
Бариста,132543407,Официант,22 Чувства,Москва,300.0,,300.0,RUR,False,От 1 года до 3 лет,,,2026-04-27T15:42:07+0300,https://hh.ru/vacancy/132543407
Бариста,132550281,Кофе-леди/кофе-мен офиса,Т-Банк,Москва,,,,,,От 1 года до 3 лет,,,2026-04-27T17:44:08+0300,https://hh.ru/vacancy/132550281
Бариста,132550418,Старшая кофе-леди/кофе-мен офиса,Т-Банк,Москва,,,,,,От 1 года до 3 лет,,,2026-04-27T17:48:40+0300,https://hh.ru/vacancy/132550418
Бариста,132572099,Территориальный управляющий (сеть кофеен с готовой едой),Лаборатория Еды,Москва,,,,,,От 3 до 6 лет,,,2026-04-28T11:13:58+0300,https://hh.ru/vacancy/132572099
Бариста,132475066,Специалист по работе с ключевыми клиентами (KAE/Key Account Executive),Бакарди Рус,Москва,,,,,,От 1 года до 3 лет,,,2026-04-24T13:52:25+0300,https://hh.ru/vacancy/132475066
Бариста,132595335,Руководитель функции финансов (Supply Chain и контрактное производство),Бакарди Рус,Москва,,,,,,Более 6 лет,,,2026-04-28T17:46:47+0300,https://hh.ru/vacancy/132595335
Бариста,132475026,Специалист по планированию поставок,Бакарди Рус,Москва,,,,,,От 1 года до 3 лет,,,2026-04-24T13:51:17+0300,https://hh.ru/vacancy/132475026
Бариста,132942442,Бариста,Варданян Нарек Хачикович,Москва,75000.0,110000.0,92500.0,RUR,False,От 1 года до 3 лет,,,2026-05-21T16:09:31+0300,https://hh.ru/vacancy/132942442
Бариста,130981771,Бариста (Новослободская),FreshCafe,Москва,91000.0,,91000.0,RUR,True,От 1 года до 3 лет,,,2026-04-25T23:57:14+0300,https://hh.ru/vacancy/130981771
Бариста,131139782,Бариста (Москва сити),FreshCafe,Москва,91000.0,,91000.0,RUR,True,От 1 года до 3 лет,,,2026-04-25T23:56:53+0300,https://hh.ru/vacancy/131139782
Бариста,133350004,Старший смены в кофейни (м. Ясенево),COFIX GLOBAL,Москва,,,,,,От 1 года до 3 лет,,,2026-05-21T12:00:36+0300,https://hh.ru/vacancy/133350004
Бариста,132885730,Старший смены кофейни (м. Домодедовская),COFIX GLOBAL,Москва,,,,,,От 1 года до 3 лет,,,2026-05-19T11:38:28+0300,https://hh.ru/vacancy/132885730
Бариста,133272680,Менеджер по развитию,"МАГНИТ, Розничная сеть",Подольск (Московская область),,,,,,От 1 года до 3 лет,,,2026-05-19T18:35:59+0300,https://hh.ru/vacancy/133272680
Бариста,133272681,Менеджер по развитию,"МАГНИТ, Розничная сеть",Домодедово (Московская область),,,,,,От 1 года до 3 лет,,,2026-05-19T18:35:59+0300,https://hh.ru/vacancy/133272681
Бариста,133272682,Менеджер по развитию,"МАГНИТ, Розничная сеть",Люберцы  (Московская область),,,,,,От 1 года до 3 лет,,,2026-05-19T18:35:59+0300,https://hh.ru/vacancy/133272682
Бариста,133272683,Менеджер по развитию,"МАГНИТ, Розничная сеть",Одинцово (Московская область),,,,,,От 1 года до 3 лет,,,2026-05-19T18:35:59+0300,https://hh.ru/vacancy/133272683
Бариста,133272684,Менеджер по развитию,"МАГНИТ, Розничная сеть",Видное (Московская область),,,,,,От 1 года до 3 лет,,,2026-05-19T18:35:59+0300,https://hh.ru/vacancy/133272684
Бариста,132644613,Специалист по закупкам в общепит (StoreHouse),Звезда,Москва,150000.0,,150000.0,RUR,False,От 1 года до 3 лет,,,2026-04-30T03:21:57+0300,https://hh.ru/vacancy/132644613
Бариста,132638210,Официант-бармен,БАХЕТ,Москва,80000.0,,80000.0,RUR,False,От 1 года до 3 лет,,,2026-05-23T19:11:24+0300,https://hh.ru/vacancy/132638210
Бариста,132927848,Бармен в кафе Dizengof/99 (метро Белорусская),Dizengof99,Москва,100000.0,,100000.0,RUR,False,От 1 года до 3 лет,,,2026-05-23T15:09:17+0300,https://hh.ru/vacancy/132927848
Бариста,132887165,Бармен,ДжиСи Компани,Москва,90000.0,110000.0,100000.0,RUR,False,От 1 года до 3 лет,,,2026-05-22T14:33:42+0300,https://hh.ru/vacancy/132887165
Бариста,133398634,Бармен,Татма,Москва,4600.0,,4600.0,RUR,False,От 1 года до 3 лет,,,2026-05-22T13:18:15+0300,https://hh.ru/vacancy/133398634
Бариста,132875887,Бармен,КРОКУС,Москва,85000.0,,85000.0,RUR,False,От 1 года до 3 лет,,,2026-05-22T11:21:37+0300,https://hh.ru/vacancy/132875887
Бариста,132786302,Бармен в ресторан (м. Баррикадная),Ресторанная группа Тигрус,Москва,100000.0,,100000.0,RUR,True,Нет опыта,,,2026-05-23T12:09:16+0300,https://hh.ru/vacancy/132786302
Бариста,133368434,Бармен,Арт-кафе ДуровЪ,Москва,3500.0,5000.0,4250.0,RUR,False,От 1 года до 3 лет,,,2026-05-21T17:02:48+0300,https://hh.ru/vacancy/133368434
Бариста,132495146,Бармен-кассир,Даниелян Мария,Москва,5500.0,5500.0,5500.0,RUR,False,От 1 года до 3 лет,,,2026-05-22T13:25:55+0300,https://hh.ru/vacancy/132495146
Бариста,132434752,Бармен в ресторан Остерия Марио (м. Университет),Ресторанная группа Тигрус,Москва,4200.0,5000.0,4600.0,RUR,False,Нет опыта,,,2026-05-23T13:47:41+0300,https://hh.ru/vacancy/132434752
Бариста,132004722,Бармен-универсал в греческий ресторан Papandopulo,KLICH,Москва,110000.0,120000.0,115000.0,RUR,False,От 1 года до 3 лет,,,2026-05-23T10:44:52+0300,https://hh.ru/vacancy/132004722
Бариста,133303101,Бармен в ресторан Osteria Mario (ТРЦ Павелецкая плаза),Ресторанный Холдинг Диадема,Москва,90000.0,,90000.0,RUR,False,Нет опыта,,,2026-05-23T13:13:27+0300,https://hh.ru/vacancy/133303101
Бариста,133401163,Бармен в рестопаб,Pub Life Group,Москва,100000.0,,100000.0,RUR,False,От 1 года до 3 лет,,,2026-05-22T14:01:36+0300,https://hh.ru/vacancy/133401163
Бариста,133008712,Бармен-кассир в кафе Хачапури и вино,Хачапури и вино,Москва,90000.0,120000.0,105000.0,RUR,False,От 1 года до 3 лет,,,2026-05-21T16:42:46+0300,https://hh.ru/vacancy/133008712
Бариста,132729296,"Бармен в ресторан ""Шануар""",Maison DELLOS,Москва,100000.0,130000.0,115000.0,RUR,False,От 1 года до 3 лет,,,2026-05-22T15:30:56+0300,https://hh.ru/vacancy/132729296
Бариста,133214017,Бармен-официант,Фитнес-клуб ОнегинЪ,Москва,100000.0,,100000.0,RUR,False,От 1 года до 3 лет,,,2026-05-21T16:03:37+0300,https://hh.ru/vacancy/133214017
Бариста,133356541,Бармен-кассир,Eat Out,Москва,5500.0,,5500.0,RUR,False,От 1 года до 3 лет,,,2026-05-21T13:31:10+0300,https://hh.ru/vacancy/133356541
Бариста,133392523,"Бармен в ресторан ""Rink""",ОРГАНИК ГОЛЬФ,Москва,100000.0,,100000.0,RUR,False,От 1 года до 3 лет,,,2026-05-22T11:44:41+0300,https://hh.ru/vacancy/133392523
Бариста,133222074,Менеджер кофейни,Екатерина Вторая,Москва,120000.0,,120000.0,RUR,False,От 3 до 6 лет,,,2026-05-21T19:21:48+0300,https://hh.ru/vacancy/133222074
Бариста,132979635,Бармен-официант,КОВЕТА,Москва,70000.0,,70000.0,RUR,False,От 1 года до 3 лет,,,2026-05-20T13:11:55+0300,https://hh.ru/vacancy/132979635
Бариста,133239480,Старший бармен-кассир в Кафе,Bosco di Ciliegi,Москва,,,,,,От 1 года до 3 лет,,,2026-05-19T10:24:32+0300,https://hh.ru/vacancy/133239480
Бариста,132724101,Бармен в ресторан Остерия Марио (м. Баррикадная),Ресторанная группа Тигрус,Москва,6800.0,7800.0,7300.0,RUR,False,Нет опыта,,,2026-05-22T10:05:24+0300,https://hh.ru/vacancy/132724101
Бариста,132947565,"Бармен в семейный ресторан ""АндерСон"" (ст.м. Шелепиха)",ВкусВилл,Москва,80000.0,,80000.0,RUR,False,Нет опыта,,,2026-05-22T10:59:28+0300,https://hh.ru/vacancy/132947565
Бариста,133248132,Кассир-Бармен в Стрит Фуд Кафе,Jobers,Москва,88000.0,110000.0,99000.0,RUR,False,От 1 года до 3 лет,,,2026-05-19T12:18:46+0300,https://hh.ru/vacancy/133248132
Бариста,131309178,Бармен-кассир в Кафе (ТД ГУМ),Bosco di Ciliegi,Москва,,,,,,От 1 года до 3 лет,,,2026-05-19T10:29:32+0300,https://hh.ru/vacancy/131309178
Бариста,129355356,Бармен в ресторан Остерия Марио и Швили (м. Саларьево),Ресторанная группа Тигрус,Москва,3800.0,5200.0,4500.0,RUR,False,Нет опыта,,,2026-05-22T12:30:19+0300,https://hh.ru/vacancy/129355356
Бариста,132947549,"Бармен в семейный ресторан ""АндерСон"" (ст.м. Ломоносовский проспект)",ВкусВилл,Москва,70000.0,,70000.0,RUR,False,Нет опыта,,,2026-05-22T10:53:38+0300,https://hh.ru/vacancy/132947549
Бариста,133294710,Кассир-бармен в кафе-столовую Prime Mart Caffe (м. Поклонная),Лампа,Москва,71000.0,,71000.0,RUR,False,Нет опыта,,,2026-05-20T11:16:30+0300,https://hh.ru/vacancy/133294710
Бариста,132567754,Бармен в ресторан Остерия Марио (ТЦ Мега Белая дача),Ресторанная группа Тигрус,Москва,4500.0,5200.0,4850.0,RUR,False,От 1 года до 3 лет,,,2026-05-22T10:06:24+0300,https://hh.ru/vacancy/132567754
Бариста,133255971,Бармен-кассир,Osteria Mario,Москва,80000.0,110000.0,95000.0,RUR,False,Нет опыта,,,2026-05-19T14:15:24+0300,https://hh.ru/vacancy/133255971
Бариста,133307895,"Помощник бармена в ресторан ""Forum""",ОРГАНИК ГОЛЬФ,Москва,75000.0,,75000.0,RUR,False,Нет опыта,,,2026-05-20T14:28:15+0300,https://hh.ru/vacancy/133307895
Бариста,131824999,Бармен на контактный бар в ресторан Остерия Марио (м. Новокузнецкая ),Ресторанная группа Тигрус,Москва,6000.0,,6000.0,RUR,False,От 1 года до 3 лет,,,2026-05-21T15:42:36+0300,https://hh.ru/vacancy/131824999
Бариста,133221955,Менеджер кафе-бара,Квартира 44,Москва,3500.0,4000.0,3750.0,RUR,False,От 1 года до 3 лет,,,2026-05-18T19:09:45+0300,https://hh.ru/vacancy/133221955
Бариста,132963844,"Бармен в ресторан ""Казбек""",Maison DELLOS,Москва,140000.0,,140000.0,RUR,False,Нет опыта,,,2026-05-19T10:45:21+0300,https://hh.ru/vacancy/132963844
Бариста,133206757,Кассир в кафе,Мята Lounge Аэробус,Москва,4000.0,4500.0,4250.0,RUR,False,От 1 года до 3 лет,,,2026-05-18T14:12:57+0300,https://hh.ru/vacancy/133206757
Бариста,133303338,Бармен в ресторан при Гольф Клубе (Клубный дом),ОРГАНИК ГОЛЬФ,Москва,100000.0,,100000.0,RUR,False,От 1 года до 3 лет,,,2026-05-20T13:16:43+0300,https://hh.ru/vacancy/133303338
Бариста,133161151,"Помощник бармена в ресторан ""Rink""",ОРГАНИК ГОЛЬФ,Москва,75000.0,,75000.0,RUR,False,Нет опыта,,,2026-05-16T17:35:17+0300,https://hh.ru/vacancy/133161151
Бариста,133005384,Менеджер в Кофейню (м. Театральная/ Площадь Революции),Винегрет кафе,Москва,90000.0,,90000.0,RUR,False,От 1 года до 3 лет,,,2026-05-18T12:13:06+0300,https://hh.ru/vacancy/133005384
Бариста,133149324,"Бармен в проект ""Пешка""",Столик на одного,Москва,,120000.0,120000.0,RUR,False,От 1 года до 3 лет,,,2026-05-15T17:22:46+0300,https://hh.ru/vacancy/133149324
Бариста,132949227,Старший бармен,Хорека,Москва,130000.0,150000.0,140000.0,RUR,True,От 3 до 6 лет,,,2026-05-10T14:46:29+0300,https://hh.ru/vacancy/132949227
Бариста,132698619,Бармен,Дадаева Мария,Москва,3000.0,3500.0,3250.0,RUR,False,От 3 до 6 лет,,,2026-05-02T16:01:37+0300,https://hh.ru/vacancy/132698619
Бариста,132644286,Бармен,Кафе Кусочки,Москва,110000.0,140000.0,125000.0,RUR,False,От 1 года до 3 лет,,,2026-04-30T02:04:38+0300,https://hh.ru/vacancy/132644286
Бариста,132868455,Бармен-официант,Дон Диего,Москва,350.0,600.0,475.0,RUR,False,От 1 года до 3 лет,,,2026-05-07T09:14:43+0300,https://hh.ru/vacancy/132868455
Бариста,132497380,Бармен,Кафе Пушкарёв,Москва,,4800.0,4800.0,RUR,False,От 1 года до 3 лет,,,2026-04-25T20:20:37+0300,https://hh.ru/vacancy/132497380
Бариста,133050625,Бармен-кассир в ресторан Кофемания BEZ TARELOK,Кофемания,Москва,,80000.0,80000.0,RUR,False,Нет опыта,,,2026-05-13T14:39:09+0300,https://hh.ru/vacancy/133050625
Бариста,132485296,Бармен,ПРОЕКТ,Москва,400.0,400.0,400.0,RUR,False,От 1 года до 3 лет,,,2026-04-24T17:04:41+0300,https://hh.ru/vacancy/132485296
Бариста,131765645,"Бармен в кафе ""Переделкино. Дом творчества писателей""",ОРГАНИК ГОЛЬФ,Москва,85500.0,,85500.0,RUR,False,От 1 года до 3 лет,,,2026-04-29T09:37:59+0300,https://hh.ru/vacancy/131765645
Бариста,130527451,"Бармен в ресторан ""Forum""",ОРГАНИК ГОЛЬФ,Москва,100000.0,,100000.0,RUR,False,От 1 года до 3 лет,,,2026-05-05T15:41:44+0300,https://hh.ru/vacancy/130527451
Бариста,132692329,"Бармен-кассир (г. Москва, ст. м. Белорусская)",Департамент Ф53,Москва,90000.0,,90000.0,RUR,True,Нет опыта,,,2026-05-01T20:10:24+0300,https://hh.ru/vacancy/132692329
Бариста,132677174,"Бармен-кассир (г. Москва, ст. м. Чистые пруды)",Департамент Ф53,Москва,90000.0,,90000.0,RUR,True,Нет опыта,,,2026-04-30T17:12:27+0300,https://hh.ru/vacancy/132677174
Бариста,131729951,Бармен в ресторан «Marta’s Deli»,ОРГАНИК ГОЛЬФ,Москва,90000.0,,90000.0,RUR,False,От 1 года до 3 лет,,,2026-04-26T15:41:06+0300,https://hh.ru/vacancy/131729951
Бариста,130382682,"Бармен в ресторан при Клубном доме (Сколково, Московская обл.)",ОРГАНИК ГОЛЬФ,Одинцово (Московская область),,,,,,От 1 года до 3 лет,,,2026-04-29T09:41:06+0300,https://hh.ru/vacancy/130382682
Бариста,133218086,Инженер-конструктор,Мельниченко Юрий Владимирович,Москва,120000.0,140000.0,130000.0,RUR,False,От 1 года до 3 лет,,,2026-05-18T17:10:35+0300,https://hh.ru/vacancy/133218086
Бариста,133135583,Инженер-конструктор,Мельниченко Юрий Владимирович,Москва,130000.0,,130000.0,RUR,True,От 1 года до 3 лет,,,2026-05-15T13:11:26+0300,https://hh.ru/vacancy/133135583
Бариста,132688724,Администратор детского развлекательного комплекса,Скалалэнд Сказка,Москва,70000.0,100000.0,85000.0,RUR,False,От 1 года до 3 лет,,,2026-05-01T14:13:00+0300,https://hh.ru/vacancy/132688724
Бариста,133415559,Бармен,Мазепа Владимир Геннадьевич,Москва,50000.0,200000.0,125000.0,RUR,False,От 1 года до 3 лет,,,2026-05-22T22:01:53+0300,https://hh.ru/vacancy/133415559
Бариста,133035332,Бармен,Наш колхоз,Москва,100000.0,,100000.0,RUR,True,От 1 года до 3 лет,,,2026-05-22T11:00:48+0300,https://hh.ru/vacancy/133035332
Бариста,132656463,Бармен,Марчеллис,Москва,85000.0,100000.0,92500.0,RUR,False,От 1 года до 3 лет,,,2026-05-21T10:54:38+0300,https://hh.ru/vacancy/132656463
Бариста,132625055,Лидер кофейни Дринкит,Дринкит сеть кофеен,Москва,90000.0,,90000.0,RUR,False,От 1 года до 3 лет,,,2026-05-23T14:12:10+0300,https://hh.ru/vacancy/132625055
Бариста,132920071,Управляющий кофейни Дринкит,Дринкит сеть кофеен,Москва,90000.0,,90000.0,RUR,False,От 1 года до 3 лет,,,2026-05-23T12:31:34+0300,https://hh.ru/vacancy/132920071
Бариста,132787212,Сотрудник склада,Лемана ПРО,Москва,66000.0,94600.0,80300.0,RUR,True,Нет опыта,,,2026-05-23T12:21:47+0300,https://hh.ru/vacancy/132787212
Бариста,132917455,Техник по обслуживанию кофейни,Skuratov Coffee,Москва,60000.0,,60000.0,RUR,False,От 1 года до 3 лет,,,2026-05-23T11:42:29+0300,https://hh.ru/vacancy/132917455
Бариста,132914478,Управляющий/Заместитель управляющего кофейней,STARS COFFEE (ООО Самоцвет),Москва,,,,,,От 1 года до 3 лет,,,2026-05-23T10:44:39+0300,https://hh.ru/vacancy/132914478
Бариста,132281761,Бренд менеджер кофейного оборудования,Ред Гастро,Москва,150000.0,150000.0,150000.0,RUR,False,От 1 года до 3 лет,,,2026-05-23T10:32:25+0300,https://hh.ru/vacancy/132281761
Бариста,132631090,Лидер Управляющий кофейни Дринкит метро Новослободская,Дринкит сеть кофеен,Москва,90000.0,,90000.0,RUR,False,От 1 года до 3 лет,,,2026-05-23T16:16:11+0300,https://hh.ru/vacancy/132631090
Бариста,132625182,Управляющий кафе,Алло Пицца,Москва,,,,,,От 3 до 6 лет,,,2026-05-23T14:14:12+0300,https://hh.ru/vacancy/132625182
Бариста,133322463,Клинер/уборщца/посудомойщик в кофейню (здание Правительства РФ),rockets.coffee,Москва,83500.0,,83500.0,RUR,False,Нет опыта,,,2026-05-23T17:20:23+0300,https://hh.ru/vacancy/133322463
Бариста,133320239,Продавец-кассир в кафе,Кулинарная лавка братьев Караваевых,Москва,,120000.0,120000.0,RUR,False,Нет опыта,,,2026-05-23T16:38:25+0300,https://hh.ru/vacancy/133320239
Бариста,132617830,Региональный менеджер кафе,Дегтярева Екатерина Максимовна,Москва,,,,,,От 1 года до 3 лет,,,2026-05-23T11:52:09+0300,https://hh.ru/vacancy/132617830
Бариста,133323661,Кассир в кафе Братья Караваевы,Кулинарная лавка братьев Караваевых,Москва,,120000.0,120000.0,RUR,False,Нет опыта,,,2026-05-23T17:54:43+0300,https://hh.ru/vacancy/133323661
Бариста,133392429,Сотрудник кафе Теремок на подработку,Теремок,Москва,96340.0,144510.0,120425.0,RUR,False,Нет опыта,,,2026-05-22T11:43:00+0300,https://hh.ru/vacancy/133392429
Бариста,133079033,Помощник в Кафе,Каменев Илья Георгиевич,Москва,125000.0,142000.0,133500.0,RUR,True,Нет опыта,,,2026-05-23T10:01:20+0300,https://hh.ru/vacancy/133079033
Бариста,132792469,Бухгалтер-калькулятор в кафе,Варникова Анна Вадимовна,Москва,120000.0,150000.0,135000.0,RUR,False,От 1 года до 3 лет,,,2026-05-23T13:51:46+0300,https://hh.ru/vacancy/132792469
Бариста,133409868,Сотрудник склада,Лемана ПРО,Москва,75090.0,,75090.0,RUR,True,От 1 года до 3 лет,,,2026-05-22T16:53:29+0300,https://hh.ru/vacancy/133409868
Бариста,131984960,Техник по ремонту (сеть кафе),Stardogs (ООО Маркон),Москва,120000.0,160000.0,140000.0,RUR,False,От 3 до 6 лет,,,2026-05-23T15:56:46+0300,https://hh.ru/vacancy/131984960
Бариста,133393521,Сотрудник в кафе на летнюю подработку,Теремок,Москва,96340.0,144510.0,120425.0,RUR,False,Нет опыта,,,2026-05-22T12:16:45+0300,https://hh.ru/vacancy/133393521
Бариста,131519286,Продавец – консультант КуулКлевер Кафе (м. Царицыно),"КуулКлевер (МясновЪ, Отдохни)",Москва,115000.0,250000.0,182500.0,RUR,True,Нет опыта,,,2026-05-23T18:03:12+0300,https://hh.ru/vacancy/131519286
Бариста,132618246,Повар-универсал в кафе,Кофейня Daily Green,Москва,100000.0,130000.0,115000.0,RUR,False,От 1 года до 3 лет,,,2026-05-23T12:01:09+0300,https://hh.ru/vacancy/132618246
Бариста,132737874,Сервисный инженер (кофейное оборудование),Мамаева Ирина Анатольевна,Москва,,140000.0,140000.0,RUR,False,От 1 года до 3 лет,,,2026-05-22T12:30:49+0300,https://hh.ru/vacancy/132737874
Бариста,133311527,Директор (управляющий) кафе при спортивном клубе,Eat Out,Москва,150000.0,,150000.0,RUR,False,От 3 до 6 лет,,,2026-05-23T15:27:17+0300,https://hh.ru/vacancy/133311527
Бариста,131352901,Сотрудник кафе Крошка -Картошка,Европейские Технологии и Сервис,Москва,115000.0,,115000.0,RUR,True,Нет опыта,,,2026-05-21T16:10:28+0300,https://hh.ru/vacancy/131352901
Бариста,132502944,"Повар в Кафе-Пекарню ""Лицей"" (м. Войковская)",Кафе-пекарня Лицей,Москва,5300.0,,5300.0,RUR,False,От 1 года до 3 лет,,,2026-05-23T15:47:03+0300,https://hh.ru/vacancy/132502944
Бариста,132502952,"Повар в Кафе-Пекарню ""Лицей"" (м. Курская)",Кафе-пекарня Лицей,Москва,135000.0,,135000.0,RUR,False,От 1 года до 3 лет,,,2026-05-23T15:48:07+0300,https://hh.ru/vacancy/132502952
Бариста,133170336,Су-шеф в сеть кафе АндерСон (м. Медведково),ВкусВилл,Москва,130000.0,150000.0,140000.0,RUR,False,От 1 года до 3 лет,,,2026-05-23T18:31:36+0300,https://hh.ru/vacancy/133170336
Бариста,132682158,Фасовщик кофейной продукции,Удача,Москва,7100.0,,7100.0,RUR,False,Нет опыта,,,2026-05-21T23:08:57+0300,https://hh.ru/vacancy/132682158
Бариста,132928245,Официант в кафе Special (м. Ботанический сад),Франшиза Спешиал,Москва,100000.0,,100000.0,RUR,False,От 1 года до 3 лет,,,2026-05-23T15:15:42+0300,https://hh.ru/vacancy/132928245
Бариста,132750905,Работник склада,Царское подворье,Москва,70000.0,70000.0,70000.0,RUR,False,Нет опыта,,,2026-05-22T15:13:00+0300,https://hh.ru/vacancy/132750905
Бариста,131196529,Повар в кофейню,Сеть кофеен Шоколадница,Москва,55000.0,90000.0,72500.0,RUR,False,Нет опыта,,,2026-05-21T18:29:34+0300,https://hh.ru/vacancy/131196529
Бариста,131547574,Официант в кофейню,Мануфактура,Москва,93000.0,,93000.0,RUR,False,Нет опыта,,,2026-05-21T15:51:53+0300,https://hh.ru/vacancy/131547574
Бариста,132497136,Менеджер в кафе,Перекрёсток,Москва,75000.0,,75000.0,RUR,False,От 1 года до 3 лет,,,2026-05-22T19:18:44+0300,https://hh.ru/vacancy/132497136
Бариста,133286668,Менеджер по обучению и развитию персонала,EKONIKA,Москва,,,,,,От 3 до 6 лет,,,2026-05-23T09:27:27+0300,https://hh.ru/vacancy/133286668
Бариста,133021966,Руководитель сервисного направления (кофейное оборудование),HR.PIVOT,Москва,300000.0,,300000.0,RUR,False,От 3 до 6 лет,,,2026-05-22T07:32:40+0300,https://hh.ru/vacancy/133021966
Бариста,133388489,Ночной сотрудник прачечной,На Квартире (ИП Базыгин Артем Сергеевич),Москва,75000.0,110000.0,92500.0,RUR,False,Нет опыта,,,2026-05-22T10:36:53+0300,https://hh.ru/vacancy/133388489
Бариста,132606823,"Повар в кафе ""ЛЕПИМ и ВАРИМ""",Кнодель,Москва,6000.0,,6000.0,RUR,False,Нет опыта,,,2026-05-23T08:48:21+0300,https://hh.ru/vacancy/132606823
Бариста,125698964,"Официант в кофейню ""Шоколадница""",Сеть кофеен Шоколадница,Москва,50000.0,90000.0,70000.0,RUR,False,Нет опыта,,,2026-05-21T18:29:57+0300,https://hh.ru/vacancy/125698964
Бариста,131196307,Повар в кофейню Шоколадница,Сеть кофеен Шоколадница,Москва,55000.0,90000.0,72500.0,RUR,False,Нет опыта,,,2026-05-21T18:29:31+0300,https://hh.ru/vacancy/131196307
Бариста,132759652,"Лидер Управляющий кофейни Дринкит (ш.Этузиастов д.12/2 ТРЦ ""ГОРОД"")",ВКУС-НО,Москва,80000.0,90000.0,85000.0,RUR,False,От 1 года до 3 лет,,,2026-05-22T17:17:31+0300,https://hh.ru/vacancy/132759652
Бариста,133149001,Повар в кафе,Cанаторий Валуево,Москва,85000.0,105000.0,95000.0,RUR,True,От 1 года до 3 лет,,,2026-05-22T14:20:00+0300,https://hh.ru/vacancy/133149001
Бариста,132722223,Лидер Управляющий кофейни Дринкит (ул. Чаянова 12),ВКУС-НО,Москва,95000.0,100000.0,97500.0,RUR,False,От 1 года до 3 лет,,,2026-05-22T09:43:59+0300,https://hh.ru/vacancy/132722223
Бариста,132605322,Кассир в ресто-кафе (м. Преображенская площадь),Снеди Феди,Москва,80000.0,,80000.0,RUR,False,От 1 года до 3 лет,,,2026-05-23T08:12:12+0300,https://hh.ru/vacancy/132605322
Бариста,133222597,Кассир (в кафе),СИРИУС,Москва,100000.0,,100000.0,RUR,False,От 1 года до 3 лет,,,2026-05-22T12:51:47+0300,https://hh.ru/vacancy/133222597
Бариста,130709562,Повар в кафе,Norme,Москва,130000.0,,130000.0,RUR,False,От 1 года до 3 лет,,,2026-05-22T12:38:53+0300,https://hh.ru/vacancy/130709562
Бариста,133269696,Повар-универсал в кафе,Jobers,Москва,110000.0,120000.0,115000.0,RUR,False,От 1 года до 3 лет,,,2026-05-22T17:09:19+0300,https://hh.ru/vacancy/133269696
Бариста,133031922,"Официант кафе ""Атриум""",HOLIDAY INN MOSCOW SOKOLNIKI,Москва,42000.0,70000.0,56000.0,RUR,True,Нет опыта,,,2026-05-22T10:19:22+0300,https://hh.ru/vacancy/133031922
Бариста,131337082,Кассир в корпоративное кафе,Группа компаний Кафетера,Москва,65250.0,,65250.0,RUR,False,От 1 года до 3 лет,,,2026-05-22T16:03:46+0300,https://hh.ru/vacancy/131337082
Бариста,133222622,Повар (в кафе),СИРИУС,Москва,,,,,,От 1 года до 3 лет,,,2026-05-22T10:29:03+0300,https://hh.ru/vacancy/133222622
Бариста,132832877,Продавец-кассир в кофейню,Бондарева Виктория Сергеевна,Москва,80000.0,95000.0,87500.0,RUR,False,Нет опыта,,,2026-05-21T11:09:38+0300,https://hh.ru/vacancy/132832877
Бариста,133269346,Менеджер кафе Крошка-Картошка,Европейские Технологии и Сервис,Москва,,100000.0,100000.0,RUR,False,От 1 года до 3 лет,,,2026-05-22T17:02:36+0300,https://hh.ru/vacancy/133269346
Бариста,133346191,Администратор в корпоративное кафе,Группа компаний Кафетера,Москва,73950.0,,73950.0,RUR,False,От 1 года до 3 лет,,,2026-05-22T16:03:05+0300,https://hh.ru/vacancy/133346191
Бариста,133371477,Администратор кафе,Мелончелло,Москва,100000.0,110000.0,105000.0,RUR,False,От 1 года до 3 лет,,,2026-05-21T17:55:43+0300,https://hh.ru/vacancy/133371477
Бариста,132773949,"Помощник менеджера по продажам мебели (оснащение ресторанов, кафе, баров)",Ресторация,Москва,85000.0,,85000.0,RUR,False,От 1 года до 3 лет,,,2026-05-23T09:09:30+0300,https://hh.ru/vacancy/132773949
Бариста,133055367,Кассир в кафе МагБургер,Торговый Дом НЕФТЬМАГИСТРАЛЬ,Москва,80000.0,90000.0,85000.0,RUR,False,Нет опыта,,,2026-05-22T15:50:16+0300,https://hh.ru/vacancy/133055367
Бариста,132860147,Менеджер по персоналу,Дом Пряжи,Москва,90000.0,130000.0,110000.0,RUR,False,От 1 года до 3 лет,,,2026-05-22T00:31:48+0300,https://hh.ru/vacancy/132860147
Бариста,131450629,Кухонный рабочий в кафе-столовую,НМИЦ ССХ им. А.Н. Бакулева Минздрава России,Москва,65000.0,,65000.0,RUR,False,Нет опыта,,,2026-05-21T09:03:26+0300,https://hh.ru/vacancy/131450629
Бариста,133047271,Менеджер по адаптации персонала,СИНЕРГИЯ,Москва,,,,,,От 1 года до 3 лет,,,2026-05-22T13:49:46+0300,https://hh.ru/vacancy/133047271
Бариста,132583506,Менеджер кафе (м. Щелковская),PhoBo,Москва,80000.0,120000.0,100000.0,RUR,True,От 1 года до 3 лет,,,2026-05-22T14:11:28+0300,https://hh.ru/vacancy/132583506
Бариста,131337260,Кассир в корпоративное кафе,Группа компаний Кафетера,Москва,69600.0,,69600.0,RUR,False,От 1 года до 3 лет,,,2026-05-22T14:41:33+0300,https://hh.ru/vacancy/131337260
Бариста,132595159,Управляющий в семейное кафе Kitchen,Сеть семейных кафе Kitchen,Москва,120000.0,150000.0,135000.0,RUR,False,От 1 года до 3 лет,,,2026-05-22T17:39:57+0300,https://hh.ru/vacancy/132595159
Бариста,130575070,Управляющий/Директор кофейни,Shkulev Holding,Москва,90000.0,100000.0,95000.0,RUR,False,От 1 года до 3 лет,,,2026-05-20T14:29:16+0300,https://hh.ru/vacancy/130575070
Бариста,133001572,Менеджер кафе,Колесникова Анна Евгеньевна,Москва,120000.0,,120000.0,RUR,False,От 1 года до 3 лет,,,2026-05-21T14:52:44+0300,https://hh.ru/vacancy/133001572
Бариста,133393397,Руководитель в Кафе Глобус,"Глобус, Сеть гипермаркетов",Москва,,,,,,От 1 года до 3 лет,,,2026-05-22T12:00:52+0300,https://hh.ru/vacancy/133393397
Бариста,132764639,"Официант в кафе ""Хачапури и вино""",Хачапури и вино,Москва,90000.0,115000.0,102500.0,RUR,False,От 1 года до 3 лет,,,2026-05-22T22:39:10+0300,https://hh.ru/vacancy/132764639
Бариста,132764687,Помощник официанта в кафе (м. Новокузнецкая),Хачапури и вино,Москва,,80000.0,80000.0,RUR,False,Нет опыта,,,2026-05-22T22:45:29+0300,https://hh.ru/vacancy/132764687
Бариста,132506724,Продавец-кассир в кофейню,Бондарева Виктория Сергеевна,Москва,60000.0,75000.0,67500.0,RUR,False,Нет опыта,,,2026-05-21T02:03:19+0300,https://hh.ru/vacancy/132506724
Бариста,133000022,Уборщица/уборщик (в кафе),СИРИУС,Москва,,70000.0,70000.0,RUR,False,От 1 года до 3 лет,,,2026-05-22T10:29:10+0300,https://hh.ru/vacancy/133000022
Бариста,132520031,Менеджер кафе,Алло Пицца,Москва,4000.0,5500.0,4750.0,RUR,False,От 1 года до 3 лет,,,2026-05-21T10:11:25+0300,https://hh.ru/vacancy/132520031
Бариста,133185448,Директор кафе,BORK,Москва,,,,,,Более 6 лет,,,2026-05-21T09:41:09+0300,https://hh.ru/vacancy/133185448
Бариста,133265335,Кассир в кафе (м.Деловой центр),Миша Фишер,Москва,100000.0,,100000.0,RUR,False,Нет опыта,,,2026-05-22T15:50:37+0300,https://hh.ru/vacancy/133265335
Бариста,133404549,Бизнес партнер по персоналу / HR BP,Альфа-Банк,Москва,,,,,,От 3 до 6 лет,,,2026-05-22T15:06:45+0300,https://hh.ru/vacancy/133404549
Бариста,132347021,"Помощник в кафе ""Теремок""",Теремок,Москва,96340.0,144510.0,120425.0,RUR,False,Нет опыта,,,2026-05-22T09:21:34+0300,https://hh.ru/vacancy/132347021
Бариста,133214489,Сотрудник в кафе,Теремок,Москва,96340.0,144510.0,120425.0,RUR,False,Нет опыта,,,2026-05-18T16:10:23+0300,https://hh.ru/vacancy/133214489
Бариста,132283633,Кухонный рабочий (Пищеблок),ФГБУ «Национальный медицинский исследовательский центр травматологии и ортопедии имени Н.Н. Приорова» Минздрава России,Москва,85000.0,85000.0,85000.0,RUR,True,Нет опыта,,,2026-05-22T14:23:57+0300,https://hh.ru/vacancy/132283633
Бариста,131328989,Продавец-кассир в кафе Крошка Картошка,"Крошка-Картошка, Сеть кафе быстрого питания",Москва,84480.0,,84480.0,RUR,False,Нет опыта,,,2026-05-22T17:46:13+0300,https://hh.ru/vacancy/131328989
Бариста,123838147,Повар - кассир в кафе Крошка Картошка,"Крошка-Картошка, Сеть кафе быстрого питания",Москва,95000.0,,95000.0,RUR,False,Нет опыта,,,2026-05-22T17:44:48+0300,https://hh.ru/vacancy/123838147
Бариста,133056413,"Бухгалтер на участок ""Расчет зарплаты и кадры""",Лидер,Москва,130000.0,,130000.0,RUR,False,От 1 года до 3 лет,,,2026-05-22T16:06:51+0300,https://hh.ru/vacancy/133056413
Бариста,133372190,Управляющая/управляющий кафе,Das Brot,Москва,100000.0,120000.0,110000.0,RUR,False,От 1 года до 3 лет,,,2026-05-21T18:21:39+0300,https://hh.ru/vacancy/133372190
Бариста,133408791,Официант в уютное кафе (м. Медведково),Культура Гостеприимства,Москва,95000.0,,95000.0,RUR,False,Нет опыта,,,2026-05-22T16:30:22+0300,https://hh.ru/vacancy/133408791
Бариста,133056055,Пекарь - рольщик в кафе-пекарню Cinnabon,"МегаГрупп, Группа компаний",Москва,64500.0,112000.0,88250.0,RUR,False,От 1 года до 3 лет,,,2026-05-22T16:01:55+0300,https://hh.ru/vacancy/133056055
Бариста,133000508,Помощник в КАФЕ,Каменев Илья Георгиевич,Москва,125000.0,142000.0,133500.0,RUR,True,Нет опыта,,,2026-05-21T14:35:31+0300,https://hh.ru/vacancy/133000508
Бариста,132946324,Менеджер кафе-пекарни (метро Театральная),Старт,Москва,,100000.0,100000.0,RUR,False,От 1 года до 3 лет,,,2026-05-22T07:34:25+0300,https://hh.ru/vacancy/132946324
Бариста,133368163,Заместитель начальника отдела кадров,ГБУЗ «Научно-практический клинический центр диагностики и телемедицинских технологий ДЗМ»,Москва,,,,,,От 1 года до 3 лет,,,2026-05-21T16:55:01+0300,https://hh.ru/vacancy/133368163
Бариста,133346927,Сотрудник ресторана быстрого питания,АДЕМАР,Москва,7000.0,,7000.0,RUR,False,Нет опыта,,,2026-05-21T11:21:52+0300,https://hh.ru/vacancy/133346927
Бариста,132898558,Су-шеф в сеть кафе АндерСон (м. Царицыно),ВкусВилл,Москва,120000.0,130000.0,125000.0,RUR,False,От 1 года до 3 лет,,,2026-05-22T18:33:31+0300,https://hh.ru/vacancy/132898558
Бариста,132511477,"Менеджер по продажам (коммерческое кофейное оборудование HoReCa, OCS)",Proxima,Москва,150000.0,250000.0,200000.0,RUR,True,От 3 до 6 лет,,,2026-05-21T07:59:17+0300,https://hh.ru/vacancy/132511477
Бариста,132252674,Подсобный рабочий (Барвиха Luxury Village),Mercury,Москва,,140000.0,140000.0,RUR,True,От 1 года до 3 лет,,,2026-05-22T18:42:34+0300,https://hh.ru/vacancy/132252674
Бариста,133250211,Помощник на выдачу готовых заказов в Кафе,Каменев Илья Георгиевич,Москва,125000.0,142000.0,133500.0,RUR,True,Нет опыта,,,2026-05-22T12:49:32+0300,https://hh.ru/vacancy/133250211
Бариста,133394425,Заместитель директора в кафе МагБургер (ул. Нежинская),Торговый Дом НЕФТЬМАГИСТРАЛЬ,Москва,80000.0,110000.0,95000.0,RUR,False,От 1 года до 3 лет,,,2026-05-22T12:15:14+0300,https://hh.ru/vacancy/133394425
Бариста,132550708,Сотрудник цеха (фасовка и упаковка кофе),SUBMARINE,Москва,70000.0,80000.0,75000.0,RUR,False,От 1 года до 3 лет,,,2026-05-21T18:01:07+0300,https://hh.ru/vacancy/132550708
Бариста,133390592,Повар горячего цеха в Кафе (м. Кунцевская),ЗДОРОВОЕ ОТНОШЕНИЕ,Москва,7000.0,7500.0,7250.0,RUR,False,От 1 года до 3 лет,,,2026-05-22T11:11:01+0300,https://hh.ru/vacancy/133390592
Бариста,132849426,Менеджер кафе (м. Арбатская),PhoBo,Москва,110000.0,135000.0,122500.0,RUR,True,От 1 года до 3 лет,,,2026-05-21T15:21:51+0300,https://hh.ru/vacancy/132849426
Бариста,132849307,Менеджер кафе (м. Некрасовка),PhoBo,Москва,80000.0,120000.0,100000.0,RUR,True,От 1 года до 3 лет,,,2026-05-21T15:19:18+0300,https://hh.ru/vacancy/132849307
Бариста,132371822,Менеджер в кофейню,Сеть кофеен Шоколадница,Москва,60000.0,75000.0,67500.0,RUR,False,Нет опыта,,,2026-05-18T18:12:10+0300,https://hh.ru/vacancy/132371822
Бариста,131289085,Повар в кафе МагБургер,Торговый Дом НЕФТЬМАГИСТРАЛЬ,Москва,80000.0,90000.0,85000.0,RUR,False,Нет опыта,,,2026-05-21T13:30:41+0300,https://hh.ru/vacancy/131289085
Бариста,133355659,Администратор-кассир в кафе,ICONFOOD,Москва,4500.0,4700.0,4600.0,RUR,False,От 1 года до 3 лет,,,2026-05-21T13:16:28+0300,https://hh.ru/vacancy/133355659
Бариста,131288793,Продавец-кассир кафе МагБургер,Торговый Дом НЕФТЬМАГИСТРАЛЬ,Москва,80000.0,90000.0,85000.0,RUR,False,Нет опыта,,,2026-05-21T13:29:48+0300,https://hh.ru/vacancy/131288793
Бариста,126552977,Сотрудник ресторана быстрого питания,"Крошка-Картошка, Сеть кафе быстрого питания",Москва,95000.0,,95000.0,RUR,False,Нет опыта,,,2026-05-20T18:06:29+0300,https://hh.ru/vacancy/126552977
Бариста,131853902,Менеджер кофейни (аэропорт Внуково),Сеть кофеен Шоколадница,Апрелевка (Московская область),70000.0,100000.0,85000.0,RUR,False,От 1 года до 3 лет,,,2026-05-19T09:05:02+0300,https://hh.ru/vacancy/131853902
Бариста,133343016,Начинающий помощник в КАФЕ,Каменев Илья Георгиевич,Москва,124000.0,142500.0,133250.0,RUR,True,Нет опыта,,,2026-05-21T10:39:17+0300,https://hh.ru/vacancy/133343016
Бариста,133343052,Кладовщик в кафе (Сколково),FreshCafe,Москва,107000.0,,107000.0,RUR,True,От 1 года до 3 лет,,,2026-05-21T10:39:49+0300,https://hh.ru/vacancy/133343052
Бариста,133337891,Менеджер в кафе PRIME,Прайм Стар,Москва,73000.0,105000.0,89000.0,RUR,False,От 1 года до 3 лет,,,2026-05-21T09:31:41+0300,https://hh.ru/vacancy/133337891
Бариста,133370042,Директор сети кафе здорового питания,Территория Фитнеса,Москва,200000.0,350000.0,275000.0,RUR,True,От 3 до 6 лет,,,2026-05-21T17:23:44+0300,https://hh.ru/vacancy/133370042
Бариста,132549427,"Кондитер в кафе ""Angel Cakes""",Angel Cakes,Москва,90000.0,,90000.0,RUR,False,От 1 года до 3 лет,,,2026-05-21T17:19:52+0300,https://hh.ru/vacancy/132549427
Бариста,130739042,Кухонный работник в кафетерий,ГК Фьюжен Менеджмент,Москва,54000.0,54000.0,54000.0,RUR,False,Нет опыта,,,2026-05-21T13:57:24+0300,https://hh.ru/vacancy/130739042
Бариста,132658933,Повар в корпоративное кафе,Группа компаний Кафетера,Москва,78300.0,87000.0,82650.0,RUR,False,От 1 года до 3 лет,,,2026-05-21T10:18:26+0300,https://hh.ru/vacancy/132658933
Бариста,132027851,Повар-универсал в кафе,Сеть кинотеатров Синема Парк и Формула Кино,Москва,99000.0,,99000.0,RUR,True,От 1 года до 3 лет,,,2026-05-21T09:29:52+0300,https://hh.ru/vacancy/132027851
Бариста,133218247,Продавец в кафе при АЗС,РН-Москва,Москва,64000.0,82000.0,73000.0,RUR,True,Нет опыта,,,2026-05-21T17:13:08+0300,https://hh.ru/vacancy/133218247
Бариста,133332604,Продавец-кассир в кафе,Кулинарная лавка братьев Караваевых,Москва,,120000.0,120000.0,RUR,True,Нет опыта,,,2026-05-21T07:33:08+0300,https://hh.ru/vacancy/133332604
Бариста,133001677,"Менеджер кофейни (м.Раменки, ЖК Настоящее)",ЗДРАСТЕ,Москва,100000.0,,100000.0,RUR,False,От 1 года до 3 лет,,,2026-05-19T15:49:53+0300,https://hh.ru/vacancy/133001677
Бариста,118759368,"Кухонный работник (ММНКЦ им Боткина,м. Беговая, м. Динамо)",Группа компаний РБЕ (RBE Group),Москва,61000.0,122000.0,91500.0,RUR,True,Нет опыта,,,2026-05-22T13:24:11+0300,https://hh.ru/vacancy/118759368
Бариста,131877572,Заместитель директора в кафе МагБургер,Торговый Дом НЕФТЬМАГИСТРАЛЬ,Москва,80000.0,95000.0,87500.0,RUR,False,От 1 года до 3 лет,,,2026-05-21T15:00:11+0300,https://hh.ru/vacancy/131877572
Бариста,133238111,Су-шеф в сеть кафе АндерСон (м. Октябрьское поле),ВкусВилл,Москва,143000.0,150000.0,146500.0,RUR,False,От 1 года до 3 лет,,,2026-05-22T10:05:37+0300,https://hh.ru/vacancy/133238111
Бариста,129469907,Работник склада/комплектовщик/кладовщик,АВТОДОК (Autodoc),Москва,95000.0,,95000.0,RUR,False,От 1 года до 3 лет,,,2026-05-21T09:35:04+0300,https://hh.ru/vacancy/129469907
Бариста,133221749,Повар мясного цеха в кафе «Миндаль»,М-Сервис,Одинцово (Московская область),90000.0,90000.0,90000.0,RUR,False,От 1 года до 3 лет,,,2026-05-21T19:02:43+0300,https://hh.ru/vacancy/133221749
Бариста,133340290,Руководитель отдела подбора персонала (массовый),СИНЕРГИЯ,Москва,200000.0,,200000.0,RUR,False,От 3 до 6 лет,,,2026-05-21T10:05:03+0300,https://hh.ru/vacancy/133340290
Бариста,133343879,Кассир в кафе (Ленинградский вокзал),Забыли Сахар,Москва,85000.0,,85000.0,RUR,False,От 1 года до 3 лет,,,2026-05-21T10:52:35+0300,https://hh.ru/vacancy/133343879
Бариста,132550944,Продавец-кассир в кафе Братья Караваевы,Кулинарная лавка братьев Караваевых,Москва,,120000.0,120000.0,RUR,False,Нет опыта,,,2026-05-21T18:09:10+0300,https://hh.ru/vacancy/132550944
Бариста,132871981,Повар-универсал в Кафе-столовую,НМИЦ ССХ им. А.Н. Бакулева Минздрава России,Москва,80000.0,,80000.0,RUR,False,От 1 года до 3 лет,,,2026-05-21T09:03:31+0300,https://hh.ru/vacancy/132871981
Бариста,133244972,Менеджер кафе,Печорин Групп,Москва,110000.0,,110000.0,RUR,False,От 1 года до 3 лет,,,2026-05-19T11:35:06+0300,https://hh.ru/vacancy/133244972
Бариста,133149603,Хостес в кафе Хачапури и Вино,Хачапури и вино,Москва,67000.0,90000.0,78500.0,RUR,False,Нет опыта,,,2026-05-21T17:30:12+0300,https://hh.ru/vacancy/133149603
Бариста,133199874,Менеджер кофейни (аэропорт Внуково),Сеть кофеен Шоколадница,Одинцово (Московская область),80000.0,120000.0,100000.0,RUR,False,От 1 года до 3 лет,,,2026-05-18T12:32:32+0300,https://hh.ru/vacancy/133199874
Бариста,130030573,Менеджер кофейни (аэропорт Внуково),Сеть кофеен Шоколадница,Москва,70000.0,100000.0,85000.0,RUR,False,От 1 года до 3 лет,,,2026-05-18T12:31:35+0300,https://hh.ru/vacancy/130030573
Бариста,133239748,Су-шеф в корпоративное кафе,Группа компаний Кафетера,Москва,100000.0,,100000.0,RUR,False,От 1 года до 3 лет,,,2026-05-21T10:18:24+0300,https://hh.ru/vacancy/133239748
Бариста,133337464,"Техник в сеть кафе ""ПРАЙМ""",Прайм Стар,Москва,100000.0,100000.0,100000.0,RUR,False,От 1 года до 3 лет,,,2026-05-21T09:23:01+0300,https://hh.ru/vacancy/133337464
Бариста,133382551,"Заместитель управляющего ресторана в сеть семейных кафе ""АндерСон"" (м. Коньково)",ВкусВилл,Москва,110000.0,,110000.0,RUR,False,От 1 года до 3 лет,,,2026-05-22T08:56:25+0300,https://hh.ru/vacancy/133382551
Бариста,131450461,Буфетчица/буфетчик в Кафе-столовую,НМИЦ ССХ им. А.Н. Бакулева Минздрава России,Москва,64000.0,,64000.0,RUR,False,От 3 до 6 лет,,,2026-05-21T09:03:16+0300,https://hh.ru/vacancy/131450461
Бариста,132946879,Начинающий работник на производство готовой еды (для Яндекс Лавки),Гончаров Никита Дмитриевич,Москва,,104000.0,104000.0,RUR,True,Нет опыта,,,2026-05-22T09:08:33+0300,https://hh.ru/vacancy/132946879
Бариста,132401571,Ведущий специалист отдела кадров,СИНЕРГИЯ,Москва,,172000.0,172000.0,RUR,True,От 3 до 6 лет,,,2026-05-20T13:20:07+0300,https://hh.ru/vacancy/132401571
Бариста,131475284,Повар линии раздачи в Кафе-столовую,НМИЦ ССХ им. А.Н. Бакулева Минздрава России,Москва,70000.0,,70000.0,RUR,False,От 1 года до 3 лет,,,2026-05-21T09:03:29+0300,https://hh.ru/vacancy/131475284
Бариста,133176386,"Сотрудник круглосуточной онлайн-поддержки (чаты, входящие звонки)",Бураков Кирилл Сергеевич,Москва,50000.0,85000.0,67500.0,RUR,False,Нет опыта,,,2026-05-21T06:32:59+0300,https://hh.ru/vacancy/133176386
Бариста,133355048,Повар в кафе Aaark (м. Курская),Фэнси Фуд,Москва,100000.0,,100000.0,RUR,False,От 1 года до 3 лет,,,2026-05-21T13:08:26+0300,https://hh.ru/vacancy/133355048
Бариста,132138436,Заместитель управляющего в кафе,Брусника,Москва,110000.0,120000.0,115000.0,RUR,False,От 1 года до 3 лет,,,2026-05-20T17:55:45+0300,https://hh.ru/vacancy/132138436
Бариста,131554332,"Управлющий ресторана в сеть семейных кафе ""АндерСон"" (м. Коньково, м. Юго-Западная)",ВкусВилл,Москва,150000.0,170000.0,160000.0,RUR,False,От 1 года до 3 лет,,,2026-05-22T11:26:10+0300,https://hh.ru/vacancy/131554332
Бариста,132020372,Официант в Кафе-Шоколатерию Счастье (ГУМ),Счастье,Москва,100000.0,120000.0,110000.0,RUR,False,От 1 года до 3 лет,,,2026-05-21T11:58:38+0300,https://hh.ru/vacancy/132020372
Бариста,132209003,Продавец-кассир кафе МагБургер (м. Саларьево),Торговый Дом НЕФТЬМАГИСТРАЛЬ,Москва,80000.0,90000.0,85000.0,RUR,False,Нет опыта,,,2026-05-21T11:07:27+0300,https://hh.ru/vacancy/132209003
Бариста,132675187,Территориальный управляющий в сеть кафе Братьев Караваевых,Кулинарная лавка братьев Караваевых,Москва,,230000.0,230000.0,RUR,False,От 3 до 6 лет,,,2026-05-21T16:23:37+0300,https://hh.ru/vacancy/132675187
Бариста,133306067,Охранник в кафе (Чертаново),ЧОО Луч Света,Москва,4600.0,4600.0,4600.0,RUR,False,Нет опыта,,,2026-05-20T14:01:52+0300,https://hh.ru/vacancy/133306067
Бариста,132633097,Повар в ресторан JINJU Bistro (м. Спортивная),Кофейня Jinju,Москва,130000.0,,130000.0,RUR,False,От 1 года до 3 лет,,,2026-05-23T17:07:10+0300,https://hh.ru/vacancy/132633097
Бариста,130606266,"Сотрудник в кафе ""Брусника""(ст. Шелепиха)",Брусника,Москва,76500.0,120000.0,98250.0,RUR,False,Нет опыта,,,2026-05-17T10:04:08+0300,https://hh.ru/vacancy/130606266
Бариста,132835596,"Сотрудник бассейна на лето TERMOLAND ""Бутово""",TERMOLAND,Москва,70000.0,90000.0,80000.0,RUR,True,Нет опыта,,,2026-05-20T17:27:22+0300,https://hh.ru/vacancy/132835596
Бариста,133299801,Менеджер кафе (м. Академическая),Печорин Групп,Москва,120000.0,,120000.0,RUR,False,От 1 года до 3 лет,,,2026-05-20T12:21:33+0300,https://hh.ru/vacancy/133299801
Бариста,132837823,"Бухгалтер (общепит, сеть кафе/ресторанов, УСН/АУСН)",Риэл Инк,Москва,150000.0,180000.0,165000.0,RUR,False,От 3 до 6 лет,,,2026-05-21T12:28:33+0300,https://hh.ru/vacancy/132837823
Бариста,130681122,Торговый представитель (кофейное оборудование/кофе),"АЛИДИ, Группа компаний",Москва,160000.0,,160000.0,RUR,False,От 1 года до 3 лет,,,2026-05-18T09:13:54+0300,https://hh.ru/vacancy/130681122
Бариста,130910716,Специалист по учёту рабочего времени,"ТеплоЦентрСтрой, Группа Компаний",Москва,138000.0,150000.0,144000.0,RUR,True,От 1 года до 3 лет,,,2026-05-21T16:16:06+0300,https://hh.ru/vacancy/130910716
Бариста,132549295,"Повар в кафе ""Angel Cakes"" (Патриаршие пруды/ Москва-City)",Angel Cakes,Москва,110000.0,,110000.0,RUR,False,От 1 года до 3 лет,,,2026-05-21T17:16:35+0300,https://hh.ru/vacancy/132549295
Бариста,132542442,Повар-универсал в кафе Кухня Полли (м. Фрунзенская),"КуулКлевер (МясновЪ, Отдохни)",Москва,90000.0,,90000.0,RUR,True,От 1 года до 3 лет,,,2026-05-21T15:28:00+0300,https://hh.ru/vacancy/132542442
Бариста,133203568,"Управляющий детским городом профессий, кафе «КидБург» (ТЦ ""Европолис"")",КИДБУРГ,Москва,,200000.0,200000.0,RUR,False,От 3 до 6 лет,,,2026-05-21T13:25:19+0300,https://hh.ru/vacancy/133203568
Бариста,132439539,"Продавец-кассир в кафе-кулинарию ""Любовь и Борщ""",Сити Ресторантс,Москва,62500.0,67900.0,65200.0,RUR,False,Нет опыта,,,2026-05-21T14:49:48+0300,https://hh.ru/vacancy/132439539
Бариста,133305875,Охранник в кафе быстрого питания,ЧОО Луч Света,Москва,3800.0,3800.0,3800.0,RUR,False,Нет опыта,,,2026-05-20T13:58:03+0300,https://hh.ru/vacancy/133305875
Бариста,129350966,Специалист по кадрам в ресторанный холдинг,Maison DELLOS,Москва,100000.0,100000.0,100000.0,RUR,False,От 1 года до 3 лет,,,2026-05-20T14:42:27+0300,https://hh.ru/vacancy/129350966
Бариста,131415473,Повар-заготовщик в мясной цех в Кафе-столовую,НМИЦ ССХ им. А.Н. Бакулева Минздрава России,Москва,95000.0,,95000.0,RUR,False,От 3 до 6 лет,,,2026-05-21T09:03:21+0300,https://hh.ru/vacancy/131415473
Бариста,133145197,Повар холодного цеха в кафе Кухня Полли (м. Фрунзенская),"КуулКлевер (МясновЪ, Отдохни)",Москва,71000.0,86000.0,78500.0,RUR,False,От 1 года до 3 лет,,,2026-05-21T15:58:37+0300,https://hh.ru/vacancy/133145197
Бариста,132151758,Консультант-провизор/медицинский работник/фармацевт (м. Пражская),Торговый Дом НЕФТЬМАГИСТРАЛЬ,Москва,100000.0,,100000.0,RUR,False,От 1 года до 3 лет,,,2026-05-21T09:48:16+0300,https://hh.ru/vacancy/132151758
Бариста,133311948,Повар-универсал кафе-столовой (Сетунь/м.Молодежная),Медиа Онлайн,Москва,80000.0,,80000.0,RUR,False,От 1 года до 3 лет,,,2026-05-20T15:35:41+0300,https://hh.ru/vacancy/133311948
Бариста,132729603,Официант в кафе (ТЦ Авиапарк),Волконский,Москва,75000.0,,75000.0,RUR,False,Нет опыта,,,2026-05-20T11:15:28+0300,https://hh.ru/vacancy/132729603
Бариста,132614603,Ведущий специалист по кадрам,ФГБУ «Национальный медицинский исследовательский центр травматологии и ортопедии имени Н.Н. Приорова» Минздрава России,Москва,125000.0,125000.0,125000.0,RUR,False,От 1 года до 3 лет,,,2026-05-19T08:49:43+0300,https://hh.ru/vacancy/132614603
Бариста,132398448,"Менеджер в кафе ""Забыли сахар"" (Ленинградский вокзал)",Забыли Сахар,Москва,80000.0,,80000.0,RUR,False,От 1 года до 3 лет,,,2026-05-21T00:45:36+0300,https://hh.ru/vacancy/132398448
Бариста,133232862,Сотрудник кухни точки выдачи греческих пирогов,Калимера- сеть греческих кафе,Москва,4500.0,5000.0,4750.0,RUR,False,Нет опыта,,,2026-05-19T08:53:22+0300,https://hh.ru/vacancy/133232862
Бариста,133252234,Пекарь (в кафе/столовую),М-Т-Шеф,Москва,94500.0,130000.0,112250.0,RUR,False,От 1 года до 3 лет,,,2026-05-19T13:18:36+0300,https://hh.ru/vacancy/133252234
Бариста,133328079,"Раннер в кафе ""Хачапури и вино"" (м. Трубная)",Хачапури и вино,Москва,,,,,,Нет опыта,,,2026-05-21T00:07:24+0300,https://hh.ru/vacancy/133328079
Бариста,129591730,Администратор-кассир в кафе при отеле,Максима Хотелс,Москва,95000.0,,95000.0,RUR,False,От 1 года до 3 лет,,,2026-05-20T09:38:22+0300,https://hh.ru/vacancy/129591730
Бариста,120861714,Заместитель директора кафе,Фастлэнд,Москва,75000.0,80000.0,77500.0,RUR,False,От 1 года до 3 лет,,,2026-05-18T13:01:09+0300,https://hh.ru/vacancy/120861714
Бариста,133233528,Су-Шеф в кафе,МИЛТИ,Москва,7000.0,,7000.0,RUR,False,От 1 года до 3 лет,,,2026-05-19T09:06:13+0300,https://hh.ru/vacancy/133233528
Бариста,133233489,Су-Шеф в кафе,МИЛТИ,Москва,7000.0,,7000.0,RUR,False,От 1 года до 3 лет,,,2026-05-19T09:05:24+0300,https://hh.ru/vacancy/133233489
Бариста,133290449,Администратор-кассир в кафе (ТЦ Кунцево Плаза),ICONFOOD,Москва,4200.0,4700.0,4450.0,RUR,False,Нет опыта,,,2026-05-20T10:22:14+0300,https://hh.ru/vacancy/133290449
Бариста,133273906,Такелажник/подсобный рабочий,Группа компаний РБЕ (RBE Group),Москва,80000.0,80000.0,80000.0,RUR,False,Нет опыта,,,2026-05-19T20:04:43+0300,https://hh.ru/vacancy/133273906
Бариста,133218427,Менеджер по подбору персонала,"Крошка-Картошка, Сеть кафе быстрого питания",Москва,90000.0,,90000.0,RUR,False,От 1 года до 3 лет,,,2026-05-18T17:16:36+0300,https://hh.ru/vacancy/133218427
Бариста,132965548,Менеджер кофейни,Бейджанс,Москва,80000.0,120000.0,100000.0,RUR,True,От 1 года до 3 лет,,,2026-05-12T01:05:36+0300,https://hh.ru/vacancy/132965548
Бариста,133273981,Повар-универсал в кафе (м.Автозаводская),Забыли Сахар,Москва,110000.0,,110000.0,RUR,False,От 1 года до 3 лет,,,2026-05-19T20:07:43+0300,https://hh.ru/vacancy/133273981
Бариста,133304692,"Менеджер НОЧНОЙ в кафе ""Забыли сахар"" (м.Комсомольская)",Забыли Сахар,Москва,100000.0,,100000.0,RUR,False,От 1 года до 3 лет,,,2026-05-20T13:38:22+0300,https://hh.ru/vacancy/133304692
Бариста,133295874,Ночной повар-универсал в кафе (м. Комсомольская),Забыли Сахар,Москва,150000.0,,150000.0,RUR,True,От 1 года до 3 лет,,,2026-05-20T11:32:21+0300,https://hh.ru/vacancy/133295874
Бариста,132276788,Подсобный рабочий,ФГБУ «Национальный медицинский исследовательский центр травматологии и ортопедии имени Н.Н. Приорова» Минздрава России,Москва,85000.0,85000.0,85000.0,RUR,True,Нет опыта,,,2026-05-18T10:21:57+0300,https://hh.ru/vacancy/132276788
Бариста,133123927,"Шеф-повар в сеть семейных кафе ""АндерСон"" (ст. м. Фили, м. Шелепиха)",ВкусВилл,Москва,150000.0,170000.0,160000.0,RUR,True,От 1 года до 3 лет,,,2026-05-21T10:11:15+0300,https://hh.ru/vacancy/133123927
Бариста,132964040,Повар-универсал в кафе (Ленинградский вокзал),Забыли Сахар,Москва,130000.0,150000.0,140000.0,RUR,True,От 1 года до 3 лет,,,2026-05-19T23:13:56+0300,https://hh.ru/vacancy/132964040
Бариста,133233745,Ведущий эксперт по подбору персонала,Альфа-Банк,Москва,,,,,,От 3 до 6 лет,,,2026-05-19T09:09:13+0300,https://hh.ru/vacancy/133233745
Бариста,133299518,"Менеджер кафе (м. ул.1905 года, 2/2)",Печорин Групп,Москва,130000.0,,130000.0,RUR,False,От 1 года до 3 лет,,,2026-05-20T12:16:53+0300,https://hh.ru/vacancy/133299518
Бариста,133239608,Официант в Кафе (ТД ГУМ),Bosco di Ciliegi,Москва,70000.0,,70000.0,RUR,False,От 1 года до 3 лет,,,2026-05-19T10:25:32+0300,https://hh.ru/vacancy/133239608
Бариста,133238291,Повар в кафе (метро Академическая),Печорин Групп,Москва,6000.0,,6000.0,RUR,False,От 1 года до 3 лет,,,2026-05-19T10:07:54+0300,https://hh.ru/vacancy/133238291
Бариста,133264883,"Повар на персонал в ресторан ""Турандот""",Maison DELLOS,Москва,,105000.0,105000.0,RUR,False,От 1 года до 3 лет,,,2026-05-19T15:43:26+0300,https://hh.ru/vacancy/133264883
Бариста,133197152,Администратор кафе (на Сахалин),Восточная горнорудная компания,Москва,90000.0,,90000.0,RUR,False,От 1 года до 3 лет,,,2026-05-18T11:57:15+0300,https://hh.ru/vacancy/133197152
Бариста,133268304,Продавец в кафе Брусника (кондитерская-кулинария),Брусника,Москва,76500.0,120000.0,98250.0,RUR,False,Нет опыта,,,2026-05-19T16:40:45+0300,https://hh.ru/vacancy/133268304
Бариста,130538857,Уборщица/уборщик в кафе,Фастлэнд,Москва,75000.0,90000.0,82500.0,RUR,False,Нет опыта,,,2026-05-18T13:00:59+0300,https://hh.ru/vacancy/130538857
Бариста,133250484,Инспектор отдела кадров/Специалист по кадровому делопроизводству,FAVORIT MOTORS,Москва,95000.0,95000.0,95000.0,RUR,False,От 1 года до 3 лет,,,2026-05-19T12:54:31+0300,https://hh.ru/vacancy/133250484
Бариста,133189094,Администратор / менеджер в кафе,Серьезная игра,Москва,95000.0,140000.0,117500.0,RUR,False,От 1 года до 3 лет,,,2026-05-18T10:23:40+0300,https://hh.ru/vacancy/133189094
Бариста,132301336,"Программист 1С (зарплата, кадры)",ИнфоТеКС,Москва,,,,,,От 3 до 6 лет,,,2026-05-18T11:33:10+0300,https://hh.ru/vacancy/132301336
Бариста,133250654,Повар в кафе-пекарню (М. Маяковская),"Круг, Кондитерская фабрика",Москва,85000.0,,85000.0,RUR,False,От 1 года до 3 лет,,,2026-05-19T12:57:37+0300,https://hh.ru/vacancy/133250654
Бариста,133295465,"Ночной су-шеф в кафе ""Забыли сахар"" (м. Комсомольская)",Забыли Сахар,Москва,150000.0,,150000.0,RUR,False,От 1 года до 3 лет,,,2026-05-20T11:26:38+0300,https://hh.ru/vacancy/133295465
Бариста,120088313,Повар в кафе (м.Зюзино),ВкусВилл,Москва,68000.0,90000.0,79000.0,RUR,False,Нет опыта,,,2026-05-18T10:12:33+0300,https://hh.ru/vacancy/120088313
Бариста,120088316,Повар в кафе (м.Воронцовская),ВкусВилл,Москва,68000.0,90000.0,79000.0,RUR,False,Нет опыта,,,2026-05-18T10:12:25+0300,https://hh.ru/vacancy/120088316
Бариста,124980763,Продавец в кафе кондитерскую-кулинарию «Брусника»,Брусника,Москва,340.0,375.0,357.5,RUR,False,Нет опыта,,,2026-05-19T13:08:08+0300,https://hh.ru/vacancy/124980763
Бариста,133219119,Рекрутер/Менеджер по подбору персонала,Кадровый центр Алекс персонал,Москва,80000.0,140000.0,110000.0,RUR,False,От 1 года до 3 лет,,,2026-05-18T17:32:36+0300,https://hh.ru/vacancy/133219119
Бариста,132707047,Сотрудник в кофейню,"О, Вафли",Москва,3000.0,,3000.0,RUR,False,Нет опыта,,,2026-05-03T18:24:57+0300,https://hh.ru/vacancy/132707047
Бариста,133063442,Повар в кафе европейской кухни (м. Саларьево),ICONFOOD,Москва,130000.0,,130000.0,RUR,False,От 1 года до 3 лет,,,2026-05-19T12:30:23+0300,https://hh.ru/vacancy/133063442
Бариста,129794875,"Менеджер кофейни ""Шоколадница"" Варшавское ш. 87",Сеть кофеен Шоколадница,Москва,60000.0,85000.0,72500.0,RUR,False,Нет опыта,,,2026-05-15T12:15:17+0300,https://hh.ru/vacancy/129794875
Бариста,129794681,"Менеджер кофейни ""Шоколадница"" Фестивальная 13",Сеть кофеен Шоколадница,Москва,60000.0,85000.0,72500.0,RUR,False,Нет опыта,,,2026-05-14T12:32:40+0300,https://hh.ru/vacancy/129794681
Бариста,132160134,Водитель — помощник инженера кофейного оборудования,Двг,Москва,100000.0,,100000.0,RUR,False,Нет опыта,,,2026-05-14T12:07:54+0300,https://hh.ru/vacancy/132160134
Бариста,133098255,Повар холодного цеха,Кафе Fresco,Москва,120000.0,165000.0,142500.0,RUR,False,От 1 года до 3 лет,,,2026-05-23T15:11:33+0300,https://hh.ru/vacancy/133098255
Бариста,132979345,Работник в кафе (м. Марьино),Blue Collar (Ип Дмитриев Дмитрий Борисович),Москва,82000.0,106000.0,94000.0,RUR,True,Нет опыта,,,2026-05-12T10:00:12+0300,https://hh.ru/vacancy/132979345
Бариста,133219044,Менеджер по подбору и адаптации персонала,White Rabbit Family,Москва,110000.0,,110000.0,RUR,False,От 3 до 6 лет,,,2026-05-18T17:29:57+0300,https://hh.ru/vacancy/133219044
Бариста,133192642,"Хостес в Кафе ""СЕЗОНЫ"" (м. Кунцевская)",ЗДОРОВОЕ ОТНОШЕНИЕ,Москва,90000.0,,90000.0,RUR,False,Нет опыта,,,2026-05-18T11:01:27+0300,https://hh.ru/vacancy/133192642
Бариста,132991298,Художник в кофейню-мастерскую,Ендовицкая Мария Владимировна,Москва,90000.0,,90000.0,RUR,False,Более 6 лет,,,2026-05-12T12:21:25+0300,https://hh.ru/vacancy/132991298
Бариста,133184585,Руководитель отдела оценки и развития персонала,Группа Полипластик,Москва,,,,,,От 1 года до 3 лет,,,2026-05-18T09:32:40+0300,https://hh.ru/vacancy/133184585
Бариста,132718917,Администратор-кассир в кафе ( ТЦ САЛАРИС),ICONFOOD,Москва,4200.0,4500.0,4350.0,RUR,False,От 1 года до 3 лет,,,2026-05-18T10:23:35+0300,https://hh.ru/vacancy/132718917
Бариста,133193732,Помощник официанта в Кафе / Раннер (м. Кунцевская),ЗДОРОВОЕ ОТНОШЕНИЕ,Москва,80000.0,110000.0,95000.0,RUR,False,Нет опыта,,,2026-05-18T11:13:39+0300,https://hh.ru/vacancy/133193732
Бариста,132635937,Менеджер/Администратор,Сеть семейных кафе Kitchen,Москва,95000.0,,95000.0,RUR,False,От 1 года до 3 лет,,,2026-05-23T18:31:22+0300,https://hh.ru/vacancy/132635937
Бариста,132470337,Менеджер по поиску локаций кафе/кофейни,МИЛТИ,Москва,200000.0,,200000.0,RUR,False,От 1 года до 3 лет,,,2026-05-14T12:55:55+0300,https://hh.ru/vacancy/132470337
Бариста,132925196,Пеший курьер в Кафе (м. Павелецкая),ICONFOOD,Москва,4000.0,6000.0,5000.0,RUR,False,Нет опыта,,,2026-05-18T09:45:52+0300,https://hh.ru/vacancy/132925196
Бариста,126011075,Официант в сеть кафе,Сеть кофеен Шоколадница,Москва,40000.0,80000.0,60000.0,RUR,True,Нет опыта,,,2026-05-16T20:55:20+0300,https://hh.ru/vacancy/126011075
Бариста,132957244,BGA-пайщик / Инженер-схемотехник (ремонт ноутбуков),Кузница Кадров,Москва,200000.0,350000.0,275000.0,RUR,False,От 1 года до 3 лет,,,2026-05-23T10:41:14+0300,https://hh.ru/vacancy/132957244
Бариста,133118333,Управляющий рестораном/кафе,Шашлык-бар Угли,Москва,150000.0,,150000.0,RUR,False,От 3 до 6 лет,,,2026-05-15T08:40:20+0300,https://hh.ru/vacancy/133118333
Бариста,132373515,Продавец-кассир в кафе-кондитерскую,Брусника,Москва,,117000.0,117000.0,RUR,False,Нет опыта,,,2026-05-17T10:03:54+0300,https://hh.ru/vacancy/132373515
Бариста,131095691,"Сотрудник в кондитерскую-кулинарию ""Брусника""",Брусника,Москва,,120000.0,120000.0,RUR,False,Нет опыта,,,2026-05-16T02:30:52+0300,https://hh.ru/vacancy/131095691
Бариста,133158692,Официант в кафе-бар,Квартира 44,Москва,120000.0,,120000.0,RUR,False,Нет опыта,,,2026-05-16T12:19:16+0300,https://hh.ru/vacancy/133158692
Бариста,132343486,"Кассир в кафе ""Rink""",ОРГАНИК ГОЛЬФ,Москва,60000.0,,60000.0,RUR,False,Нет опыта,,,2026-05-16T10:01:07+0300,https://hh.ru/vacancy/132343486
Бариста,131864677,Подсобный рабочий,Национальный исследовательский ядерный университет МИФИ,Москва,,,,,,Нет опыта,,,2026-05-15T11:30:59+0300,https://hh.ru/vacancy/131864677
Бариста,132934164,Повар (горячий цех),Кафе-пикник Все Лень,Москва,6000.0,6500.0,6250.0,RUR,False,От 1 года до 3 лет,,,2026-05-23T18:02:12+0300,https://hh.ru/vacancy/132934164
Бариста,132921788,Шеф-повар в столовую,Кафе-столовая Важная Персона,Москва,150000.0,180000.0,165000.0,RUR,False,От 3 до 6 лет,,,2026-05-23T13:08:22+0300,https://hh.ru/vacancy/132921788
Бариста,133083316,Менеджер-администратор (кафе),diner LO­­­­UN­­GE,Москва,100000.0,110000.0,105000.0,RUR,False,От 1 года до 3 лет,,,2026-05-14T11:00:57+0300,https://hh.ru/vacancy/133083316
Бариста,133192696,Кухонный работник (ГБУ ШОР 1 м. Алексеевская),Группа компаний РБЕ (RBE Group),Москва,64000.0,,64000.0,RUR,True,Нет опыта,,,2026-05-18T11:02:01+0300,https://hh.ru/vacancy/133192696
Бариста,133201131,Поварь-пекарь в сеть кафе French Bakery Sedelice,FRENCH BAKERY,Москва,100000.0,,100000.0,RUR,False,От 1 года до 3 лет,,,2026-05-18T12:50:42+0300,https://hh.ru/vacancy/133201131
Бариста,133214081,Шеф-повар в кафе на Ленинградский вокзал (м. Комсомольская),Забыли Сахар,Москва,130000.0,,130000.0,RUR,False,От 3 до 6 лет,,,2026-05-18T16:04:50+0300,https://hh.ru/vacancy/133214081
Бариста,126600636,Сотрудник в аэропорт,ШЕРЕМЕТЬЕВО ХЭНДЛИНГ,Москва,145000.0,,145000.0,RUR,True,Нет опыта,,,2026-05-12T10:29:42+0300,https://hh.ru/vacancy/126600636
Бариста,126578015,Сотрудник в аэропорт,ШЕРЕМЕТЬЕВО ХЭНДЛИНГ,Москва,140000.0,,140000.0,RUR,True,Нет опыта,,,2026-05-12T10:28:22+0300,https://hh.ru/vacancy/126578015
Бариста,133144311,Уборщица (уборщик) в кафе,Золотая Корова,Москва,65000.0,110000.0,87500.0,RUR,False,Нет опыта,,,2026-05-15T15:39:39+0300,https://hh.ru/vacancy/133144311
Бариста,131597768,Повар в кафе «Переделкино»,ОРГАНИК ГОЛЬФ,Москва,115500.0,,115500.0,RUR,False,От 1 года до 3 лет,,,2026-05-15T13:56:00+0300,https://hh.ru/vacancy/131597768
Бариста,132960293,"Пиццамейкер (м. Парк Культуры, м. Октябрьская)",Сеть Итальянских Кафе Меркалето,Москва,110000.0,130000.0,120000.0,RUR,False,От 1 года до 3 лет,,,2026-05-23T14:00:33+0300,https://hh.ru/vacancy/132960293
Бариста,133031955,"МЕНЕДЖЕР ПО ПРОДАЖАМ (коммерческое кофейное оборудование HoReCa, OCS, Вендинг)",ПТА,Москва,130000.0,,130000.0,RUR,False,От 1 года до 3 лет,,,2026-05-13T10:19:55+0300,https://hh.ru/vacancy/133031955
Бариста,133104234,Менеджер по подбору персонала,GSR РАБОТА,Москва,93000.0,,93000.0,RUR,False,От 1 года до 3 лет,,,2026-05-14T16:57:57+0300,https://hh.ru/vacancy/133104234
Бариста,132916621,Официант (м. Каширская),Сеть Итальянских Кафе Меркалето,Москва,100000.0,150000.0,125000.0,RUR,False,Нет опыта,,,2026-05-23T11:29:33+0300,https://hh.ru/vacancy/132916621
Бариста,133169076,Повар-универсал (метро Москва-сити) в новое кафе,Забыли Сахар,Москва,120000.0,150000.0,135000.0,RUR,False,От 1 года до 3 лет,,,2026-05-17T15:35:02+0300,https://hh.ru/vacancy/133169076
Бариста,133026533,Кухонный рабочий,iFCM,Москва,75000.0,,75000.0,RUR,False,Нет опыта,,,2026-05-13T09:15:49+0300,https://hh.ru/vacancy/133026533
Бариста,130054342,Подсобный рабочий (АХО),Национальный исследовательский ядерный университет МИФИ,Москва,,,,,,Нет опыта,,,2026-05-15T11:31:05+0300,https://hh.ru/vacancy/130054342
Бариста,132790205,Кондитер в кофейню,Мануфактура,Москва,80000.0,,80000.0,RUR,False,От 1 года до 3 лет,,,2026-05-05T13:10:02+0300,https://hh.ru/vacancy/132790205
Бариста,133319230,Повар (ресторан “TEHNIKUM” ТРЦ Атриум),TEHNIKUM Michelin (ООО Атриум кафе),Москва,100000.0,140000.0,120000.0,RUR,False,От 1 года до 3 лет,,,2026-05-23T16:32:10+0300,https://hh.ru/vacancy/133319230
Бариста,132065554,"Руководитель территориального отдела продаж (ТСМ, кофейное оборудование/кофе)","АЛИДИ, Группа компаний",Москва,226000.0,,226000.0,RUR,True,От 1 года до 3 лет,,,2026-05-12T10:17:38+0300,https://hh.ru/vacancy/132065554
Бариста,132756721,Повар в кофейню,Сеть кофеен Эйнштейн,Москва,90000.0,,90000.0,RUR,False,От 1 года до 3 лет,,,2026-05-04T16:21:57+0300,https://hh.ru/vacancy/132756721
Бариста,133079494,Инспектор по досмотру сотрудников на КПП,Аэропорт Домодедово,Москва,80000.0,80000.0,80000.0,RUR,True,Нет опыта,,,2026-05-14T10:07:23+0300,https://hh.ru/vacancy/133079494
Бариста,133148269,Менеджер кафе ТЦ Мега Теплый Стан,"Крошка-Картошка, Сеть кафе быстрого питания",Москва,85000.0,,85000.0,RUR,False,От 1 года до 3 лет,,,2026-05-15T17:01:22+0300,https://hh.ru/vacancy/133148269
Бариста,133139592,Ведущий бухгалтер отдела по расчетам с персоналом,ФГУП ЦНИИчермет им.И.П.Бардина,Москва,,,,,,От 3 до 6 лет,,,2026-05-15T14:16:27+0300,https://hh.ru/vacancy/133139592
Бариста,133151324,Старший повар в Кафе (ТД ГУМ),Bosco di Ciliegi,Москва,,,,,,От 3 до 6 лет,,,2026-05-15T18:47:10+0300,https://hh.ru/vacancy/133151324
Бариста,133286139,"Мобильный повар-универсал (Москва, Русаковская, 31)",Перекрёсток,Москва,80000.0,90000.0,85000.0,RUR,True,Нет опыта,,,2026-05-23T09:17:36+0300,https://hh.ru/vacancy/133286139
Бариста,133286020,"Мобильный повар-универсал (Москва, Островитянова, 7)",Перекрёсток,Москва,80000.0,90000.0,85000.0,RUR,True,Нет опыта,,,2026-05-23T09:16:40+0300,https://hh.ru/vacancy/133286020
Бариста,133285986,"Мобильный повар-универсал (Зеленоград, , 900)",Перекрёсток,Зеленоград,80000.0,90000.0,85000.0,RUR,True,Нет опыта,,,2026-05-23T09:16:32+0300,https://hh.ru/vacancy/133285986
Бариста,133285960,"Мобильный повар-универсал (Москва, Зеленодольская, 40)",Перекрёсток,Москва,80000.0,90000.0,85000.0,RUR,True,Нет опыта,,,2026-05-23T09:16:27+0300,https://hh.ru/vacancy/133285960
Бариста,133285945,"Мобильный повар-универсал (Москва, Новокосинская, 14)",Перекрёсток,Москва,80000.0,90000.0,85000.0,RUR,True,Нет опыта,,,2026-05-23T09:16:23+0300,https://hh.ru/vacancy/133285945
Бариста,133285917,"Мобильный повар-универсал (Москва, Рождественская, 11)",Перекрёсток,Москва,80000.0,90000.0,85000.0,RUR,True,Нет опыта,,,2026-05-23T09:16:17+0300,https://hh.ru/vacancy/133285917
Бариста,133285885,"Мобильный повар-универсал (Москва, Адмирала Лазарева, 2)",Перекрёсток,Москва,80000.0,90000.0,85000.0,RUR,True,Нет опыта,,,2026-05-23T09:16:08+0300,https://hh.ru/vacancy/133285885
Бариста,133285850,"Мобильный повар-универсал (Москва, Большой Овчинниковский, 16)",Перекрёсток,Москва,80000.0,90000.0,85000.0,RUR,True,Нет опыта,,,2026-05-23T09:15:59+0300,https://hh.ru/vacancy/133285850
Бариста,133285799,"Мобильный повар-универсал (Москва, Таллинская, 7)",Перекрёсток,Москва,80000.0,90000.0,85000.0,RUR,True,Нет опыта,,,2026-05-23T09:15:38+0300,https://hh.ru/vacancy/133285799
Бариста,133286072,"Повар-универсал (Москва, Щёлковское, 75)",Перекрёсток,Москва,70000.0,80000.0,75000.0,RUR,True,Нет опыта,,,2026-05-23T09:17:05+0300,https://hh.ru/vacancy/133286072
Бариста,133286031,"Повар-универсал (Москва, Севастопольский, 28)",Перекрёсток,Москва,70000.0,80000.0,75000.0,RUR,True,Нет опыта,,,2026-05-23T09:16:45+0300,https://hh.ru/vacancy/133286031
Бариста,133285982,"Повар-универсал (Москва, Пресненская, 2)",Перекрёсток,Москва,70000.0,80000.0,75000.0,RUR,True,Нет опыта,,,2026-05-23T09:16:31+0300,https://hh.ru/vacancy/133285982
Бариста,133285976,"Повар-универсал (Москва, Корнея Чуковского, 2)",Перекрёсток,Москва,70000.0,80000.0,75000.0,RUR,True,Нет опыта,,,2026-05-23T09:16:30+0300,https://hh.ru/vacancy/133285976
Бариста,133285965,"Повар-универсал (Москва, Новокосинская, 14)",Перекрёсток,Москва,70000.0,80000.0,75000.0,RUR,True,Нет опыта,,,2026-05-23T09:16:27+0300,https://hh.ru/vacancy/133285965
Бариста,133285904,"Повар-универсал (Зеленоград, , 1446)",Перекрёсток,Зеленоград,70000.0,80000.0,75000.0,RUR,True,Нет опыта,,,2026-05-23T09:16:13+0300,https://hh.ru/vacancy/133285904
Бариста,133285830,"Повар-универсал (Москва, Волжский, 7)",Перекрёсток,Москва,70000.0,80000.0,75000.0,RUR,True,Нет опыта,,,2026-05-23T09:15:53+0300,https://hh.ru/vacancy/133285830
Бариста,133285824,"Повар-универсал (Москва, Щукинская, 42)",Перекрёсток,Москва,70000.0,80000.0,75000.0,RUR,True,Нет опыта,,,2026-05-23T09:15:51+0300,https://hh.ru/vacancy/133285824
Бариста,133133329,Повар холодного цеха (в кафе/столовую),М-Т-Шеф,Москва,80000.0,100000.0,90000.0,RUR,False,От 1 года до 3 лет,,,2026-05-15T12:35:48+0300,https://hh.ru/vacancy/133133329
Бариста,132343763,"Менеджер в кафе ""The Rink""",ОРГАНИК ГОЛЬФ,Москва,115500.0,,115500.0,RUR,False,От 1 года до 3 лет,,,2026-05-14T14:19:22+0300,https://hh.ru/vacancy/132343763
Бариста,133091957,Официант в кафе (ТЦ Метрополис),Волконский,Москва,75000.0,,75000.0,RUR,False,Нет опыта,,,2026-05-14T13:19:25+0300,https://hh.ru/vacancy/133091957
Бариста,133364646,Повар,"Калитки, кофейня",Москва,120000.0,145000.0,132500.0,RUR,False,От 1 года до 3 лет,,,2026-05-21T15:43:59+0300,https://hh.ru/vacancy/133364646
Бариста,132524412,Сотрудник линии раздачи (м. Войковская),Зубакина Наталья Юрьевна,Москва,72500.0,,72500.0,RUR,True,Нет опыта,,,2026-05-12T12:45:00+0300,https://hh.ru/vacancy/132524412
Бариста,133076843,Шеф-повар в кафе Шоколад,Сеть IL PIZZAIOLO,Москва,170000.0,180000.0,175000.0,RUR,False,От 3 до 6 лет,,,2026-05-14T09:30:17+0300,https://hh.ru/vacancy/133076843
Бариста,132975724,Пекарь-кондитер в кафе,ГК Фьюжен Менеджмент,Москва,80000.0,,80000.0,RUR,False,От 1 года до 3 лет,,,2026-05-12T09:15:15+0300,https://hh.ru/vacancy/132975724
Бариста,133343632,Повар универсал,Кофейня termos,Москва,115000.0,125000.0,120000.0,RUR,False,От 1 года до 3 лет,,,2026-05-21T10:48:39+0300,https://hh.ru/vacancy/133343632
Бариста,129987548,Кухонный работник (ГБУ СД Обручевский м.Калужская),Группа компаний РБЕ (RBE Group),Москва,52000.0,,52000.0,RUR,True,Нет опыта,,,2026-05-15T12:42:10+0300,https://hh.ru/vacancy/129987548
Бариста,120866478,Сотрудник склада (автозапчасти),АВТОДОК (Autodoc),Видное (Московская область),95000.0,,95000.0,RUR,False,Нет опыта,,,2026-05-08T18:06:00+0300,https://hh.ru/vacancy/120866478
Бариста,132872291,Специалист по подбору персонала / рекрутер (Египет),Гринатом,Москва,,,,,,От 1 года до 3 лет,,,2026-05-14T18:16:10+0300,https://hh.ru/vacancy/132872291
Бариста,133061639,Главный специалист по подбору персонала,Выставка достижений народного хозяйства,Москва,150000.0,150000.0,150000.0,RUR,False,От 3 до 6 лет,,,2026-05-13T17:47:15+0300,https://hh.ru/vacancy/133061639
Бариста,133065828,Бизнес-партнёр по персоналу (HR BP),BI.ZONE,Москва,,,,,,От 3 до 6 лет,,,2026-05-13T23:05:23+0300,https://hh.ru/vacancy/133065828
Бариста,131267160,"Повар в кафе (парк аттракционов, м. Крылатское)",Парк Сказка,Москва,170345.0,,170345.0,RUR,True,От 1 года до 3 лет,,,2026-05-15T13:05:38+0300,https://hh.ru/vacancy/131267160
Бариста,132979096,Повар-заготовщик в кафе,Bright Kitchen,Москва,100000.0,145000.0,122500.0,RUR,True,Нет опыта,,,2026-05-12T09:57:46+0300,https://hh.ru/vacancy/132979096
Бариста,128177695,Менеджер кафе ТЦ Океания ( ст.м Славянский бульвар ),"Крошка-Картошка, Сеть кафе быстрого питания",Москва,95000.0,,95000.0,RUR,False,От 1 года до 3 лет,,,2026-05-15T16:59:19+0300,https://hh.ru/vacancy/128177695
Бариста,132019940,Повар-универсал (метро Шелепиха) в новое кафе в б/ц,Забыли Сахар,Москва,120000.0,150000.0,135000.0,RUR,False,От 1 года до 3 лет,,,2026-05-16T21:00:36+0300,https://hh.ru/vacancy/132019940
Бариста,132660314,Повар,Кофейня Брунс,Москва,100000.0,130000.0,115000.0,RUR,False,От 1 года до 3 лет,,,2026-05-21T12:06:49+0300,https://hh.ru/vacancy/132660314
Бариста,133031378,Подсобный рабочий (озеленение),Выставка достижений народного хозяйства,Москва,77000.0,77000.0,77000.0,RUR,False,Нет опыта,,,2026-05-13T10:13:12+0300,https://hh.ru/vacancy/133031378
Бариста,133049206,Помощник официанта в кафе ProfiTrolly,СВ-Сервис,Москва,100000.0,115000.0,107500.0,RUR,False,От 1 года до 3 лет,,,2026-05-13T14:18:46+0300,https://hh.ru/vacancy/133049206
Бариста,133051971,Сотрудник деканата / Куратор сопровождения студентов (м. Нагатинская),СИНЕРГИЯ,Москва,91955.0,,91955.0,RUR,True,От 1 года до 3 лет,,,2026-05-13T14:59:14+0300,https://hh.ru/vacancy/133051971
Бариста,128078530,"Менеджер кофейни ""Шоколадница"" Хорошевское ш вл 27",Сеть кофеен Шоколадница,Москва,70000.0,90000.0,80000.0,RUR,True,Нет опыта,,,2026-05-08T22:48:42+0300,https://hh.ru/vacancy/128078530
Бариста,124080080,Кухонный работник (ГБУ СД Ярославский м. Бабушкинская),Группа компаний РБЕ (RBE Group),Москва,52000.0,,52000.0,RUR,True,Нет опыта,,,2026-05-15T12:42:11+0300,https://hh.ru/vacancy/124080080
Бариста,133132920,Кухонный работник (ГБУ СД Вешняки м. Выхино),Группа компаний РБЕ (RBE Group),Москва,52000.0,,52000.0,RUR,True,Нет опыта,,,2026-05-15T12:29:14+0300,https://hh.ru/vacancy/133132920
Бариста,132440020,"Официант в сеть кафе ""Забыли сахар"" (Москва-сити)",Забыли Сахар,Москва,100000.0,,100000.0,RUR,False,От 1 года до 3 лет,,,2026-05-15T13:19:30+0300,https://hh.ru/vacancy/132440020
Бариста,131520356,"Продавец-кассир в кафе Брусника (м.Шелепиха, Народное Ополчение, Авиамоторная, Фрунзенская)",Брусника,Москва,,117000.0,117000.0,RUR,False,Нет опыта,,,2026-05-16T11:54:12+0300,https://hh.ru/vacancy/131520356
Бариста,130017000,"Главный бухгалтер (оптовая торговля, маркетплейсы)",Кадровое агентство Аспект,Москва,270000.0,,270000.0,RUR,False,От 3 до 6 лет,,,2026-05-23T13:06:05+0300,https://hh.ru/vacancy/130017000
Бариста,133034786,Менеджер по подбору персонала (точечный подбор),"Мираторг, Агропромышленный холдинг",Москва,,,,,,От 3 до 6 лет,,,2026-05-13T10:53:21+0300,https://hh.ru/vacancy/133034786
Бариста,132322272,Кассир в кафе (м. Текстильщики),Зубакина Наталья Юрьевна,Москва,75500.0,,75500.0,RUR,True,От 1 года до 3 лет,,,2026-05-12T12:48:04+0300,https://hh.ru/vacancy/132322272
Бариста,132312367,Управляющий кофейней,Дата Маркетинг,Москва,130000.0,,130000.0,RUR,False,От 1 года до 3 лет,,,2026-04-23T21:39:20+0300,https://hh.ru/vacancy/132312367
Бариста,132593518,Официант в кафе при санатории,Cанаторий Валуево,Москва,50000.0,,50000.0,RUR,False,Нет опыта,,,2026-05-12T17:46:22+0300,https://hh.ru/vacancy/132593518
Бариста,132820005,Шеф-повар в корпоративное кафе,FreshCafe,Москва,152000.0,,152000.0,RUR,True,От 1 года до 3 лет,,,2026-05-12T14:54:09+0300,https://hh.ru/vacancy/132820005
Бариста,132776693,Управляющий кафе,Ма Ми Ханойская лапша,Москва,150000.0,150000.0,150000.0,RUR,False,От 3 до 6 лет,,,2026-05-05T09:54:31+0300,https://hh.ru/vacancy/132776693
Бариста,125088610,"Кухонный работник (ГБУ СД ""Северное Измайлово"" м. Щёлковская)",Группа компаний РБЕ (RBE Group),Москва,52000.0,,52000.0,RUR,True,От 1 года до 3 лет,,,2026-05-15T12:42:11+0300,https://hh.ru/vacancy/125088610
Бариста,131009159,Кухонный работник (ГБУ СД Фили-Давыдково м. Кунцевская),Группа компаний РБЕ (RBE Group),Москва,57400.0,,57400.0,RUR,True,Нет опыта,,,2026-05-15T12:42:10+0300,https://hh.ru/vacancy/131009159
Бариста,132927497,Сотрудник в инженерную мастерскую,Робомаркет,Москва,50000.0,70000.0,60000.0,RUR,False,Нет опыта,,,2026-05-08T15:03:44+0300,https://hh.ru/vacancy/132927497
Бариста,132828923,Руководитель сервисного направления по кофейному оборудованию,Вкус Кампани,Москва,180000.0,,180000.0,RUR,False,От 3 до 6 лет,,,2026-05-06T10:13:47+0300,https://hh.ru/vacancy/132828923
Бариста,132551202,Повар-универсал,Кофейня Хочу Пышку,Зеленоград,5000.0,5000.0,5000.0,RUR,False,От 1 года до 3 лет,,,2026-05-21T18:15:25+0300,https://hh.ru/vacancy/132551202
Бариста,133320357,Кондитер,Табачка 4:20,Москва,100000.0,,100000.0,RUR,False,От 1 года до 3 лет,,,2026-05-23T16:39:11+0300,https://hh.ru/vacancy/133320357
Бариста,132322043,Ведущий менеджер по подбору персонала (офис),СИНЕРГИЯ,Москва,,,,,,От 1 года до 3 лет,,,2026-05-12T15:57:55+0300,https://hh.ru/vacancy/132322043
Бариста,133362554,Менеджер ресторана,Кафе Кусочки,Москва,170000.0,190000.0,180000.0,RUR,False,От 1 года до 3 лет,,,2026-05-21T15:08:09+0300,https://hh.ru/vacancy/133362554
Бариста,132725063,Универсальный повар в кофейню (м. Авиамоторная),FRENCH BAKERY,Москва,85000.0,,85000.0,RUR,False,Нет опыта,,,2026-05-05T11:19:16+0300,https://hh.ru/vacancy/132725063
Бариста,126534427,Повар в кофейню «Шоколадница»,Сеть кофеен Шоколадница,Москва,65000.0,85000.0,75000.0,RUR,False,Нет опыта,,,2026-04-30T13:14:06+0300,https://hh.ru/vacancy/126534427
Бариста,128162023,Продавец-кассир в кафе-кондитерскую Брусника,Брусника,Москва,76500.0,120000.0,98250.0,RUR,False,Нет опыта,,,2026-05-12T12:16:37+0300,https://hh.ru/vacancy/128162023
Бариста,132849081,Сотрудник бассейна TERMOLAND (Путилково),TERMOLAND,Москва,70000.0,90000.0,80000.0,RUR,True,Нет опыта,,,2026-05-06T15:14:38+0300,https://hh.ru/vacancy/132849081
Бариста,133057044,Повар Гриль в магазин-кафе здоровых продуктов «Амбар»,ОРГАНИК ГОЛЬФ,Москва,96000.0,126000.0,111000.0,RUR,False,От 1 года до 3 лет,,,2026-05-13T16:15:29+0300,https://hh.ru/vacancy/133057044
Бариста,131537982,"Подсобный рабочий (база отдыха ""Волга"" Тверская область)",Национальный исследовательский ядерный университет МИФИ,Москва,,,,,,Нет опыта,,,2026-05-15T11:31:51+0300,https://hh.ru/vacancy/131537982
Бариста,133297408,Повар,Табачка 4:20,Москва,120000.0,,120000.0,RUR,False,От 1 года до 3 лет,,,2026-05-23T11:50:54+0300,https://hh.ru/vacancy/133297408
Бариста,131246899,Помощник руководителя — аналитик данных,Московская кофейня на паяхъ,Одинцово (Московская область),,,,,,От 1 года до 3 лет,,,2026-05-21T18:40:54+0300,https://hh.ru/vacancy/131246899
Бариста,132831872,Менеджер в кафе,НИППОН,Москва,70000.0,100000.0,85000.0,RUR,False,Нет опыта,,,2026-05-06T10:53:49+0300,https://hh.ru/vacancy/132831872
Бариста,131883497,Менеджер по подбору персонала,GSR РАБОТА,Москва,93000.0,,93000.0,RUR,False,От 1 года до 3 лет,,,2026-05-08T15:42:05+0300,https://hh.ru/vacancy/131883497
Бариста,132544790,Работник в кафе (м. Тульская),Blue Collar (Ип Дмитриев Дмитрий Борисович),Москва,41000.0,93000.0,67000.0,RUR,True,Нет опыта,,,2026-04-27T16:03:30+0300,https://hh.ru/vacancy/132544790
Бариста,128079265,"Менеджер кофейни ""Шоколадница"" Ленинградский пр-кт 62 А (ТЦ Галерея Аэропорт)",Сеть кофеен Шоколадница,Москва,70000.0,85000.0,77500.0,RUR,False,От 1 года до 3 лет,,,2026-05-08T22:48:24+0300,https://hh.ru/vacancy/128079265
Бариста,131923413,Подсобный рабочий,Москабельмет,Москва,75000.0,75000.0,75000.0,RUR,False,Нет опыта,,,2026-05-07T08:39:56+0300,https://hh.ru/vacancy/131923413
Бариста,129212964,"Продавец-кассир в сеть кафе ""Брусника""",Брусника,Москва,,117000.0,117000.0,RUR,False,Нет опыта,,,2026-05-11T15:25:00+0300,https://hh.ru/vacancy/129212964
Бариста,133234351,Старший продавец в лавку выпечки при Храме,Кафе Монастырская Трапеза,Москва,100000.0,120000.0,110000.0,RUR,False,От 1 года до 3 лет,,,2026-05-22T09:17:36+0300,https://hh.ru/vacancy/133234351
Бариста,131532397,Уборщица-уборщик в кафе,DCS Food,Москва,65000.0,65000.0,65000.0,RUR,False,Нет опыта,,,2026-05-08T14:15:56+0300,https://hh.ru/vacancy/131532397
Бариста,132979548,Помощник в кафе на раздачу (м. ВДНХ),Blue Collar (Ип Дмитриев Дмитрий Борисович),Москва,82000.0,106000.0,94000.0,RUR,False,Нет опыта,,,2026-05-12T10:03:04+0300,https://hh.ru/vacancy/132979548
Бариста,132979180,Помощник в кафе на раздачу (м. Нижегородская),Blue Collar (Ип Дмитриев Дмитрий Борисович),Москва,82000.0,106000.0,94000.0,RUR,True,Нет опыта,,,2026-05-12T09:58:18+0300,https://hh.ru/vacancy/132979180
Бариста,133296896,Менеджер по продажам HoReCa (77525),ДЕМЕТРА,Москва,150000.0,500000.0,325000.0,RUR,False,От 1 года до 3 лет,,,2026-05-23T11:43:46+0300,https://hh.ru/vacancy/133296896
Бариста,132885779,Операционный директор (сеть кафе),Федеральная сеть кафе,Москва,,,,,,От 3 до 6 лет,,,2026-05-07T14:08:57+0300,https://hh.ru/vacancy/132885779
Бариста,132965769,Управляющий / менеджер на запуск кафе (онигири бар),Треугольнички,Москва,150000.0,,150000.0,RUR,False,От 3 до 6 лет,,,2026-05-12T01:10:19+0300,https://hh.ru/vacancy/132965769
Бариста,132294669,"Повар-универсал (кафе French Bakery,м Раменки, Мичуринский проспект, д. 21, корп. 6)",FRENCH BAKERY,Москва,100000.0,,100000.0,RUR,False,От 1 года до 3 лет,,,2026-05-15T13:46:29+0300,https://hh.ru/vacancy/132294669
Бариста,131354078,Специалист отдела подбора персонала,СМ-Клиника,Москва,110000.0,,110000.0,RUR,True,От 1 года до 3 лет,,,2026-05-07T17:05:39+0300,https://hh.ru/vacancy/131354078
Бариста,131659166,Повар-универсал в кофейню,Мёд и Музыка,Москва,450.0,450.0,450.0,RUR,False,От 1 года до 3 лет,,,2026-04-27T13:57:37+0300,https://hh.ru/vacancy/131659166
Бариста,126534250,Повар в кофейне «Шоколадница»,Сеть кофеен Шоколадница,Москва,45000.0,85000.0,65000.0,RUR,False,Нет опыта,,,2026-04-27T18:06:02+0300,https://hh.ru/vacancy/126534250
Бариста,132891655,Менеджер в кафе Шоколад,Сеть IL PIZZAIOLO,Москва,100000.0,120000.0,110000.0,RUR,False,От 1 года до 3 лет,,,2026-05-07T15:59:14+0300,https://hh.ru/vacancy/132891655
Бариста,131374042,Кухонный работник (ГБУ СД Лосиноостровский м. Белокаменная),Группа компаний РБЕ (RBE Group),Москва,52000.0,,52000.0,RUR,True,Нет опыта,,,2026-05-12T12:36:33+0300,https://hh.ru/vacancy/131374042
Бариста,132888994,Менеджер в Кафе (Сколково),ЗДОРОВОЕ ОТНОШЕНИЕ,Москва,120000.0,140000.0,130000.0,RUR,False,От 1 года до 3 лет,,,2026-05-07T15:05:41+0300,https://hh.ru/vacancy/132888994
Бариста,132797977,Координатор отдела продаж/ Менеджер по работе с клиентами,Диемм Кофе,Москва,,110000.0,110000.0,RUR,False,От 1 года до 3 лет,,,2026-05-23T14:22:48+0300,https://hh.ru/vacancy/132797977
Бариста,132979735,Помощник в кафе на раздачу м. Речной вокзал,Blue Collar (Ип Дмитриев Дмитрий Борисович),Москва,82000.0,106000.0,94000.0,RUR,False,Нет опыта,,,2026-05-12T10:05:11+0300,https://hh.ru/vacancy/132979735
Бариста,132874755,Генеральный директор сети кафе,Крупная российская компания,Москва,,,,,,От 3 до 6 лет,,,2026-05-07T11:06:07+0300,https://hh.ru/vacancy/132874755
Бариста,132472116,Повар,Кафе Мясоед,Москва,130000.0,,130000.0,RUR,False,От 1 года до 3 лет,,,2026-05-21T13:07:46+0300,https://hh.ru/vacancy/132472116
Бариста,132627757,Хостес,ДжиСи Компани,Москва,4000.0,5000.0,4500.0,RUR,False,От 1 года до 3 лет,,,2026-05-23T15:07:22+0300,https://hh.ru/vacancy/132627757
Бариста,132750438,Повар горячего цеха (м. Парк Культуры/м. Октябрьская),Сеть Итальянских Кафе Меркалето,Москва,110000.0,130000.0,120000.0,RUR,False,От 1 года до 3 лет,,,2026-05-22T15:06:48+0300,https://hh.ru/vacancy/132750438
Бариста,132636324,Менеджер кафе,Азбука вкуса,Москва,90000.0,,90000.0,RUR,False,От 1 года до 3 лет,,,2026-04-29T18:39:18+0300,https://hh.ru/vacancy/132636324
Бариста,132328661,Повар в Rockets (м. Павелецкая),rockets.coffee,Москва,120000.0,,120000.0,RUR,False,От 1 года до 3 лет,,,2026-05-23T19:11:13+0300,https://hh.ru/vacancy/132328661
Бариста,132614741,Управляющий кафе,Дс-М Групп,Москва,,140000.0,140000.0,RUR,False,От 1 года до 3 лет,,,2026-04-29T10:58:36+0300,https://hh.ru/vacancy/132614741
Бариста,133422731,Территориальный директор,Marketplace,Москва,150000.0,160000.0,155000.0,RUR,False,От 1 года до 3 лет,,,2026-05-23T16:27:13+0300,https://hh.ru/vacancy/133422731
Бариста,123159886,Кухонный работник ( ГБУ ГЦ Левобережный м. Речной Вокзал),Группа компаний РБЕ (RBE Group),Москва,52000.0,,52000.0,RUR,True,Нет опыта,,,2026-05-12T17:54:37+0300,https://hh.ru/vacancy/123159886
Бариста,132921008,Менеджер в кафе (м. Киевская),Волконский,Москва,90000.0,,90000.0,RUR,False,От 1 года до 3 лет,,,2026-05-08T12:51:56+0300,https://hh.ru/vacancy/132921008
Бариста,132920856,Менеджер в кафе (Новый Арбат),Волконский,Москва,90000.0,,90000.0,RUR,False,От 1 года до 3 лет,,,2026-05-08T12:49:16+0300,https://hh.ru/vacancy/132920856
Бариста,127134488,Администратор кафе,Самокат (ООО Умный ритейл),Москва,74000.0,81400.0,77700.0,RUR,True,Нет опыта,,,2026-04-29T10:35:45+0300,https://hh.ru/vacancy/127134488
Бариста,132836222,Повар в кафе (м.Маяковская),Волконский,Москва,70000.0,,70000.0,RUR,False,Нет опыта,,,2026-05-06T12:03:28+0300,https://hh.ru/vacancy/132836222
Бариста,132615267,Менеджер по продажам HoReCa/On-trade,Lenmix,Москва,125000.0,200000.0,162500.0,RUR,False,От 1 года до 3 лет,,,2026-05-23T11:06:04+0300,https://hh.ru/vacancy/132615267
Бариста,132544629,"Руководитель отдела продаж / Старший менеджер сервиса (ремонт кофемашин, бытовой техники)",Кузница Кадров,Москва,150000.0,600000.0,375000.0,RUR,False,От 1 года до 3 лет,,,2026-05-21T16:00:33+0300,https://hh.ru/vacancy/132544629
Бариста,132697888,Менеджер развлекательного центра,Игралайф,Химки (Московская область),90000.0,130000.0,110000.0,RUR,False,От 1 года до 3 лет,,,2026-05-23T14:18:49+0300,https://hh.ru/vacancy/132697888
Бариста,132489672,Управляющий кофейней BODRO COFFEE,Bodro Coffee,Москва,91000.0,110000.0,100500.0,RUR,False,От 1 года до 3 лет,,,2026-04-24T20:37:31+0300,https://hh.ru/vacancy/132489672
Бариста,132717053,Менеджер Семейного Ресторана,Семейное кафе Kids Castle,Москва,110000.0,120000.0,115000.0,RUR,False,От 1 года до 3 лет,,,2026-05-22T08:31:40+0300,https://hh.ru/vacancy/132717053
Бариста,132703541,Менеджер кафе/ресторана,Шайдуллина Мария Сергеевна,Москва,5000.0,150000.0,77500.0,RUR,False,От 1 года до 3 лет,,,2026-05-03T10:08:33+0300,https://hh.ru/vacancy/132703541
Бариста,132667460,Специалист отдела кадров,Сити Ресторантс,Москва,,,,,,От 3 до 6 лет,,,2026-04-30T14:30:00+0300,https://hh.ru/vacancy/132667460
Бариста,132868525,"Повар-суши (Москва, Аминьевское, 6)",Перекрёсток,Москва,72000.0,81000.0,76500.0,RUR,True,Нет опыта,,,2026-05-22T09:15:03+0300,https://hh.ru/vacancy/132868525
Бариста,132384491,Ведущий специалист отдела подбора персонала,СМ-Клиника,Москва,110000.0,,110000.0,RUR,True,От 3 до 6 лет,,,2026-05-07T08:54:22+0300,https://hh.ru/vacancy/132384491
Бариста,132493498,Официант (парк Музеон),Сеть Итальянских Кафе Меркалето,Москва,100000.0,150000.0,125000.0,RUR,False,Нет опыта,,,2026-05-22T09:58:39+0300,https://hh.ru/vacancy/132493498
Бариста,133109394,Мойщица/Мойщик посуды/Помощник по кухне,СанТехОптТорг,Москва,65000.0,70000.0,67500.0,RUR,False,От 1 года до 3 лет,,,2026-05-23T20:14:24+0300,https://hh.ru/vacancy/133109394
Бариста,130541222,"Официант в кафе ""Rink""",ОРГАНИК ГОЛЬФ,Москва,150000.0,,150000.0,RUR,False,Нет опыта,,,2026-05-05T15:41:07+0300,https://hh.ru/vacancy/130541222
Бариста,132869365,Уборщик в кафе г. Москва,СИМПЛЕКС,Москва,65000.0,95000.0,80000.0,RUR,False,Нет опыта,,,2026-05-07T09:31:51+0300,https://hh.ru/vacancy/132869365
Бариста,132915724,Коммерческий директор сервисной компании,Proxima,Москва,245000.0,,245000.0,RUR,True,Более 6 лет,,,2026-05-23T11:09:12+0300,https://hh.ru/vacancy/132915724
Бариста,131461225,Менеджер по развитию,"ВЕНДЭКС, Группа компаний",Москва,100000.0,190000.0,145000.0,RUR,False,От 1 года до 3 лет,,,2026-05-23T17:16:45+0300,https://hh.ru/vacancy/131461225
Бариста,133334879,Повар / помощник повара,Шир-кафе,Москва,4300.0,5300.0,4800.0,RUR,False,Нет опыта,,,2026-05-21T08:33:11+0300,https://hh.ru/vacancy/133334879
Бариста,132786853,Тренинг-менеджер / Тренер по обучению персонала,Крупная сеть кафе,Москва,130000.0,130000.0,130000.0,RUR,False,От 1 года до 3 лет,,,2026-05-05T12:15:52+0300,https://hh.ru/vacancy/132786853
Бариста,132750053,Буфетчик в кафе клиники,ФГАУ НМИЦ МНТК Микрохирургия глаза им. акад. С.Н.Федорова Минздрава России,Москва,65000.0,,65000.0,RUR,True,От 1 года до 3 лет,,,2026-05-04T15:00:18+0300,https://hh.ru/vacancy/132750053
Бариста,132742636,Менеджер по персоналу/HR Generalist,Столик на одного,Москва,,120000.0,120000.0,RUR,False,От 1 года до 3 лет,,,2026-05-04T13:15:17+0300,https://hh.ru/vacancy/132742636
Бариста,131129998,Тимлид (заместитель директора кафе),Перекрёсток,Москва,110000.0,,110000.0,RUR,True,От 1 года до 3 лет,,,2026-05-04T12:32:10+0300,https://hh.ru/vacancy/131129998
Бариста,133107006,Ведущий геолог,Геотраст,Москва,200000.0,200000.0,200000.0,RUR,False,От 3 до 6 лет,,,2026-05-23T18:09:12+0300,https://hh.ru/vacancy/133107006
Бариста,131415459,Пекарь в кафе-столовую,НМИЦ ССХ им. А.Н. Бакулева Минздрава России,Москва,90000.0,,90000.0,RUR,False,От 3 до 6 лет,,,2026-05-04T09:52:02+0300,https://hh.ru/vacancy/131415459
Бариста,132663146,Кассир в кафе,кафе ЛЕГЕНДА,Москва,60000.0,,60000.0,RUR,False,От 1 года до 3 лет,,,2026-04-30T13:05:20+0300,https://hh.ru/vacancy/132663146
Бариста,128238722,Территориальный директор сети кафе здорового питания,Территория Фитнеса,Москва,150000.0,350000.0,250000.0,RUR,True,От 3 до 6 лет,,,2026-05-07T10:32:21+0300,https://hh.ru/vacancy/128238722
Бариста,126413368,Продавец-кассир в ХЛ Дмитровская,"Крошка-Картошка, Сеть кафе быстрого питания",Москва,85000.0,,85000.0,RUR,False,Нет опыта,,,2026-05-22T17:45:31+0300,https://hh.ru/vacancy/126413368
Бариста,132807148,"Повар в кафе, г. Одинцово",Бардасова Екатерина Максимовна,Москва,80000.0,,80000.0,RUR,False,От 1 года до 3 лет,,,2026-05-05T16:25:23+0300,https://hh.ru/vacancy/132807148
Бариста,132924318,Старший администратор в медицинскую клинику (м. Молодежная/м. Кунцевская/м. Рабочий поселок),DocDeti (ООО Докдети),Москва,80000.0,100000.0,90000.0,RUR,False,От 1 года до 3 лет,,,2026-05-14T12:50:47+0300,https://hh.ru/vacancy/132924318
Бариста,132570935,Управляющий / старший администратор,Аудиторская компания ЛАНТА-МЕДИЯ,Москва,,,,,,От 1 года до 3 лет,,,2026-05-22T10:57:20+0300,https://hh.ru/vacancy/132570935
Бариста,131576873,"Заместитель управляющей в кафе Брусника (м.Кропоткинская, Народное Ополчение, Ломоносовский пр-т)",Брусника,Москва,110000.0,120000.0,115000.0,RUR,False,От 1 года до 3 лет,,,2026-05-11T10:18:19+0300,https://hh.ru/vacancy/131576873
Бариста,130971102,Повар заготовщик в столовую,Norme,Москва,,130000.0,130000.0,RUR,False,От 1 года до 3 лет,,,2026-05-23T15:56:44+0300,https://hh.ru/vacancy/130971102
Бариста,132739319,Кассир в кафе (м. Текстильщики),Зубакина Наталья Юрьевна,Москва,72500.0,,72500.0,RUR,True,От 1 года до 3 лет,,,2026-05-04T12:38:49+0300,https://hh.ru/vacancy/132739319
Бариста,132617917,Менеджер по логистике по работе с собственным транспортом,Сорож-Логистик,Москва,150000.0,,150000.0,RUR,True,От 3 до 6 лет,,,2026-05-23T11:54:15+0300,https://hh.ru/vacancy/132617917
Бариста,132617867,Менеджер по логистике по работе с привлеченным транспортом,Сорож-Логистик,Москва,100000.0,,100000.0,RUR,True,От 1 года до 3 лет,,,2026-05-23T11:53:06+0300,https://hh.ru/vacancy/132617867
Бариста,132729213,Менеджер в кафе (м. Новокузнецкая ),Волконский,Москва,100000.0,,100000.0,RUR,False,От 1 года до 3 лет,,,2026-05-04T11:01:06+0300,https://hh.ru/vacancy/132729213
Бариста,131434377,Менеджер отдела доставки,Омега,Москва,5000.0,5000.0,5000.0,RUR,False,От 3 до 6 лет,,,2026-05-23T15:30:32+0300,https://hh.ru/vacancy/131434377
Бариста,132733531,Повар на раздаче (кафе Фестивальное),Bosco di Ciliegi,Москва,,,,,,От 1 года до 3 лет,,,2026-05-04T11:42:42+0300,https://hh.ru/vacancy/132733531
Бариста,132831111,Руководитель точек продаж в пекарню при Храме,Кафе Монастырская Трапеза,Москва,120000.0,150000.0,135000.0,RUR,False,От 1 года до 3 лет,,,2026-05-21T10:41:56+0300,https://hh.ru/vacancy/132831111
Бариста,132808480,Повар / су-шеф в кафе Сердар,Кафе Serdar,Зеленоград,120000.0,130000.0,125000.0,RUR,False,От 1 года до 3 лет,,,2026-05-05T16:43:17+0300,https://hh.ru/vacancy/132808480
Бариста,132728942,Официант в кафе (м. Арбатская),Волконский,Москва,,,,,,Нет опыта,,,2026-05-04T10:58:00+0300,https://hh.ru/vacancy/132728942
Бариста,132001852,Бизнес ассистент,АНО ДПО «Академия Промышленной Безопасности и Капитального Строительства»,Москва,,,,,,От 3 до 6 лет,,,2026-05-23T16:30:40+0300,https://hh.ru/vacancy/132001852
Бариста,132794393,Хозяйка/хозяин зала в кафе Кремлевский,ФГБУ Комбинат питания Кремлевский,Москва,4250.0,4250.0,4250.0,RUR,False,Нет опыта,,,2026-05-05T14:04:33+0300,https://hh.ru/vacancy/132794393
Бариста,133423478,Официант в ресторан,Форест Групп,Москва,110000.0,150000.0,130000.0,RUR,False,От 1 года до 3 лет,,,2026-05-23T18:20:41+0300,https://hh.ru/vacancy/133423478
Бариста,132543067,Официант в кафе,ВНБ,Москва,120000.0,130000.0,125000.0,RUR,False,От 1 года до 3 лет,,,2026-04-27T15:36:58+0300,https://hh.ru/vacancy/132543067
Бариста,132885068,"Старший менеджер по обучению, оценке и развитию персонала",Розничная сеть МТС,Москва,130000.0,150000.0,140000.0,RUR,True,От 3 до 6 лет,,,2026-05-07T14:00:31+0300,https://hh.ru/vacancy/132885068
Бариста,132921955,Кладовщик в ресторан «Дымзавод» (м. 1905 года),VAMS Family,Москва,90000.0,,90000.0,RUR,False,От 1 года до 3 лет,,,2026-05-23T13:10:50+0300,https://hh.ru/vacancy/132921955
Бариста,132747097,Повар в итальянское кафе Мария Санта,Василёк,Москва,120000.0,135000.0,127500.0,RUR,False,От 1 года до 3 лет,,,2026-05-04T14:15:09+0300,https://hh.ru/vacancy/132747097
Бариста,133139995,Официант (парк Царицыно),Сеть Итальянских Кафе Меркалето,Москва,100000.0,150000.0,125000.0,RUR,False,Нет опыта,,,2026-05-21T14:23:00+0300,https://hh.ru/vacancy/133139995
Бариста,132750122,Уборщик производственных и служебных помещений кафе,ФГАУ НМИЦ МНТК Микрохирургия глаза им. акад. С.Н.Федорова Минздрава России,Москва,65000.0,,65000.0,RUR,True,Нет опыта,,,2026-05-04T15:01:32+0300,https://hh.ru/vacancy/132750122
Бариста,131767354,Кухонный рабочий,iFCM,Москва,80000.0,,80000.0,RUR,False,Нет опыта,,,2026-04-27T09:48:58+0300,https://hh.ru/vacancy/131767354
Бариста,133419512,Менеджер ресторана,ДЮ-МТС,Москва,110000.0,,110000.0,RUR,False,От 1 года до 3 лет,,,2026-05-23T10:01:29+0300,https://hh.ru/vacancy/133419512
Бариста,132886794,Администратор-кассир,Bổ,Зеленоград,85000.0,,85000.0,RUR,False,Нет опыта,,,2026-05-22T14:26:47+0300,https://hh.ru/vacancy/132886794
Бариста,133224530,Повар-универсал,Кофейня hörn17,Москва,150000.0,180000.0,165000.0,RUR,False,От 1 года до 3 лет,,,2026-05-18T23:54:01+0300,https://hh.ru/vacancy/133224530
Бариста,132796788,Финансовый контролер,Академия Будущего,Москва,100000.0,135000.0,117500.0,RUR,True,От 1 года до 3 лет,,,2026-05-23T14:16:00+0300,https://hh.ru/vacancy/132796788
Бариста,132619786,Официант в кафе Здрасте,Mariqo,Москва,,,,,,От 1 года до 3 лет,,,2026-04-29T13:49:33+0300,https://hh.ru/vacancy/132619786
Бариста,133305823,Кассир в кулинарную лавку братьев Караваевых,Кулинарная лавка братьев Караваевых,Москва,,120000.0,120000.0,RUR,False,Нет опыта,,,2026-05-23T13:57:10+0300,https://hh.ru/vacancy/133305823
Бариста,132295535,"Повар-универсал в гастро-кафе (завтраки) ""АртБрэкфаст""",Карьерный центр РЕКОРД,Волгоград,90000.0,,90000.0,RUR,False,От 1 года до 3 лет,,,2026-05-05T10:50:29+0300,https://hh.ru/vacancy/132295535
Бариста,133409696,Менеджер по продажам HoReCa,ДЕМЕТРА,Москва,150000.0,500000.0,325000.0,RUR,False,От 1 года до 3 лет,,,2026-05-22T16:49:19+0300,https://hh.ru/vacancy/133409696
Бариста,132469522,"Пицца-пекарь (Москва, Волгоградский, 1)",Перекрёсток,Москва,70000.0,80000.0,75000.0,RUR,True,Нет опыта,,,2026-05-21T12:14:32+0300,https://hh.ru/vacancy/132469522
Бариста,133325718,Продавец-консультант (совместительство),Лемана ПРО,Москва,,,,,,Нет опыта,,,2026-05-23T19:45:23+0300,https://hh.ru/vacancy/133325718
Бариста,133358094,Комплектовщик-грузчик,Кафе-пекарня Цех85,Москва,58500.0,62400.0,60450.0,RUR,False,Нет опыта,,,2026-05-21T13:57:32+0300,https://hh.ru/vacancy/133358094
Бариста,133321360,Помощник Директора Креативного агентства,Кадровое агентство «Синергия»,Москва,80000.0,80000.0,80000.0,RUR,False,От 1 года до 3 лет,,,2026-05-23T17:01:39+0300,https://hh.ru/vacancy/133321360
Бариста,133320628,Бригадир/Мастер цеха Дринкит Dodo Brands,Дринкит сеть кофеен,Москва,120000.0,135000.0,127500.0,RUR,False,От 1 года до 3 лет,,,2026-05-23T16:45:32+0300,https://hh.ru/vacancy/133320628
Бариста,132565518,Менеджер в Итальянское кафе,Бизнес-Онлайн,Москва,137900.0,183900.0,160900.0,RUR,True,От 3 до 6 лет,,,2026-04-28T09:31:14+0300,https://hh.ru/vacancy/132565518
Бариста,133011779,Руководитель группы учёта доходов,RoRe Group,Москва,,,,,,От 3 до 6 лет,,,2026-05-23T18:04:28+0300,https://hh.ru/vacancy/133011779
Бариста,132628573,Менеджер зала в ресторан KALABASA,Kalabasa,Москва,120000.0,,120000.0,RUR,False,От 1 года до 3 лет,,,2026-05-23T15:23:09+0300,https://hh.ru/vacancy/132628573
Бариста,132678600,Администратор/менеджер в кафе (м.Щелковская),ДЕЛЕГАТ,Москва,100000.0,120000.0,110000.0,RUR,False,От 1 года до 3 лет,,,2026-04-30T18:05:18+0300,https://hh.ru/vacancy/132678600
Бариста,132790473,Руководитель команды клиентского сервиса,НССД,Москва,150000.0,,150000.0,RUR,False,От 1 года до 3 лет,,,2026-05-23T13:13:56+0300,https://hh.ru/vacancy/132790473
Бариста,132875495,Официант (SPECIAL м. Октябрьское Поле),Франшиза Спешиал,Москва,80000.0,,80000.0,RUR,False,Нет опыта,,,2026-05-22T11:16:34+0300,https://hh.ru/vacancy/132875495
Бариста,132740925,Специалист (по материально техническому обеспечению (студенческое кафе)),ГБПОУ ПК № 50 имени дважды Героя Социалистического Труда Н.А. Злобина,Зеленоград,73672.0,85000.0,79336.0,RUR,True,От 1 года до 3 лет,,,2026-05-04T12:50:22+0300,https://hh.ru/vacancy/132740925
Бариста,133106553,Супервайзер/Руководитель группы продаж,СИНЕРГИЯ,Москва,95000.0,95000.0,95000.0,RUR,False,От 1 года до 3 лет,,,2026-05-23T17:55:32+0300,https://hh.ru/vacancy/133106553
Бариста,131658044,Су-шеф в кафе (м. Проспект мира),МИЛТИ,Москва,7000.0,,7000.0,RUR,False,От 1 года до 3 лет,,,2026-05-04T10:03:34+0300,https://hh.ru/vacancy/131658044
Бариста,132722863,Су-шеф в кафе (м. Проспект мира),МИЛТИ,Москва,7000.0,,7000.0,RUR,False,От 1 года до 3 лет,,,2026-05-04T09:51:40+0300,https://hh.ru/vacancy/132722863
Бариста,133423435,Менеджер ресторана,Форест Групп,Москва,100000.0,,100000.0,RUR,False,От 1 года до 3 лет,,,2026-05-23T18:09:20+0300,https://hh.ru/vacancy/133423435
Бариста,132643966,Менеджер в кафе (м. Сухаревская),Волконский,Москва,100000.0,,100000.0,RUR,False,От 1 года до 3 лет,,,2026-04-30T00:25:08+0300,https://hh.ru/vacancy/132643966
Бариста,132812596,Специалист по сопровождению отчетов в HR отдел,СИНЕРГИЯ,Москва,110000.0,110000.0,110000.0,RUR,False,Нет опыта,,,2026-05-23T18:22:01+0300,https://hh.ru/vacancy/132812596
Бариста,132660593,Помощник в кафе (выпечка блинов),Теремок,Москва,96340.0,144510.0,120425.0,RUR,False,Нет опыта,,,2026-04-30T12:12:13+0300,https://hh.ru/vacancy/132660593
Бариста,132947562,"Официант в семейный ресторан ""АндерСон"" (м. Молодежная)",ВкусВилл,Москва,90000.0,120000.0,105000.0,RUR,False,Нет опыта,,,2026-05-22T10:57:45+0300,https://hh.ru/vacancy/132947562
Бариста,130534629,"Официант в сеть кафе ""Шоколадница""",Сеть кофеен Шоколадница,Москва,50000.0,95000.0,72500.0,RUR,True,Нет опыта,,,2026-04-29T17:40:54+0300,https://hh.ru/vacancy/130534629
Бариста,130001968,Кассир в кафе (пос. Отрадное),Группа компаний МЕДСИ,Москва,69000.0,70000.0,69500.0,RUR,False,От 1 года до 3 лет,,,2026-04-29T16:17:46+0300,https://hh.ru/vacancy/130001968
Бариста,133300686,Координатор отдела снабжения,Staff-UP Consulting Group,Москва,,,,,,От 1 года до 3 лет,,,2026-05-20T12:35:56+0300,https://hh.ru/vacancy/133300686
Бариста,132926144,Упаковщик кофе,Старый Мастер,Москва,75000.0,75000.0,75000.0,RUR,False,Нет опыта,,,2026-05-23T14:34:23+0300,https://hh.ru/vacancy/132926144
Бариста,132615103,Уборщица/уборщик в кафе «Плейс»,ОРГАНИК ГОЛЬФ,Одинцово (Московская область),120000.0,,120000.0,RUR,False,Нет опыта,,,2026-04-29T11:04:01+0300,https://hh.ru/vacancy/132615103
Бариста,132793700,Менеджер в развлекательный парк Ambiland (м. Пражская),Амбилэнд,Москва,110000.0,,110000.0,RUR,False,От 1 года до 3 лет,,,2026-05-23T13:59:54+0300,https://hh.ru/vacancy/132793700
Бариста,130839432,"Продавец-кассир в кафе (ТЦ Мариэль, м. Марьино)","Крошка-Картошка, Сеть кафе быстрого питания",Москва,85000.0,,85000.0,RUR,False,Нет опыта,,,2026-05-04T11:35:44+0300,https://hh.ru/vacancy/130839432
Бариста,132624810,HR-специалист в Dizengof/99,Dizengof99,Москва,130000.0,,130000.0,RUR,False,От 1 года до 3 лет,,,2026-05-23T14:09:03+0300,https://hh.ru/vacancy/132624810
Бариста,132947583,"Аниматор в семейный ресторан ""АндерСон"" (ст.м. Молодежная)",ВкусВилл,Москва,70000.0,,70000.0,RUR,False,Нет опыта,,,2026-05-22T11:02:08+0300,https://hh.ru/vacancy/132947583
Бариста,132678601,Управляющий кафе фаст-фуд (м. Щёлковская),ДЕЛЕГАТ,Москва,120000.0,150000.0,135000.0,RUR,False,От 1 года до 3 лет,,,2026-04-30T18:05:18+0300,https://hh.ru/vacancy/132678601
Бариста,132594449,Старший продавец-консультант (м. Молодежная),"КуулКлевер (МясновЪ, Отдохни)",Москва,120000.0,,120000.0,RUR,True,От 1 года до 3 лет,,,2026-05-22T17:18:06+0300,https://hh.ru/vacancy/132594449
Бариста,133324094,Бухгалтер по расчету заработной платы,СИНЕРГИЯ,Москва,110000.0,120000.0,115000.0,RUR,False,От 1 года до 3 лет,,,2026-05-23T18:07:41+0300,https://hh.ru/vacancy/133324094
Бариста,131966392,Су шеф в ресторан ТЮРКИ DINER от FOLK TEAM,FOLK TEAM,Москва,150000.0,150000.0,150000.0,RUR,False,От 1 года до 3 лет,,,2026-05-23T18:44:57+0300,https://hh.ru/vacancy/131966392
Бариста,132917084,"Пекарь (ТЦ ""Рио"")","Лента, федеральная розничная сеть",Москва,91000.0,120000.0,105500.0,RUR,True,Нет опыта,,,2026-05-23T11:39:19+0300,https://hh.ru/vacancy/132917084
Бариста,127218644,Менеджер ресторана (Аэропорт Внуково),Винегрет кафе,Москва,90000.0,120000.0,105000.0,RUR,False,От 1 года до 3 лет,,,2026-05-19T16:05:23+0300,https://hh.ru/vacancy/127218644
Бариста,131866437,"Сотрудник Деканата /Куратор по сопровождению студентов на факультетах м. Водный стадион, м. Сокол",СИНЕРГИЯ,Москва,91955.0,,91955.0,RUR,True,От 1 года до 3 лет,,,2026-05-05T10:02:43+0300,https://hh.ru/vacancy/131866437
Бариста,132742284,"Кассир кафе в комплекс ""Termoland"" (м. Физтех, г. Долгопрудный)",Лампа,Долгопрудный (Московская область),84000.0,115500.0,99750.0,RUR,False,От 1 года до 3 лет,,,2026-05-04T13:10:19+0300,https://hh.ru/vacancy/132742284
Бариста,132790474,Шеф-кондитер,ЕВА Групп,Москва,200000.0,250000.0,225000.0,RUR,True,От 3 до 6 лет,,,2026-05-23T13:13:57+0300,https://hh.ru/vacancy/132790474
Бариста,131960638,Продавец-консультант в магазин-кафе здоровых продуктов «Амбар»,ОРГАНИК ГОЛЬФ,Москва,75000.0,,75000.0,RUR,False,От 1 года до 3 лет,,,2026-05-03T16:01:43+0300,https://hh.ru/vacancy/131960638
Бариста,132687405,Менеджер по продажам (HoReCa / фитнес-кафе / студии),Андреева Мария Александровна,Москва,,,,,,От 1 года до 3 лет,,,2026-05-01T11:45:11+0300,https://hh.ru/vacancy/132687405
Бариста,132543883,Кассир в кафе (м. Динамо),Blue Collar (Ип Дмитриев Дмитрий Борисович),Москва,48000.0,70000.0,59000.0,RUR,False,Нет опыта,,,2026-04-27T15:49:52+0300,https://hh.ru/vacancy/132543883
Бариста,132543102,Помощник в кафе (м. Свиблово),Blue Collar (Ип Дмитриев Дмитрий Борисович),Москва,48000.0,70000.0,59000.0,RUR,False,Нет опыта,,,2026-04-27T15:37:43+0300,https://hh.ru/vacancy/132543102
Бариста,132722154,Повар универсал / Су-шеф в кафе (м. Проспект мира),МИЛТИ,Москва,7000.0,,7000.0,RUR,False,От 1 года до 3 лет,,,2026-05-04T09:43:03+0300,https://hh.ru/vacancy/132722154
Бариста,133134708,Повар на линию раздачи,Jobers,Москва,115000.0,120000.0,117500.0,RUR,False,От 1 года до 3 лет,,,2026-05-21T12:58:54+0300,https://hh.ru/vacancy/133134708
Бариста,132634064,Заведующий производством ( Head of Kitchen ),М-Сервис,Москва,150000.0,160000.0,155000.0,RUR,False,От 3 до 6 лет,,,2026-05-23T17:32:50+0300,https://hh.ru/vacancy/132634064
Бариста,131616058,Рекрутер по массовому подбору персонала,Topframe Recruitment,Москва,200000.0,,200000.0,RUR,False,От 1 года до 3 лет,,,2026-04-26T14:26:39+0300,https://hh.ru/vacancy/131616058
Бариста,132742839,"Повар - заготовщик в кафе в комплекс ""Termoland"" (м. Физтех, Долгопрудный)",Лампа,Долгопрудный (Московская область),115700.0,127270.0,121485.0,RUR,False,От 1 года до 3 лет,,,2026-05-04T13:18:16+0300,https://hh.ru/vacancy/132742839
Бариста,133107571,Куратор,Union University,Москва,70000.0,,70000.0,RUR,False,От 1 года до 3 лет,,,2026-05-23T18:28:58+0300,https://hh.ru/vacancy/133107571
Бариста,132740366,Оператор багажной службы,ШЕРЕМЕТЬЕВО ХЭНДЛИНГ,Москва,140000.0,,140000.0,RUR,True,Нет опыта,,,2026-05-23T19:10:09+0300,https://hh.ru/vacancy/132740366
Бариста,131509537,Повар мясного цеха в кафе Кремлевский,ФГБУ Комбинат питания Кремлевский,Москва,5300.0,5300.0,5300.0,RUR,False,От 1 года до 3 лет,,,2026-04-29T10:03:09+0300,https://hh.ru/vacancy/131509537
Бариста,133305914,Руководитель отдела франчайзинга,Bodro Coffee,Москва,150000.0,,150000.0,RUR,False,От 3 до 6 лет,,,2026-05-23T13:58:47+0300,https://hh.ru/vacancy/133305914
Бариста,131957560,Руководитель отдела мотивации (финансовый департамент),Бриз - Климатические Системы,Москва,,,,,,Более 6 лет,,,2026-05-23T16:56:32+0300,https://hh.ru/vacancy/131957560
Бариста,132595083,Ведущий менеджер по подбору персонала (производство),Сибирская Промышленная Группа,Москва,140000.0,140000.0,140000.0,RUR,False,Более 6 лет,,,2026-04-28T17:37:31+0300,https://hh.ru/vacancy/132595083
Бариста,133288080,Супервайзер хозяйственной службы (Отель Москва Империал Плаза 5*),Отель Москва Империал Плаза,Москва,,,,,,От 1 года до 3 лет,,,2026-05-23T09:49:21+0300,https://hh.ru/vacancy/133288080
Бариста,133318799,Швея,Кондор плюс,Москва,85000.0,,85000.0,RUR,False,От 1 года до 3 лет,,,2026-05-23T16:29:40+0300,https://hh.ru/vacancy/133318799
Бариста,132740289,Транспортировщик багажа на летное поле,ШЕРЕМЕТЬЕВО ХЭНДЛИНГ,Москва,140000.0,,140000.0,RUR,True,Нет опыта,,,2026-05-23T19:10:03+0300,https://hh.ru/vacancy/132740289
Бариста,132633129,Управляющий Кулинарной лавкой Братьев Караваевых,Кулинарная лавка братьев Караваевых,Москва,120000.0,,120000.0,RUR,False,От 1 года до 3 лет,,,2026-05-23T17:07:40+0300,https://hh.ru/vacancy/132633129
Бариста,132588038,Кассир-буфетчица/буфетчик (хозяюшка/хозяин кафе),ТехноХолдинг,Москва,4200.0,,4200.0,RUR,False,От 1 года до 3 лет,,,2026-04-28T15:31:37+0300,https://hh.ru/vacancy/132588038
Бариста,133148844,Повар - заготовщик,Кофейня Natura,Москва,,120000.0,120000.0,RUR,False,От 1 года до 3 лет,,,2026-05-15T17:11:41+0300,https://hh.ru/vacancy/133148844
Бариста,133323606,Специалист по продажам B2B,Лемана ПРО,Москва,78300.0,,78300.0,RUR,True,От 1 года до 3 лет,,,2026-05-23T17:52:35+0300,https://hh.ru/vacancy/133323606
Бариста,132632920,Главный клиентский менеджер,Россельхозбанк,Москва,110000.0,,110000.0,RUR,True,Нет опыта,,,2026-05-23T17:02:02+0300,https://hh.ru/vacancy/132632920
Бариста,133419607,Повар-заготовщик (м. Домодедовская),Teikaboom,Москва,99000.0,117000.0,108000.0,RUR,False,От 1 года до 3 лет,,,2026-05-23T10:10:05+0300,https://hh.ru/vacancy/133419607
Бариста,132501627,Кассир в Караваевы,Кулинарная лавка братьев Караваевых,Москва,,120000.0,120000.0,RUR,False,Нет опыта,,,2026-05-23T13:30:57+0300,https://hh.ru/vacancy/132501627
Бариста,131588115,Менеджер в кафе ТЦ Океания,"Крошка-Картошка, Сеть кафе быстрого питания",Москва,80000.0,,80000.0,RUR,False,От 1 года до 3 лет,,,2026-04-24T15:29:10+0300,https://hh.ru/vacancy/131588115
Бариста,132129181,Менеджер по транспортной логистике,Бриз - Климатические Системы,Москва,,115000.0,115000.0,RUR,True,От 1 года до 3 лет,,,2026-05-23T15:23:38+0300,https://hh.ru/vacancy/132129181
Бариста,128834790,Руководитель направления подбора линейного персонала,Восток - Запад,Москва,,,,,,От 1 года до 3 лет,,,2026-04-24T14:55:51+0300,https://hh.ru/vacancy/128834790
Бариста,132812499,"Хостес в ресторан от Folk Team ""Тюрки Diner""",FOLK TEAM,Москва,100000.0,,100000.0,RUR,False,От 1 года до 3 лет,,,2026-05-23T18:15:25+0300,https://hh.ru/vacancy/132812499
Бариста,131785490,Бизнес-ассистент Вице-президента по GR,Кадровое агентство «Синергия»,Москва,150000.0,170000.0,160000.0,RUR,False,От 1 года до 3 лет,,,2026-05-23T12:00:43+0300,https://hh.ru/vacancy/131785490
Бариста,133309332,Финансовый директор,Саприм,Москва,400000.0,400000.0,400000.0,RUR,False,Более 6 лет,,,2026-05-23T14:51:48+0300,https://hh.ru/vacancy/133309332
Бариста,129007608,Повар раздачи в кафе Кремлёвский,ФГБУ Комбинат питания Кремлевский,Москва,75000.0,,75000.0,RUR,False,От 1 года до 3 лет,,,2026-04-24T10:14:43+0300,https://hh.ru/vacancy/129007608
Бариста,132728150,Управляющий розницей,Сеть розничных магазинов Добрынинский. Кондитерская и гастрономия.,Москва,100000.0,160000.0,130000.0,RUR,True,От 3 до 6 лет,,,2026-05-22T10:47:49+0300,https://hh.ru/vacancy/132728150
Бариста,133104018,Ассистент вице-президента Корпорации ( GR ),СИНЕРГИЯ,Москва,,,,,,От 1 года до 3 лет,,,2026-05-23T16:52:31+0300,https://hh.ru/vacancy/133104018
Бариста,131978053,Водитель-курьер на своем автомобиле в кафе (м. Молодежная),ICONFOOD,Москва,5200.0,7000.0,6100.0,RUR,False,Нет опыта,,,2026-04-30T12:50:35+0300,https://hh.ru/vacancy/131978053
Бариста,132777068,Менеджер по трейд-маркетингу,Вокруг Света,Москва,,,,,,От 3 до 6 лет,,,2026-05-23T10:00:16+0300,https://hh.ru/vacancy/132777068
Бариста,133269355,Менеджер по развитию вендинги/микромаркеты,Биотех,Москва,90000.0,150000.0,120000.0,RUR,False,От 1 года до 3 лет,,,2026-05-22T17:02:52+0300,https://hh.ru/vacancy/133269355
Бариста,133311467,Менеджер по продаже праздников,ФиксиПарк,Москва,90000.0,,90000.0,RUR,True,От 1 года до 3 лет,,,2026-05-23T15:25:46+0300,https://hh.ru/vacancy/133311467
Бариста,133323786,Контент-менеджер,Бриз - Климатические Системы,Москва,,,,,,От 1 года до 3 лет,,,2026-05-23T18:00:26+0300,https://hh.ru/vacancy/133323786
Бариста,132692504,Менеджер по организации и проведению мероприятий гостей в кафе,Простор,Москва,90000.0,160000.0,125000.0,RUR,False,От 1 года до 3 лет,,,2026-05-01T20:48:39+0300,https://hh.ru/vacancy/132692504
Бариста,131612736,Продавец-кассир в кафе (метро Тёплый стан),"Крошка-Картошка, Сеть кафе быстрого питания",Москва,85000.0,,85000.0,RUR,False,Нет опыта,,,2026-04-28T09:40:24+0300,https://hh.ru/vacancy/131612736
Бариста,133297232,Редактор сайта/Маркетолог,Винчелли,Москва,100000.0,130000.0,115000.0,RUR,False,От 1 года до 3 лет,,,2026-05-23T11:48:12+0300,https://hh.ru/vacancy/133297232
Бариста,133316659,Бизнес-ассистент Вице-президента Корпорации Синергия,СИНЕРГИЯ,Москва,150000.0,,150000.0,RUR,False,От 1 года до 3 лет,,,2026-05-23T16:15:34+0300,https://hh.ru/vacancy/133316659
Бариста,133301777,Диджитал-менеджер в FMCG компанию (сегмент кофе зерновой и растворимый),Эпсилон,Москва,130000.0,150000.0,140000.0,RUR,False,От 3 до 6 лет,,,2026-05-23T11:38:24+0300,https://hh.ru/vacancy/133301777
Бариста,130399444,Главный клиентский менеджер (г. Москва),Россельхозбанк,Москва,110000.0,,110000.0,RUR,True,Нет опыта,,,2026-05-23T17:04:28+0300,https://hh.ru/vacancy/130399444
Бариста,133185849,Менеджер по продажам в фитнес клуб,В Кадре,Москва,150000.0,,150000.0,RUR,False,От 1 года до 3 лет,,,2026-05-18T09:45:43+0300,https://hh.ru/vacancy/133185849
Бариста,132500950,Продавец-кассир в кулинарные лавки,Кулинарная лавка братьев Караваевых,Москва,,120000.0,120000.0,RUR,False,Нет опыта,,,2026-05-23T12:30:58+0300,https://hh.ru/vacancy/132500950
Бариста,132934423,Бизнес ассистент в производственный стартап ProstoKap,Assisteca,Москва,250000.0,,250000.0,RUR,False,От 3 до 6 лет,,,2026-05-23T18:17:26+0300,https://hh.ru/vacancy/132934423
Бариста,133399836,Повар (метро Курская),Сеть кофеен Шоколадница,Москва,40000.0,96000.0,68000.0,RUR,False,Нет опыта,,,2026-05-22T13:38:41+0300,https://hh.ru/vacancy/133399836
Бариста,133351557,Оператор-кассир АЗС,Сеть АЗС «Газпромнефть» / ООО «Газпромнефть-Центр»,Химки (Московская область),,100000.0,100000.0,RUR,True,Нет опыта,,,2026-05-23T19:15:18+0300,https://hh.ru/vacancy/133351557
Бариста,131778699,Официант,ДжиСи Компани,Москва,3500.0,10000.0,6750.0,RUR,False,От 1 года до 3 лет,,,2026-05-23T12:19:53+0300,https://hh.ru/vacancy/131778699
Бариста,133102362,Повар европейской кухни (м. Театральная/ Площадь Революции),Винегрет кафе,Москва,95000.0,110000.0,102500.0,RUR,False,От 1 года до 3 лет,,,2026-05-18T12:13:06+0300,https://hh.ru/vacancy/133102362
Бариста,132613504,Кассир в кулинарную лавку,Кулинарная лавка братьев Караваевых,Москва,,120000.0,120000.0,RUR,True,Нет опыта,,,2026-05-23T10:39:30+0300,https://hh.ru/vacancy/132613504
Бариста,133351369,Оператор-кассир АЗС,Сеть АЗС «Газпромнефть» / ООО «Газпромнефть-Центр»,Химки (Московская область),,100000.0,100000.0,RUR,True,Нет опыта,,,2026-05-23T19:15:00+0300,https://hh.ru/vacancy/133351369
Бариста,133245041,Заготовщик в столовую,Арт кафе Сахар,Москва,85000.0,90000.0,87500.0,RUR,False,От 1 года до 3 лет,,,2026-05-19T11:36:16+0300,https://hh.ru/vacancy/133245041
Бариста,132688251,Заместитель Генерального директора (сеть кофеен),КОФЕФЕСТ,Москва,,,,,,Более 6 лет,,,2026-05-22T13:28:24+0300,https://hh.ru/vacancy/132688251
Бариста,132915168,Руководитель торгового сектора (Троицк),Лемана ПРО,Москва,,,,,,От 1 года до 3 лет,,,2026-05-23T11:00:00+0300,https://hh.ru/vacancy/132915168
Бариста,133184475,Грузчик-комплектовщик / Сборщик / Кладовщик-Грузчик,Винегрет кафе,Москва,4800.0,,4800.0,RUR,False,От 1 года до 3 лет,,,2026-05-18T12:13:06+0300,https://hh.ru/vacancy/133184475
Бариста,129346919,Кассир в ресторан (аэропорт Внуково),Винегрет кафе,Москва,65000.0,100000.0,82500.0,RUR,False,Нет опыта,,,2026-05-18T12:13:04+0300,https://hh.ru/vacancy/129346919
Бариста,129717074,Посудомойщица-уборщица/посудомойщик-уборщик (Аэропорт Внуково),Винегрет кафе,Москва,61000.0,85000.0,73000.0,RUR,True,Нет опыта,,,2026-05-18T12:13:04+0300,https://hh.ru/vacancy/129717074
Бариста,132931549,Куратор/тьютор обучения,СИНЕРГИЯ,Москва,80000.0,,80000.0,RUR,False,Нет опыта,,,2026-05-23T16:28:28+0300,https://hh.ru/vacancy/132931549
Бариста,133322683,PR-менеджер,СИНЕРГИЯ,Москва,120000.0,120000.0,120000.0,RUR,False,От 1 года до 3 лет,,,2026-05-23T17:23:54+0300,https://hh.ru/vacancy/133322683
Бариста,133142235,Повар в грузинский ресторан (Аэропорт Внуково),Винегрет кафе,Москва,95000.0,120000.0,107500.0,RUR,False,Нет опыта,,,2026-05-18T12:13:06+0300,https://hh.ru/vacancy/133142235
Бариста,132755415,Менеджер по маркетингу и PR,4СКИН,Москва,,,,,,От 1 года до 3 лет,,,2026-05-23T12:31:15+0300,https://hh.ru/vacancy/132755415
Бариста,131773475,Территориальный управляющий,Сеть розничных магазинов Добрынинский. Кондитерская и гастрономия.,Москва,100000.0,160000.0,130000.0,RUR,True,От 3 до 6 лет,,,2026-05-22T08:10:39+0300,https://hh.ru/vacancy/131773475
Бариста,131879956,Повар (Аэропорт Шереметьево),Винегрет кафе,Москва,80000.0,130000.0,105000.0,RUR,False,Нет опыта,,,2026-05-18T12:13:05+0300,https://hh.ru/vacancy/131879956
Бариста,131613203,Повар-универсал (Аэропорт Внуково),Винегрет кафе,Москва,90000.0,110000.0,100000.0,RUR,False,Нет опыта,,,2026-05-18T12:13:04+0300,https://hh.ru/vacancy/131613203
Бариста,132886066,Управляющий в ресторан,ТК Мустанг,Мытищи (Московская область),90000.0,120000.0,105000.0,RUR,False,От 3 до 6 лет,,,2026-05-22T14:13:53+0300,https://hh.ru/vacancy/132886066
Бариста,128779464,Повар на пищевое производство м.Коптево,Винегрет кафе,Москва,90000.0,130000.0,110000.0,RUR,True,Нет опыта,,,2026-05-18T12:13:04+0300,https://hh.ru/vacancy/128779464
Бариста,132914814,Администратор службы приема и размещения (Отель Москва Империал Плаза) 5*,Отель Москва Империал Плаза,Москва,,,,,,От 1 года до 3 лет,,,2026-05-23T10:52:33+0300,https://hh.ru/vacancy/132914814
Бариста,131504484,Ведущий специалист договорного отдела (реализация газа),НОВАТЭК,Москва,,,,,,От 3 до 6 лет,,,2026-05-23T12:54:13+0300,https://hh.ru/vacancy/131504484
Бариста,132503676,Официант,Everest Garden,Москва,150000.0,,150000.0,RUR,False,От 1 года до 3 лет,,,2026-05-23T18:07:12+0300,https://hh.ru/vacancy/132503676
Бариста,132531841,Управляющий менеджер тремя кофепойнтами ( кафе ) в г. Щелково,Ресторан KINZA,Москва,120000.0,,120000.0,RUR,False,От 1 года до 3 лет,,,2026-04-27T13:03:42+0300,https://hh.ru/vacancy/132531841
Бариста,132605344,Повар ХЦ (м. Маяковская),Снеди Феди,Москва,90000.0,,90000.0,RUR,False,От 1 года до 3 лет,,,2026-05-23T08:13:26+0300,https://hh.ru/vacancy/132605344
Бариста,133093657,Контент-продюсер,Чанъань Моторс Рус,Москва,,,,,,От 1 года до 3 лет,,,2026-05-23T13:52:54+0300,https://hh.ru/vacancy/133093657
Бариста,132802959,Пресс-секретарь,СИНЕРГИЯ,Москва,,,,,,От 3 до 6 лет,,,2026-05-23T15:21:26+0300,https://hh.ru/vacancy/132802959
Бариста,133305297,"Шеф-повар (Московская область, отель ""Cosmos Collection Изумрудный лес 5*"")",Cosmos Hotel Group,Москва,,,,,,От 3 до 6 лет,,,2026-05-23T13:48:51+0300,https://hh.ru/vacancy/133305297
Бариста,131077067,Консультант парка в парк развлечений Сказка,Парк Сказка,Москва,64368.0,,64368.0,RUR,True,Нет опыта,,,2026-05-21T13:28:06+0300,https://hh.ru/vacancy/131077067
Бариста,133099836,Инженер-конструктор в отдел новых разработок,СП Групп,Москва,207000.0,,207000.0,RUR,True,От 3 до 6 лет,,,2026-05-23T15:37:53+0300,https://hh.ru/vacancy/133099836
Бариста,132614053,Менеджер по продажам алкогольной продукции в отдел HoReCa,Вайн дискавери,Москва,,,,,,От 1 года до 3 лет,,,2026-05-23T10:48:06+0300,https://hh.ru/vacancy/132614053
Бариста,133310644,Заведующий складом,Met tea,Москва,100000.0,120000.0,110000.0,RUR,False,От 1 года до 3 лет,,,2026-05-23T15:11:12+0300,https://hh.ru/vacancy/133310644
Бариста,133405279,Стилист-колорист,Темпо,Москва,150000.0,,150000.0,RUR,True,Более 6 лет,,,2026-05-22T15:19:15+0300,https://hh.ru/vacancy/133405279
Бариста,133100966,Специалист по ротации товаров (продукты питания),Венда Групп,Москва,,,,,,Нет опыта,,,2026-05-23T15:59:07+0300,https://hh.ru/vacancy/133100966
Бариста,132778883,Бизнес-тренер,СИНЕРГИЯ,Москва,120000.0,,120000.0,RUR,False,От 1 года до 3 лет,,,2026-05-23T10:24:45+0300,https://hh.ru/vacancy/132778883
Бариста,133096640,Ночной пекарь,Eggsellent,Москва,75000.0,,75000.0,RUR,False,От 1 года до 3 лет,,,2026-05-23T14:44:00+0300,https://hh.ru/vacancy/133096640
Бариста,133291214,Специалист по ремонтным работам (техник),Лемана ПРО,Москва,90000.0,,90000.0,RUR,True,От 1 года до 3 лет,,,2026-05-23T10:32:59+0300,https://hh.ru/vacancy/133291214
Бариста,132788533,Бизнес-ассистент Вице-президента по GR,СИНЕРГИЯ,Москва,160000.0,,160000.0,RUR,False,От 1 года до 3 лет,,,2026-05-23T12:44:00+0300,https://hh.ru/vacancy/132788533
Бариста,132577990,Кухонный работник (ГБУ СД Фили-Давыдково м. Кунцевская),Группа компаний РБЕ (RBE Group),Москва,57400.0,,57400.0,RUR,True,Нет опыта,,,2026-04-28T12:50:36+0300,https://hh.ru/vacancy/132577990
Бариста,133172106,Директор ресторана,Ресторан Авторской Кухни Аиткулов,Москва,180000.0,250000.0,215000.0,RUR,True,Более 6 лет,,,2026-05-20T22:44:35+0300,https://hh.ru/vacancy/133172106
Бариста,132283651,Специалист в департамент приемной комиссии (офис),СИНЕРГИЯ,Москва,60900.0,60900.0,60900.0,RUR,False,Нет опыта,,,2026-05-23T16:25:16+0300,https://hh.ru/vacancy/132283651
Бариста,132688160,Бренд-шеф (фаст фуд),Куга,Москва,250000.0,600000.0,425000.0,RUR,False,От 3 до 6 лет,,,2026-05-22T13:11:59+0300,https://hh.ru/vacancy/132688160
Бариста,132786394,Импорт менеджер ВЭД,Капсо,Москва,180000.0,200000.0,190000.0,RUR,False,От 3 до 6 лет,,,2026-05-23T12:10:29+0300,https://hh.ru/vacancy/132786394
Бариста,133092223,Руководитель отдела аналитики (документы),СИНЕРГИЯ,Москва,,,,,,От 3 до 6 лет,,,2026-05-23T13:24:23+0300,https://hh.ru/vacancy/133092223
Бариста,133311584,Кассир в буфет при поликлинике / Кассир в кафетерий в поликлинике / буфетчик,Marketplace,Москва,86000.0,,86000.0,RUR,False,Нет опыта,,,2026-05-22T14:30:01+0300,https://hh.ru/vacancy/133311584
Бариста,133303330,Специалист по сопровождению 1С,СанТехОптТорг,Москва,,,,,,От 3 до 6 лет,,,2026-05-23T13:16:35+0300,https://hh.ru/vacancy/133303330
Бариста,132804567,Ассистент врача-стоматолога (Солнцево),Dental Way,Москва,96000.0,,96000.0,RUR,True,От 1 года до 3 лет,,,2026-05-23T15:52:01+0300,https://hh.ru/vacancy/132804567
Бариста,133283783,Менеджер по продажам (B2B),I Like IT,Москва,120000.0,,120000.0,RUR,False,От 1 года до 3 лет,,,2026-05-23T08:32:57+0300,https://hh.ru/vacancy/133283783
Бариста,132163429,Графический дизайнер,"Хорсъ, Кофейный дом",Москва,,,,,,От 3 до 6 лет,,,2026-05-15T13:02:49+0300,https://hh.ru/vacancy/132163429
Бариста,132136342,Руководитель группы расчетов (Бухгалтерия),АЙ ФЛАЙ,Москва,,195402.0,195402.0,RUR,True,От 3 до 6 лет,,,2026-05-23T10:12:18+0300,https://hh.ru/vacancy/132136342
Бариста,133303152,Менеджер по продажам бытового оборудования,Dantex Group,Москва,150000.0,,150000.0,RUR,False,Нет опыта,,,2026-05-23T13:14:02+0300,https://hh.ru/vacancy/133303152
Бариста,132290356,Тьютор по сопровождению студентов,СИНЕРГИЯ,Москва,80000.0,100000.0,90000.0,RUR,False,Нет опыта,,,2026-05-23T16:31:50+0300,https://hh.ru/vacancy/132290356
Бариста,132108915,Руководитель материальной группы (Бухгалтерия),АЙ ФЛАЙ,Москва,195402.0,195402.0,195402.0,RUR,True,От 3 до 6 лет,,,2026-05-23T10:05:12+0300,https://hh.ru/vacancy/132108915
Бариста,133310931,Повар горячего цеха (м. Сокольники),Рыбная мануфактура,Москва,100000.0,120000.0,110000.0,RUR,False,От 1 года до 3 лет,,,2026-05-23T15:14:50+0300,https://hh.ru/vacancy/133310931
Бариста,131375611,Руководитель торгового отдела,Лемана ПРО,Москва,,,,,,От 1 года до 3 лет,,,2026-05-23T10:48:56+0300,https://hh.ru/vacancy/131375611
Бариста,133084541,Руководитель направления телемаркетинга (EdTech/офис),СИНЕРГИЯ,Москва,250000.0,,250000.0,RUR,False,От 3 до 6 лет,,,2026-05-23T11:19:27+0300,https://hh.ru/vacancy/133084541
Бариста,132888125,Рекрутер,Dostoyno (ИП Бигдан Никита Дмитриевич),Москва,75000.0,225000.0,150000.0,RUR,False,Нет опыта,,,2026-05-22T14:51:47+0300,https://hh.ru/vacancy/132888125
Бариста,133323100,Продуктовый дизайнер,СИНЕРГИЯ,Москва,120000.0,120000.0,120000.0,RUR,True,От 1 года до 3 лет,,,2026-05-23T17:36:49+0300,https://hh.ru/vacancy/133323100
Бариста,133411829,"Менеджер по качеству (пищевое производство, мясо)",Integrita,Москва,150000.0,,150000.0,RUR,False,От 1 года до 3 лет,,,2026-05-22T17:45:33+0300,https://hh.ru/vacancy/133411829
Бариста,133086029,Экономист в проекта,СИНЕРГИЯ,Москва,120000.0,,120000.0,RUR,True,От 1 года до 3 лет,,,2026-05-23T11:42:41+0300,https://hh.ru/vacancy/133086029
Бариста,132843425,Ведущий специалист по обеспечению АТИ,АЙ ФЛАЙ,Москва,,,,,,От 3 до 6 лет,,,2026-05-23T10:04:07+0300,https://hh.ru/vacancy/132843425
Бариста,131724939,Продавец (м. Белорусская),Сеть розничных магазинов Добрынинский. Кондитерская и гастрономия.,Москва,70000.0,110000.0,90000.0,RUR,False,Нет опыта,,,2026-05-23T10:04:33+0300,https://hh.ru/vacancy/131724939
Бариста,133280763,Руководитель группы оформления и возвратов,СИНЕРГИЯ,Москва,,,,,,От 1 года до 3 лет,,,2026-05-23T06:50:53+0300,https://hh.ru/vacancy/133280763
Бариста,132746523,Повар-универсал,Темпо,Москва,5000.0,7000.0,6000.0,RUR,False,От 1 года до 3 лет,,,2026-05-22T14:07:13+0300,https://hh.ru/vacancy/132746523
Бариста,132195289,Кладовщик (Третьяковский проезд),Mercury,Москва,90000.0,,90000.0,RUR,True,Нет опыта,,,2026-05-22T18:42:30+0300,https://hh.ru/vacancy/132195289
Бариста,133084300,Инженер / техник слаботочных систем по эксплуатации пожарной автоматики и сигнализации,"Останкино, Телевизионный технический центр",Москва,110000.0,125000.0,117500.0,RUR,False,От 1 года до 3 лет,,,2026-05-23T11:15:30+0300,https://hh.ru/vacancy/133084300
Бариста,132473349,Врач-ревматолог (м. Молодежная),СМ-Клиника,Москва,,,,,,От 1 года до 3 лет,,,2026-05-21T09:34:18+0300,https://hh.ru/vacancy/132473349
Бариста,133106127,Таргетолог,СИНЕРГИЯ,Москва,,,,,,От 1 года до 3 лет,,,2026-05-23T17:40:19+0300,https://hh.ru/vacancy/133106127
Бариста,133306337,Повар горячего цеха (м. Деловой центр),Рыбная мануфактура,Москва,100000.0,,100000.0,RUR,False,От 1 года до 3 лет,,,2026-05-23T14:06:38+0300,https://hh.ru/vacancy/133306337
Бариста,132548862,Водитель автобуса,"ЦУМ, ТД",Москва,160000.0,,160000.0,RUR,True,От 3 до 6 лет,,,2026-05-21T16:22:44+0300,https://hh.ru/vacancy/132548862
Бариста,122697893,Территориальный менеджер Intimissimi,Oniverse,Москва,,,,,,От 1 года до 3 лет,,,2026-05-23T10:31:25+0300,https://hh.ru/vacancy/122697893
Бариста,133410754,Специалист по закупкам и снабжению,Двг,Москва,120000.0,,120000.0,RUR,False,От 3 до 6 лет,,,2026-05-22T17:12:15+0300,https://hh.ru/vacancy/133410754
Бариста,91280361,Водитель на автомобиле компании (оператор по обслуживанию торговых автоматов),"ВЕНДЭКС, Группа компаний",Москва,150000.0,200000.0,175000.0,RUR,False,Нет опыта,,,2026-05-22T13:05:50+0300,https://hh.ru/vacancy/91280361
Бариста,129402704,Территориальный менеджер IUMAN,Oniverse,Москва,,,,,,От 1 года до 3 лет,,,2026-05-23T10:22:36+0300,https://hh.ru/vacancy/129402704
Бариста,133096335,Кондитер,Eggsellent,Москва,80000.0,,80000.0,RUR,False,От 1 года до 3 лет,,,2026-05-23T14:38:44+0300,https://hh.ru/vacancy/133096335
Бариста,132580480,Повар кондитер,Степанов Борис Сергеевич,Москва,4000.0,6000.0,5000.0,RUR,False,Нет опыта,,,2026-05-22T13:23:07+0300,https://hh.ru/vacancy/132580480
Бариста,132332570,Экономист/Финансовый контролер,СИНЕРГИЯ,Москва,140000.0,140000.0,140000.0,RUR,False,От 1 года до 3 лет,,,2026-05-23T13:24:41+0300,https://hh.ru/vacancy/132332570
Бариста,133399532,Управляющий в пекарню,ГЛАДИОЛУС,Москва,120000.0,160000.0,140000.0,RUR,True,От 1 года до 3 лет,,,2026-05-22T13:32:30+0300,https://hh.ru/vacancy/133399532
Бариста,133252116,Кондитер-Универсал кондитерский цех,Кафе-столовая Арт-Ланч,Москва,4500.0,,4500.0,RUR,False,От 3 до 6 лет,,,2026-05-19T13:16:56+0300,https://hh.ru/vacancy/133252116
Бариста,133294402,Специалист технической поддержки (IT Support Engineer),АНО ДПО «Академия Промышленной Безопасности и Капитального Строительства»,Москва,,,,,,От 3 до 6 лет,,,2026-05-23T11:11:18+0300,https://hh.ru/vacancy/133294402
Бариста,131828982,Специалист по работе с товаром (Третьяковский проезд),Mercury,Москва,80000.0,,80000.0,RUR,True,Нет опыта,,,2026-05-22T18:42:53+0300,https://hh.ru/vacancy/131828982
Бариста,133252017,Повар-наставник / Менеджер по обучению поваров / Шеф-повар,PhoBo,Москва,120000.0,150000.0,135000.0,RUR,False,От 1 года до 3 лет,,,2026-05-22T13:15:50+0300,https://hh.ru/vacancy/133252017
Бариста,132961514,Стилист по волосам,Aurora Botanique LLC,Москва,340000.0,402000.0,371000.0,RUR,True,От 3 до 6 лет,,,2026-05-23T15:30:56+0300,https://hh.ru/vacancy/132961514
Бариста,133298444,"Официант в премиум ресторан от Folk Team - ""Тюрки Diner""",FOLK TEAM,Москва,180000.0,,180000.0,RUR,False,От 1 года до 3 лет,,,2026-05-23T12:05:36+0300,https://hh.ru/vacancy/133298444
Бариста,132052135,Куратор (территориальный управляющий) розничной сети Bodro,Bodro Coffee,Москва,100000.0,,100000.0,RUR,False,От 1 года до 3 лет,,,2026-05-21T20:26:42+0300,https://hh.ru/vacancy/132052135
Бариста,132740514,Территориальный управляющий в One Price Coffee,Кофе-Он,Москва,120000.0,150000.0,135000.0,RUR,False,От 1 года до 3 лет,,,2026-05-22T12:45:29+0300,https://hh.ru/vacancy/132740514
Бариста,133087202,Персональный куратор/тьютор обучения,СИНЕРГИЯ,Москва,80000.0,80000.0,80000.0,RUR,False,От 1 года до 3 лет,,,2026-05-23T13:36:06+0300,https://hh.ru/vacancy/133087202
Бариста,132754853,Специалист контроля исполнения поручений,СИНЕРГИЯ,Москва,150000.0,,150000.0,RUR,False,От 3 до 6 лет,,,2026-05-22T15:54:22+0300,https://hh.ru/vacancy/132754853
Бариста,133107834,Юрист,Меркурий Сити,Москва,115000.0,,115000.0,RUR,True,От 1 года до 3 лет,,,2026-05-23T18:44:31+0300,https://hh.ru/vacancy/133107834
Бариста,132743551,Официант,Вареничная № 1 на проспекте Мира,Москва,80000.0,120000.0,100000.0,RUR,True,От 1 года до 3 лет,,,2026-05-22T13:20:59+0300,https://hh.ru/vacancy/132743551
Бариста,129652216,Слесарь-сантехник,Международный аэропорт Шереметьево,Москва,126960.0,,126960.0,RUR,True,От 1 года до 3 лет,,,2026-05-22T14:08:43+0300,https://hh.ru/vacancy/129652216
Бариста,133395400,Главный бухгалтер (розница),Прайм менеджмент,Москва,170000.0,190000.0,180000.0,RUR,True,Более 6 лет,,,2026-05-22T12:31:07+0300,https://hh.ru/vacancy/133395400
Бариста,133105897,Руководитель отдела интернет-маркетинга,СИНЕРГИЯ,Москва,,,,,,От 1 года до 3 лет,,,2026-05-23T17:33:43+0300,https://hh.ru/vacancy/133105897
Бариста,127913620,Бизнес - ассистент Первого лица Корпорации,Кадровое агентство «Синергия»,Москва,200000.0,200000.0,200000.0,RUR,False,От 1 года до 3 лет,,,2026-05-23T12:00:39+0300,https://hh.ru/vacancy/127913620
Бариста,133094345,Инженер-механик,ЭКСПРЕСС,Москва,129300.0,,129300.0,RUR,False,От 1 года до 3 лет,,,2026-05-23T14:04:52+0300,https://hh.ru/vacancy/133094345
Бариста,132497621,Администратор салона красоты KONTIER,Контиер Александр Ензо,Москва,100000.0,,100000.0,RUR,False,От 1 года до 3 лет,,,2026-05-22T21:21:59+0300,https://hh.ru/vacancy/132497621
Бариста,133286536,Медицинская сестра процедурная / Медицинский брат процедурный (м. Молодежная),СМ-Клиника,Москва,99000.0,,99000.0,RUR,True,От 1 года до 3 лет,,,2026-05-20T09:25:14+0300,https://hh.ru/vacancy/133286536
Бариста,130368231,Медицинская сестра процедурная/Медицинский брат процедурный (м. Молодежная),СМ-Клиника,Москва,99000.0,,99000.0,RUR,True,От 1 года до 3 лет,,,2026-05-20T09:21:59+0300,https://hh.ru/vacancy/130368231
Бариста,133403547,Кассир в Братья Караваевы,Кулинарная лавка братьев Караваевых,Москва,,120000.0,120000.0,RUR,False,Нет опыта,,,2026-05-22T14:48:37+0300,https://hh.ru/vacancy/133403547
Бариста,133399952,Санитарка / Санитар,СМ-Клиника,Москва,77000.0,,77000.0,RUR,True,Нет опыта,,,2026-05-22T13:40:52+0300,https://hh.ru/vacancy/133399952
Бариста,133284733,Лаборант R&D,Компания Время,Москва,100000.0,100000.0,100000.0,RUR,False,Нет опыта,,,2026-05-23T08:53:52+0300,https://hh.ru/vacancy/133284733
Бариста,133409830,Территориальный управляющий (5 точками общепита),ВНБ,Москва,180000.0,,180000.0,RUR,False,От 3 до 6 лет,,,2026-05-22T16:52:27+0300,https://hh.ru/vacancy/133409830
Бариста,132801497,Чертежник,RAD,Москва,80000.0,110000.0,95000.0,RUR,True,От 3 до 6 лет,,,2026-05-23T15:13:18+0300,https://hh.ru/vacancy/132801497
Бариста,132630104,Руководитель направления по работе с аптечными сетями,Алджен,Москва,,,,,,От 3 до 6 лет,,,2026-05-23T15:59:25+0300,https://hh.ru/vacancy/132630104
Бариста,126109718,Менеджер по продажам HoReCa (продукты питания),МясИнвест,Москва,110000.0,210000.0,160000.0,RUR,False,Нет опыта,,,2026-05-22T12:45:14+0300,https://hh.ru/vacancy/126109718
Бариста,132762494,Повар,Фуд Лаборатория,Москва,130000.0,160000.0,145000.0,RUR,False,От 1 года до 3 лет,,,2026-05-22T18:59:54+0300,https://hh.ru/vacancy/132762494
Бариста,133304631,Руководитель отдела продаж,Чанъань Моторс Рус,Москва,,,,,,Более 6 лет,,,2026-05-23T13:38:08+0300,https://hh.ru/vacancy/133304631
Бариста,133081757,Бизнес-тренер по развитию отделов продаж (офис),СИНЕРГИЯ,Москва,150000.0,,150000.0,RUR,False,От 1 года до 3 лет,,,2026-05-23T10:38:51+0300,https://hh.ru/vacancy/133081757
Бариста,131946834,"Брокер по недвижимости, по работе с целевыми лидами",Big City,Москва,500000.0,,500000.0,RUR,False,От 1 года до 3 лет,,,2026-05-23T11:37:02+0300,https://hh.ru/vacancy/131946834
Бариста,133400999,Кондитер в кондитерскую No sugar,No Sugar,Москва,100000.0,115000.0,107500.0,RUR,False,От 1 года до 3 лет,,,2026-05-22T13:57:25+0300,https://hh.ru/vacancy/133400999
Бариста,133078720,Бухгалтер-калькулятор,Барн,Москва,100000.0,120000.0,110000.0,RUR,False,От 3 до 6 лет,,,2026-05-23T09:56:56+0300,https://hh.ru/vacancy/133078720
Бариста,133085028,Менеджер по продажам (лабораторное оборудование),НПК МЕДИАНА-ФИЛЬТР,Москва,,226000.0,226000.0,RUR,True,От 1 года до 3 лет,,,2026-05-23T11:27:30+0300,https://hh.ru/vacancy/133085028
Бариста,132252704,Уборщица/уборщик,"ЦУМ, ТД",Москва,80500.0,,80500.0,RUR,True,От 1 года до 3 лет,,,2026-05-22T18:43:02+0300,https://hh.ru/vacancy/132252704
Бариста,132895108,Официант в ресторан Kalabasa,Kalabasa,Москва,150000.0,,150000.0,RUR,False,Нет опыта,,,2026-05-22T16:55:03+0300,https://hh.ru/vacancy/132895108
Бариста,133256024,Мангальщик,Венская Сказка,Москва,5000.0,,5000.0,RUR,False,От 1 года до 3 лет,,,2026-05-22T14:16:11+0300,https://hh.ru/vacancy/133256024
Бариста,133292080,Маркетолог / Бренд-менеджер,КОФЕФЕСТ,Москва,120000.0,,120000.0,RUR,False,От 1 года до 3 лет,,,2026-05-23T10:44:31+0300,https://hh.ru/vacancy/133292080
Бариста,132898602,Горничная (Отель Москва Марриотт Империал Плаза) 5*,Отель Москва Империал Плаза,Москва,,,,,,От 1 года до 3 лет,,,2026-05-22T18:35:38+0300,https://hh.ru/vacancy/132898602
Бариста,133140520,Администратор по хозяйственной части,Алмаз,Москва,110000.0,,110000.0,RUR,False,От 1 года до 3 лет,,,2026-05-21T14:32:38+0300,https://hh.ru/vacancy/133140520
Бариста,133396210,Котломойщик в столовую,Анисимов Иван Сергеевич,Москва,4000.0,,4000.0,RUR,False,От 1 года до 3 лет,,,2026-05-22T12:45:01+0300,https://hh.ru/vacancy/133396210
Бариста,121374587,Медицинская сестра/Медицинский брат педиатрическая (Юго-западная),СМ-Клиника,Москва,103800.0,,103800.0,RUR,True,От 1 года до 3 лет,,,2026-05-22T11:49:11+0300,https://hh.ru/vacancy/121374587
Бариста,133161419,Официант,Крафт Юлия Николаевна,Москва,100000.0,,100000.0,RUR,False,Нет опыта,,,2026-05-22T18:01:33+0300,https://hh.ru/vacancy/133161419
Бариста,127433925,Продакт-менеджер (климатическое оборудование),Бриз - Климатические Системы,Москва,,,,,,От 1 года до 3 лет,,,2026-05-23T12:25:18+0300,https://hh.ru/vacancy/127433925
Бариста,133044401,Су-шеф,Майборода Алина Георгиевна,Москва,6500.0,,6500.0,RUR,False,От 3 до 6 лет,,,2026-05-22T13:05:05+0300,https://hh.ru/vacancy/133044401
Бариста,132320472,Ведущий повар/Старший повар (м. Текстильщики),Зубакина Наталья Юрьевна,Москва,98000.0,,98000.0,RUR,True,От 1 года до 3 лет,,,2026-05-21T15:56:30+0300,https://hh.ru/vacancy/132320472
Бариста,131247541,Оператор станка по разделке кабеля,Москабельмет,Москва,75000.0,75000.0,75000.0,RUR,False,Нет опыта,,,2026-05-23T08:14:17+0300,https://hh.ru/vacancy/131247541
Бариста,132729210,Администратор,Вокруг Света,Москва,,,,,,Нет опыта,,,2026-05-22T11:01:05+0300,https://hh.ru/vacancy/132729210
Бариста,132990506,Финансист в локальную сеть Дринкит,Дринкит сеть кофеен,Москва,40000.0,,40000.0,RUR,False,От 1 года до 3 лет,,,2026-05-21T12:11:49+0300,https://hh.ru/vacancy/132990506
Бариста,132889798,Руководитель отдела продаж на патриотический проект,СИНЕРГИЯ,Москва,150000.0,,150000.0,RUR,False,От 1 года до 3 лет,,,2026-05-22T15:18:15+0300,https://hh.ru/vacancy/132889798
Бариста,132629619,"Директор проектов (НВФ, СПК)",ИНСТРАКТ,Москва,300000.0,,300000.0,RUR,False,От 3 до 6 лет,,,2026-05-23T15:47:57+0300,https://hh.ru/vacancy/132629619
Бариста,131475871,Менеджер отдела закупок (отечественные препараты),ФК ПУЛЬС,Москва,,280000.0,280000.0,RUR,True,От 3 до 6 лет,,,2026-05-22T15:40:14+0300,https://hh.ru/vacancy/131475871
Бариста,133391833,Ассистент отдела интернет-рекламы,Shkulev Holding,Москва,,60000.0,60000.0,RUR,False,Нет опыта,,,2026-05-22T11:34:09+0300,https://hh.ru/vacancy/133391833
Бариста,133300818,Руководитель отдела продаж в Креативное агентство,СИНЕРГИЯ,Москва,200000.0,,200000.0,RUR,False,От 1 года до 3 лет,,,2026-05-23T12:38:47+0300,https://hh.ru/vacancy/133300818
Бариста,133412034,Ассистент ( координатор ),СИНЕРГИЯ,Москва,70000.0,70000.0,70000.0,RUR,False,Нет опыта,,,2026-05-22T17:54:37+0300,https://hh.ru/vacancy/133412034
Бариста,133139442,СММ по оптовым продажам,Левстрой,Москва,100000.0,120000.0,110000.0,RUR,False,От 1 года до 3 лет,,,2026-05-21T14:14:35+0300,https://hh.ru/vacancy/133139442
Бариста,132642009,Территориальный управляющий,Дринкит сеть кофеен,Москва,150000.0,200000.0,175000.0,RUR,False,От 1 года до 3 лет,,,2026-05-20T21:51:47+0300,https://hh.ru/vacancy/132642009
Бариста,132481938,Пиццерист/Пиццайоло/Пиццмейкер,ИТС-ПРОЕКТ,Москва,100000.0,120000.0,110000.0,RUR,False,От 1 года до 3 лет,,,2026-05-21T15:50:47+0300,https://hh.ru/vacancy/132481938
Бариста,132595997,Операционный директор сети кофеен,ДНИ НЕДЕЛИ,Москва,,,,,,От 3 до 6 лет,,,2026-05-22T18:10:58+0300,https://hh.ru/vacancy/132595997
Бариста,133237125,Грузчик на пищевое производство,Дринкит сеть кофеен,Москва,105000.0,,105000.0,RUR,False,От 1 года до 3 лет,,,2026-05-22T09:52:26+0300,https://hh.ru/vacancy/133237125
Бариста,133236686,Кладовщик на пищевое производство,Дринкит сеть кофеен,Москва,88000.0,100000.0,94000.0,RUR,False,От 1 года до 3 лет,,,2026-05-22T09:45:36+0300,https://hh.ru/vacancy/133236686
Бариста,132203494,Медицинская сестра / медицинский брат функциональной диагностики (м. Юго-Западная),СМ-Клиника,Москва,95700.0,,95700.0,RUR,True,От 1 года до 3 лет,,,2026-05-22T11:48:45+0300,https://hh.ru/vacancy/132203494
Бариста,133406468,Врач-эндокринолог (м. Отрадное),СМ-Клиника,Москва,,,,,,От 1 года до 3 лет,,,2026-05-22T15:44:28+0300,https://hh.ru/vacancy/133406468
Бариста,132241570,Инженер-расчетчик (менеджер-расчетчик),СП Групп,Москва,149425.0,172413.0,160919.0,RUR,True,От 1 года до 3 лет,,,2026-05-23T14:38:28+0300,https://hh.ru/vacancy/132241570
Бариста,131783920,Водитель-экспедитор,СИБА-Вендинг,Москва,130000.0,,130000.0,RUR,False,От 1 года до 3 лет,,,2026-05-21T15:59:38+0300,https://hh.ru/vacancy/131783920
Бариста,132673549,Ведущий инженер-проектировщик ВК,Градостроительный Институт МИРПРОЕКТ,Москва,,,,,,От 3 до 6 лет,,,2026-05-22T15:58:14+0300,https://hh.ru/vacancy/132673549
Бариста,133268908,Повар-универсал в пекарню (на Рублево-Успенском шоссе),Гофштейн Ольга Владимировна,Москва,6000.0,7500.0,6750.0,RUR,False,От 1 года до 3 лет,,,2026-05-22T16:53:15+0300,https://hh.ru/vacancy/133268908
Бариста,133255257,Менеджер по продаже клубных карт,GREEN FIT,Москва,70000.0,120000.0,95000.0,RUR,False,От 3 до 6 лет,,,2026-05-22T14:07:14+0300,https://hh.ru/vacancy/133255257
Бариста,132118125,Мойщик белой посуды в столовую бизнес-зала,Аутсорсинг Групп,Москва,52000.0,103000.0,77500.0,RUR,False,Нет опыта,,,2026-05-22T10:50:35+0300,https://hh.ru/vacancy/132118125
Бариста,131074314,Медицинская сестра/медицинский брат эндоскопии (Юго-западная),СМ-Клиника,Москва,95700.0,,95700.0,RUR,True,Нет опыта,,,2026-05-22T11:49:15+0300,https://hh.ru/vacancy/131074314
Бариста,132587221,Помощник генерального директора,Фирма Псарьки,Москва,,,,,,От 1 года до 3 лет,,,2026-05-22T15:18:59+0300,https://hh.ru/vacancy/132587221
Бариста,133002315,Продавец-кассир по продаже мороженого и напитков,Jobers,Москва,103500.0,210000.0,156750.0,RUR,False,Нет опыта,,,2026-05-21T15:04:29+0300,https://hh.ru/vacancy/133002315
Бариста,133056845,Специалист по охране труда и пожарной безопасности,Локи Лизинг Энд Рент,Москва,80000.0,80000.0,80000.0,RUR,False,От 3 до 6 лет,,,2026-05-22T16:13:03+0300,https://hh.ru/vacancy/133056845
Бариста,132723642,Бизнес-тренер,СИНЕРГИЯ,Москва,90000.0,,90000.0,RUR,False,От 1 года до 3 лет,,,2026-05-22T10:00:23+0300,https://hh.ru/vacancy/132723642
Бариста,133410418,Помощник заведующего по хозяйству,Школа тенниса ГАС,Москва,70000.0,80000.0,75000.0,RUR,False,Нет опыта,,,2026-05-22T17:07:12+0300,https://hh.ru/vacancy/133410418
Бариста,133292898,Ассистент стоматолога в детское отделение (м. Молодежная),СМ-Клиника,Москва,120000.0,,120000.0,RUR,True,От 1 года до 3 лет,,,2026-05-20T10:53:49+0300,https://hh.ru/vacancy/133292898
Бариста,133274016,Повар холодного цеха (Кунцевская),ЗДОРОВОЕ ОТНОШЕНИЕ,Москва,7500.0,,7500.0,RUR,False,От 1 года до 3 лет,,,2026-05-19T20:17:40+0300,https://hh.ru/vacancy/133274016
Бариста,133262444,Администратор Клиники (м. Молодежная),СМ-Клиника,Москва,81000.0,,81000.0,RUR,True,Нет опыта,,,2026-05-19T15:10:29+0300,https://hh.ru/vacancy/133262444
Бариста,133324467,Руководитель направления клининга,Сеть кофеен Шоколадница,Москва,,,,,,От 1 года до 3 лет,,,2026-05-20T18:25:39+0300,https://hh.ru/vacancy/133324467
Бариста,132791780,Финансовый менеджер,ИНСТРАКТ,Москва,,,,,,От 3 до 6 лет,,,2026-05-23T13:39:11+0300,https://hh.ru/vacancy/132791780
Бариста,131137685,Медицинская сестра кабинетная/медицинский брат кабинетный (м. Юго-Западная),СМ-Клиника,Москва,87300.0,,87300.0,RUR,True,Нет опыта,,,2026-05-22T11:45:24+0300,https://hh.ru/vacancy/131137685
Бариста,132672915,Инженер-проектировщик слаботочных систем / СС,Градостроительный Институт МИРПРОЕКТ,Москва,,,,,,От 1 года до 3 лет,,,2026-05-22T15:58:12+0300,https://hh.ru/vacancy/132672915
Бариста,133420263,Ведущий архитектор (малоэтажное строительство),Vitagor Stroy,Москва,130000.0,,130000.0,RUR,False,От 1 года до 3 лет,,,2026-05-23T11:33:20+0300,https://hh.ru/vacancy/133420263
Бариста,133356020,"Программист 1С:ERP, УХ, БУХ, ЗУП, документооборот (переход на Linux)",Группа Гута,Москва,230000.0,250000.0,240000.0,RUR,False,От 3 до 6 лет,,,2026-05-21T13:21:34+0300,https://hh.ru/vacancy/133356020
Бариста,133045090,Менеджер по продажам,ТД Поток-холода,Москва,80000.0,150000.0,115000.0,RUR,False,От 1 года до 3 лет,,,2026-05-22T13:13:56+0300,https://hh.ru/vacancy/133045090
Бариста,127743877,"Аналитик 1С (отчетность, BI)",EKONIKA,Москва,,,,,,От 3 до 6 лет,,,2026-05-23T16:25:59+0300,https://hh.ru/vacancy/127743877
Бариста,133384791,Секретарь,Международный Аэропорт Внуково,Москва,,,,,,От 1 года до 3 лет,,,2026-05-22T09:38:12+0300,https://hh.ru/vacancy/133384791
Бариста,133411978,Главный специалист Отдела электронного обмена,РЕАЛИСТ БАНК,Москва,142900.0,142900.0,142900.0,RUR,True,От 1 года до 3 лет,,,2026-05-22T17:52:28+0300,https://hh.ru/vacancy/133411978
Бариста,133389293,Специалист по планированию производства (пищевого),Вокруг Света,Москва,,,,,,От 3 до 6 лет,,,2026-05-22T10:50:11+0300,https://hh.ru/vacancy/133389293
Бариста,132893770,Продавец-кассир,Кулинарная лавка братьев Караваевых,Москва,,120000.0,120000.0,RUR,False,Нет опыта,,,2026-05-22T16:39:20+0300,https://hh.ru/vacancy/132893770
Бариста,133062733,Продавец-кассир в Караваевы,Кулинарная лавка братьев Караваевых,Москва,,120000.0,120000.0,RUR,False,Нет опыта,,,2026-05-22T18:23:20+0300,https://hh.ru/vacancy/133062733
Бариста,131370929,Медицинская сестра эндоскопии / медицинский брат эндоскопии,СМ-Клиника,Москва,95700.0,,95700.0,RUR,True,От 1 года до 3 лет,,,2026-05-22T09:27:36+0300,https://hh.ru/vacancy/131370929
Бариста,132673104,Главный инженер-проектировщик ВК,Градостроительный Институт МИРПРОЕКТ,Москва,,,,,,От 3 до 6 лет,,,2026-05-22T15:58:13+0300,https://hh.ru/vacancy/132673104
Бариста,132672887,Ведущий инженер-проектировщик ЭОМ (внутреннее),Градостроительный Институт МИРПРОЕКТ,Москва,,,,,,От 3 до 6 лет,,,2026-05-22T15:58:12+0300,https://hh.ru/vacancy/132672887
Бариста,133393314,Администратор магазина,Новый Концепт,Москва,100000.0,,100000.0,RUR,False,Нет опыта,,,2026-05-22T11:58:44+0300,https://hh.ru/vacancy/133393314
Бариста,132617196,"Руководитель отдела продаж (B2B, строительные материалы)",Группа компаний GeoSM,Москва,200000.0,,200000.0,RUR,True,От 3 до 6 лет,,,2026-05-23T11:40:38+0300,https://hh.ru/vacancy/132617196
Бариста,133125434,Оператор станков,кафе ЛЕГЕНДА,Москва,300000.0,300000.0,300000.0,RUR,False,От 3 до 6 лет,,,2026-05-15T10:32:57+0300,https://hh.ru/vacancy/133125434
Бариста,133264522,Медицинская сестра диетическая по диетологии/Медицинский брат диетический по диетологии,Институт пластической хирургии и косметологии,Москва,130000.0,150000.0,140000.0,RUR,False,От 1 года до 3 лет,,,2026-05-22T15:38:23+0300,https://hh.ru/vacancy/133264522
Бариста,132728032,Администратор-кассир многопрофильной клиники,Медицина,Москва,90000.0,120000.0,105000.0,RUR,True,От 1 года до 3 лет,,,2026-05-22T16:27:05+0300,https://hh.ru/vacancy/132728032
Бариста,133053881,Инженер-проектировщик ОВИК,Градостроительный Институт МИРПРОЕКТ,Москва,,,,,,От 1 года до 3 лет,,,2026-05-22T15:58:14+0300,https://hh.ru/vacancy/133053881
Бариста,131234496,Бухгалтер в офис,Московская кофейня на паяхъ,Одинцово (Московская область),,,,,,От 3 до 6 лет,,,2026-05-14T07:38:50+0300,https://hh.ru/vacancy/131234496
Бариста,133237906,Руководитель транспортного отдела (Наро-Фоминский район),Вокруг Света,Москва,,,,,,От 3 до 6 лет,,,2026-05-22T10:03:10+0300,https://hh.ru/vacancy/133237906
Бариста,133140077,Сантехник,Аэропорт Домодедово,Москва,90000.0,,90000.0,RUR,True,Нет опыта,,,2026-05-22T08:45:33+0300,https://hh.ru/vacancy/133140077
Бариста,132881857,Старший повар,СанТехОптТорг,Москва,120000.0,,120000.0,RUR,False,От 3 до 6 лет,,,2026-05-22T13:10:51+0300,https://hh.ru/vacancy/132881857
Бариста,132730395,Менеджер по продажам it - iiko/айко (автоматизация ресторанов),ПРО РЕСТО,Москва,150000.0,200000.0,175000.0,RUR,False,От 1 года до 3 лет,,,2026-05-22T11:14:09+0300,https://hh.ru/vacancy/132730395
Бариста,132290385,Специалист по сопровождению контрактов,ЛАНИТ,Москва,,,,,,От 1 года до 3 лет,,,2026-05-22T18:17:44+0300,https://hh.ru/vacancy/132290385
Бариста,133271948,Директор по маркетингу,wintergreen,Москва,120000.0,200000.0,160000.0,RUR,False,От 3 до 6 лет,,,2026-05-22T18:05:41+0300,https://hh.ru/vacancy/133271948
Бариста,133395802,"HRD/HR BP/HR-generalist/HR-manager Бренда ""THE PUH""",Боссанова мен,Москва,120000.0,,120000.0,RUR,False,От 1 года до 3 лет,,,2026-05-22T12:37:41+0300,https://hh.ru/vacancy/133395802
Бариста,133409618,Агент по обслуживанию пассажиров в зоне депортации,Медиа Онлайн,Москва,80765.0,,80765.0,RUR,False,Нет опыта,,,2026-05-22T16:47:11+0300,https://hh.ru/vacancy/133409618
Бариста,133405615,Маляр (Третьяковский проезд),Mercury,Москва,100000.0,,100000.0,RUR,True,От 1 года до 3 лет,,,2026-05-22T15:26:12+0300,https://hh.ru/vacancy/133405615
Бариста,132250274,Уборщица/Уборщик ЦУМ,"ЦУМ, ТД",Москва,80500.0,,80500.0,RUR,True,От 1 года до 3 лет,,,2026-05-22T18:30:46+0300,https://hh.ru/vacancy/132250274
Бариста,132776067,Аккаунт-менеджер,СИНЕРГИЯ,Москва,70000.0,70000.0,70000.0,RUR,False,Нет опыта,,,2026-05-23T09:45:09+0300,https://hh.ru/vacancy/132776067
Бариста,132211387,Заведующий производством/Шеф - повар,Национальный исследовательский ядерный университет МИФИ,Москва,,,,,,От 3 до 6 лет,,,2026-05-22T13:07:48+0300,https://hh.ru/vacancy/132211387
Бариста,130240201,Врач-оториноларинголог (выезд на дом),СМ-Клиника,Москва,150000.0,,150000.0,RUR,True,От 1 года до 3 лет,,,2026-05-22T14:59:44+0300,https://hh.ru/vacancy/130240201
Бариста,126654085,Врач-эндокринолог,СМ-Клиника,Москва,,,,,,От 1 года до 3 лет,,,2026-05-22T12:16:53+0300,https://hh.ru/vacancy/126654085
Бариста,126269067,"Инструктор Детского Клуба ДОНСПОРТ (""Шаболовская"") танцы, дошкольное развитие",ДОН Спорт,Москва,,,,,,От 1 года до 3 лет,,,2026-05-22T11:51:12+0300,https://hh.ru/vacancy/126269067
Бариста,133411865,Специалист,СИНЕРГИЯ,Москва,60000.0,60000.0,60000.0,RUR,False,Нет опыта,,,2026-05-22T17:47:11+0300,https://hh.ru/vacancy/133411865
Бариста,131994910,Специалист по расчету заработной платы и компенсациям,Oniverse,Москва,,,,,,От 1 года до 3 лет,,,2026-05-22T12:07:52+0300,https://hh.ru/vacancy/131994910
Бариста,130933279,"Менеджер по продажам (HoReCa, продукты питания)",Глобал Фудс,Москва,120000.0,250000.0,185000.0,RUR,False,От 1 года до 3 лет,,,2026-05-22T17:23:30+0300,https://hh.ru/vacancy/130933279
Бариста,133166751,Водитель с удостоверением тракториста-машиниста А4,Выставка достижений народного хозяйства,Москва,112500.0,112500.0,112500.0,RUR,True,От 1 года до 3 лет,,,2026-05-22T13:04:07+0300,https://hh.ru/vacancy/133166751
Бариста,133056056,Водитель пожарного автомобиля,Аэропорт Домодедово,Москва,95000.0,,95000.0,RUR,True,От 1 года до 3 лет,,,2026-05-22T08:45:45+0300,https://hh.ru/vacancy/133056056
Бариста,121945297,Врач-ревматолог (м. Бауманская),СМ-Клиника,Москва,,,,,,От 3 до 6 лет,,,2026-05-22T11:45:37+0300,https://hh.ru/vacancy/121945297
Бариста,132450760,Уборщица/Уборщик ТДМ,"ЦУМ, ТД",Москва,80500.0,,80500.0,RUR,True,От 1 года до 3 лет,,,2026-05-22T18:30:49+0300,https://hh.ru/vacancy/132450760
Бариста,132672951,BIM-координатор АР / ТИМ-координатор АР,Градостроительный Институт МИРПРОЕКТ,Москва,,,,,,От 3 до 6 лет,,,2026-05-22T15:58:12+0300,https://hh.ru/vacancy/132672951
Бариста,133152234,Менеджер ресторана,Кафе 288 сити,Москва,100000.0,130000.0,115000.0,RUR,False,От 1 года до 3 лет,,,2026-05-15T20:05:45+0300,https://hh.ru/vacancy/133152234
Бариста,132031389,Офис-менеджер,Вэйвс,Москва,80000.0,80000.0,80000.0,RUR,False,От 1 года до 3 лет,,,2026-05-21T16:53:45+0300,https://hh.ru/vacancy/132031389
Бариста,133390740,Врач - пульмонолог (м. Отрадное),СМ-Клиника,Москва,,,,,,От 1 года до 3 лет,,,2026-05-22T11:13:08+0300,https://hh.ru/vacancy/133390740
Бариста,132613473,Ведущий специалист по информационной безопасности,НПП Доза,Зеленоград,,,,,,От 1 года до 3 лет,,,2026-05-22T15:21:58+0300,https://hh.ru/vacancy/132613473
Бариста,132879836,Продавец в Братья Караваевы,Кулинарная лавка братьев Караваевых,Москва,,120000.0,120000.0,RUR,False,Нет опыта,,,2026-05-22T12:32:39+0300,https://hh.ru/vacancy/132879836
Бариста,132774085,Начинающий специалист в сфере образования,СИНЕРГИЯ,Москва,80000.0,80000.0,80000.0,RUR,True,Нет опыта,,,2026-05-23T09:12:29+0300,https://hh.ru/vacancy/132774085
Бариста,132801176,Управляющий рестораном (Сифуд баром),Буличенко Леонид Олегович,Москва,180000.0,220000.0,200000.0,RUR,False,От 1 года до 3 лет,,,2026-05-23T15:09:27+0300,https://hh.ru/vacancy/132801176
Бариста,132094713,Менеджер по кадровому делопроизводству и подбору,Polaris,Москва,,150000.0,150000.0,RUR,False,От 1 года до 3 лет,,,2026-05-22T10:24:10+0300,https://hh.ru/vacancy/132094713
Бариста,133409240,Бухгалтер по расчету заработной платы,ГЕМ,Москва,117000.0,117000.0,117000.0,RUR,False,От 1 года до 3 лет,,,2026-05-22T16:38:48+0300,https://hh.ru/vacancy/133409240
Бариста,133411590,Бригадир (Барвиха Luxury Village),Mercury,Москва,180000.0,,180000.0,RUR,True,От 1 года до 3 лет,,,2026-05-22T17:36:38+0300,https://hh.ru/vacancy/133411590
Бариста,133267271,Продавец-кассир на АЗС,Retail Personal,Москва,70000.0,90000.0,80000.0,RUR,True,Нет опыта,,,2026-05-19T16:19:50+0300,https://hh.ru/vacancy/133267271
Бариста,132406626,Менеджер по продажам интеграционных решений,Энкод,Москва,,,,,,От 1 года до 3 лет,,,2026-05-22T19:45:42+0300,https://hh.ru/vacancy/132406626
Бариста,133265731,Инженер-химик,РОСКОСМОС,Москва,,135000.0,135000.0,RUR,True,От 1 года до 3 лет,,,2026-05-22T15:57:05+0300,https://hh.ru/vacancy/133265731
Бариста,133245548,Повар раздачи в кафетерий (м. Молодежная),ГК Фьюжен Менеджмент,Москва,75000.0,,75000.0,RUR,False,От 1 года до 3 лет,,,2026-05-19T11:44:03+0300,https://hh.ru/vacancy/133245548
Бариста,133383025,Разнорабочий на территорию,АВТОДОК (Autodoc),Москва,65000.0,65000.0,65000.0,RUR,False,Нет опыта,,,2026-05-22T09:06:31+0300,https://hh.ru/vacancy/133383025
Бариста,132695893,Прораб / Руководитель проектов по коммерческим объектам,Алгрум,Москва,180000.0,350000.0,265000.0,RUR,False,От 1 года до 3 лет,,,2026-05-23T09:24:59+0300,https://hh.ru/vacancy/132695893
Бариста,133316681,Менеджер Юридического факультета по воспитательной работе,Финансовый университет при Правительстве РФ,Москва,75000.0,,75000.0,RUR,True,От 1 года до 3 лет,,,2026-05-22T16:22:54+0300,https://hh.ru/vacancy/133316681
Бариста,132248432,Инженер по радиационной безопасности,НПП Доза,Зеленоград,,,,,,От 1 года до 3 лет,,,2026-05-22T15:21:58+0300,https://hh.ru/vacancy/132248432
Бариста,122448647,Врач-гастроэнтеролог (м. Текстильщики),СМ-Клиника,Москва,150000.0,,150000.0,RUR,True,От 1 года до 3 лет,,,2026-05-22T12:16:54+0300,https://hh.ru/vacancy/122448647
Бариста,132585496,Врач-дерматовенеролог (м. Бауманская),СМ-Клиника,Москва,,,,,,От 3 до 6 лет,,,2026-05-22T12:10:33+0300,https://hh.ru/vacancy/132585496
Бариста,133400172,Повар в ресторан от FOLK TEAM - ТЮРКИ DINER,FOLK TEAM,Москва,,138000.0,138000.0,RUR,False,От 1 года до 3 лет,,,2026-05-22T13:43:24+0300,https://hh.ru/vacancy/133400172
Бариста,133054643,Главный специалист по компенсациям и льготам (мотивация с&b),СИНЕРГИЯ,Москва,,,,,,От 1 года до 3 лет,,,2026-05-22T15:37:22+0300,https://hh.ru/vacancy/133054643
Бариста,132623422,Главный специалист группы администрирования коммуникационной деятельности,Финансовый университет при Правительстве РФ,Москва,94500.0,94500.0,94500.0,RUR,True,От 1 года до 3 лет,,,2026-05-22T16:21:37+0300,https://hh.ru/vacancy/132623422
Бариста,133160850,Повар (м.Щелковская),PhoBo,Москва,85000.0,110000.0,97500.0,RUR,True,Нет опыта,,,2026-05-22T16:38:07+0300,https://hh.ru/vacancy/133160850
Бариста,131912611,Врач УЗД,Медицина,Москва,234000.0,244000.0,239000.0,RUR,True,От 1 года до 3 лет,,,2026-05-22T18:53:25+0300,https://hh.ru/vacancy/131912611
Бариста,133390790,Shopper Marketing Senior Specialist Tander | Старший специалист по клиентскому маркетингу,JACOBS DOUWE EGBERTS (JDE),Москва,,,,,,От 3 до 6 лет,,,2026-05-22T11:14:04+0300,https://hh.ru/vacancy/133390790
Бариста,132673494,Ведущий инженер-проектировщик слаботочных систем / СС,Градостроительный Институт МИРПРОЕКТ,Москва,,,,,,От 3 до 6 лет,,,2026-05-22T15:58:13+0300,https://hh.ru/vacancy/132673494
Бариста,133036817,Су-шеф,Гастродача Вселуг,Москва,135000.0,,135000.0,RUR,False,От 1 года до 3 лет,,,2026-05-22T11:17:04+0300,https://hh.ru/vacancy/133036817
Бариста,132696728,Бренд-менеджер,CLOVERMED эстетическая медицина,Москва,250000.0,,250000.0,RUR,False,От 3 до 6 лет,,,2026-05-23T11:31:26+0300,https://hh.ru/vacancy/132696728
Бариста,131502770,Комплектовщик,НПП Доза,Зеленоград,,,,,,От 1 года до 3 лет,,,2026-05-22T15:22:22+0300,https://hh.ru/vacancy/131502770
Бариста,132741732,Директор офиса,СИНЕРГИЯ,Москва,200000.0,,200000.0,RUR,False,От 3 до 6 лет,,,2026-05-22T13:02:50+0300,https://hh.ru/vacancy/132741732
Бариста,133400929,Менеджер по кадровому делопроизводству,Медицина,Москва,139000.0,139000.0,139000.0,RUR,True,От 3 до 6 лет,,,2026-05-22T13:56:08+0300,https://hh.ru/vacancy/133400929
Бариста,133033326,Бухгалтер (расчет заработной платы),Паритет,Москва,138000.0,,138000.0,RUR,False,От 1 года до 3 лет,,,2026-05-22T10:35:55+0300,https://hh.ru/vacancy/133033326
Бариста,133160895,Повар (г.Котельники),PhoBo,Москва,85000.0,110000.0,97500.0,RUR,True,Нет опыта,,,2026-05-22T16:45:19+0300,https://hh.ru/vacancy/133160895
Бариста,133398923,"Официант в ""Ровесник""",Столик на одного,Москва,,120000.0,120000.0,RUR,False,Нет опыта,,,2026-05-22T13:23:16+0300,https://hh.ru/vacancy/133398923
Бариста,133005462,Водитель погрузчика,Москва Карго,Москва,150000.0,,150000.0,RUR,True,От 1 года до 3 лет,,,2026-05-22T17:56:13+0300,https://hh.ru/vacancy/133005462
Бариста,132998012,Медицинская сестра/Медицинский брат врача общей практики,Медицина,Москва,124200.0,134200.0,129200.0,RUR,True,От 3 до 6 лет,,,2026-05-22T18:53:22+0300,https://hh.ru/vacancy/132998012
Бариста,107366528,Маляр-штукатур,Выставка достижений народного хозяйства,Москва,100600.0,100600.0,100600.0,RUR,True,От 1 года до 3 лет,,,2026-05-22T13:03:59+0300,https://hh.ru/vacancy/107366528
Бариста,133133853,Санитар операционного блока 5/2 (м. Таганская),ФГБУ «Национальный медицинский исследовательский центр травматологии и ортопедии имени Н.Н. Приорова» Минздрава России,Москва,80000.0,80000.0,80000.0,RUR,True,Нет опыта,,,2026-05-22T11:37:54+0300,https://hh.ru/vacancy/133133853
Бариста,133409543,Учитель математики,Национальный исследовательский ядерный университет МИФИ,Москва,,,,,,От 1 года до 3 лет,,,2026-05-22T16:45:19+0300,https://hh.ru/vacancy/133409543
Бариста,110296059,Врач-гематолог,СМ-Клиника,Москва,,,,,,От 1 года до 3 лет,,,2026-05-22T12:17:03+0300,https://hh.ru/vacancy/110296059
Бариста,132235541,Администратор на входящие звонки,СМ-Клиника,Москва,80000.0,,80000.0,RUR,True,Нет опыта,,,2026-05-22T12:15:47+0300,https://hh.ru/vacancy/132235541
Бариста,131330903,Медицинская сестра операционная/Медицинский брат операционный,СМ-Клиника,Москва,119000.0,,119000.0,RUR,True,От 1 года до 3 лет,,,2026-05-22T09:20:31+0300,https://hh.ru/vacancy/131330903
Бариста,131790138,Врач-невролог,СМ-Клиника,Москва,,,,,,От 1 года до 3 лет,,,2026-05-22T09:20:10+0300,https://hh.ru/vacancy/131790138
Бариста,132721530,Повар горячий цех (м. Трубная),Снеди Феди,Москва,100000.0,,100000.0,RUR,False,От 1 года до 3 лет,,,2026-05-22T09:34:22+0300,https://hh.ru/vacancy/132721530
Бариста,127202268,"Врач травматолог-ортопед, м. Бауманская",СМ-Клиника,Москва,150000.0,,150000.0,RUR,True,От 3 до 6 лет,,,2026-05-22T11:25:59+0300,https://hh.ru/vacancy/127202268
Бариста,133383950,Медицинская сестра анестезист / медицинский брат анестезист,СМ-Клиника,Москва,119000.0,,119000.0,RUR,True,От 1 года до 3 лет,,,2026-05-22T09:24:10+0300,https://hh.ru/vacancy/133383950
Бариста,132672997,Главный инженер-проектировщик СС,Градостроительный Институт МИРПРОЕКТ,Москва,,,,,,Более 6 лет,,,2026-05-22T15:58:13+0300,https://hh.ru/vacancy/132672997
Бариста,120869574,Доцент Кафедры международного бизнеса со знанием китайского языка,Финансовый университет при Правительстве РФ,Москва,140000.0,140000.0,140000.0,RUR,True,От 3 до 6 лет,,,2026-05-22T14:01:49+0300,https://hh.ru/vacancy/120869574
Бариста,131562188,Технолог в комбинат питания,Национальный исследовательский ядерный университет МИФИ,Москва,,,,,,От 3 до 6 лет,,,2026-05-22T13:01:00+0300,https://hh.ru/vacancy/131562188
Бариста,132893784,Руководитель отдела,СИНЕРГИЯ,Москва,170000.0,170000.0,170000.0,RUR,False,От 1 года до 3 лет,,,2026-05-22T16:39:52+0300,https://hh.ru/vacancy/132893784
Бариста,133389831,Заведующий производством в производственную столовую,Группа компаний РБЕ (RBE Group),Москва,106000.0,106000.0,106000.0,RUR,True,От 1 года до 3 лет,,,2026-05-22T11:00:53+0300,https://hh.ru/vacancy/133389831
Бариста,133242400,Секретарь на ресепшен,Dantex Group,Москва,78000.0,78000.0,78000.0,RUR,False,Нет опыта,,,2026-05-22T11:03:41+0300,https://hh.ru/vacancy/133242400
Бариста,132672977,BIM-координатор раздела КМ,Градостроительный Институт МИРПРОЕКТ,Москва,,,,,,От 1 года до 3 лет,,,2026-05-22T15:58:13+0300,https://hh.ru/vacancy/132672977
Бариста,132673010,Руководитель отдела водоснабжения и водоотведения / ВК,Градостроительный Институт МИРПРОЕКТ,Москва,,,,,,Более 6 лет,,,2026-05-22T15:58:13+0300,https://hh.ru/vacancy/132673010
Бариста,130358677,Повар (универсал),Фастлэнд,Москва,90000.0,90000.0,90000.0,RUR,False,От 1 года до 3 лет,,,2026-05-22T18:47:43+0300,https://hh.ru/vacancy/130358677
Бариста,132600390,Курьер Яндекс Еда,Кумохин Даниил Олегович,Москва,187500.0,187500.0,187500.0,RUR,False,Нет опыта,,,2026-05-23T00:13:35+0300,https://hh.ru/vacancy/132600390
Бариста,132631535,Специалист контроля качества телемаркетологов/Менеджер по обучению,СИНЕРГИЯ,Москва,90000.0,120000.0,105000.0,RUR,False,От 1 года до 3 лет,,,2026-05-22T11:36:03+0300,https://hh.ru/vacancy/132631535
Бариста,132874108,Курьер-водитель электрокара (территория Парка),Государственное автономное учреждение культуры города Москвы Центральный парк культуры и отдыха имени М.Горького,Москва,80000.0,,80000.0,RUR,False,От 1 года до 3 лет,,,2026-05-22T11:58:00+0300,https://hh.ru/vacancy/132874108
Бариста,133370168,Продавец-кассир в Караваевы,Кулинарная лавка братьев Караваевых,Москва,,120000.0,120000.0,RUR,False,Нет опыта,,,2026-05-21T17:26:35+0300,https://hh.ru/vacancy/133370168
Бариста,132752893,Главный бухгалтер,АСТЕР,Москва,180000.0,180000.0,180000.0,RUR,True,От 3 до 6 лет,,,2026-05-22T15:25:53+0300,https://hh.ru/vacancy/132752893
Бариста,133250398,Консультант в Парк Сказка,Парк Сказка,Москва,64368.0,,64368.0,RUR,True,Нет опыта,,,2026-05-22T16:05:21+0300,https://hh.ru/vacancy/133250398
Бариста,133231645,Повар в холодный цех (м. Сокольники),Снеди Феди,Москва,90000.0,,90000.0,RUR,False,От 1 года до 3 лет,,,2026-05-22T08:28:46+0300,https://hh.ru/vacancy/133231645
Бариста,133363998,Врач-физиотерапевт,"ФитнесМания, Спортивный клуб",Москва,150000.0,,150000.0,RUR,False,От 3 до 6 лет,,,2026-05-22T11:33:03+0300,https://hh.ru/vacancy/133363998
Бариста,132874858,Администратор-кассир,Bổ,Москва,80000.0,100000.0,90000.0,RUR,False,Нет опыта,,,2026-05-22T11:08:27+0300,https://hh.ru/vacancy/132874858
Бариста,133082727,Инженер – проектировщик (ТХ),НПК МЕДИАНА-ФИЛЬТР,Москва,125000.0,,125000.0,RUR,True,Нет опыта,,,2026-05-23T10:51:29+0300,https://hh.ru/vacancy/133082727
Бариста,132687296,Кассир в Караваевы,Кулинарная лавка братьев Караваевых,Москва,,120000.0,120000.0,RUR,False,Нет опыта,,,2026-05-22T11:31:26+0300,https://hh.ru/vacancy/132687296
Бариста,128774621,Врач-гастроэнтеролог,СМ-Клиника,Москва,,,,,,От 1 года до 3 лет,,,2026-05-22T12:16:54+0300,https://hh.ru/vacancy/128774621
Бариста,132850955,AI-специалист /Архитектор ИИ-решений,УК Арбат 38,Москва,,,,,,От 1 года до 3 лет,,,2026-05-22T11:16:53+0300,https://hh.ru/vacancy/132850955
Бариста,133338927,Контролер профессионального участника рынка ценных бумаг,Группа Гута,Москва,80000.0,100000.0,90000.0,RUR,False,От 1 года до 3 лет,,,2026-05-21T09:46:26+0300,https://hh.ru/vacancy/133338927
Бариста,132727503,Бухгалтер по учету ТМЦ,Вокруг Света,Москва,,,,,,От 1 года до 3 лет,,,2026-05-22T10:39:46+0300,https://hh.ru/vacancy/132727503
Бариста,133367654,Кассир в Караваевы,Кулинарная лавка братьев Караваевых,Москва,,120000.0,120000.0,RUR,False,Нет опыта,,,2026-05-21T16:42:51+0300,https://hh.ru/vacancy/133367654
Бариста,133139111,Менеджер по маркетплейсам,Левстрой,Москва,80000.0,150000.0,115000.0,RUR,False,От 1 года до 3 лет,,,2026-05-21T14:10:33+0300,https://hh.ru/vacancy/133139111
Бариста,132241342,Офисный водитель,ГРИНВУД,Москва,,,,,,От 3 до 6 лет,,,2026-05-22T17:52:18+0300,https://hh.ru/vacancy/132241342
Бариста,132753047,Заместитель генерального директора по строительству,АСТЕР,Москва,180000.0,180000.0,180000.0,RUR,True,От 3 до 6 лет,,,2026-05-22T15:27:04+0300,https://hh.ru/vacancy/132753047
Бариста,133214158,Специалист лаборатории радиационной безопасности,ВНИПИпромтехнологии,Москва,52000.0,80000.0,66000.0,RUR,False,Нет опыта,,,2026-05-22T15:24:17+0300,https://hh.ru/vacancy/133214158
Бариста,129503010,Инженер-программист,НПП Доза,Москва,,,,,,От 3 до 6 лет,,,2026-05-22T15:21:59+0300,https://hh.ru/vacancy/129503010
Бариста,132833998,Инженер-программист,НПП Доза,Химки (Московская область),,,,,,От 3 до 6 лет,,,2026-05-22T15:21:41+0300,https://hh.ru/vacancy/132833998
Бариста,132775275,Менеджер по оптовым продажам,Восточные строительные технологии,Москва,176200.0,254600.0,215400.0,RUR,True,От 1 года до 3 лет,,,2026-05-23T09:32:45+0300,https://hh.ru/vacancy/132775275
Бариста,131264323,Медицинская сестра ЦСО/медицинский брат ЦСО (м. Молодежная),СМ-Клиника,Москва,86000.0,,86000.0,RUR,True,От 1 года до 3 лет,,,2026-05-18T09:58:29+0300,https://hh.ru/vacancy/131264323
Бариста,131859027,Администратор на ресепшн,Коммерсантъ,Москва,,,,,,От 1 года до 3 лет,,,2026-05-22T15:23:24+0300,https://hh.ru/vacancy/131859027
Бариста,132265676,Фотограф Парк Сказка,LikeMe Studio,Москва,85000.0,,85000.0,RUR,False,Нет опыта,,,2026-05-21T18:51:07+0300,https://hh.ru/vacancy/132265676
Бариста,133050857,Бизнес-ассистент Вице-президента по работе с GR,СИНЕРГИЯ,Москва,,180000.0,180000.0,RUR,False,От 1 года до 3 лет,,,2026-05-22T14:42:27+0300,https://hh.ru/vacancy/133050857
Бариста,132756411,Врач скорой медицинской помощи,Международный аэропорт Шереметьево,Москва,172000.0,175000.0,173500.0,RUR,True,Нет опыта,,,2026-05-22T14:08:43+0300,https://hh.ru/vacancy/132756411
Бариста,133412975,Начальник отдела развития партнерских программ (CRM),Альфа-Банк,Москва,,,,,,От 3 до 6 лет,,,2026-05-22T18:35:12+0300,https://hh.ru/vacancy/133412975
Бариста,131858505,Главный специалист по компенсациям и льготам (мотивация),СИНЕРГИЯ,Москва,,,,,,От 3 до 6 лет,,,2026-05-22T11:12:52+0300,https://hh.ru/vacancy/131858505
Бариста,133385897,Администратор автосалона / Специалист Клиентской Службы (м. Медведково),СП БИЗНЕС КАР,Москва,72000.0,80000.0,76000.0,RUR,True,Нет опыта,,,2026-05-22T09:55:36+0300,https://hh.ru/vacancy/133385897
Бариста,133371641,Менеджер ресторана,Ресторан Гамбринус на Киевской,Москва,130000.0,,130000.0,RUR,False,От 3 до 6 лет,,,2026-05-21T18:02:29+0300,https://hh.ru/vacancy/133371641
Бариста,133385616,Инженер-холодильщик (промышленное оборудование),Аэропорт Домодедово,Москва,,150000.0,150000.0,RUR,True,От 3 до 6 лет,,,2026-05-22T09:51:20+0300,https://hh.ru/vacancy/133385616
Бариста,132749709,HR-аналитик,СИНЕРГИЯ,Москва,,110000.0,110000.0,RUR,False,От 1 года до 3 лет,,,2026-05-22T14:54:19+0300,https://hh.ru/vacancy/132749709
Бариста,116718816,Врач - уролог/нейроуролог,СМ-Клиника,Москва,,,,,,От 1 года до 3 лет,,,2026-05-22T12:17:11+0300,https://hh.ru/vacancy/116718816
Бариста,133405896,Менеджер по продажам (IT-оборудование),КИТ-Р,Москва,125000.0,215000.0,170000.0,RUR,False,От 1 года до 3 лет,,,2026-05-22T15:33:13+0300,https://hh.ru/vacancy/133405896
Бариста,133303165,BIM-координатор,Градостроительный Институт МИРПРОЕКТ,Москва,,,,,,От 1 года до 3 лет,,,2026-05-22T15:58:14+0300,https://hh.ru/vacancy/133303165
Бариста,124273592,Врач-оториноларинголог,Медицина,Москва,250000.0,,250000.0,RUR,True,Более 6 лет,,,2026-05-22T18:53:34+0300,https://hh.ru/vacancy/124273592
Бариста,132212259,Медицинская сестра палатная/медицинский брат палатный,Медицина,Москва,118000.0,128000.0,123000.0,RUR,True,От 3 до 6 лет,,,2026-05-22T18:53:29+0300,https://hh.ru/vacancy/132212259
Бариста,132852172,BIM-координатор ОВиК,Градостроительный Институт МИРПРОЕКТ,Москва,,,,,,От 3 до 6 лет,,,2026-05-22T15:58:14+0300,https://hh.ru/vacancy/132852172
Бариста,132673479,BIM-координатор ЭОМ / ТИМ-координатор ЭОМ,Градостроительный Институт МИРПРОЕКТ,Москва,,,,,,От 1 года до 3 лет,,,2026-05-22T15:58:13+0300,https://hh.ru/vacancy/132673479
Бариста,131283210,Медицинская сестра / медицинский брат физиотерапии (Юго-Западная),СМ-Клиника,Москва,95700.0,,95700.0,RUR,True,От 1 года до 3 лет,,,2026-05-22T11:45:21+0300,https://hh.ru/vacancy/131283210
Бариста,132685911,Кассир ресторана/бара,Наму,Москва,100000.0,,100000.0,RUR,False,Нет опыта,,,2026-05-22T09:30:15+0300,https://hh.ru/vacancy/132685911
Бариста,133356210,"Уборщица/уборщик (м. Деловой центр, ТЦ Афимолл)","ЦУМ, ТД",Москва,60000.0,,60000.0,RUR,True,Нет опыта,,,2026-05-21T13:24:34+0300,https://hh.ru/vacancy/133356210
Бариста,132867088,Руководитель торгового сектора,Лемана ПРО,Москва,,,,,,От 1 года до 3 лет,,,2026-05-22T08:43:17+0300,https://hh.ru/vacancy/132867088
Бариста,133139275,Менеджер по оптовым продажам электроинструмента,Левстрой,Москва,100000.0,200000.0,150000.0,RUR,False,Нет опыта,,,2026-05-21T14:12:45+0300,https://hh.ru/vacancy/133139275
Бариста,132477258,Кассир в Караваевы,Кулинарная лавка братьев Караваевых,Москва,,120000.0,120000.0,RUR,False,Нет опыта,,,2026-05-21T14:24:24+0300,https://hh.ru/vacancy/132477258
Бариста,121380322,Врач УЗИ (ВДНХ),СМ-Клиника,Москва,200000.0,,200000.0,RUR,True,От 1 года до 3 лет,,,2026-05-22T12:15:59+0300,https://hh.ru/vacancy/121380322
Бариста,132866691,Руководитель торгового сектора,Лемана ПРО,Москва,132000.0,,132000.0,RUR,True,От 1 года до 3 лет,,,2026-05-22T08:33:53+0300,https://hh.ru/vacancy/132866691
Бариста,130154450,Врач-эндокринолог (м. Молодежная),СМ-Клиника,Москва,,,,,,От 1 года до 3 лет,,,2026-05-18T09:15:10+0300,https://hh.ru/vacancy/130154450
Бариста,131499774,Врач-офтальмолог (м. Молодежная),СМ-Клиника,Москва,,,,,,От 1 года до 3 лет,,,2026-05-18T09:15:10+0300,https://hh.ru/vacancy/131499774
Бариста,132378998,Водитель-экспедитор на служебный автомобиль (вендинг),Beanetto,Москва,100000.0,140000.0,120000.0,RUR,False,От 1 года до 3 лет,,,2026-05-21T11:39:31+0300,https://hh.ru/vacancy/132378998
Бариста,132854159,Производитель работ (прораб),Правительство Москвы,Москва,,,,,,От 3 до 6 лет,,,2026-05-22T09:50:31+0300,https://hh.ru/vacancy/132854159
Бариста,97327949,Главный специалист-проектировщик систем автоматизации,ВНИПИпромтехнологии,Москва,107000.0,147000.0,127000.0,RUR,False,Более 6 лет,,,2026-05-22T15:24:17+0300,https://hh.ru/vacancy/97327949
Бариста,104556812,Главный специалист-проектировщик горного отдела,ВНИПИпромтехнологии,Москва,107000.0,147000.0,127000.0,RUR,False,Более 6 лет,,,2026-05-22T15:24:17+0300,https://hh.ru/vacancy/104556812
Бариста,104564023,Инженер-проектировщик 1 категории горного отдела,ВНИПИпромтехнологии,Москва,70700.0,98000.0,84350.0,RUR,False,От 1 года до 3 лет,,,2026-05-22T15:24:17+0300,https://hh.ru/vacancy/104564023
Бариста,126310855,Инженер-проектировщик ПОС,ВНИПИпромтехнологии,Москва,,,,,,От 3 до 6 лет,,,2026-05-22T15:24:17+0300,https://hh.ru/vacancy/126310855
Бариста,97327196,Ведущий инженер-проектировщик (автоматизация технологических процессов),ВНИПИпромтехнологии,Москва,,,,,,От 3 до 6 лет,,,2026-05-22T15:24:16+0300,https://hh.ru/vacancy/97327196
Бариста,104560532,Ведущий инженер-проектировщик горного отдела,ВНИПИпромтехнологии,Москва,86000.0,119000.0,102500.0,RUR,False,От 3 до 6 лет,,,2026-05-22T15:24:16+0300,https://hh.ru/vacancy/104560532
Бариста,132995389,"Главный клиентский менеджер, м. Сухаревская",Россельхозбанк,Москва,110000.0,,110000.0,RUR,True,Нет опыта,,,2026-05-22T16:12:48+0300,https://hh.ru/vacancy/132995389
Бариста,133204904,"Главный клиентский менеджер, м. Домодедовская",Россельхозбанк,Москва,110000.0,,110000.0,RUR,True,Нет опыта,,,2026-05-22T16:12:29+0300,https://hh.ru/vacancy/133204904
Бариста,133031477,"Главный клиентский менеджер, м. Бабушкинская",Россельхозбанк,Москва,110000.0,,110000.0,RUR,True,Нет опыта,,,2026-05-22T16:12:16+0300,https://hh.ru/vacancy/133031477
Бариста,133032167,"Главный клиентский менеджер, м. Отрадное",Россельхозбанк,Москва,110000.0,,110000.0,RUR,True,Нет опыта,,,2026-05-22T16:11:57+0300,https://hh.ru/vacancy/133032167
Бариста,133031936,"Главный клиентский менеджер, м. Белорусская",Россельхозбанк,Москва,110000.0,,110000.0,RUR,True,Нет опыта,,,2026-05-22T16:11:40+0300,https://hh.ru/vacancy/133031936
Бариста,133407714,Системный администратор Linux,СИНЕРГИЯ,Москва,,,,,,Нет опыта,,,2026-05-22T16:08:56+0300,https://hh.ru/vacancy/133407714
Бариста,133414147,Менеджер по продажам,Додо Пицца (ООО ДП Крыло),Москва,150000.0,,150000.0,RUR,False,От 3 до 6 лет,,,2026-05-22T20:08:45+0300,https://hh.ru/vacancy/133414147
Бариста,133205110,Руководитель отдела обучения ( Коммерческий департамент ),СИНЕРГИЯ,Москва,175000.0,250000.0,212500.0,RUR,False,От 1 года до 3 лет,,,2026-05-21T13:49:09+0300,https://hh.ru/vacancy/133205110
Бариста,133245513,Руководитель торгового сектора,Лемана ПРО,Москва,,,,,,От 1 года до 3 лет,,,2026-05-22T11:43:34+0300,https://hh.ru/vacancy/133245513
Бариста,133142717,Кладовщик-приёмосдатчик,СовтрансавтоЭкспедиция,Москва,85000.0,,85000.0,RUR,False,Нет опыта,,,2026-05-21T15:10:03+0300,https://hh.ru/vacancy/133142717
Бариста,130152142,Врач-гастроэнтеролог (м. Молодежная),СМ-Клиника,Москва,,,,,,От 1 года до 3 лет,,,2026-05-18T09:15:11+0300,https://hh.ru/vacancy/130152142
Бариста,133371869,Старший по залу,ОТЕЛЬ САЛЮТ,Москва,90000.0,120000.0,105000.0,RUR,False,От 1 года до 3 лет,,,2026-05-21T18:09:05+0300,https://hh.ru/vacancy/133371869
Бариста,131995671,Водитель трактора на перрон аэропорта,Москва Карго,Москва,114400.0,,114400.0,RUR,True,От 1 года до 3 лет,,,2026-05-22T17:56:13+0300,https://hh.ru/vacancy/131995671
Бариста,132880460,Ведущий редактор,СИНЕРГИЯ,Москва,100000.0,100000.0,100000.0,RUR,False,От 1 года до 3 лет,,,2026-05-22T12:44:14+0300,https://hh.ru/vacancy/132880460
Бариста,133397991,Консультант-кассир парка аттракционов,Парк Сказка,Москва,84483.0,,84483.0,RUR,True,Нет опыта,,,2026-05-22T13:09:24+0300,https://hh.ru/vacancy/133397991
Бариста,132830364,Управляющий столовой,Транс Групп,Москва,150000.0,,150000.0,RUR,False,От 1 года до 3 лет,,,2026-05-21T10:30:21+0300,https://hh.ru/vacancy/132830364
Бариста,131091311,Руководитель торгового сектора (г. Домодедово),Лемана ПРО,Москва,,,,,,От 1 года до 3 лет,,,2026-05-22T11:22:17+0300,https://hh.ru/vacancy/131091311
Бариста,133264242,Инженер ПТО,СИНЕРГИЯ,Москва,150000.0,,150000.0,RUR,False,От 1 года до 3 лет,,,2026-05-22T15:33:30+0300,https://hh.ru/vacancy/133264242
Бариста,132756658,Руководитель отдела продаж (патриотический проект),СИНЕРГИЯ,Москва,200000.0,,200000.0,RUR,False,От 1 года до 3 лет,,,2026-05-22T16:21:06+0300,https://hh.ru/vacancy/132756658
Бариста,132446184,Руководитель отдела телемаркетинга,СИНЕРГИЯ,Москва,,,,,,От 1 года до 3 лет,,,2026-05-21T12:20:29+0300,https://hh.ru/vacancy/132446184
Бариста,132252843,Программист 1С,Джи Эл Эс Фармасьютикалз,Москва,,,,,,От 3 до 6 лет,,,2026-05-22T09:05:11+0300,https://hh.ru/vacancy/132252843
Бариста,103479600,Врач травматолог-ортопед (м. Молодежная),СМ-Клиника,Москва,,,,,,От 1 года до 3 лет,,,2026-05-18T09:15:11+0300,https://hh.ru/vacancy/103479600
Бариста,132836942,Руководитель контактного центра,СИНЕРГИЯ,Москва,,,,,,От 1 года до 3 лет,,,2026-05-21T12:12:38+0300,https://hh.ru/vacancy/132836942
Бариста,133214096,Ассистент финансового директора,Академия Будущего,Москва,,80000.0,80000.0,RUR,False,Нет опыта,,,2026-05-21T16:04:59+0300,https://hh.ru/vacancy/133214096
Бариста,131756123,Экономист по учету выручки,СИНЕРГИЯ,Москва,90000.0,,90000.0,RUR,True,Нет опыта,,,2026-05-22T12:49:25+0300,https://hh.ru/vacancy/131756123
Бариста,133411348,Экономист планово-экономического отдела,СИНЕРГИЯ,Москва,180000.0,,180000.0,RUR,False,От 1 года до 3 лет,,,2026-05-22T17:29:05+0300,https://hh.ru/vacancy/133411348
Бариста,133060945,"Менеджер по продажам (B2B, IT)",Корсон Технолоджис РУС,Москва,150000.0,400000.0,275000.0,RUR,False,От 3 до 6 лет,,,2026-05-22T17:27:56+0300,https://hh.ru/vacancy/133060945
Бариста,117909151,Врач-невролог ( м. ВДНХ ),СМ-Клиника,Москва,,,,,,От 1 года до 3 лет,,,2026-05-22T12:17:04+0300,https://hh.ru/vacancy/117909151
Бариста,133064975,Менеджер по продажам B2B,Технорум,Москва,150000.0,400000.0,275000.0,RUR,False,От 1 года до 3 лет,,,2026-05-22T21:04:48+0300,https://hh.ru/vacancy/133064975
Бариста,127407679,Заведующий учебной лабораторией КОиОМ,Финансовый университет при Правительстве РФ,Москва,80000.0,,80000.0,RUR,True,От 1 года до 3 лет,,,2026-05-22T14:02:08+0300,https://hh.ru/vacancy/127407679
Бариста,133395184,Group Brand Manager (Carte Noire),JACOBS DOUWE EGBERTS (JDE),Москва,,,,,,Более 6 лет,,,2026-05-22T12:27:07+0300,https://hh.ru/vacancy/133395184
Бариста,133105422,Руководитель розничных продаж (Head of Retail / Sales),SKDESIGN (СК ДИЗАЙН),Москва,200000.0,,200000.0,RUR,False,От 3 до 6 лет,,,2026-05-22T15:53:31+0300,https://hh.ru/vacancy/133105422
Бариста,133371792,Повар в Cream Soda,Любинский Валерий Александрович,Москва,95000.0,,95000.0,RUR,False,От 1 года до 3 лет,,,2026-05-21T18:06:48+0300,https://hh.ru/vacancy/133371792
Бариста,132852493,DevOps-инженер,Скала^р,Москва,,,,,,Более 6 лет,,,2026-05-22T17:38:29+0300,https://hh.ru/vacancy/132852493
Бариста,132673255,BIM-Координатор КР,Градостроительный Институт МИРПРОЕКТ,Москва,,,,,,От 3 до 6 лет,,,2026-05-22T15:58:13+0300,https://hh.ru/vacancy/132673255
Бариста,132673519,Главный специалист ОВиК,Градостроительный Институт МИРПРОЕКТ,Москва,,,,,,От 3 до 6 лет,,,2026-05-22T15:58:13+0300,https://hh.ru/vacancy/132673519
Бариста,133055356,"Водитель-экспедитор (вендинг, Район север)",Beanetto,Москва,90000.0,120000.0,105000.0,RUR,False,Нет опыта,,,2026-05-21T11:39:31+0300,https://hh.ru/vacancy/133055356
Бариста,133181377,Специалист контроля исполнения поручений,Кадровое агентство «Синергия»,Москва,150000.0,,150000.0,RUR,False,От 3 до 6 лет,,,2026-05-21T08:49:06+0300,https://hh.ru/vacancy/133181377
Бариста,128089729,"Менеджер ""Шоколадницы"" Фестивальная 13",Сеть кофеен Шоколадница,Москва,80000.0,90000.0,85000.0,RUR,True,Нет опыта,,,2026-05-18T12:59:07+0300,https://hh.ru/vacancy/128089729
Бариста,131988868,Старший преподаватель/доцент китайского языка,Финансовый университет при Правительстве РФ,Москва,100000.0,150000.0,125000.0,RUR,True,От 3 до 6 лет,,,2026-05-22T14:03:30+0300,https://hh.ru/vacancy/131988868
Бариста,132274811,Старший преподаватель/ доцент вьетнамского языка,Финансовый университет при Правительстве РФ,Москва,100000.0,150000.0,125000.0,RUR,True,От 1 года до 3 лет,,,2026-05-22T14:03:26+0300,https://hh.ru/vacancy/132274811
Бариста,133148477,Администратор на ресепшен,Radisson Blu Belorusskaya Hotel,Москва,60000.0,70000.0,65000.0,RUR,True,От 1 года до 3 лет,,,2026-05-21T17:05:36+0300,https://hh.ru/vacancy/133148477
Бариста,133255920,Менеджер по работе с клиентами/аккаунт-менеджер (без продаж),АНО ДПО «Академия Промышленной Безопасности и Капитального Строительства»,Москва,90000.0,90000.0,90000.0,RUR,False,От 1 года до 3 лет,,,2026-05-22T14:14:51+0300,https://hh.ru/vacancy/133255920
Бариста,130368188,Рентгенолаборант МРТ (м. Молодежная),СМ-Клиника,Москва,102000.0,,102000.0,RUR,True,От 1 года до 3 лет,,,2026-05-18T09:58:31+0300,https://hh.ru/vacancy/130368188
Бариста,133371331,Эксперт по госзакупкам в институт,Президентская академия ( РАНХиГС ) - Российская академия народного хозяйства и государственной службы при Президенте РФ,Москва,200000.0,,200000.0,RUR,True,От 3 до 6 лет,,,2026-05-21T17:49:45+0300,https://hh.ru/vacancy/133371331
Бариста,133374906,Менеджер по массовому подбору (офис),СИНЕРГИЯ,Москва,,120000.0,120000.0,RUR,False,От 1 года до 3 лет,,,2026-05-22T00:17:45+0300,https://hh.ru/vacancy/133374906
Бариста,133210941,Менеджер по продажам готовой продукции (чай и кофе),wintergreen,Москва,100000.0,300000.0,200000.0,RUR,True,От 3 до 6 лет,,,2026-05-21T15:13:57+0300,https://hh.ru/vacancy/133210941
Бариста,133047096,Менеджер в интернет-магазин,Don Plafon,Москва,120000.0,,120000.0,RUR,False,От 1 года до 3 лет,,,2026-05-22T13:45:44+0300,https://hh.ru/vacancy/133047096
Бариста,132740634,Врач скорой медицинской помощи,Международный аэропорт Шереметьево,Москва,172000.0,175000.0,173500.0,RUR,True,Нет опыта,,,2026-05-22T10:14:14+0300,https://hh.ru/vacancy/132740634
Бариста,133133922,Санитар операционного блока 5/2 (м. Войковская),ФГБУ «Национальный медицинский исследовательский центр травматологии и ортопедии имени Н.Н. Приорова» Минздрава России,Москва,80000.0,80000.0,80000.0,RUR,True,От 1 года до 3 лет,,,2026-05-22T11:39:06+0300,https://hh.ru/vacancy/133133922
Бариста,129162645,Санитар операционного блока 2/2 (м. Войковская),ФГБУ «Национальный медицинский исследовательский центр травматологии и ортопедии имени Н.Н. Приорова» Минздрава России,Москва,80000.0,80000.0,80000.0,RUR,True,От 1 года до 3 лет,,,2026-05-22T11:39:05+0300,https://hh.ru/vacancy/129162645
Бариста,133407655,Экономист в ед.лице ( не образование ),СИНЕРГИЯ,Москва,180000.0,180000.0,180000.0,RUR,False,От 1 года до 3 лет,,,2026-05-22T16:08:17+0300,https://hh.ru/vacancy/133407655
Бариста,133364058,Су-шеф,Cанаторий Валуево,Москва,150000.0,,150000.0,RUR,False,От 3 до 6 лет,,,2026-05-21T15:33:29+0300,https://hh.ru/vacancy/133364058
Бариста,133403192,Ведущий эксперт по информационной безопасности,Европлан,Москва,,,,,,От 1 года до 3 лет,,,2026-05-22T14:39:36+0300,https://hh.ru/vacancy/133403192
Бариста,132582494,Менеджер по работе с клиентами HoReCa,Молвест,Москва,,156000.0,156000.0,RUR,True,От 1 года до 3 лет,,,2026-05-21T13:51:27+0300,https://hh.ru/vacancy/132582494
Бариста,132333663,Бизнес – ассистент Первого лица Корпорации,СИНЕРГИЯ,Москва,200000.0,,200000.0,RUR,False,От 1 года до 3 лет,,,2026-05-22T16:34:34+0300,https://hh.ru/vacancy/132333663
Бариста,132896930,Главный аналитик рекламных компаний и CRM/Team Lead (в офис),СИНЕРГИЯ,Москва,200000.0,,200000.0,RUR,False,От 3 до 6 лет,,,2026-05-22T17:45:40+0300,https://hh.ru/vacancy/132896930
Бариста,132761018,Су-шеф кондитер в ресторан Kalabasa,Kalabasa,Москва,110000.0,,110000.0,RUR,False,От 1 года до 3 лет,,,2026-05-22T17:53:17+0300,https://hh.ru/vacancy/132761018
Бариста,133042587,Бизнес-ассистент Вице-президента Корпорации Синергия,СИНЕРГИЯ,Москва,150000.0,,150000.0,RUR,False,От 1 года до 3 лет,,,2026-05-22T12:35:55+0300,https://hh.ru/vacancy/133042587
Бариста,132423529,Помощник/Бизнес-ассистент,СИНЕРГИЯ,Москва,,150000.0,150000.0,RUR,False,От 1 года до 3 лет,,,2026-05-22T15:52:20+0300,https://hh.ru/vacancy/132423529
Бариста,133395806,Infrastructure Engineer (Kafka),Mayflower,Москва,,,,,,От 3 до 6 лет,,,2026-05-22T12:37:43+0300,https://hh.ru/vacancy/133395806
Бариста,123947597,Главный специалист группы инженерно-экологических изысканий,ВНИПИпромтехнологии,Москва,,145000.0,145000.0,RUR,True,От 3 до 6 лет,,,2026-05-22T15:24:16+0300,https://hh.ru/vacancy/123947597
Бариста,124838593,Ведущий инженер-проектировщик ТХ,ВНИПИпромтехнологии,Москва,,,,,,От 3 до 6 лет,,,2026-05-22T15:24:16+0300,https://hh.ru/vacancy/124838593
Бариста,131899558,Врач-психиатр-нарколог,Международный аэропорт Шереметьево,Москва,156000.0,168000.0,162000.0,RUR,True,От 1 года до 3 лет,,,2026-05-22T14:08:43+0300,https://hh.ru/vacancy/131899558
Бариста,131068125,Консультант парка в парк развлечений,Парк Сказка,Москва,64368.0,,64368.0,RUR,True,Нет опыта,,,2026-05-18T22:03:55+0300,https://hh.ru/vacancy/131068125
Бариста,133265502,Ведущий специалист по охране труда и промышленной безопасности (строительство),Ретерра,Москва,170000.0,200000.0,185000.0,RUR,False,От 3 до 6 лет,,,2026-05-22T15:53:04+0300,https://hh.ru/vacancy/133265502
Бариста,132673388,BIM-менеджер проекта,Градостроительный Институт МИРПРОЕКТ,Москва,,,,,,От 3 до 6 лет,,,2026-05-22T15:58:13+0300,https://hh.ru/vacancy/132673388
Бариста,131502679,Кладовщик,НПП Доза,Зеленоград,,,,,,От 1 года до 3 лет,,,2026-05-22T15:22:22+0300,https://hh.ru/vacancy/131502679
Бариста,131332535,Старший специалист (центр испытаний),НПП Доза,Зеленоград,200000.0,,200000.0,RUR,True,От 1 года до 3 лет,,,2026-05-22T15:21:58+0300,https://hh.ru/vacancy/131332535
Бариста,131332536,Старший специалист (центр испытаний),НПП Доза,Москва,200000.0,,200000.0,RUR,True,От 1 года до 3 лет,,,2026-05-22T15:21:58+0300,https://hh.ru/vacancy/131332536
Бариста,131291874,Старший специалист (центр испытаний),НПП Доза,Зеленоград,,200000.0,200000.0,RUR,True,От 1 года до 3 лет,,,2026-05-22T15:21:40+0300,https://hh.ru/vacancy/131291874
Бариста,133288906,Повар-универсал,Печорин Групп,Москва,5000.0,,5000.0,RUR,False,От 1 года до 3 лет,,,2026-05-22T17:54:47+0300,https://hh.ru/vacancy/133288906
Бариста,133398198,"Руководитель отдела продаж (проектные, объектные продажи)",ИНСТРАКТ,Москва,200000.0,250000.0,225000.0,RUR,False,От 3 до 6 лет,,,2026-05-22T13:12:21+0300,https://hh.ru/vacancy/133398198
Бариста,133045946,Технический проджект-менеджер,Dudarev Motorsport,Москва,140000.0,170000.0,155000.0,RUR,False,От 1 года до 3 лет,,,2026-05-22T13:27:03+0300,https://hh.ru/vacancy/133045946
Бариста,132707049,Менеджер (Управляющий) рестораном,Северный дракон,Москва,120000.0,130000.0,125000.0,RUR,False,От 3 до 6 лет,,,2026-05-21T18:25:07+0300,https://hh.ru/vacancy/132707049
Бариста,132472112,Специалист по охране труда и пожарной безопасности,Прайм Стар,Москва,,,,,,Более 6 лет,,,2026-05-21T13:07:39+0300,https://hh.ru/vacancy/132472112
Бариста,133291144,Маркетолог,AiDesign,Москва,250000.0,500000.0,375000.0,KZT,True,От 3 до 6 лет,,,2026-05-23T10:32:25+0300,https://hh.ru/vacancy/133291144
Бариста,132428300,Руководитель цепи поставок гипермаркета (г. Домодедово),Лемана ПРО,Москва,,,,,,От 1 года до 3 лет,,,2026-05-22T10:07:03+0300,https://hh.ru/vacancy/132428300
Бариста,132869413,Менеджер по работе с клиентами,Джи Эф Си,Москва,70000.0,90000.0,80000.0,RUR,False,От 1 года до 3 лет,,,2026-05-22T09:31:59+0300,https://hh.ru/vacancy/132869413
Бариста,133005256,Водитель спецтехники,Москва Карго,Москва,155000.0,,155000.0,RUR,True,Нет опыта,,,2026-05-22T17:56:36+0300,https://hh.ru/vacancy/133005256
Бариста,132654583,Пекарь-кондитер,Технология Вкуса,Москва,120000.0,150000.0,135000.0,RUR,False,От 3 до 6 лет,,,2026-05-21T10:19:21+0300,https://hh.ru/vacancy/132654583
Бариста,133391684,Кадастровый инженер,GTS,Москва,140000.0,,140000.0,RUR,False,От 1 года до 3 лет,,,2026-05-22T11:30:51+0300,https://hh.ru/vacancy/133391684
Бариста,132730963,Главный бухгалтер,Dantex Group,Москва,,,,,,Более 6 лет,,,2026-05-22T11:21:27+0300,https://hh.ru/vacancy/132730963
Бариста,133014085,Повар-универсал,"Циники, кафе",Москва,99000.0,120000.0,109500.0,RUR,False,От 1 года до 3 лет,,,2026-05-12T19:14:24+0300,https://hh.ru/vacancy/133014085
Бариста,131406921,Медицинская сестра/медицинский брат-анестезист (м.Молодежная),СМ-Клиника,Москва,117100.0,,117100.0,RUR,True,От 1 года до 3 лет,,,2026-05-18T09:58:29+0300,https://hh.ru/vacancy/131406921
Бариста,132674975,"Старший администратор (менеджер смены) в центр йоги ""Керала""",Сеть салонов Caterina Leman,Москва,80000.0,120000.0,100000.0,RUR,False,От 1 года до 3 лет,,,2026-05-21T16:18:28+0300,https://hh.ru/vacancy/132674975
Бариста,133060281,Бухгалтер на участок ГСМ,Лидер,Москва,130000.0,130000.0,130000.0,RUR,False,От 1 года до 3 лет,,,2026-05-22T17:14:44+0300,https://hh.ru/vacancy/133060281
Бариста,132578961,Менеджер по регистрации (генная терапия),Izvarino Pharma,Москва,,,,,,От 1 года до 3 лет,,,2026-05-22T13:04:44+0300,https://hh.ru/vacancy/132578961
Бариста,133408987,Инженер приёмо - сдаточных испытаний (ОТК),НПП Доза,Химки (Московская область),,,,,,От 3 до 6 лет,,,2026-05-22T16:32:52+0300,https://hh.ru/vacancy/133408987
Бариста,132735591,Руководитель Центра акселерации проектов социальной архитектуры,СИНЕРГИЯ,Москва,250000.0,300000.0,275000.0,RUR,False,От 3 до 6 лет,,,2026-05-22T12:06:52+0300,https://hh.ru/vacancy/132735591
Бариста,133402475,Медицинская сестра/брат палатная 2/2,ФГБУ «Национальный медицинский исследовательский центр травматологии и ортопедии имени Н.Н. Приорова» Минздрава России,Москва,110000.0,,110000.0,RUR,True,От 3 до 6 лет,,,2026-05-22T14:24:29+0300,https://hh.ru/vacancy/133402475
Бариста,133408516,Менеджер активных продаж (хантер),Assistance Group,Москва,200000.0,,200000.0,RUR,False,От 1 года до 3 лет,,,2026-05-22T16:22:56+0300,https://hh.ru/vacancy/133408516
Бариста,133396259,Врач анестезиолог-реаниматолог,Центральная Поликлиника На Ленинградке,Москва,,,,,,Более 6 лет,,,2026-05-22T12:45:37+0300,https://hh.ru/vacancy/133396259
Бариста,133038900,Экономист проекта (Финансовый менеджер),СИНЕРГИЯ,Москва,120000.0,,120000.0,RUR,False,От 1 года до 3 лет,,,2026-05-22T11:44:04+0300,https://hh.ru/vacancy/133038900
Бариста,132745969,Инструктор-спасатель в аквапарк,Карибия,Москва,80900.0,80900.0,80900.0,RUR,False,От 1 года до 3 лет,,,2026-05-22T13:59:21+0300,https://hh.ru/vacancy/132745969
Бариста,132757589,Куратор по сопровождению студентов (факультет Менеджмента),СИНЕРГИЯ,Москва,80000.0,,80000.0,RUR,False,От 1 года до 3 лет,,,2026-05-22T16:39:32+0300,https://hh.ru/vacancy/132757589
Бариста,132459178,Ведущий специалист по мобилизационной работе,ФГБУ «Национальный медицинский исследовательский центр травматологии и ортопедии имени Н.Н. Приорова» Минздрава России,Москва,130000.0,130000.0,130000.0,RUR,True,От 3 до 6 лет,,,2026-05-22T14:24:01+0300,https://hh.ru/vacancy/132459178
Бариста,131994082,Беллмен (Барвиха Luxury Village),Mercury,Москва,90000.0,,90000.0,RUR,True,Нет опыта,,,2026-05-22T18:42:25+0300,https://hh.ru/vacancy/131994082
Бариста,132962807,Повар в шоко,Сеть кофеен Шоколадница,Москва,65000.0,110000.0,87500.0,RUR,True,Нет опыта,,,2026-05-21T23:07:42+0300,https://hh.ru/vacancy/132962807
Бариста,133253855,Помощник/Бизнес-ассистент,СИНЕРГИЯ,Москва,80000.0,80000.0,80000.0,RUR,False,От 1 года до 3 лет,,,2026-05-22T13:44:17+0300,https://hh.ru/vacancy/133253855
Бариста,132673076,Главный/Ведущий специалист отдела систем автоматизации и диспетчеризации (АиД),Градостроительный Институт МИРПРОЕКТ,Москва,,,,,,Более 6 лет,,,2026-05-22T15:58:13+0300,https://hh.ru/vacancy/132673076
Бариста,130866608,Рентгенолаборант МРТ (м. Молодежная ),СМ-Клиника,Москва,99000.0,,99000.0,RUR,True,От 1 года до 3 лет,,,2026-05-18T09:58:30+0300,https://hh.ru/vacancy/130866608
Бариста,132488540,Администратор,СИНЕРГИЯ,Москва,70000.0,70000.0,70000.0,RUR,False,Нет опыта,,,2026-05-22T09:59:56+0300,https://hh.ru/vacancy/132488540
Бариста,133041305,Помощник руководителя (с финансовыми функциями),СИНЕРГИЯ,Москва,100000.0,,100000.0,RUR,False,От 1 года до 3 лет,,,2026-05-22T12:18:37+0300,https://hh.ru/vacancy/133041305
Бариста,132399337,Повар,Сеть кофеен Шоколадница,Москва,,90000.0,90000.0,RUR,False,Нет опыта,,,2026-05-18T18:12:07+0300,https://hh.ru/vacancy/132399337
Бариста,132723095,Декан факультета международных отношений,СИНЕРГИЯ,Москва,,,,,,От 3 до 6 лет,,,2026-05-22T09:54:10+0300,https://hh.ru/vacancy/132723095
Бариста,133396183,Заместитель главного бухгалтера,Staffberry,Москва,,,,,,Более 6 лет,,,2026-05-22T12:44:23+0300,https://hh.ru/vacancy/133396183
Бариста,133266543,Специалист по охране труда,Лемана ПРО,Москва,111000.0,,111000.0,RUR,True,От 1 года до 3 лет,,,2026-05-22T16:09:05+0300,https://hh.ru/vacancy/133266543
Бариста,97125234,Инженер-проектировщик эколог,ВНИПИпромтехнологии,Москва,70700.0,98000.0,84350.0,RUR,False,От 1 года до 3 лет,,,2026-05-22T15:24:17+0300,https://hh.ru/vacancy/97125234
Бариста,97143298,Главный специалист-проектировщик систем электроснабжения,ВНИПИпромтехнологии,Москва,,,,,,Более 6 лет,,,2026-05-22T15:24:17+0300,https://hh.ru/vacancy/97143298
Бариста,97121177,Ведущий инженер-проектировщик эколог,ВНИПИпромтехнологии,Москва,86000.0,119000.0,102500.0,RUR,False,От 3 до 6 лет,,,2026-05-22T15:24:16+0300,https://hh.ru/vacancy/97121177
Бариста,122558422,Архитектор-проектировщик,ВНИПИпромтехнологии,Москва,,,,,,От 3 до 6 лет,,,2026-05-22T15:24:16+0300,https://hh.ru/vacancy/122558422
Бариста,125770878,Ведущий инженер-проектировщик ВК,ВНИПИпромтехнологии,Москва,,,,,,От 3 до 6 лет,,,2026-05-22T15:24:16+0300,https://hh.ru/vacancy/125770878
Бариста,125911928,Ведущий инженер-проектировщик ОВ,ВНИПИпромтехнологии,Москва,,,,,,От 3 до 6 лет,,,2026-05-22T15:24:16+0300,https://hh.ru/vacancy/125911928
Бариста,131910295,Ведущий контролёр бюро технического контроля,НПП Доза,Химки (Московская область),,,,,,От 3 до 6 лет,,,2026-05-22T15:21:40+0300,https://hh.ru/vacancy/131910295
Бариста,132589972,Комендант (г. Вилючинск),Запсибгазпром-Газификация,Москва,135600.0,,135600.0,RUR,True,От 3 до 6 лет,,,2026-05-22T09:19:22+0300,https://hh.ru/vacancy/132589972
Бариста,132787242,Врач-дерматовенеролог детский/смешанный прием (м. Войковская),СМ-Клиника,Москва,160000.0,,160000.0,RUR,True,От 1 года до 3 лет,,,2026-05-21T16:14:08+0300,https://hh.ru/vacancy/132787242
Бариста,132893759,Системный администратор,НССД,Москва,,,,,,От 1 года до 3 лет,,,2026-05-22T16:39:05+0300,https://hh.ru/vacancy/132893759
Бариста,133030353,"Директор по продукту, EdTech",СИНЕРГИЯ,Москва,,,,,,От 3 до 6 лет,,,2026-05-22T12:36:09+0300,https://hh.ru/vacancy/133030353
Бариста,133187179,Администратор-кассир,Bổ,Москва,80000.0,100000.0,90000.0,RUR,False,Нет опыта,,,2026-05-21T10:02:35+0300,https://hh.ru/vacancy/133187179
Бариста,131560303,Бухгалтер (IIKO),Национальный исследовательский ядерный университет МИФИ,Москва,,,,,,От 3 до 6 лет,,,2026-05-22T14:23:55+0300,https://hh.ru/vacancy/131560303
Бариста,133412056,Ведущий инженер-конструктор (проектировщик) НВФ,Вектор фасад,Москва,180000.0,,180000.0,RUR,False,От 3 до 6 лет,,,2026-05-22T17:55:41+0300,https://hh.ru/vacancy/133412056
Бариста,131751228,Руководитель отдела разработки документации и сертификации,ПиЭлСи Технолоджи,Москва,,,,,,От 3 до 6 лет,,,2026-05-22T17:02:57+0300,https://hh.ru/vacancy/131751228
Бариста,133394608,Менеджер по продажам HoReCa,Парадис Экзотика,Москва,150000.0,500000.0,325000.0,RUR,False,От 1 года до 3 лет,,,2026-05-22T12:17:38+0300,https://hh.ru/vacancy/133394608
Бариста,132722814,Инженер-электронщик института ядерной физики и технологий,Национальный исследовательский ядерный университет МИФИ,Москва,,,,,,От 3 до 6 лет,,,2026-05-22T14:09:10+0300,https://hh.ru/vacancy/132722814
Бариста,133327932,"Мобильный видеомейкер / Reels, Shorts (Москва)",Скворцов Евгений Юрьевич,Москва,,12000.0,12000.0,RUR,True,От 1 года до 3 лет,,,2026-05-20T23:24:56+0300,https://hh.ru/vacancy/133327932
Бариста,132024417,Шеф-кондитер R&D,Торговый Дом НЕФТЬМАГИСТРАЛЬ,Москва,,,,,,Более 6 лет,,,2026-05-22T13:22:44+0300,https://hh.ru/vacancy/132024417
Бариста,119080119,Менеджер по работе с заказчиками,Инфосистемы Джет,Москва,,,,,,От 3 до 6 лет,,,2026-05-22T12:56:46+0300,https://hh.ru/vacancy/119080119
Бариста,133407333,"Администратор/медицинский регистратор (Группа сопровождения госпитализации, м. Войковская)",ФГБУ «Национальный медицинский исследовательский центр травматологии и ортопедии имени Н.Н. Приорова» Минздрава России,Москва,80000.0,80000.0,80000.0,RUR,True,От 1 года до 3 лет,,,2026-05-22T16:03:33+0300,https://hh.ru/vacancy/133407333
Бариста,133406973,Ведущий менеджер по продажам (в офис),БФ-ГРУПП,Москва,200000.0,300000.0,250000.0,RUR,True,От 1 года до 3 лет,,,2026-05-22T15:55:38+0300,https://hh.ru/vacancy/133406973
Бариста,129270081,Директор минимаркета,Азбука вкуса,Москва,141750.0,157575.0,149662.5,RUR,True,От 1 года до 3 лет,,,2026-05-21T09:52:48+0300,https://hh.ru/vacancy/129270081
Бариста,132544434,Руководитель e-commerce (маркетплейсы),ЮЛИУС МАЙНЛ РУССЛАНД,Москва,,,,,,От 3 до 6 лет,,,2026-05-21T15:58:28+0300,https://hh.ru/vacancy/132544434
Бариста,132757788,Юрисконсульт (строительство),АЛЬФА КОНСТРАКТ,Москва,140000.0,,140000.0,RUR,False,От 3 до 6 лет,,,2026-05-22T16:43:00+0300,https://hh.ru/vacancy/132757788
Бариста,133199663,Водитель,Гарибян Нарек Рашидович,Москва,120000.0,150000.0,135000.0,RUR,False,От 1 года до 3 лет,,,2026-05-21T12:29:17+0300,https://hh.ru/vacancy/133199663
Бариста,133009982,Повар универсал,Milk&Beans,Москва,5000.0,5000.0,5000.0,RUR,False,От 1 года до 3 лет,,,2026-05-21T17:04:35+0300,https://hh.ru/vacancy/133009982
Бариста,132876299,Менеджер (со знанием английского языка),СИНЕРГИЯ,Москва,100000.0,,100000.0,RUR,False,От 1 года до 3 лет,,,2026-05-22T11:28:56+0300,https://hh.ru/vacancy/132876299
Бариста,132992854,Руководитель группы проверки работы оборудования (аппаратная часть + ИТ),Мамаева Ирина Анатольевна,Москва,,180000.0,180000.0,RUR,False,От 1 года до 3 лет,,,2026-05-21T12:43:08+0300,https://hh.ru/vacancy/132992854
Бариста,132753023,Менеджер по продажам в Креативное агентство,СИНЕРГИЯ,Москва,120000.0,,120000.0,RUR,False,От 1 года до 3 лет,,,2026-05-22T15:26:36+0300,https://hh.ru/vacancy/132753023
Бариста,132525328,Кассир в Караваевы,Кулинарная лавка братьев Караваевых,Москва,,120000.0,120000.0,RUR,False,Нет опыта,,,2026-05-21T11:27:50+0300,https://hh.ru/vacancy/132525328
Бариста,133365617,Медицинская сестра/медицинский брат по физиотерапии,"ФитнесМания, Спортивный клуб",Москва,85000.0,,85000.0,RUR,False,От 1 года до 3 лет,,,2026-05-22T11:33:06+0300,https://hh.ru/vacancy/133365617
Бариста,132485996,Специалист по пищевой безопасности (Микробиологический контроль / ХАССП),Прайм Стар,Москва,90000.0,110000.0,100000.0,RUR,False,От 3 до 6 лет,,,2026-05-21T17:29:14+0300,https://hh.ru/vacancy/132485996
Бариста,126818619,Инженер (отдел инженерного сопровождения),НПП Доза,Зеленоград,,,,,,Нет опыта,,,2026-05-22T15:21:58+0300,https://hh.ru/vacancy/126818619
Бариста,132087629,Инженер по наладке и испытаниям РЭА,НПП Доза,Зеленоград,,,,,,Нет опыта,,,2026-05-22T15:21:58+0300,https://hh.ru/vacancy/132087629
Бариста,132567562,Менеджер по продажам ДПО,Финансовый университет при Правительстве РФ,Москва,100000.0,100000.0,100000.0,RUR,True,От 3 до 6 лет,,,2026-05-22T14:02:44+0300,https://hh.ru/vacancy/132567562
Бариста,132562013,"Менеджер по закупкам (овощи, фрукты)",Торговый Дом Император,Москва,,,,,,От 1 года до 3 лет,,,2026-05-22T08:28:40+0300,https://hh.ru/vacancy/132562013
Бариста,133136307,Повар/Старший повар,ПИТЕРБУРГЕР,Москва,121000.0,132000.0,126500.0,RUR,False,От 3 до 6 лет,,,2026-05-21T13:24:23+0300,https://hh.ru/vacancy/133136307
Бариста,131584744,Начальник отдела продвижения образовательных программ,Национальный исследовательский ядерный университет МИФИ,Москва,,,,,,От 3 до 6 лет,,,2026-05-22T12:56:11+0300,https://hh.ru/vacancy/131584744
Бариста,133262187,Продавец-кассир АЗС (м. Минская),Сеть АЗС «Газпромнефть» / ООО «Газпромнефть-Центр»,Москва,115500.0,,115500.0,RUR,True,Нет опыта,,,2026-05-22T15:07:33+0300,https://hh.ru/vacancy/133262187
Бариста,133373674,Менеджер ресторана точек общепита в Парк Патриот,Звезда,Москва,120000.0,140000.0,130000.0,RUR,False,От 1 года до 3 лет,,,2026-05-21T20:44:30+0300,https://hh.ru/vacancy/133373674
Бариста,133404115,Электрогазосварщик,ФГУП ЦНИИчермет им.И.П.Бардина,Москва,105000.0,105000.0,105000.0,RUR,True,От 3 до 6 лет,,,2026-05-22T14:59:42+0300,https://hh.ru/vacancy/133404115
Бариста,133384584,Специалист по выдаче ТМЦ,Международный аэропорт Шереметьево,Москва,81500.0,81500.0,81500.0,RUR,False,От 1 года до 3 лет,,,2026-05-22T13:12:14+0300,https://hh.ru/vacancy/133384584
Бариста,132595056,"Менеджер по продажам (огнезащита, АКЗ)",Машиностроительное объединение Алиал,Москва,200000.0,350000.0,275000.0,RUR,False,От 1 года до 3 лет,,,2026-05-22T17:36:42+0300,https://hh.ru/vacancy/132595056
Бариста,133403573,Менеджер по работе с клиентами в Школу дизайна,Национальный исследовательский университет Высшая школа экономики,Москва,80000.0,120000.0,100000.0,RUR,False,От 1 года до 3 лет,,,2026-05-22T14:49:31+0300,https://hh.ru/vacancy/133403573
Бариста,133236725,Кофе-леди/кофе-мен VIP,Группа компаний МЕТАЛЛОИНВЕСТ,Москва,110000.0,110000.0,110000.0,RUR,False,Нет опыта,,,2026-05-19T09:45:57+0300,https://hh.ru/vacancy/133236725
Бариста,132999068,Менеджер отдела запасных запчастей,Peleton,Москва,,138000.0,138000.0,RUR,True,От 1 года до 3 лет,,,2026-05-21T14:14:42+0300,https://hh.ru/vacancy/132999068
Бариста,132590397,Шеф-повар,Лао Ли Рассвет,Москва,120000.0,160000.0,140000.0,RUR,False,От 1 года до 3 лет,,,2026-05-22T16:05:53+0300,https://hh.ru/vacancy/132590397
Бариста,132924290,"Повар в ""Чебурешная by Mironov"" (м.Третьяковская)",BTConsult,Москва,158000.0,,158000.0,RUR,True,Нет опыта,,,2026-05-21T10:37:37+0300,https://hh.ru/vacancy/132924290
Бариста,133053797,Повар горячего цеха,ЭКСПРЕСС,Москва,80000.0,,80000.0,RUR,False,От 1 года до 3 лет,,,2026-05-22T15:22:26+0300,https://hh.ru/vacancy/133053797
Бариста,105797187,Главный специалист-сметчик,ВНИПИпромтехнологии,Москва,107000.0,147000.0,127000.0,RUR,False,От 3 до 6 лет,,,2026-05-22T15:24:17+0300,https://hh.ru/vacancy/105797187
Бариста,97140956,Ведущий инженер-проектировщик систем электроснабжения,ВНИПИпромтехнологии,Москва,,,,,,От 3 до 6 лет,,,2026-05-22T15:24:16+0300,https://hh.ru/vacancy/97140956
Бариста,131827885,Инженер-программист 1-й категории,НПЦ ЭЛВИС,Зеленоград,,,,,,От 1 года до 3 лет,,,2026-05-22T17:51:58+0300,https://hh.ru/vacancy/131827885
Бариста,133271680,Дизайнер,СИНЕРГИЯ,Москва,85000.0,85000.0,85000.0,RUR,False,От 1 года до 3 лет,,,2026-05-22T17:54:37+0300,https://hh.ru/vacancy/133271680
Бариста,132853736,Врач-оториноларинголог (м. Солнцево),СМ-Клиника,Москва,,,,,,От 1 года до 3 лет,,,2026-05-21T16:14:09+0300,https://hh.ru/vacancy/132853736
Бариста,125971035,Педиатр (м. Войковская),СМ-Клиника,Москва,170000.0,,170000.0,RUR,True,От 1 года до 3 лет,,,2026-05-21T16:14:07+0300,https://hh.ru/vacancy/125971035
Бариста,132853721,Врач-оториноларинголог детский/ смешанный прием (м. Войковская),СМ-Клиника,Москва,150000.0,,150000.0,RUR,True,От 1 года до 3 лет,,,2026-05-21T16:14:07+0300,https://hh.ru/vacancy/132853721
Бариста,132370769,Водитель экспедитор (вендинговое направление),Зубакина Наталья Юрьевна,Москва,110000.0,,110000.0,RUR,True,От 1 года до 3 лет,,,2026-05-21T15:56:33+0300,https://hh.ru/vacancy/132370769
Бариста,133364464,Аккаунт-менеджер (маркетинг),ФК ПУЛЬС,Москва,,,,,,От 1 года до 3 лет,,,2026-05-21T15:40:58+0300,https://hh.ru/vacancy/133364464
Бариста,132705821,Официант в проект NoSugar bakery,No Sugar,Москва,90000.0,,90000.0,RUR,False,От 1 года до 3 лет,,,2026-05-21T15:08:33+0300,https://hh.ru/vacancy/132705821
Бариста,132999500,Специалист клиентского сервиса,Меркурий Сити,Москва,80500.0,,80500.0,RUR,True,Нет опыта,,,2026-05-21T14:20:07+0300,https://hh.ru/vacancy/132999500
Бариста,132206987,Руководитель проекта,СИНЕРГИЯ,Москва,120000.0,,120000.0,RUR,False,От 1 года до 3 лет,,,2026-05-22T10:04:23+0300,https://hh.ru/vacancy/132206987
Бариста,132734826,Программист 1С/разработчик 1С (middle),АКРОС,Москва,,,,,,От 3 до 6 лет,,,2026-05-22T11:59:15+0300,https://hh.ru/vacancy/132734826
Бариста,132762649,Официант-кассир в «Пибимпаб дядюшки Кима»,Горнич Екатерина Олеговна,Москва,89000.0,135000.0,112000.0,RUR,False,Нет опыта,,,2026-05-22T19:06:39+0300,https://hh.ru/vacancy/132762649
Бариста,133385942,Кладовщик (ГБУ СД Северное Измайлово м. Щёлковская),Группа компаний РБЕ (RBE Group),Москва,80000.0,80000.0,80000.0,RUR,True,От 1 года до 3 лет,,,2026-05-22T09:56:20+0300,https://hh.ru/vacancy/133385942
Бариста,133388070,Официант в ресторан Тюрки Diner от Folk Team,FOLK TEAM,Москва,180000.0,,180000.0,RUR,False,От 1 года до 3 лет,,,2026-05-22T10:30:11+0300,https://hh.ru/vacancy/133388070
Бариста,131746128,Инженер по эксплуатации зданий и сооружений (г. Люберцы),Лемана ПРО,Москва,153000.0,,153000.0,RUR,True,От 3 до 6 лет,,,2026-05-22T14:57:52+0300,https://hh.ru/vacancy/131746128
Бариста,133273089,Сушист-универсал,Perelman People,Москва,110000.0,143000.0,126500.0,RUR,False,От 3 до 6 лет,,,2026-05-22T18:52:30+0300,https://hh.ru/vacancy/133273089
Бариста,130609786,Кондитер в ресторан Кавказская пленница (м.Проспект Мира),Мисти Групп,Москва,,,,,,От 1 года до 3 лет,,,2026-05-22T16:58:37+0300,https://hh.ru/vacancy/130609786
Бариста,133055210,Помощник пекаря,ЭКСПРЕСС,Москва,76000.0,,76000.0,RUR,False,От 1 года до 3 лет,,,2026-05-22T15:47:17+0300,https://hh.ru/vacancy/133055210
Бариста,132887356,Системный администратор по кибербезопасности,СИНЕРГИЯ,Москва,,,,,,От 3 до 6 лет,,,2026-05-22T14:37:01+0300,https://hh.ru/vacancy/132887356
Бариста,133287230,Техник хаус-мастер в офис (м. ВДНХ),СМ-Клиника,Москва,,77600.0,77600.0,RUR,True,От 1 года до 3 лет,,,2026-05-20T09:35:58+0300,https://hh.ru/vacancy/133287230
Бариста,132476901,Куратор,Moscow Institute of Technology and Management,Москва,,,,,,От 1 года до 3 лет,,,2026-05-21T14:18:38+0300,https://hh.ru/vacancy/132476901
Бариста,132577064,Руководитель отдела контента и SMM / Head of SMM,РОКО,Москва,,,,,,От 3 до 6 лет,,,2026-05-22T12:35:51+0300,https://hh.ru/vacancy/132577064
Бариста,133134312,Санитар 2/2 (м. Войковская),ФГБУ «Национальный медицинский исследовательский центр травматологии и ортопедии имени Н.Н. Приорова» Минздрава России,Москва,80000.0,80000.0,80000.0,RUR,True,От 3 до 6 лет,,,2026-05-22T11:39:06+0300,https://hh.ru/vacancy/133134312
Бариста,133134343,Санитар 5/2 (м. Войковская),ФГБУ «Национальный медицинский исследовательский центр травматологии и ортопедии имени Н.Н. Приорова» Минздрава России,Москва,80000.0,80000.0,80000.0,RUR,True,От 3 до 6 лет,,,2026-05-22T11:39:06+0300,https://hh.ru/vacancy/133134343
Бариста,132320394,Врач-гастроэнтеролог (м. Юго-Западная),СМ-Клиника,Москва,170000.0,,170000.0,RUR,True,От 1 года до 3 лет,,,2026-05-21T11:30:26+0300,https://hh.ru/vacancy/132320394
Бариста,132866463,Администратор проекта (управление проектной документации),НПП Доза,Зеленоград,,,,,,Нет опыта,,,2026-05-22T15:21:58+0300,https://hh.ru/vacancy/132866463
Бариста,132830797,Специалист по связям с общественностью,Национальный исследовательский ядерный университет МИФИ,Москва,,,,,,От 3 до 6 лет,,,2026-05-22T14:14:37+0300,https://hh.ru/vacancy/132830797
Бариста,131093608,Специалист. Московский финансовый колледж,Финансовый университет при Правительстве РФ,Москва,74600.0,,74600.0,RUR,True,От 1 года до 3 лет,,,2026-05-22T16:23:23+0300,https://hh.ru/vacancy/131093608
Бариста,132197438,Менеджер по оптовым продажам светотехники,Loft It,Москва,150000.0,,150000.0,RUR,False,От 1 года до 3 лет,,,2026-05-22T11:58:22+0300,https://hh.ru/vacancy/132197438
Бариста,132686964,Ведущий специалист по управленческому учету,Рутектор,Москва,,,,,,От 3 до 6 лет,,,2026-05-22T10:59:18+0300,https://hh.ru/vacancy/132686964
Бариста,131547811,Директор центра исследований и экспертиз,Финансовый университет при Правительстве РФ,Москва,80000.0,,80000.0,RUR,True,Более 6 лет,,,2026-05-22T14:01:34+0300,https://hh.ru/vacancy/131547811
Бариста,131356420,Главный специалист расчетно-договорного отдела,Финансовый университет при Правительстве РФ,Москва,94350.0,94350.0,94350.0,RUR,True,От 3 до 6 лет,,,2026-05-22T14:00:50+0300,https://hh.ru/vacancy/131356420
Бариста,132841415,Бухгалтер,Электропомпа,Москва,100000.0,120000.0,110000.0,RUR,False,От 3 до 6 лет,,,2026-05-21T13:30:59+0300,https://hh.ru/vacancy/132841415
Бариста,133251427,"Координатор мини-бара (Гостиница ""Рэдиссон Коллекшен, Москва"" 5*)","Radisson Collection Hotel, Moscow",Москва,73000.0,,73000.0,RUR,False,Нет опыта,,,2026-05-19T13:08:39+0300,https://hh.ru/vacancy/133251427
Бариста,132280547,Экономист по расчету мотивации (KPI),СИНЕРГИЯ,Москва,100000.0,,100000.0,RUR,True,Нет опыта,,,2026-05-22T12:49:51+0300,https://hh.ru/vacancy/132280547
Бариста,133369980,Техник по обслуживанию роботов‑уборщиков,"ЦУМ, ТД",Москва,75000.0,,75000.0,RUR,True,От 1 года до 3 лет,,,2026-05-21T17:22:12+0300,https://hh.ru/vacancy/133369980
Бариста,133381017,Ассистент по работе с клиентами,АВИАХЭЛП,Москва,,,,,,Нет опыта,,,2026-05-22T08:21:38+0300,https://hh.ru/vacancy/133381017
Бариста,133407431,Бухгалтер отдела расчетов с поставщиками и заказчиками,Национальный исследовательский ядерный университет МИФИ,Москва,,,,,,От 1 года до 3 лет,,,2026-05-22T16:06:05+0300,https://hh.ru/vacancy/133407431
Бариста,132521291,Повар\пиццамейкер,Алло Пицца,Москва,3600.0,4500.0,4050.0,RUR,False,Нет опыта,,,2026-05-21T10:26:10+0300,https://hh.ru/vacancy/132521291
Бариста,133366679,Менеджер по продажам промышленного инструмента (на корпоративном автомобиле),ГАРВИН (ГК ГаражТулс),Москва,150000.0,,150000.0,RUR,False,От 1 года до 3 лет,,,2026-05-22T16:38:58+0300,https://hh.ru/vacancy/133366679
Бариста,132165327,Заведующий поликлиникой-врач-терапевт,Международный аэропорт Шереметьево,Москва,,287000.0,287000.0,RUR,True,Более 6 лет,,,2026-05-22T14:08:44+0300,https://hh.ru/vacancy/132165327
Бариста,129475342,Слесарь по ремонту и обслуживанию систем вентиляции и кондиционирования 5 разряда,Международный аэропорт Шереметьево,Москва,130000.0,133000.0,131500.0,RUR,True,От 1 года до 3 лет,,,2026-05-22T14:08:43+0300,https://hh.ru/vacancy/129475342
Бариста,132541148,Ведущий специалист по ремонту электрооборудования\ Автоэлектрик,Международный аэропорт Шереметьево,Москва,,149000.0,149000.0,RUR,True,От 1 года до 3 лет,,,2026-05-22T14:08:43+0300,https://hh.ru/vacancy/132541148
Бариста,132673403,Руководитель отдела Управления BIM / ТИМ,Градостроительный Институт МИРПРОЕКТ,Москва,,,,,,Более 6 лет,,,2026-05-22T15:58:13+0300,https://hh.ru/vacancy/132673403
Бариста,133394148,Инженер сетевой инфраструктуры и сетевой безопасности,Сикрет Технолоджис,Москва,,,,,,От 1 года до 3 лет,,,2026-05-22T12:11:22+0300,https://hh.ru/vacancy/133394148
Бариста,132351583,Повар европейской кухни,Bosco di Ciliegi,Москва,,85000.0,85000.0,RUR,True,От 1 года до 3 лет,,,2026-05-21T10:59:37+0300,https://hh.ru/vacancy/132351583
Бариста,133183278,Руководитель проектов,Хэхуа-Рус,Москва,,,,,,Более 6 лет,,,2026-05-22T12:08:47+0300,https://hh.ru/vacancy/133183278
Бариста,131958940,Главный специалист направления развития ПСР,ВНИПИпромтехнологии,Москва,100000.0,150000.0,125000.0,RUR,False,От 3 до 6 лет,,,2026-05-22T15:24:15+0300,https://hh.ru/vacancy/131958940
Бариста,133251199,Специалист технической поддержки,Восточные строительные технологии,Москва,100000.0,120000.0,110000.0,RUR,False,От 1 года до 3 лет,,,2026-05-22T13:06:11+0300,https://hh.ru/vacancy/133251199
Бариста,133397299,Архитектор DWH,РЕАЛИСТ БАНК,Москва,,,,,,От 1 года до 3 лет,,,2026-05-22T12:59:18+0300,https://hh.ru/vacancy/133397299
Бариста,132525389,Врач-психотерапевт (м. Севастопольская),СМ-Клиника,Москва,,,,,,От 1 года до 3 лет,,,2026-05-21T13:02:27+0300,https://hh.ru/vacancy/132525389
Бариста,132853533,Врач-гастроэнтеролог детский (м. Войковская),СМ-Клиника,Москва,170000.0,,170000.0,RUR,True,От 1 года до 3 лет,,,2026-05-21T16:14:09+0300,https://hh.ru/vacancy/132853533
Бариста,133410329,"Сварщик - монтажник (производство мебели, предметов интерьера)",Квадрат Труба,Москва,120000.0,180000.0,150000.0,RUR,False,От 1 года до 3 лет,,,2026-05-22T17:05:19+0300,https://hh.ru/vacancy/133410329
Бариста,132723776,Менеджер по стратегии,СИНЕРГИЯ,Москва,147000.0,147000.0,147000.0,RUR,False,От 1 года до 3 лет,,,2026-05-22T10:02:27+0300,https://hh.ru/vacancy/132723776
Бариста,132595619,Инженер-тополог аналоговых блоков,НПЦ ЭЛВИС,Зеленоград,,,,,,От 3 до 6 лет,,,2026-05-22T17:51:58+0300,https://hh.ru/vacancy/132595619
Бариста,133266570,Администратор спортивного клуба,Спорт Клуб,Москва,75000.0,,75000.0,RUR,False,От 1 года до 3 лет,,,2026-05-22T16:09:25+0300,https://hh.ru/vacancy/133266570
Бариста,133240740,Слесарь-ремонтник 5 разряда (очистные сооружения),Международный аэропорт Шереметьево,Москва,123000.0,128000.0,125500.0,RUR,True,От 1 года до 3 лет,,,2026-05-22T10:14:09+0300,https://hh.ru/vacancy/133240740
Бариста,131888394,Менеджер по продажам БФЛ,2Лекс,Москва,180000.0,250000.0,215000.0,RUR,False,От 1 года до 3 лет,,,2026-05-22T10:37:07+0300,https://hh.ru/vacancy/131888394
Бариста,132534026,Старший менеджер по продажам БФЛ,2Лекс,Москва,250000.0,400000.0,325000.0,RUR,False,От 1 года до 3 лет,,,2026-05-22T10:37:03+0300,https://hh.ru/vacancy/132534026
Бариста,133016643,Шеф-повар,Арт кафе Сахар,Москва,160000.0,200000.0,180000.0,RUR,False,От 3 до 6 лет,,,2026-05-12T23:02:43+0300,https://hh.ru/vacancy/133016643
Бариста,133403545,Врач-методист,ГБУЗ «Научно-практический клинический центр диагностики и телемедицинских технологий ДЗМ»,Москва,127606.0,127606.0,127606.0,RUR,False,От 3 до 6 лет,,,2026-05-22T14:48:34+0300,https://hh.ru/vacancy/133403545
Бариста,131993615,Руководитель отдела безопасности,Лемана ПРО,Москва,,,,,,От 1 года до 3 лет,,,2026-05-21T14:58:59+0300,https://hh.ru/vacancy/131993615
Бариста,133409660,Инженер пусконаладочных работ,Инфосистемы Джет,Москва,,,,,,От 3 до 6 лет,,,2026-05-22T16:48:30+0300,https://hh.ru/vacancy/133409660
Бариста,131286051,Главный специалист по рекламационной работе,НПП Доза,Зеленоград,,,,,,От 3 до 6 лет,,,2026-05-22T15:21:59+0300,https://hh.ru/vacancy/131286051
Бариста,133395559,Начальник отдела,Альфа-Банк,Москва,,,,,,Нет опыта,,,2026-05-22T12:34:10+0300,https://hh.ru/vacancy/133395559
Бариста,133256045,Бизнес-ассистент/секретарь-референт,СИНЕРГИЯ,Москва,200000.0,,200000.0,RUR,False,От 1 года до 3 лет,,,2026-05-22T14:16:33+0300,https://hh.ru/vacancy/133256045
Бариста,133365792,Медицинская сестра в клинику подологии / Медицинский брат (м. Верхние Лихоборы),СМ-Клиника,Москва,97000.0,,97000.0,RUR,True,Нет опыта,,,2026-05-21T16:06:19+0300,https://hh.ru/vacancy/133365792
Бариста,133340771,Управляющий столовой,ЕСК,Москва,105000.0,115000.0,110000.0,RUR,False,Более 6 лет,,,2026-05-21T10:10:06+0300,https://hh.ru/vacancy/133340771
Бариста,131458799,Ведущий инженер РВ-0015-002,НПП Доза,Зеленоград,,,,,,От 3 до 6 лет,,,2026-05-22T15:21:40+0300,https://hh.ru/vacancy/131458799
Бариста,131404320,Эксперт по системам безопасности (Гольфстрим),МТС,Москва,80000.0,250000.0,165000.0,RUR,True,Нет опыта,,,2026-05-22T09:51:51+0300,https://hh.ru/vacancy/131404320
Бариста,132125832,Секретарь / офис-менеджер,BetBoom,Москва,,,,,,От 1 года до 3 лет,,,2026-05-20T14:05:43+0300,https://hh.ru/vacancy/132125832
Бариста,132211655,Кладовщик,"Хорсъ, Кофейный дом",Москва,,85000.0,85000.0,RUR,False,От 1 года до 3 лет,,,2026-05-05T16:38:38+0300,https://hh.ru/vacancy/132211655
Бариста,132879450,Инженер по кибербезопасности,СИНЕРГИЯ,Москва,,,,,,От 1 года до 3 лет,,,2026-05-22T12:24:23+0300,https://hh.ru/vacancy/132879450
Бариста,133054790,Сушист,ЭКСПРЕСС,Москва,87000.0,,87000.0,RUR,False,От 1 года до 3 лет,,,2026-05-22T15:39:47+0300,https://hh.ru/vacancy/133054790
Бариста,132566676,Менеджер по работе с ключевыми клиентами,Лемана ПРО,Москва,150400.0,,150400.0,RUR,True,От 1 года до 3 лет,,,2026-05-22T09:49:16+0300,https://hh.ru/vacancy/132566676
Бариста,133252201,Менеджер по продажам b2b (HoReCa),ФРЕШБЕРИ,Москва,150000.0,,150000.0,RUR,True,От 1 года до 3 лет,,,2026-05-22T13:17:58+0300,https://hh.ru/vacancy/133252201
Бариста,133364297,Старший специалист отдела документооборота,НССД,Москва,80000.0,100000.0,90000.0,RUR,False,От 1 года до 3 лет,,,2026-05-21T15:37:17+0300,https://hh.ru/vacancy/133364297
Бариста,129509955,Аналитик данных/Аналитик BI,СИНЕРГИЯ,Москва,,,,,,От 1 года до 3 лет,,,2026-05-22T13:14:58+0300,https://hh.ru/vacancy/129509955
Бариста,132749634,"Консультант технической поддержки, Дальний Восток",Айко Сервис,Хабаровск,76950.0,,76950.0,RUR,False,От 1 года до 3 лет,,,2026-05-22T14:53:02+0300,https://hh.ru/vacancy/132749634
Бариста,132832752,Пекарь-кондитер,Поттер Фэмили Фуд,Москва,110000.0,,110000.0,RUR,False,От 3 до 6 лет,,,2026-05-21T11:08:07+0300,https://hh.ru/vacancy/132832752
Бариста,133367454,Инженер технической поддержки (офис),Инфосистемы Джет,Москва,,,,,,От 1 года до 3 лет,,,2026-05-21T16:38:24+0300,https://hh.ru/vacancy/133367454
Бариста,132072230,Врач-физиотерапевт (м. Отрадное),СМ-Клиника,Москва,,,,,,От 1 года до 3 лет,,,2026-05-21T14:37:03+0300,https://hh.ru/vacancy/132072230
Бариста,132482165,Помощник инженера по эксплуатации,Дринкит сеть кофеен,Москва,,,,,,Нет опыта,,,2026-05-21T15:57:00+0300,https://hh.ru/vacancy/132482165
Бариста,133347780,"Ведущий инженер инфраструктуры (виртуализация, частные облака)",ЛАНИТ,Москва,,,,,,От 3 до 6 лет,,,2026-05-21T13:25:14+0300,https://hh.ru/vacancy/133347780
Бариста,133407363,VoIP-инженер,СИНЕРГИЯ,Москва,200000.0,,200000.0,RUR,False,Более 6 лет,,,2026-05-22T16:04:25+0300,https://hh.ru/vacancy/133407363
Бариста,130400997,Врач-терапевт /Приемное отделение (м. Таганская),ФГБУ «Национальный медицинский исследовательский центр травматологии и ортопедии имени Н.Н. Приорова» Минздрава России,Москва,,,,,,От 3 до 6 лет,,,2026-05-22T12:44:25+0300,https://hh.ru/vacancy/130400997
Бариста,132848003,Шеф-повар,Novikov School,Москва,150000.0,,150000.0,RUR,False,От 3 до 6 лет,,,2026-05-21T14:57:29+0300,https://hh.ru/vacancy/132848003
Бариста,132749597,Консультант службы технической поддержки клиентов (1 линия),Айко Сервис,Краснодар,,75700.0,75700.0,RUR,False,От 1 года до 3 лет,,,2026-05-22T14:52:19+0300,https://hh.ru/vacancy/132749597
Бариста,132879930,Вожатый / аниматор / мастер игровой зоны (ТРЦ Хорошо!),КИДБУРГ,Москва,,,,,,Нет опыта,,,2026-05-22T12:34:07+0300,https://hh.ru/vacancy/132879930
Бариста,132595043,Технический специалист,Машиностроительное объединение Алиал,Москва,100000.0,110000.0,105000.0,RUR,False,От 1 года до 3 лет,,,2026-05-22T17:36:20+0300,https://hh.ru/vacancy/132595043
Бариста,132753434,Кассир в буфет в поликлинике / Кассир в кафетерий в поликлинике / буфетчик,Marketplace,Москва,90000.0,,90000.0,RUR,False,Нет опыта,,,2026-05-20T09:12:11+0300,https://hh.ru/vacancy/132753434
Бариста,133288306,Контролёр-охранник,Президентская академия ( РАНХиГС ) - Российская академия народного хозяйства и государственной службы при Президенте РФ,Москва,63900.0,,63900.0,RUR,False,От 1 года до 3 лет,,,2026-05-20T09:53:25+0300,https://hh.ru/vacancy/133288306
Бариста,133201142,Менеджер по закупкам (упаковка),Русская Чайная Компания,Москва,120000.0,120000.0,120000.0,RUR,False,От 1 года до 3 лет,,,2026-05-21T12:50:54+0300,https://hh.ru/vacancy/133201142
Бариста,133387276,Методолог розничных продуктов,РЕАЛИСТ БАНК,Москва,,,,,,От 3 до 6 лет,,,2026-05-22T10:17:34+0300,https://hh.ru/vacancy/133387276
Бариста,131090310,Документовед 1 категории. Московский финансовый колледж,Финансовый университет при Правительстве РФ,Москва,73800.0,,73800.0,RUR,True,От 3 до 6 лет,,,2026-05-22T14:01:38+0300,https://hh.ru/vacancy/131090310
Бариста,133054558,Повар на мясо,ЭКСПРЕСС,Москва,95000.0,,95000.0,RUR,False,От 1 года до 3 лет,,,2026-05-22T15:35:53+0300,https://hh.ru/vacancy/133054558
Бариста,133050138,Аккаунт-менеджер,СИНЕРГИЯ,Москва,70000.0,70000.0,70000.0,RUR,False,Нет опыта,,,2026-05-22T14:32:00+0300,https://hh.ru/vacancy/133050138
Бариста,133387200,"Раннер / помощник официанта в ресторан ""Шануар""",Maison DELLOS,Москва,100000.0,,100000.0,RUR,False,Нет опыта,,,2026-05-22T10:15:58+0300,https://hh.ru/vacancy/133387200
Бариста,132833693,Ассистент (Коммерческий департамент),СИНЕРГИЯ,Москва,,,,,,От 1 года до 3 лет,,,2026-05-21T11:20:50+0300,https://hh.ru/vacancy/132833693
Бариста,131537412,Механик (Автослесарь),Международный аэропорт Шереметьево,Москва,127000.0,,127000.0,RUR,True,От 1 года до 3 лет,,,2026-05-22T10:12:39+0300,https://hh.ru/vacancy/131537412
Бариста,129157574,Электромеханик по обслуживанию светотехнического оборудования систем обеспечения полетов,Международный аэропорт Шереметьево,Москва,130000.0,135000.0,132500.0,RUR,True,От 1 года до 3 лет,,,2026-05-22T10:12:27+0300,https://hh.ru/vacancy/129157574
Бариста,132740750,Специалист очной приемной комиссии,СИНЕРГИЯ,Москва,70000.0,75000.0,72500.0,RUR,False,Нет опыта,,,2026-05-22T12:48:27+0300,https://hh.ru/vacancy/132740750
Бариста,133185444,Менеджер отдела управления проектами,НПП Доза,Зеленоград,,,,,,От 1 года до 3 лет,,,2026-05-22T15:22:22+0300,https://hh.ru/vacancy/133185444
Бариста,131122284,Врач-офтальмолог,СМ-Клиника,Москва,,,,,,От 1 года до 3 лет,,,2026-05-21T16:14:08+0300,https://hh.ru/vacancy/131122284
Бариста,131272939,Врач-гастроэнтеролог (м. Севастопольская),СМ-Клиника,Москва,170000.0,,170000.0,RUR,True,От 1 года до 3 лет,,,2026-05-21T17:02:42+0300,https://hh.ru/vacancy/131272939
Бариста,133338423,Методолог по страхованию от несчастных случаев,АльфаСтрахование,Москва,,,,,,От 1 года до 3 лет,,,2026-05-21T09:39:35+0300,https://hh.ru/vacancy/133338423
Бариста,132525021,Врач-ревматолог (м. Севастопольская),СМ-Клиника,Москва,160000.0,,160000.0,RUR,True,От 1 года до 3 лет,,,2026-05-21T13:02:24+0300,https://hh.ru/vacancy/132525021
Бариста,132226329,Инженер-программист Linux,НПЦ ЭЛВИС,Зеленоград,,,,,,От 1 года до 3 лет,,,2026-05-22T17:51:58+0300,https://hh.ru/vacancy/132226329
Бариста,132622824,Повар холодного цеха (м. Молодежная),ICONFOOD,Москва,130000.0,,130000.0,RUR,False,От 1 года до 3 лет,,,2026-05-17T15:46:25+0300,https://hh.ru/vacancy/132622824
Бариста,133028685,Специалист по документообороту,СИНЕРГИЯ,Москва,55000.0,,55000.0,RUR,True,Нет опыта,,,2026-05-22T09:38:42+0300,https://hh.ru/vacancy/133028685
Бариста,132849056,Начинающий специалист в Банк (Москва),Россельхозбанк,Москва,110000.0,,110000.0,RUR,True,Нет опыта,,,2026-05-21T15:14:16+0300,https://hh.ru/vacancy/132849056
Бариста,131775418,Офис-менеджер (с функцией делопроизводства),Тэктис,Москва,90000.0,,90000.0,RUR,False,От 1 года до 3 лет,,,2026-05-21T13:19:35+0300,https://hh.ru/vacancy/131775418
Бариста,133403074,Врач-рентгенолог Отдела экспертизы и качества,ГБУЗ «Научно-практический клинический центр диагностики и телемедицинских технологий ДЗМ»,Москва,,,,,,Более 6 лет,,,2026-05-22T14:37:08+0300,https://hh.ru/vacancy/133403074
Бариста,133002809,Официант,ДжиСи Компани,Москва,3500.0,,3500.0,RUR,False,От 1 года до 3 лет,,,2026-05-21T15:10:02+0300,https://hh.ru/vacancy/133002809
Бариста,130822739,Главный специалист Центра практической подготовки и проектной работы,Финансовый университет при Правительстве РФ,Москва,95000.0,95000.0,95000.0,RUR,True,От 3 до 6 лет,,,2026-05-22T16:22:04+0300,https://hh.ru/vacancy/130822739
Бариста,131864590,Врач-хирург детский (м. Солнцево),СМ-Клиника,Москва,,,,,,От 1 года до 3 лет,,,2026-05-21T16:14:08+0300,https://hh.ru/vacancy/131864590
Бариста,132991891,Руководитель группы по продажам проектов,Лемана ПРО,Москва,,,,,,От 3 до 6 лет,,,2026-05-21T12:28:58+0300,https://hh.ru/vacancy/132991891
Бариста,133237516,Аналитик/Оператор базы данных,СИНЕРГИЯ,Москва,110000.0,110000.0,110000.0,RUR,False,От 1 года до 3 лет,,,2026-05-22T09:57:34+0300,https://hh.ru/vacancy/133237516
Бариста,130639483,Помощник официанта,ГРУППА КОМПАНИЙ МЕРИДИАН,Москва,65000.0,,65000.0,RUR,False,Нет опыта,,,2026-05-20T09:16:34+0300,https://hh.ru/vacancy/130639483
Бариста,133307980,Клиентский менеджер Дополнительного офиса (м.Петровско-Разумовская),Россельхозбанк,Москва,110000.0,,110000.0,RUR,True,Нет опыта,,,2026-05-20T14:29:00+0300,https://hh.ru/vacancy/133307980
Бариста,133219338,Бухгалтер по расчету заработной платы,СИНЕРГИЯ,Москва,120000.0,,120000.0,RUR,False,От 1 года до 3 лет,,,2026-05-21T17:38:23+0300,https://hh.ru/vacancy/133219338
Бариста,133028890,Технолог (Мясопереработка),Компания Время,Москва,,,,,,От 3 до 6 лет,,,2026-05-22T09:41:29+0300,https://hh.ru/vacancy/133028890
Бариста,133350783,Повар в холодный цех (м. Преображенская площадь),Снеди Феди,Москва,90000.0,,90000.0,RUR,True,От 1 года до 3 лет,,,2026-05-21T12:12:14+0300,https://hh.ru/vacancy/133350783
Бариста,133100133,Су-Шеф в корпоративную столовую (м. Парк Победы),Кафе-столовая Арт-Ланч,Москва,120000.0,,120000.0,RUR,False,От 3 до 6 лет,,,2026-05-14T15:44:05+0300,https://hh.ru/vacancy/133100133
Бариста,130092002,Инженер по подбору оборудования и компонентов,ПиЭлСи Технолоджи,Москва,,,,,,От 3 до 6 лет,,,2026-05-22T17:02:57+0300,https://hh.ru/vacancy/130092002
Бариста,133130676,Операционист по работе с юридическими лицами (м. Тульская),Россельхозбанк,Москва,120000.0,,120000.0,RUR,True,От 1 года до 3 лет,,,2026-05-21T11:56:02+0300,https://hh.ru/vacancy/133130676
Бариста,132840555,Менеджер проекта,БАЛТИК МАСТЕР М,Москва,100000.0,300000.0,200000.0,RUR,False,От 1 года до 3 лет,,,2026-05-21T13:16:24+0300,https://hh.ru/vacancy/132840555
Бариста,133340713,Пекарь тестовод,Азбука вкуса,Москва,98800.0,113000.0,105900.0,RUR,False,От 1 года до 3 лет,,,2026-05-21T10:09:21+0300,https://hh.ru/vacancy/133340713
Бариста,132549253,Уборщица/Уборщик,"ЦУМ, ТД",Москва,75000.0,,75000.0,RUR,True,Нет опыта,,,2026-05-21T16:22:47+0300,https://hh.ru/vacancy/132549253
Бариста,132085018,Заведующий терапевтическим отделением (профосмотры),Международный аэропорт Шереметьево,Москва,187800.0,187800.0,187800.0,RUR,True,От 3 до 6 лет,,,2026-05-22T10:14:12+0300,https://hh.ru/vacancy/132085018
Бариста,131075897,Слесарь аварийно-восстановительных работ (с допуском к управлению транспортным средством) 6 разряда,Международный аэропорт Шереметьево,Москва,140000.0,,140000.0,RUR,True,От 1 года до 3 лет,,,2026-05-22T10:13:09+0300,https://hh.ru/vacancy/131075897
Бариста,133063690,Менеджер по продажам (Входящие заявки),Вондер,Москва,140000.0,250000.0,195000.0,RUR,False,Нет опыта,,,2026-05-22T19:11:05+0300,https://hh.ru/vacancy/133063690
Бариста,126560963,Ведущий специалист генерального плана,Градостроительный Институт МИРПРОЕКТ,Москва,,,,,,От 3 до 6 лет,,,2026-05-21T12:30:04+0300,https://hh.ru/vacancy/126560963
Бариста,133409236,Ведущий менеджер по культурно-массовому досугу в отдел специальных проектов,Государственное автономное учреждение культуры города Москвы Центральный парк культуры и отдыха имени М.Горького,Москва,90000.0,,90000.0,RUR,True,От 1 года до 3 лет,,,2026-05-22T16:38:36+0300,https://hh.ru/vacancy/133409236
Бариста,131885792,Администратор автосалона / Специалист Клиентской Службы (м. Крылатское),СП БИЗНЕС КАР,Москва,70000.0,70000.0,70000.0,RUR,True,Нет опыта,,,2026-05-21T17:44:01+0300,https://hh.ru/vacancy/131885792
Бариста,133361384,Шеф-повар направление кейтеринг,Снеди Феди,Москва,140000.0,,140000.0,RUR,True,От 1 года до 3 лет,,,2026-05-21T14:49:12+0300,https://hh.ru/vacancy/133361384
Бариста,132744154,Менеджер проектных продаж,Санекст.Про,Москва,,200000.0,200000.0,RUR,True,От 1 года до 3 лет,,,2026-05-22T13:31:41+0300,https://hh.ru/vacancy/132744154
Бариста,133394969,Ведущий инженер,Альфа-Банк,Москва,,,,,,Нет опыта,,,2026-05-22T12:24:30+0300,https://hh.ru/vacancy/133394969
Бариста,133411885,Старший инженер-разработчик RTL,НТЦ Модуль,Москва,,,,,,Более 6 лет,,,2026-05-22T17:48:05+0300,https://hh.ru/vacancy/133411885
Бариста,133287498,Главный бухгалтер,Вендинг Будущего,Москва,150000.0,,150000.0,RUR,False,От 3 до 6 лет,,,2026-05-20T09:40:20+0300,https://hh.ru/vacancy/133287498
Бариста,133247599,Бизнес-ассистент вице-президента корпорации (блок GR),СИНЕРГИЯ,Москва,140000.0,,140000.0,RUR,False,От 1 года до 3 лет,,,2026-05-22T12:13:28+0300,https://hh.ru/vacancy/133247599
Бариста,132035117,System Administrator Linux / Системный Администратор Линукс,НТ Прогресс,Москва,120000.0,,120000.0,RUR,False,От 1 года до 3 лет,,,2026-05-22T15:12:33+0300,https://hh.ru/vacancy/132035117
Бариста,133343621,Врач - пульмонолог (м. Улица 1905 года),СМ-Клиника,Москва,160000.0,,160000.0,RUR,False,От 1 года до 3 лет,,,2026-05-21T10:48:28+0300,https://hh.ru/vacancy/133343621
Бариста,131368297,Медицинская сестра кабинетная/Медицинский брат кабинетный (м. Молодежная),СМ-Клиника,Москва,88300.0,,88300.0,RUR,True,Нет опыта,,,2026-05-18T09:58:28+0300,https://hh.ru/vacancy/131368297
Бариста,133222146,Менеджер ресторана в г. Щелково,Ресторан KINZA,Москва,100000.0,150000.0,125000.0,RUR,False,От 1 года до 3 лет,,,2026-05-18T19:27:31+0300,https://hh.ru/vacancy/133222146
Бариста,132805080,Заведующий складом,"ЦУМ, ТД",Москва,90000.0,,90000.0,RUR,False,От 1 года до 3 лет,,,2026-05-21T17:12:25+0300,https://hh.ru/vacancy/132805080
Бариста,131622535,Повар горячего цеха,Eggsellent,Москва,100000.0,110000.0,105000.0,RUR,False,От 1 года до 3 лет,,,2026-05-22T06:22:21+0300,https://hh.ru/vacancy/131622535
Бариста,133196708,Директор по маркетингу Toyosu (HoReCa),Фугу Москоу,Москва,,,,,,От 1 года до 3 лет,,,2026-05-21T11:51:04+0300,https://hh.ru/vacancy/133196708
Бариста,132396759,Менеджер-кассир,ГБУ г. Москвы ОКЦ ВАО,Москва,120000.0,150000.0,135000.0,RUR,False,От 1 года до 3 лет,,,2026-05-19T14:13:02+0300,https://hh.ru/vacancy/132396759
Бариста,130641409,Главный специалист Центра карьеры,Финансовый университет при Правительстве РФ,Москва,95000.0,,95000.0,RUR,True,От 3 до 6 лет,,,2026-05-22T16:21:59+0300,https://hh.ru/vacancy/130641409
Бариста,131729651,Мастер-приёмщик BMW (слесарный цех),Юнит,Москва,200000.0,,200000.0,RUR,False,От 3 до 6 лет,,,2026-05-22T09:33:17+0300,https://hh.ru/vacancy/131729651
Бариста,133254408,Кладовщик пищевого производства,Сеть кофеен Шоколадница,Москва,85000.0,,85000.0,RUR,False,От 1 года до 3 лет,,,2026-05-19T13:52:08+0300,https://hh.ru/vacancy/133254408
Бариста,130631750,Специалист по промышленной безопасности,НИТИ Прогресс,Ижевск,55000.0,55000.0,55000.0,RUR,False,От 1 года до 3 лет,,,2026-05-21T10:00:36+0300,https://hh.ru/vacancy/130631750
Бариста,132997297,Врач анестезиолог-реаниматолог (м. Войковская),ФГБУ «Национальный медицинский исследовательский центр травматологии и ортопедии имени Н.Н. Приорова» Минздрава России,Москва,160000.0,160000.0,160000.0,RUR,True,От 1 года до 3 лет,,,2026-05-22T12:45:04+0300,https://hh.ru/vacancy/132997297
Бариста,133339482,Ведущий эксперт принятия решения по КАСКО,АльфаСтрахование,Москва,,,,,,От 1 года до 3 лет,,,2026-05-21T09:53:38+0300,https://hh.ru/vacancy/133339482
Бариста,133170367,Дежурный логист,ГЛОБАЛ ГРУПП,Москва,150000.0,150000.0,150000.0,RUR,False,От 1 года до 3 лет,,,2026-05-17T18:32:45+0300,https://hh.ru/vacancy/133170367
Бариста,133037925,Архитектор (малоэтажное строительство),Vitagor Stroy,Москва,130000.0,,130000.0,RUR,False,От 1 года до 3 лет,,,2026-05-22T11:32:30+0300,https://hh.ru/vacancy/133037925
Бариста,133285205,Старший повар,Печорин Групп,Москва,120000.0,120000.0,120000.0,RUR,False,От 1 года до 3 лет,,,2026-05-20T09:03:48+0300,https://hh.ru/vacancy/133285205
Бариста,132673532,Заместитель руководителя отдела наружных инженерных систем и сооружений,Градостроительный Институт МИРПРОЕКТ,Москва,,,,,,Более 6 лет,,,2026-05-22T15:58:14+0300,https://hh.ru/vacancy/132673532
Бариста,132738180,Оператор,СИНЕРГИЯ,Москва,100000.0,100000.0,100000.0,RUR,False,От 1 года до 3 лет,,,2026-05-22T12:33:01+0300,https://hh.ru/vacancy/132738180
Бариста,133060867,"Специалист по сертификации и лицензированию (вычислительная техника, электроника)",Корсон Технолоджис РУС,Москва,,,,,,От 3 до 6 лет,,,2026-05-22T17:26:24+0300,https://hh.ru/vacancy/133060867
Бариста,133344990,Слесарь-сантехник,ФГУП ЦНИИчермет им.И.П.Бардина,Москва,105000.0,105000.0,105000.0,RUR,True,От 3 до 6 лет,,,2026-05-21T11:09:49+0300,https://hh.ru/vacancy/133344990
Бариста,133119270,Администратор территории ВДНХ,Выставка достижений народного хозяйства,Москва,82300.0,82300.0,82300.0,RUR,True,Нет опыта,,,2026-05-20T18:02:38+0300,https://hh.ru/vacancy/133119270
Бариста,132738603,"Хостес в ресторан ""Казбек""",Maison DELLOS,Москва,80000.0,100000.0,90000.0,RUR,False,Нет опыта,,,2026-05-21T13:01:02+0300,https://hh.ru/vacancy/132738603
Бариста,130319040,Инженер-технолог (вертикальный транспорт),Градостроительный Институт МИРПРОЕКТ,Москва,,,,,,От 1 года до 3 лет,,,2026-05-21T12:30:04+0300,https://hh.ru/vacancy/130319040
Бариста,131619341,Ведущий специалист по работе с РИД / интеллектуальной собственностью,НПП Доза,Зеленоград,,,,,,От 3 до 6 лет,,,2026-05-22T15:21:40+0300,https://hh.ru/vacancy/131619341
Бариста,133219177,Руководитель торгового сектора (г. Подольск),Лемана ПРО,Москва,,,,,,От 3 до 6 лет,,,2026-05-21T17:33:47+0300,https://hh.ru/vacancy/133219177
Бариста,133358099,Уборщик,"ЦУМ, ТД",Москва,80500.0,,80500.0,RUR,True,От 1 года до 3 лет,,,2026-05-21T13:57:36+0300,https://hh.ru/vacancy/133358099
Бариста,133157147,Стоматолог детский (м. Молодежная),СМ-Клиника,Москва,,,,,,От 3 до 6 лет,,,2026-05-16T09:32:46+0300,https://hh.ru/vacancy/133157147
Бариста,132634036,Начинающий специалист в Банк,Россельхозбанк,Москва,120000.0,,120000.0,RUR,True,Нет опыта,,,2026-05-21T11:36:12+0300,https://hh.ru/vacancy/132634036
Бариста,132853727,Врач-оториноларинголог (м. Марьина роща),СМ-Клиника,Москва,150000.0,,150000.0,RUR,True,От 1 года до 3 лет,,,2026-05-21T16:14:09+0300,https://hh.ru/vacancy/132853727
Бариста,132853763,Врач-офтальмолог/ ортокератолог (м. Марьина роща),СМ-Клиника,Москва,160000.0,,160000.0,RUR,True,От 1 года до 3 лет,,,2026-05-21T16:14:09+0300,https://hh.ru/vacancy/132853763
Бариста,131119948,Врач-оториноларинголог,СМ-Клиника,Москва,,,,,,От 1 года до 3 лет,,,2026-05-21T16:14:08+0300,https://hh.ru/vacancy/131119948
Бариста,133410556,Менеджер по оптовым продажам,"RBCMarket (Restaurant, Bar, Cafe): профессиональное оборудование и мебель",Москва,100000.0,250000.0,175000.0,RUR,True,От 1 года до 3 лет,,,2026-05-22T17:09:13+0300,https://hh.ru/vacancy/133410556
Бариста,133149700,Начинающий контролер ОТК / специалист по качеству (оборудование),Мамаева Ирина Анатольевна,Москва,80000.0,,80000.0,RUR,False,От 1 года до 3 лет,,,2026-05-21T17:32:51+0300,https://hh.ru/vacancy/133149700
Бариста,133393723,SMM‑специалист,Гриль-бар ШашлыкоFF (ООО Отрада-Рест),Москва,50000.0,,50000.0,RUR,False,От 1 года до 3 лет,,,2026-05-22T12:05:39+0300,https://hh.ru/vacancy/133393723
Бариста,133335689,Комплектовщик/упаковщик,ЛОТЕС ТМ,Москва,90000.0,,90000.0,RUR,True,Нет опыта,,,2026-05-21T08:51:04+0300,https://hh.ru/vacancy/133335689
Бариста,133398046,"Руководитель проекта по фасадам (СПК, НВФ)",ИНСТРАКТ,Москва,200000.0,300000.0,250000.0,RUR,False,От 3 до 6 лет,,,2026-05-22T13:10:19+0300,https://hh.ru/vacancy/133398046
Бариста,133337503,Старший менеджер по продажам,НССД,Москва,150000.0,,150000.0,RUR,False,От 1 года до 3 лет,,,2026-05-21T09:23:44+0300,https://hh.ru/vacancy/133337503
Бариста,132437395,Операционный директор ( туроператор Северная Корея ),СИНЕРГИЯ,Москва,,,,,,От 3 до 6 лет,,,2026-05-22T10:03:02+0300,https://hh.ru/vacancy/132437395
Бариста,133409643,Инспектор по досмотру пассажиров,Медиа Онлайн,Москва,75000.0,98000.0,86500.0,RUR,False,Нет опыта,,,2026-05-22T16:47:51+0300,https://hh.ru/vacancy/133409643
Бариста,83370589,Санитарка/Санитар (м. Новые Черемушки),СМ-Клиника,Москва,77000.0,,77000.0,RUR,True,Нет опыта,,,2026-05-21T14:05:08+0300,https://hh.ru/vacancy/83370589
Бариста,131927403,Технический писатель (инженер),ПиЭлСи Технолоджи,Москва,,,,,,От 1 года до 3 лет,,,2026-05-22T17:02:57+0300,https://hh.ru/vacancy/131927403
Бариста,120431002,Рентгенолаборант МРТ (Юго-Западная),СМ-Клиника,Москва,102000.0,,102000.0,RUR,True,От 1 года до 3 лет,,,2026-05-20T16:55:09+0300,https://hh.ru/vacancy/120431002
Бариста,132471325,Продавец-кассир в Братья Караваевы,Кулинарная лавка братьев Караваевых,Москва,,120000.0,120000.0,RUR,False,Нет опыта,,,2026-05-21T12:55:49+0300,https://hh.ru/vacancy/132471325
Бариста,125495395,Заместитель декана Юридического факультета по научной работе,Финансовый университет при Правительстве РФ,Москва,200000.0,,200000.0,RUR,True,Более 6 лет,,,2026-05-22T16:22:34+0300,https://hh.ru/vacancy/125495395
Бариста,132273997,Администратор в клинику (м. Юго-Западная),СМ-Клиника,Москва,81000.0,,81000.0,RUR,True,Нет опыта,,,2026-05-21T13:33:42+0300,https://hh.ru/vacancy/132273997
Бариста,133002649,Повар-универсал,Novikov School,Москва,,100000.0,100000.0,RUR,False,От 1 года до 3 лет,,,2026-05-21T15:08:17+0300,https://hh.ru/vacancy/133002649
Бариста,133363992,Инженер Unix,Инфосистемы Джет,Москва,,,,,,От 1 года до 3 лет,,,2026-05-21T15:32:52+0300,https://hh.ru/vacancy/133363992
Бариста,132478555,Уборщик павильонов,Выставка достижений народного хозяйства,Москва,80500.0,80500.0,80500.0,RUR,True,Нет опыта,,,2026-05-20T12:38:19+0300,https://hh.ru/vacancy/132478555
Бариста,133141608,Уборщик павильонов,Выставка достижений народного хозяйства,Москва,80500.0,80500.0,80500.0,RUR,True,Нет опыта,,,2026-05-20T12:38:16+0300,https://hh.ru/vacancy/133141608
Бариста,132503473,Руководитель отдела по работе с партнерами,СИНЕРГИЯ,Москва,250000.0,300000.0,275000.0,RUR,False,От 3 до 6 лет,,,2026-05-22T09:16:06+0300,https://hh.ru/vacancy/132503473
Бариста,133335662,Делопроизводитель,Berger International Group,Москва,80000.0,95000.0,87500.0,RUR,False,От 1 года до 3 лет,,,2026-05-21T08:50:22+0300,https://hh.ru/vacancy/133335662
Бариста,133382224,Начальник отдела инвестиционных проектов проектного офиса (Москва),НИИ Вектор,Москва,,,,,,Более 6 лет,,,2026-05-22T08:47:42+0300,https://hh.ru/vacancy/133382224
Бариста,132438208,Рентгенолаборант,СМ-Клиника,Москва,100000.0,,100000.0,RUR,True,От 1 года до 3 лет,,,2026-05-20T15:45:36+0300,https://hh.ru/vacancy/132438208
Бариста,129409205,Оператор котельной 4 разряда,Международный аэропорт Шереметьево,Москва,89000.0,,89000.0,RUR,True,От 1 года до 3 лет,,,2026-05-22T10:13:33+0300,https://hh.ru/vacancy/129409205
Бариста,133205839,"Специалист по работе с партнерами ( не продажи, не звонки )",СИНЕРГИЯ,Москва,60000.0,70000.0,65000.0,RUR,False,Нет опыта,,,2026-05-21T14:00:49+0300,https://hh.ru/vacancy/133205839
Бариста,133343718,Старшая медицинская сестра/старший медицинский брат в клинику косметологии (м. Войковская),СМ-Клиника,Москва,108000.0,116000.0,112000.0,RUR,True,От 1 года до 3 лет,,,2026-05-21T10:50:05+0300,https://hh.ru/vacancy/133343718
Бариста,133129996,Операционист по работе с юридическими лицами (м. Люблино),Россельхозбанк,Москва,120000.0,,120000.0,RUR,True,От 1 года до 3 лет,,,2026-05-21T11:44:41+0300,https://hh.ru/vacancy/133129996
Бариста,133337862,Старший менеджер по работе с клиентами,Европлан,Москва,150000.0,,150000.0,RUR,False,От 1 года до 3 лет,,,2026-05-21T09:31:04+0300,https://hh.ru/vacancy/133337862
Бариста,132525649,Продавец-кассир в Братья Караваевы,Кулинарная лавка братьев Караваевых,Москва,,120000.0,120000.0,RUR,False,Нет опыта,,,2026-05-21T11:32:04+0300,https://hh.ru/vacancy/132525649
Бариста,130837732,Инженер по продажам/Менеджер отдела продаж,Джиэнтех,Москва,,,,,,От 1 года до 3 лет,,,2026-05-22T15:42:23+0300,https://hh.ru/vacancy/130837732
Бариста,133401417,Специалист по проведению дезинфекционных работ / Дезинфектор (начинающий специалист),SpaceHub agency,Москва,70000.0,110000.0,90000.0,RUR,False,Нет опыта,,,2026-05-22T14:06:20+0300,https://hh.ru/vacancy/133401417
Бариста,129350551,Ночной кладовщик (м.Домодедовская),АВТОДОК (Autodoc),Москва,105000.0,,105000.0,RUR,False,От 1 года до 3 лет,,,2026-05-21T09:35:04+0300,https://hh.ru/vacancy/129350551
Бариста,129345419,Ночной кладовщик (м. Домодедовская),АВТОДОК (Autodoc),Москва,105000.0,,105000.0,RUR,False,От 1 года до 3 лет,,,2026-05-21T09:34:27+0300,https://hh.ru/vacancy/129345419
Бариста,133365554,Инженер по тепломонтажным работам (в филиал Бангладеш),ИНЖИНИРИНГОВЫЙ ДИВИЗИОН ГОСКОРПОРАЦИИ РОСАТОМ,Москва,,,,,,От 1 года до 3 лет,,,2026-05-21T16:02:46+0300,https://hh.ru/vacancy/133365554
Бариста,132778051,Специалист станции мониторинга (Гольфстрим),МТС,Москва,80000.0,80000.0,80000.0,RUR,True,Нет опыта,,,2026-05-22T09:51:46+0300,https://hh.ru/vacancy/132778051
Бариста,131741643,Accountant / Ведущий бухгалтер в IT-компанию,НТ Прогресс,Москва,150000.0,,150000.0,RUR,True,Более 6 лет,,,2026-05-22T13:33:45+0300,https://hh.ru/vacancy/131741643
Бариста,129301295,Территориальный менеджер Falconeri,Oniverse,Москва,,,,,,От 1 года до 3 лет,,,2026-05-21T14:29:46+0300,https://hh.ru/vacancy/129301295
Бариста,131076178,Кассир в парк аттракционов Сказка,Парк Сказка,Москва,93600.0,,93600.0,RUR,True,От 1 года до 3 лет,,,2026-05-21T13:28:05+0300,https://hh.ru/vacancy/131076178
Бариста,132484763,Кассир в ресторан Maroon,Старт,Москва,77000.0,,77000.0,RUR,False,От 1 года до 3 лет,,,2026-05-21T16:51:22+0300,https://hh.ru/vacancy/132484763
Бариста,133209270,Руководитель торгового отдела,Лемана ПРО,Москва,,,,,,От 1 года до 3 лет,,,2026-05-21T14:50:03+0300,https://hh.ru/vacancy/133209270
Бариста,132122166,Повар горячего цеха,FreshCafe,Москва,108000.0,,108000.0,RUR,True,От 1 года до 3 лет,,,2026-05-21T16:22:25+0300,https://hh.ru/vacancy/132122166
Бариста,132119248,Повар холодного цеха,FreshCafe,Москва,101000.0,,101000.0,RUR,True,От 1 года до 3 лет,,,2026-05-21T16:22:20+0300,https://hh.ru/vacancy/132119248
Бариста,132761327,Менеджер B2B продаж (корпоративное направление),ВейкКлаймбФит,Москва,150000.0,,150000.0,RUR,True,От 1 года до 3 лет,,,2026-05-22T18:04:33+0300,https://hh.ru/vacancy/132761327
Бариста,133039490,Массажист/SPA специалист,Aurora Botanique LLC,Москва,3900.0,4960.0,4430.0,USD,False,От 3 до 6 лет,,,2026-05-22T11:51:38+0300,https://hh.ru/vacancy/133039490
Бариста,132655025,Врач УЗИ (м. Солнцево),СМ-Клиника,Москва,200000.0,,200000.0,RUR,True,От 1 года до 3 лет,,,2026-05-21T16:14:08+0300,https://hh.ru/vacancy/132655025
Бариста,128426441,Менеджер торгового отдела,Лемана ПРО,Москва,,,,,,От 1 года до 3 лет,,,2026-05-21T13:33:01+0300,https://hh.ru/vacancy/128426441
Бариста,131272914,Врач травматолог-ортопед (м. Севастопольская),СМ-Клиника,Москва,150000.0,,150000.0,RUR,True,От 1 года до 3 лет,,,2026-05-21T13:02:30+0300,https://hh.ru/vacancy/131272914
Бариста,132334012,Техник хаус-мастер (м. Динамо),СМ-Клиника,Москва,,77600.0,77600.0,RUR,True,От 1 года до 3 лет,,,2026-05-19T14:17:10+0300,https://hh.ru/vacancy/132334012
Бариста,133127175,Техник хаус-мастер (м. Войковская),СМ-Клиника,Москва,77600.0,77600.0,77600.0,RUR,True,От 1 года до 3 лет,,,2026-05-19T14:17:10+0300,https://hh.ru/vacancy/133127175
Бариста,133344970,Супервайзер ресторана,NOVOTEL Moscow City Hotel,Москва,80000.0,,80000.0,RUR,True,От 1 года до 3 лет,,,2026-05-21T11:09:29+0300,https://hh.ru/vacancy/133344970
Бариста,128516765,Санитар/ Отделение дезинфекции и стерилизации 1/1,ФГБУ «Национальный медицинский исследовательский центр травматологии и ортопедии имени Н.Н. Приорова» Минздрава России,Москва,86500.0,90000.0,88250.0,RUR,True,Нет опыта,,,2026-05-22T11:39:58+0300,https://hh.ru/vacancy/128516765
Бариста,133213430,Экономист по труду,СИНЕРГИЯ,Москва,150000.0,150000.0,150000.0,RUR,False,От 3 до 6 лет,,,2026-05-21T15:52:38+0300,https://hh.ru/vacancy/133213430
Бариста,132328140,Бухгалтер на участок затраты,BAON,Москва,,100000.0,100000.0,RUR,False,От 1 года до 3 лет,,,2026-05-20T17:51:03+0300,https://hh.ru/vacancy/132328140
Бариста,126560558,Главный специалист генерального плана,Градостроительный Институт МИРПРОЕКТ,Москва,,,,,,Более 6 лет,,,2026-05-21T12:30:04+0300,https://hh.ru/vacancy/126560558
Бариста,132470100,Медицинская сестра/медицинский брат эндоскопии (м. Войковская),СМ-Клиника,Москва,99000.0,,99000.0,RUR,True,От 1 года до 3 лет,,,2026-05-20T15:46:16+0300,https://hh.ru/vacancy/132470100
Бариста,133383955,Менеджер по закупкам и снабжению,Восток Тендер,Москва,90000.0,130000.0,110000.0,RUR,False,От 1 года до 3 лет,,,2026-05-22T09:24:16+0300,https://hh.ru/vacancy/133383955
Бариста,132677070,Руководитель торгового сектора,Лемана ПРО,Москва,132000.0,,132000.0,RUR,True,От 1 года до 3 лет,,,2026-05-21T17:10:26+0300,https://hh.ru/vacancy/132677070
Бариста,133185910,Коммерческий директор по развитию франчайзинговой сети,Кадровое агентство «Синергия»,Москва,,,,,,От 3 до 6 лет,,,2026-05-21T09:46:26+0300,https://hh.ru/vacancy/133185910
Бариста,133351253,Заведующий складом ресторана,Гранат,Москва,100000.0,120000.0,110000.0,RUR,True,От 1 года до 3 лет,,,2026-05-21T12:17:34+0300,https://hh.ru/vacancy/133351253
Бариста,132208272,Повар раздачи,ГК Фьюжен Менеджмент,Москва,,4000.0,4000.0,RUR,False,От 1 года до 3 лет,,,2026-05-16T15:19:02+0300,https://hh.ru/vacancy/132208272
Бариста,132373595,"Инженер-программист (Linux, C++)",РОСКОСМОС,Москва,120000.0,120000.0,120000.0,RUR,False,Нет опыта,,,2026-05-21T09:31:08+0300,https://hh.ru/vacancy/132373595
Бариста,132722897,Директор управления бизнес процессами / BPM-директор,СИНЕРГИЯ,Москва,,,,,,От 3 до 6 лет,,,2026-05-22T09:52:09+0300,https://hh.ru/vacancy/132722897
Бариста,133008119,Менеджер по оптовым продажам,Dantex Group,Москва,120000.0,,120000.0,RUR,True,От 1 года до 3 лет,,,2026-05-21T16:32:07+0300,https://hh.ru/vacancy/133008119
Бариста,133353959,Координатор отдела,CORE.XP,Москва,,,,,,От 1 года до 3 лет,,,2026-05-21T12:54:22+0300,https://hh.ru/vacancy/133353959
Бариста,91292232,Ведущий инженер-программист (Linux),ПиЭлСи Технолоджи,Москва,,,,,,От 3 до 6 лет,,,2026-05-22T15:59:17+0300,https://hh.ru/vacancy/91292232
Бариста,132675218,Управляющий в Кулинарную лавку Братья Караваевы,Кулинарная лавка братьев Караваевых,Москва,150000.0,210000.0,180000.0,RUR,False,От 3 до 6 лет,,,2026-05-21T16:24:29+0300,https://hh.ru/vacancy/132675218
Бариста,131196742,Помощник повара в Шоколадницу,Сеть кофеен Шоколадница,Москва,55000.0,90000.0,72500.0,RUR,False,Нет опыта,,,2026-05-21T18:29:42+0300,https://hh.ru/vacancy/131196742
Бариста,130275343,Врач-терапевт (м. Новые Черемушки),СМ-Клиника,Москва,,,,,,От 1 года до 3 лет,,,2026-05-21T09:34:18+0300,https://hh.ru/vacancy/130275343
Бариста,133292893,Рентгенолаборант МРТ (м. Юго-Западная),СМ-Клиника,Москва,99000.0,,99000.0,RUR,True,От 1 года до 3 лет,,,2026-05-20T10:53:46+0300,https://hh.ru/vacancy/133292893
Бариста,133192396,Врач-офтальмолог (м. Улица 1905 года),СМ-Клиника,Москва,160000.0,,160000.0,RUR,True,От 3 до 6 лет,,,2026-05-21T10:45:24+0300,https://hh.ru/vacancy/133192396
Бариста,132835836,Руководитель торгового сектора (Одинцово),Лемана ПРО,Москва,,,,,,От 1 года до 3 лет,,,2026-05-21T11:56:06+0300,https://hh.ru/vacancy/132835836
Бариста,126887225,Дизайнер упаковки,Чижик,Москва,,,,,,От 3 до 6 лет,,,2026-05-21T17:17:16+0300,https://hh.ru/vacancy/126887225
Бариста,133007916,Администратор в автосалон,Peleton,Москва,80000.0,100000.0,90000.0,RUR,False,Нет опыта,,,2026-05-21T16:27:45+0300,https://hh.ru/vacancy/133007916
Бариста,132872127,"Старший менеджер ТЕРМОЛЭНД, г. Щелково",TERMOLAND,Москва,74712.0,100000.0,87356.0,RUR,True,От 1 года до 3 лет,,,2026-05-20T16:50:28+0300,https://hh.ru/vacancy/132872127
Бариста,132064103,Лидер операционного маркетинга Додо Пиццы,"DODO BRANDS (Dodo Pizza, Drinkit)",Москва,,,,,,От 3 до 6 лет,,,2026-05-21T15:10:49+0300,https://hh.ru/vacancy/132064103
Бариста,132214310,Руководитель торгового сектора,Лемана ПРО,Москва,,,,,,От 1 года до 3 лет,,,2026-05-21T11:43:30+0300,https://hh.ru/vacancy/132214310
Бариста,129755182,Руководитель торгового сектора (г. Наро-Фоминск),Лемана ПРО,Москва,,,,,,От 1 года до 3 лет,,,2026-05-21T11:43:10+0300,https://hh.ru/vacancy/129755182
Бариста,132546636,Бухгалтер,К.И.С.С.,Москва,130000.0,,130000.0,RUR,True,От 1 года до 3 лет,,,2026-05-21T16:25:09+0300,https://hh.ru/vacancy/132546636
Бариста,133128451,Менеджер по продажам в отдел HoReCa (алкогольный бизнес),Vintegra,Москва,100000.0,300000.0,200000.0,RUR,False,От 1 года до 3 лет,,,2026-05-21T11:18:11+0300,https://hh.ru/vacancy/133128451
Бариста,133342836,Ведущий бухгалтер,Такси Ритм,Москва,140000.0,,140000.0,RUR,False,Более 6 лет,,,2026-05-21T10:36:38+0300,https://hh.ru/vacancy/133342836
Бариста,133342771,Водитель-экспедитор,FreshCafe,Москва,135000.0,,135000.0,RUR,True,От 1 года до 3 лет,,,2026-05-21T10:35:33+0300,https://hh.ru/vacancy/133342771
Бариста,131965083,Специалист по компенсациям (C&B),EKONIKA,Москва,,,,,,От 3 до 6 лет,,,2026-05-21T18:51:32+0300,https://hh.ru/vacancy/131965083
Бариста,133254062,Ведущий менеджер по продажам (B2B),Европлан,Москва,250000.0,,250000.0,RUR,True,От 1 года до 3 лет,,,2026-05-21T10:32:01+0300,https://hh.ru/vacancy/133254062
Бариста,133187071,Директор по продажам/руководитель отдела продаж (телемаркетинг),СИНЕРГИЯ,Москва,240000.0,,240000.0,RUR,False,От 3 до 6 лет,,,2026-05-21T10:01:13+0300,https://hh.ru/vacancy/133187071
Бариста,133092616,Персональный водитель,ГИПРОНИИАВИАПРОМ,Москва,,,,,,От 3 до 6 лет,,,2026-05-20T11:52:34+0300,https://hh.ru/vacancy/133092616
Бариста,133294935,Медицинская сестра эндоскопии / медицинский брат эндоскопии (м. Текстильщики),СМ-Клиника,Москва,95700.0,,95700.0,RUR,True,От 1 года до 3 лет,,,2026-05-20T11:19:08+0300,https://hh.ru/vacancy/133294935
Бариста,133219855,Врач-физиотерапевт детский,ГБУЗ Детская городская поликлиника № 52 ДЗМ,Москва,130000.0,,130000.0,RUR,False,Нет опыта,,,2026-05-18T17:53:58+0300,https://hh.ru/vacancy/133219855
Бариста,131122119,Врач-терапевт (м. Марьина роща),СМ-Клиника,Москва,170000.0,,170000.0,RUR,True,От 1 года до 3 лет,,,2026-05-21T16:14:08+0300,https://hh.ru/vacancy/131122119
Бариста,130526338,Врач-невролог (м. Солнцево),СМ-Клиника,Москва,,,,,,От 1 года до 3 лет,,,2026-05-21T16:14:07+0300,https://hh.ru/vacancy/130526338
Бариста,132488877,Монтажник мультимедиа,СКС медиа,Москва,85000.0,130000.0,107500.0,RUR,False,Нет опыта,,,2026-05-21T19:05:15+0300,https://hh.ru/vacancy/132488877
Бариста,132676867,Менеджер торгового отдела,Лемана ПРО,Москва,95250.0,,95250.0,RUR,True,От 1 года до 3 лет,,,2026-05-21T17:05:06+0300,https://hh.ru/vacancy/132676867
Бариста,128732755,Территориальный менеджер Calzedonia,Oniverse,Москва,,,,,,От 1 года до 3 лет,,,2026-05-21T14:38:59+0300,https://hh.ru/vacancy/128732755
Бариста,132673568,Главный клиентский менеджер офиса,Россельхозбанк,Москва,110000.0,,110000.0,RUR,True,Нет опыта,,,2026-05-21T15:51:49+0300,https://hh.ru/vacancy/132673568
Бариста,130839321,Руководитель отдела администрирования средств кибербезопасности,РТ-ИНФОРМ,Москва,,,,,,От 3 до 6 лет,,,2026-05-22T14:53:11+0300,https://hh.ru/vacancy/130839321
Бариста,132207264,Пекарь,ГК Фьюжен Менеджмент,Москва,,80000.0,80000.0,RUR,False,От 1 года до 3 лет,,,2026-05-16T15:00:27+0300,https://hh.ru/vacancy/132207264
Бариста,124708753,Официант,ГРУППА КОМПАНИЙ МЕРИДИАН,Москва,65000.0,,65000.0,RUR,False,Нет опыта,,,2026-05-20T09:16:34+0300,https://hh.ru/vacancy/124708753
Бариста,132441013,Руководитель направления по организационному развитию,Информационное агентство России ТАСС,Москва,,,,,,Более 6 лет,,,2026-05-21T11:28:39+0300,https://hh.ru/vacancy/132441013
Бариста,133269502,Менеджер в Cream Soda,Любинский Валерий Александрович,Москва,115000.0,,115000.0,RUR,False,От 1 года до 3 лет,,,2026-05-19T17:06:31+0300,https://hh.ru/vacancy/133269502
Бариста,132740804,"Бухгалтер (поставщики, подрядчики)",Государственное автономное учреждение культуры города Москвы Центральный парк культуры и отдыха имени М.Горького,Москва,110000.0,,110000.0,RUR,True,От 3 до 6 лет,,,2026-05-22T09:19:43+0300,https://hh.ru/vacancy/132740804
Бариста,133357927,Бизнес-ассистент Президента Корпорации,СИНЕРГИЯ,Москва,,250000.0,250000.0,RUR,False,От 1 года до 3 лет,,,2026-05-21T13:54:23+0300,https://hh.ru/vacancy/133357927
Бариста,131501337,Повар горячего цеха,Пронто,Зеленоград,5500.0,,5500.0,RUR,False,От 1 года до 3 лет,,,2026-05-21T10:27:13+0300,https://hh.ru/vacancy/131501337
Бариста,132156438,Повар-заготовщик,ГК Фьюжен Менеджмент,Москва,,4000.0,4000.0,RUR,False,От 1 года до 3 лет,,,2026-05-15T11:03:18+0300,https://hh.ru/vacancy/132156438
Бариста,132170000,Бухгалтер,Комбитек,Москва,110000.0,,110000.0,RUR,False,От 1 года до 3 лет,,,2026-05-21T15:07:57+0300,https://hh.ru/vacancy/132170000
Бариста,131998068,Инженер технического надзора,СТРАТЕГИЯ,Москва,201250.0,201250.0,201250.0,RUR,True,От 3 до 6 лет,,,2026-05-21T09:54:00+0300,https://hh.ru/vacancy/131998068
Бариста,131600342,Медиатор-смотритель музея,ЧУ Музей Царь-Макет Страны,Москва,35000.0,70000.0,52500.0,RUR,False,Нет опыта,,,2026-05-22T13:16:39+0300,https://hh.ru/vacancy/131600342
Бариста,133202857,Ведущий бухгалтер,Росспецхолод,Москва,100000.0,120000.0,110000.0,RUR,False,От 1 года до 3 лет,,,2026-05-21T13:15:10+0300,https://hh.ru/vacancy/133202857
Бариста,132488553,Администратор клиентской службы,СИНЕРГИЯ,Москва,70000.0,70000.0,70000.0,RUR,False,Нет опыта,,,2026-05-21T12:47:46+0300,https://hh.ru/vacancy/132488553
Бариста,133339220,Механик приёмщик новой дорожно-строительной техники,GTS,Зеленоград,140000.0,,140000.0,RUR,False,От 1 года до 3 лет,,,2026-05-21T09:49:57+0300,https://hh.ru/vacancy/133339220
Бариста,132794227,Бизнес-ассистент Президента Корпорации,Кадровое агентство «Синергия»,Москва,200000.0,200000.0,200000.0,RUR,False,От 1 года до 3 лет,,,2026-05-21T12:46:08+0300,https://hh.ru/vacancy/132794227
Бариста,133347690,Пресейл-инженер/Pre-sale engineer (информационная безопасность),ЛАНИТ,Москва,,,,,,От 3 до 6 лет,,,2026-05-21T13:27:01+0300,https://hh.ru/vacancy/133347690
Бариста,133373714,Повар сушист в рыбный ресторан (Власова),Рыбная мануфактура,Москва,120000.0,130000.0,125000.0,RUR,False,От 1 года до 3 лет,,,2026-05-21T20:55:51+0300,https://hh.ru/vacancy/133373714
Бариста,131429750,Инженер-программист (видеоинтерфейс),НПЦ ЭЛВИС,Зеленоград,,,,,,От 1 года до 3 лет,,,2026-05-22T17:51:57+0300,https://hh.ru/vacancy/131429750
Бариста,132960703,Начинающий IT-специалист / Выездной инженер технической поддержки (IT-компания ЛЕММА),Первый Бит,Москва,120000.0,160000.0,140000.0,RUR,True,Нет опыта,,,2026-05-22T17:47:42+0300,https://hh.ru/vacancy/132960703
Бариста,133356534,Повар-универсал,Lounge bar НА ЛУНЕ,Москва,120000.0,120000.0,120000.0,RUR,False,От 1 года до 3 лет,,,2026-05-21T13:30:57+0300,https://hh.ru/vacancy/133356534
Бариста,133141789,Врач - уролог (м. Юго-западная),СМ-Клиника,Москва,160000.0,,160000.0,RUR,True,От 1 года до 3 лет,,,2026-05-20T17:34:41+0300,https://hh.ru/vacancy/133141789
Бариста,132428771,Growth-маркетолог (Performance & SMM),SKDESIGN (СК ДИЗАЙН),Москва,150000.0,200000.0,175000.0,RUR,False,От 1 года до 3 лет,,,2026-05-22T13:16:21+0300,https://hh.ru/vacancy/132428771
Бариста,133338940,Андеррайтер по корпоративному / коллективному страхованию от НСиБ,АльфаСтрахование,Москва,,,,,,От 1 года до 3 лет,,,2026-05-21T09:46:42+0300,https://hh.ru/vacancy/133338940
Бариста,133206781,Специалист по работе с абитуриентами,СИНЕРГИЯ,Москва,60900.0,60900.0,60900.0,RUR,False,Нет опыта,,,2026-05-21T14:43:47+0300,https://hh.ru/vacancy/133206781
Бариста,132703363,Продавец (м. Достоевская),Сеть розничных магазинов Добрынинский. Кондитерская и гастрономия.,Москва,70000.0,110000.0,90000.0,RUR,True,Нет опыта,,,2026-05-21T09:32:16+0300,https://hh.ru/vacancy/132703363
Бариста,131177531,Продавец (м. Ростокино),Сеть розничных магазинов Добрынинский. Кондитерская и гастрономия.,Москва,70000.0,110000.0,90000.0,RUR,True,Нет опыта,,,2026-05-21T09:30:58+0300,https://hh.ru/vacancy/131177531
Бариста,122795734,Менеджер проектных продаж (вентиляционное оборудование),Бриз - Климатические Системы,Москва,150000.0,250000.0,200000.0,RUR,True,От 3 до 6 лет,,,2026-05-21T19:49:42+0300,https://hh.ru/vacancy/122795734
Бариста,132233539,Медицинская сестра процедурная / Медицинский брат процедурный,СМ-Клиника,Москва,99000.0,,99000.0,RUR,True,От 1 года до 3 лет,,,2026-05-20T16:54:49+0300,https://hh.ru/vacancy/132233539
Бариста,133384032,Ведущий инженер-конструктор НВФ (навесные вентилируемые фасады),ИНСТРАКТ,Москва,200000.0,,200000.0,RUR,False,От 3 до 6 лет,,,2026-05-22T09:25:20+0300,https://hh.ru/vacancy/133384032
Бариста,133388237,Официант,M.PROGECT (ИП Юлдашева Малика Реимбаевна),Москва,140000.0,250000.0,195000.0,RUR,False,Нет опыта,,,2026-05-22T10:33:11+0300,https://hh.ru/vacancy/133388237
Бариста,132688839,Амбассадор ИИ-продукта / партнёр по рекомендациям,Зейнулгабиден Алтынбек Габдрахманулы,Москва,120000.0,450000.0,285000.0,RUR,False,От 1 года до 3 лет,,,2026-05-22T14:29:28+0300,https://hh.ru/vacancy/132688839
Бариста,131267262,Врач-невролог (м. Севастопольская),СМ-Клиника,Москва,160000.0,,160000.0,RUR,True,От 1 года до 3 лет,,,2026-05-21T13:03:07+0300,https://hh.ru/vacancy/131267262
Бариста,133082710,Руководитель развития региона (управление франчайзи),"DODO BRANDS (Dodo Pizza, Drinkit)",Москва,,,,,,От 3 до 6 лет,,,2026-05-21T10:14:05+0300,https://hh.ru/vacancy/133082710
Бариста,132852036,Менеджер по продажам/ менеджер по развитию (упаковка),Лидер,Москва,150000.0,,150000.0,RUR,False,От 1 года до 3 лет,,,2026-05-21T16:14:28+0300,https://hh.ru/vacancy/132852036
Бариста,133214425,Официант в ресторан Гамбринус,Ресторан Гамбринус на Киевской,Москва,185000.0,,185000.0,RUR,False,От 1 года до 3 лет,,,2026-05-21T16:09:33+0300,https://hh.ru/vacancy/133214425
Бариста,131546594,Продавец (м. Бунинская аллея),Сеть розничных магазинов Добрынинский. Кондитерская и гастрономия.,Москва,70000.0,110000.0,90000.0,RUR,False,Нет опыта,,,2026-05-21T09:06:00+0300,https://hh.ru/vacancy/131546594
Бариста,129991245,KAM / Менеджер по продаже решений Кибербезопасности (Направление по работе с силовыми структурами),ИНФОРМЗАЩИТА,Москва,,,,,,От 3 до 6 лет,,,2026-05-21T11:21:06+0300,https://hh.ru/vacancy/129991245
Бариста,132258077,Продавец (м.Авиамоторная),Сеть розничных магазинов Добрынинский. Кондитерская и гастрономия.,Москва,70000.0,110000.0,90000.0,RUR,False,Нет опыта,,,2026-05-21T09:05:37+0300,https://hh.ru/vacancy/132258077
Бариста,133303534,Архитектор/дизайнер интерьера Дринкит,"DODO BRANDS (Dodo Pizza, Drinkit)",Москва,,,,,,От 3 до 6 лет,,,2026-05-20T13:18:51+0300,https://hh.ru/vacancy/133303534
Бариста,133370166,Менеджер по работе с ключевыми клиентами,1-й Кулинарный,Москва,,,,,,От 1 года до 3 лет,,,2026-05-21T17:26:34+0300,https://hh.ru/vacancy/133370166
Бариста,133344768,Ассистент руководителя,НССД,Москва,120000.0,170000.0,145000.0,RUR,False,От 3 до 6 лет,,,2026-05-21T11:06:34+0300,https://hh.ru/vacancy/133344768
Бариста,131053121,Повар,Пронто,Люберцы  (Московская область),80000.0,,80000.0,RUR,False,От 1 года до 3 лет,,,2026-05-21T10:06:06+0300,https://hh.ru/vacancy/131053121
Бариста,133289026,Ночной пекарь-слойщик,Печорин Групп,Москва,5300.0,,5300.0,RUR,False,От 1 года до 3 лет,,,2026-05-20T10:04:52+0300,https://hh.ru/vacancy/133289026
Бариста,133341945,Директор ресторана,Ресторан,Москва,150000.0,250000.0,200000.0,RUR,True,От 3 до 6 лет,,,2026-05-21T10:24:16+0300,https://hh.ru/vacancy/133341945
Бариста,132857224,Экономист - бухгалтер,СИНЕРГИЯ,Москва,,,,,,От 1 года до 3 лет,,,2026-05-21T18:29:33+0300,https://hh.ru/vacancy/132857224
Бариста,133240146,Архивариус,КРОСТ,Москва,100000.0,120000.0,110000.0,RUR,False,От 3 до 6 лет,,,2026-05-19T10:32:34+0300,https://hh.ru/vacancy/133240146
Бариста,133292054,Санитар/Санитарка,Медицина,Москва,81000.0,81000.0,81000.0,RUR,True,От 1 года до 3 лет,,,2026-05-20T10:44:09+0300,https://hh.ru/vacancy/133292054
Бариста,133243770,Офис-менеджер,ЛАНИТ,Москва,,,,,,От 1 года до 3 лет,,,2026-05-19T11:23:47+0300,https://hh.ru/vacancy/133243770
Бариста,132987179,Повар - универсал (ресторан),FeelGoodBar (ООО Радуем),Москва,90000.0,130000.0,110000.0,RUR,False,От 1 года до 3 лет,,,2026-05-21T11:30:34+0300,https://hh.ru/vacancy/132987179
Бариста,133355721,Менеджер ресторана,NOVOTEL Moscow City Hotel,Москва,85000.0,,85000.0,RUR,True,От 1 года до 3 лет,,,2026-05-21T13:18:07+0300,https://hh.ru/vacancy/133355721
Бариста,132392077,Продавец (м. Тверская),Сеть розничных магазинов Добрынинский. Кондитерская и гастрономия.,Москва,,110000.0,110000.0,RUR,True,Нет опыта,,,2026-05-21T08:00:21+0300,https://hh.ru/vacancy/132392077
Бариста,129853207,"Мастер-приёмщик слесарного направления VAG (Audi, Porsche)",Юнит,Москва,150000.0,,150000.0,RUR,False,От 3 до 6 лет,,,2026-05-22T09:33:00+0300,https://hh.ru/vacancy/129853207
Бариста,132991531,Бухгалтер 1 категории (Учет операций по лицевым и расчетным счетам),Государственное автономное учреждение культуры города Москвы Центральный парк культуры и отдыха имени М.Горького,Москва,110000.0,,110000.0,RUR,True,От 1 года до 3 лет,,,2026-05-22T11:57:33+0300,https://hh.ru/vacancy/132991531
Бариста,133096664,"Бухгалтер по заработной плате и расчетам с покупателями (сч. 70, 62)",ГЕМ,Москва,117000.0,117000.0,117000.0,RUR,False,От 1 года до 3 лет,,,2026-05-21T10:36:59+0300,https://hh.ru/vacancy/133096664
Бариста,132685272,Операционный директор (Кондитерское производство),Любовь и Сладости,Москва,,,,,,От 3 до 6 лет,,,2026-05-22T08:21:37+0300,https://hh.ru/vacancy/132685272
Бариста,133311506,Продавец-кассир АЗС,Retail Personal,Москва,70000.0,90000.0,80000.0,RUR,True,Нет опыта,,,2026-05-20T15:26:42+0300,https://hh.ru/vacancy/133311506
Бариста,126811246,Главный/Ведущий специалист технолог (медицинские объекты),Градостроительный Институт МИРПРОЕКТ,Москва,,,,,,Более 6 лет,,,2026-05-21T12:30:04+0300,https://hh.ru/vacancy/126811246
Бариста,132882294,Менеджер-администратор в рестопаб,Pub Life Group,Москва,90000.0,,90000.0,RUR,False,От 1 года до 3 лет,,,2026-05-19T13:55:17+0300,https://hh.ru/vacancy/132882294
Бариста,133011760,Инженер по эксплуатации зданий и сооружений,Лемана ПРО,Москва,153000.0,,153000.0,RUR,True,От 3 до 6 лет,,,2026-05-21T17:39:39+0300,https://hh.ru/vacancy/133011760
Бариста,133220764,Медицинская сестра / медицинский брат прививочного кабинета,ГБУЗ Детская городская поликлиника № 52 ДЗМ,Москва,85000.0,,85000.0,RUR,True,От 1 года до 3 лет,,,2026-05-18T18:21:58+0300,https://hh.ru/vacancy/133220764
Бариста,132320452,Старший специалист ПОД/ФТ (ВЭД),Т-Банк,Москва,,,,,,От 1 года до 3 лет,,,2026-05-21T09:13:14+0300,https://hh.ru/vacancy/132320452
Бариста,133354581,Старший Perl разработчик,Инфосистемы Джет,Москва,,,,,,От 3 до 6 лет,,,2026-05-21T13:03:41+0300,https://hh.ru/vacancy/133354581
Бариста,132469707,Технический переводчик с китайского языка,Хэхуа-Рус,Москва,,200000.0,200000.0,RUR,False,От 1 года до 3 лет,,,2026-05-21T10:14:57+0300,https://hh.ru/vacancy/132469707
Бариста,132134432,Ведущий менеджер по партнерскому маркетингу,MERLION,Москва,,,,,,От 3 до 6 лет,,,2026-05-20T15:36:17+0300,https://hh.ru/vacancy/132134432
Бариста,133248269,Руководитель отдела продаж HoReCa,Горизонталь,Москва,200000.0,,200000.0,RUR,False,От 3 до 6 лет,,,2026-05-22T12:20:34+0300,https://hh.ru/vacancy/133248269
Бариста,133349480,Руководитель направления по развитию телефонных продаж,Альфа-Банк,Москва,,,,,,Нет опыта,,,2026-05-21T11:50:26+0300,https://hh.ru/vacancy/133349480
Бариста,132993854,Зубной техник (3D-моделирование),Флексилайнер,Москва,80000.0,200000.0,140000.0,RUR,True,Нет опыта,,,2026-05-21T12:58:15+0300,https://hh.ru/vacancy/132993854
Бариста,131078293,Врач-невролог детский (м. Войковская),СМ-Клиника,Москва,,,,,,От 1 года до 3 лет,,,2026-05-21T16:14:07+0300,https://hh.ru/vacancy/131078293
Бариста,132590594,Врач-нефролог (м. Бауманская),СМ-Клиника,Москва,,,,,,От 3 до 6 лет,,,2026-05-20T16:54:42+0300,https://hh.ru/vacancy/132590594
Бариста,125664787,Врач аллерголог-иммунолог (м. Текстильщики),СМ-Клиника,Москва,150000.0,,150000.0,RUR,True,От 1 года до 3 лет,,,2026-05-20T09:19:11+0300,https://hh.ru/vacancy/125664787
Бариста,133338206,Инженер-технолог,ЛОТЕС ТМ,Москва,110000.0,,110000.0,RUR,False,От 3 до 6 лет,,,2026-05-21T09:35:20+0300,https://hh.ru/vacancy/133338206
Бариста,133032632,Технолог пищевого производства,Рыбная мануфактура,Москва,,,,,,От 3 до 6 лет,,,2026-05-22T10:28:17+0300,https://hh.ru/vacancy/133032632
Бариста,133184285,Продюсер Президента Корпорации,Кадровое агентство «Синергия»,Москва,,,,,,От 3 до 6 лет,,,2026-05-21T09:28:28+0300,https://hh.ru/vacancy/133184285
Бариста,133396943,Старший инженер,НПЦ ЭЛВИС,Зеленоград,,,,,,От 1 года до 3 лет,,,2026-05-22T12:52:19+0300,https://hh.ru/vacancy/133396943
Бариста,132673089,Менеджер по торговому маркетингу,"Хорсъ, Кофейный дом",Москва,,,,,,От 3 до 6 лет,,,2026-04-30T15:45:34+0300,https://hh.ru/vacancy/132673089
Бариста,133290881,HR-бизнес-партнер (HR BP),Концерн Телематика,Москва,,,,,,От 3 до 6 лет,,,2026-05-20T10:29:17+0300,https://hh.ru/vacancy/133290881
Бариста,133302925,Санитарный врач,Белатрикс (ЦО),Москва,150000.0,,150000.0,RUR,False,От 3 до 6 лет,,,2026-05-20T13:11:09+0300,https://hh.ru/vacancy/133302925
Бариста,133405960,Повар-универсал,AG GROUP LLC,Москва,110000.0,150000.0,130000.0,RUR,False,От 1 года до 3 лет,,,2026-05-22T15:34:42+0300,https://hh.ru/vacancy/133405960
Бариста,132839008,Повар сушист ( м. Деловой центр),Рыбная мануфактура,Москва,90000.0,,90000.0,RUR,False,Нет опыта,,,2026-05-21T12:50:45+0300,https://hh.ru/vacancy/132839008
Бариста,133350645,Оператор по обработке заявок,МТС,Москва,53000.0,70000.0,61500.0,RUR,True,Нет опыта,,,2026-05-21T12:11:02+0300,https://hh.ru/vacancy/133350645
Бариста,129412471,Менеджер по продажам в сегменте HoReCa,Сенежская (ООО ФКПЧФ БОБИМЭКС тм),Москва,120000.0,,120000.0,RUR,False,От 1 года до 3 лет,,,2026-05-19T16:28:20+0300,https://hh.ru/vacancy/129412471
Бариста,133289596,Пекарь слойщик,Печорин Групп,Москва,5000.0,,5000.0,RUR,False,От 1 года до 3 лет,,,2026-05-20T10:10:26+0300,https://hh.ru/vacancy/133289596
Бариста,133289783,Ведущий менеджер по кадровому учету и бухгалтерскому документообороту,Северсталь,Москва,,90000.0,90000.0,RUR,False,От 1 года до 3 лет,,,2026-05-20T10:13:07+0300,https://hh.ru/vacancy/133289783
Бариста,132405281,Fullstack-разработчик,Группа Гута,Москва,180000.0,220000.0,200000.0,RUR,False,От 3 до 6 лет,,,2026-05-18T11:59:36+0300,https://hh.ru/vacancy/132405281
Бариста,130554862,Медицинская сестра процедурная / Медицинский брат процедурный,СМ-Клиника,Москва,98000.0,,98000.0,RUR,True,От 1 года до 3 лет,,,2026-05-20T16:14:01+0300,https://hh.ru/vacancy/130554862
Бариста,133357079,Цветочница / Цветочник,Полянка (ИП Каштанов Сергей Михайлович),Москва,100000.0,100000.0,100000.0,RUR,False,От 1 года до 3 лет,,,2026-05-21T13:40:01+0300,https://hh.ru/vacancy/133357079
Бариста,131657842,Ведущий/Главный специалист отдела противопожарных решений (МОПБ),Градостроительный Институт МИРПРОЕКТ,Москва,,,,,,Более 6 лет,,,2026-05-21T12:30:04+0300,https://hh.ru/vacancy/131657842
Бариста,122094847,"Врач-оториноларинголог/ЛОР (г. Ковров, Владимирская область)",Первый Клинический Медицинский Центр,Москва,200000.0,,200000.0,RUR,False,От 1 года до 3 лет,,,2026-05-22T12:29:29+0300,https://hh.ru/vacancy/122094847
Бариста,133126328,Менеджер по продажам и работе с клиентами,Бизнес Решение,Москва,250000.0,550000.0,400000.0,RUR,False,От 1 года до 3 лет,,,2026-05-21T10:45:56+0300,https://hh.ru/vacancy/133126328
Бариста,120620866,Медицинская сестра процедурная / Медицинский брат процедурный (м. Петровский парк/м. Динамо),СМ-Клиника,Москва,99000.0,,99000.0,RUR,True,От 1 года до 3 лет,,,2026-05-20T10:55:35+0300,https://hh.ru/vacancy/120620866
Бариста,133360879,Главный конструктор,НПЦ ЭЛВИС,Зеленоград,,,,,,Более 6 лет,,,2026-05-21T14:40:29+0300,https://hh.ru/vacancy/133360879
Бариста,132980464,Повар,Ресторанный комплекс Вега,Москва,4500.0,5500.0,5000.0,RUR,False,От 1 года до 3 лет,,,2026-05-21T10:12:52+0300,https://hh.ru/vacancy/132980464
Бариста,132857969,Младшая медицинская сестра/младший медицинский брат (м. Динамо/м. Петровский парк),СМ-Клиника,Москва,68500.0,,68500.0,RUR,True,Нет опыта,,,2026-05-20T10:54:52+0300,https://hh.ru/vacancy/132857969
Бариста,132091552,Продавец-кассир АЗС (м. Алтуфьево),Сеть АЗС «Газпромнефть» / ООО «Газпромнефть-Центр»,Москва,101000.0,,101000.0,RUR,True,Нет опыта,,,2026-05-21T17:35:58+0300,https://hh.ru/vacancy/132091552
Бариста,132840590,Раннер/Помощник официанта,ДжиСи Компани,Москва,40000.0,67000.0,53500.0,RUR,False,Нет опыта,,,2026-05-21T13:17:16+0300,https://hh.ru/vacancy/132840590
Бариста,133195704,Менеджер по развитию / менеджер по продажам отдел HoReCa,Лидер,Москва,,250000.0,250000.0,RUR,False,От 1 года до 3 лет,,,2026-05-21T11:38:42+0300,https://hh.ru/vacancy/133195704
Бариста,133362610,Архитектор / Ведущий архитектор Revit,СПА-Проект,Москва,140000.0,,140000.0,RUR,False,От 3 до 6 лет,,,2026-05-21T15:09:02+0300,https://hh.ru/vacancy/133362610
Бариста,133387827,Менеджер по продажам,ГБУЗ «Научно-практический клинический центр диагностики и телемедицинских технологий ДЗМ»,Москва,,,,,,От 3 до 6 лет,,,2026-05-22T10:25:53+0300,https://hh.ru/vacancy/133387827
Бариста,133313216,Бизнес ассистент руководителя по проектам логистики,ФК ПУЛЬС,Москва,,,,,,От 1 года до 3 лет,,,2026-05-20T15:53:33+0300,https://hh.ru/vacancy/133313216
Бариста,132322507,Менеджер по работе с ключевыми клиентами,Лемана ПРО,Москва,150400.0,,150400.0,RUR,True,Нет опыта,,,2026-05-21T10:38:44+0300,https://hh.ru/vacancy/132322507
Бариста,132402040,Медицинская сестра/медицинский брат-ОРИТ,СМ-Клиника,Москва,116100.0,,116100.0,RUR,True,От 1 года до 3 лет,,,2026-05-20T09:19:12+0300,https://hh.ru/vacancy/132402040
Бариста,133292682,Повар - пекарь (м. Потапово),FRENCH BAKERY,Москва,130000.0,,130000.0,RUR,False,От 1 года до 3 лет,,,2026-05-20T10:51:38+0300,https://hh.ru/vacancy/133292682
Бариста,133012287,Бухгалтер калькулятор iiko (2 обьекта),Манго,Москва,160000.0,160000.0,160000.0,RUR,False,От 3 до 6 лет,,,2026-05-21T17:53:00+0300,https://hh.ru/vacancy/133012287
Бариста,133303329,Шеф-повар Анимации,Белатрикс (ЦО),Москва,120000.0,150000.0,135000.0,RUR,False,От 1 года до 3 лет,,,2026-05-20T13:16:35+0300,https://hh.ru/vacancy/133303329
Бариста,133236177,Менеджер по продажам B2B,Восточные строительные технологии,Москва,176200.0,254600.0,215400.0,RUR,True,От 1 года до 3 лет,,,2026-05-22T09:40:40+0300,https://hh.ru/vacancy/133236177
Бариста,133247257,Повар горячего цеха,ЕСК,Москва,90000.0,90000.0,90000.0,RUR,False,От 1 года до 3 лет,,,2026-05-19T12:09:36+0300,https://hh.ru/vacancy/133247257
Бариста,131903714,Врач акушер-гинеколог - оперирующий (м. Юго-западная),СМ-Клиника,Москва,,,,,,От 3 до 6 лет,,,2026-05-20T17:34:48+0300,https://hh.ru/vacancy/131903714
Бариста,131675405,Старший системный инженер,ИНФОРМЗАЩИТА,Москва,,,,,,Более 6 лет,,,2026-05-21T13:19:38+0300,https://hh.ru/vacancy/131675405
Бариста,132211992,Бухгалтер по учету ТМЦ,Москва Карго,Москва,,,,,,От 1 года до 3 лет,,,2026-05-21T11:13:04+0300,https://hh.ru/vacancy/132211992
Бариста,132989842,Старший специалист финансового отдела,СИНЕРГИЯ,Москва,70000.0,150000.0,110000.0,RUR,False,От 1 года до 3 лет,,,2026-05-21T12:04:37+0300,https://hh.ru/vacancy/132989842
Бариста,133149718,Системный администратор,Бриз - Климатические Системы,Москва,,,,,,От 3 до 6 лет,,,2026-05-21T17:33:38+0300,https://hh.ru/vacancy/133149718
Бариста,133062426,Ведущий менеджер-технолог по производству долгосрочных POSM/торгового оборудования,ЛБК МАРКЕТИНГ ПРО,Москва,,,,,,От 3 до 6 лет,,,2026-05-22T18:11:33+0300,https://hh.ru/vacancy/133062426
Бариста,130845437,Менеджер по развитию продаж HoReCa (индивидуальный трек),Берёзка Фуд,Москва,300000.0,,300000.0,RUR,False,От 1 года до 3 лет,,,2026-05-21T12:57:28+0300,https://hh.ru/vacancy/130845437
Бариста,133354999,Менеджер по продажам B2B (HoReCa),Фелиса,Москва,300000.0,900000.0,600000.0,RUR,True,Нет опыта,,,2026-05-21T13:07:46+0300,https://hh.ru/vacancy/133354999
Бариста,132979468,Логист,Флексилайнер,Москва,85000.0,95000.0,90000.0,RUR,True,От 1 года до 3 лет,,,2026-05-21T10:02:05+0300,https://hh.ru/vacancy/132979468
Бариста,133270120,Менеджер комплекса TERMOLAND (Путилково),TERMOLAND,Москва,140000.0,,140000.0,RUR,True,От 1 года до 3 лет,,,2026-05-19T17:15:39+0300,https://hh.ru/vacancy/133270120
Бариста,132518798,Инженер технической поддержки,Сити Ресторантс,Москва,,,,,,От 3 до 6 лет,,,2026-05-20T13:25:20+0300,https://hh.ru/vacancy/132518798
Бариста,123417142,Врач-оториноларинголог (Текстильщики),СМ-Клиника,Москва,150000.0,,150000.0,RUR,True,От 1 года до 3 лет,,,2026-05-20T09:19:12+0300,https://hh.ru/vacancy/123417142
Бариста,126717816,Врач - уролог,СМ-Клиника,Москва,,,,,,От 1 года до 3 лет,,,2026-05-20T09:19:12+0300,https://hh.ru/vacancy/126717816
Бариста,127308282,Врач - уролог (ВДНХ),СМ-Клиника,Москва,,,,,,От 1 года до 3 лет,,,2026-05-20T09:19:11+0300,https://hh.ru/vacancy/127308282
Бариста,133357525,Повар-сушист (м. Киевская),Рыбная мануфактура,Москва,100000.0,120000.0,110000.0,RUR,False,От 1 года до 3 лет,,,2026-05-21T13:48:27+0300,https://hh.ru/vacancy/133357525
Бариста,133384374,Менеджер по развитию оптового отдела /Менеджер по оптовым продажам (Керамика/Керамогранит)/МОП,Бизнес Трейд,Москва,,,,,,От 1 года до 3 лет,,,2026-05-22T09:31:47+0300,https://hh.ru/vacancy/133384374
Бариста,133367622,Врач-стоматолог детский,СМ-Клиника,Москва,,,,,,От 1 года до 3 лет,,,2026-05-21T16:42:25+0300,https://hh.ru/vacancy/133367622
Бариста,133004162,Графический дизайнер,"ЦУМ, ТД",Москва,,,,,,От 3 до 6 лет,,,2026-05-20T16:22:52+0300,https://hh.ru/vacancy/133004162
Бариста,132866564,Повар-универсал (горячий цех /выпечка),ГРУППА КОМПАНИЙ МЕРИДИАН,Москва,85000.0,,85000.0,RUR,False,От 1 года до 3 лет,,,2026-05-20T09:16:35+0300,https://hh.ru/vacancy/132866564
Бариста,132350117,Копирайтер (офис),СИНЕРГИЯ,Москва,80000.0,80000.0,80000.0,RUR,False,От 1 года до 3 лет,,,2026-05-21T15:29:42+0300,https://hh.ru/vacancy/132350117
Бариста,133183373,Пресс-секретарь,Кадровое агентство «Синергия»,Москва,,,,,,От 3 до 6 лет,,,2026-05-21T09:17:21+0300,https://hh.ru/vacancy/133183373
Бариста,133362248,Менеджер по холодным продажам (Лидоруб),Картель,Москва,80000.0,,80000.0,RUR,True,От 1 года до 3 лет,,,2026-05-21T15:04:39+0300,https://hh.ru/vacancy/133362248
Бариста,133352187,Smm-менеджер (автомобильная тематика),Юнит,Москва,150000.0,,150000.0,RUR,False,От 1 года до 3 лет,,,2026-05-22T16:24:43+0300,https://hh.ru/vacancy/133352187
Бариста,132723036,Директор по цифровому обучению,СИНЕРГИЯ,Москва,,,,,,От 3 до 6 лет,,,2026-05-22T09:53:37+0300,https://hh.ru/vacancy/132723036
Бариста,132073676,"Руководитель отдела аналитики (SCADA, СУБД, АСТУ, АИИС КУЭ, АСМД Т и КРУЭ, РЗА)",ПиЭлСи Технолоджи,Москва,,,,,,Более 6 лет,,,2026-05-22T15:59:22+0300,https://hh.ru/vacancy/132073676
Бариста,133289632,Мастер-приёмщик,БошАвтосервис,Москва,120000.0,190000.0,155000.0,RUR,False,От 1 года до 3 лет,,,2026-05-20T10:11:01+0300,https://hh.ru/vacancy/133289632
Бариста,133349058,Менеджер по логистике,Восток Тендер,Москва,80000.0,120000.0,100000.0,RUR,False,От 1 года до 3 лет,,,2026-05-21T11:42:37+0300,https://hh.ru/vacancy/133349058
Бариста,129991578,KAM / Менеджер по продаже решений Кибербезопасности (Направление ТЭК),ИНФОРМЗАЩИТА,Москва,,,,,,От 3 до 6 лет,,,2026-05-21T11:21:06+0300,https://hh.ru/vacancy/129991578
Бариста,133348947,Продавец-кассир АЗС (м. Люблино),Сеть АЗС «Газпромнефть» / ООО «Газпромнефть-Центр»,Москва,101500.0,,101500.0,RUR,True,Нет опыта,,,2026-05-21T11:40:33+0300,https://hh.ru/vacancy/133348947
Бариста,128813586,"Разнорабочий на ПИВзавод, г. Москва",Сервис+,Москва,,316800.0,316800.0,RUR,False,Нет опыта,,,2026-05-20T11:08:20+0300,https://hh.ru/vacancy/128813586
Бариста,133127409,Оператор базы данных (патриотический проект),СИНЕРГИЯ,Москва,,,,,,От 1 года до 3 лет,,,2026-05-21T11:05:08+0300,https://hh.ru/vacancy/133127409
Бариста,132758766,Кладовщик,Международный Аэропорт Внуково,Москва,87800.0,,87800.0,RUR,True,Нет опыта,,,2026-05-21T11:21:32+0300,https://hh.ru/vacancy/132758766
Бариста,130248367,Инженер-проектировщик систем электроснабжения,"ТеплоЦентрСтрой, Группа Компаний",Москва,,,,,,От 1 года до 3 лет,,,2026-05-21T08:30:06+0300,https://hh.ru/vacancy/130248367
Бариста,133192135,Играющий руководитель отдела продаж B2B / РОП-тренер,Алдунина Юлия Олеговна,Москва,60000.0,300000.0,180000.0,RUR,False,От 1 года до 3 лет,,,2026-05-21T10:55:14+0300,https://hh.ru/vacancy/133192135
Бариста,132981008,Менеджер по продажам,Dantex Group,Москва,170000.0,,170000.0,RUR,False,От 1 года до 3 лет,,,2026-05-21T10:19:02+0300,https://hh.ru/vacancy/132981008
Бариста,133008566,SEO-специалист,СИНЕРГИЯ,Москва,80000.0,80000.0,80000.0,RUR,False,Нет опыта,,,2026-05-21T16:40:05+0300,https://hh.ru/vacancy/133008566
Бариста,130008888,Врач уролог-андролог (м. Петровский парк/м. Динамо),СМ-Клиника,Москва,,,,,,От 3 до 6 лет,,,2026-05-20T10:55:40+0300,https://hh.ru/vacancy/130008888
Бариста,130371652,Врач-гастроэнтеролог (м. Войковская/МЦК Балтийская),СМ-Клиника,Москва,,,,,,От 3 до 6 лет,,,2026-05-20T10:55:28+0300,https://hh.ru/vacancy/130371652
Бариста,132464218,Специалист товарного учета,WAISTLINE (ООО Линия Талии),Москва,70000.0,80000.0,75000.0,RUR,False,От 1 года до 3 лет,,,2026-05-21T10:38:57+0300,https://hh.ru/vacancy/132464218
Бариста,133361959,Начальник отдела стран Азиатско-Тихоокеанского региона Управления международной деятельности,ФГБОУ ВО РЭУ им. Г.В. Плеханова,Москва,150000.0,,150000.0,RUR,True,От 3 до 6 лет,,,2026-05-21T14:58:34+0300,https://hh.ru/vacancy/133361959
Бариста,132748889,Менеджер B2B продаж,Европлан,Москва,180000.0,,180000.0,RUR,True,От 1 года до 3 лет,,,2026-05-20T10:19:08+0300,https://hh.ru/vacancy/132748889
Бариста,132925279,Директор Факультета ИТ,Кадровое агентство «Синергия»,Москва,,,,,,От 3 до 6 лет,,,2026-05-21T10:23:44+0300,https://hh.ru/vacancy/132925279
Бариста,131672319,Директор Факультета Менеджмента,Кадровое агентство «Синергия»,Москва,,,,,,От 3 до 6 лет,,,2026-05-21T10:23:31+0300,https://hh.ru/vacancy/131672319
Бариста,133168681,Официант,Здрасте Тагильская,Москва,250.0,280.0,265.0,RUR,False,От 1 года до 3 лет,,,2026-05-17T14:40:11+0300,https://hh.ru/vacancy/133168681
Бариста,132335931,Операционный управляющий / Директор спортивно-развлекательного парка,НЕБО,Москва,,,,,,От 3 до 6 лет,,,2026-05-19T12:25:37+0300,https://hh.ru/vacancy/132335931
Бариста,133267704,"Специалист по маркировке/нанесению кодов (""Честный знак"")",rockets.coffee,Москва,80000.0,,80000.0,RUR,False,Нет опыта,,,2026-05-19T16:28:10+0300,https://hh.ru/vacancy/133267704
Бариста,133360972,Инженер-сметчик на проект,Фитнес-клубы XFIT,Москва,,160000.0,160000.0,RUR,False,От 3 до 6 лет,,,2026-05-21T14:42:11+0300,https://hh.ru/vacancy/133360972
Бариста,131520751,Бизнес-аналитик,Группа Гута,Москва,150000.0,200000.0,175000.0,RUR,False,От 3 до 6 лет,,,2026-05-18T11:59:42+0300,https://hh.ru/vacancy/131520751
Бариста,133039838,Рентгенолаборант КТ (Юго-Западная),СМ-Клиника,Москва,99000.0,,99000.0,RUR,True,От 1 года до 3 лет,,,2026-05-19T14:18:57+0300,https://hh.ru/vacancy/133039838
Бариста,133308064,Повар Горячего цеха в премиальный ресторан «Forum»,ОРГАНИК ГОЛЬФ,Москва,105000.0,,105000.0,RUR,False,От 1 года до 3 лет,,,2026-05-20T14:31:07+0300,https://hh.ru/vacancy/133308064
Бариста,133359205,Руководитель по развитию портфеля дебетовых карт,Альфа-Банк,Москва,,,,,,От 1 года до 3 лет,,,2026-05-21T14:13:24+0300,https://hh.ru/vacancy/133359205
Бариста,133219636,Старший менеджер по работе с повторными клиентами,Европлан,Москва,150000.0,,150000.0,RUR,False,От 1 года до 3 лет,,,2026-05-20T09:28:03+0300,https://hh.ru/vacancy/133219636
Бариста,133222540,Кондитер в ресторан Wine&Crab ( метро Лубянка ),МОСМАКС ТРЕТЬЯКОВСКИЙ,Москва,115000.0,,115000.0,RUR,False,От 1 года до 3 лет,,,2026-05-21T20:06:06+0300,https://hh.ru/vacancy/133222540
Бариста,132513259,Рентгенолаборант МРТ,Медицина,Москва,117000.0,117000.0,117000.0,RUR,True,От 1 года до 3 лет,,,2026-05-20T13:14:08+0300,https://hh.ru/vacancy/132513259
Бариста,133370097,Менеджер по работе с ключевыми клиентами,Космопак Про Трейд,Москва,100000.0,,100000.0,RUR,False,От 1 года до 3 лет,,,2026-05-21T17:25:55+0300,https://hh.ru/vacancy/133370097
Бариста,133322941,Руководитель отдела продаж баскетбольной арены,Баскетбольный Клуб Стремление,Москва,150000.0,250000.0,200000.0,RUR,False,От 1 года до 3 лет,,,2026-05-20T17:31:50+0300,https://hh.ru/vacancy/133322941
Бариста,131807736,"Кассир в Медицинский центр (м. Водный стадион, платформа Моссельмаш)",СМ-Клиника,Москва,84600.0,,84600.0,RUR,True,От 1 года до 3 лет,,,2026-05-19T09:50:51+0300,https://hh.ru/vacancy/131807736
Бариста,133193230,Заведующий производством (ГБУ СД Обручевский м. Калужская),Группа компаний РБЕ (RBE Group),Москва,106000.0,106000.0,106000.0,RUR,True,Нет опыта,,,2026-05-20T12:54:55+0300,https://hh.ru/vacancy/133193230
Бариста,132421651,Врач-дерматовенеролог,СМ-Клиника,Москва,,,,,,От 3 до 6 лет,,,2026-05-20T09:19:13+0300,https://hh.ru/vacancy/132421651
Бариста,133211967,Бухгалтер на участок банк-клиент,М-Стиль офис,Москва,120000.0,,120000.0,RUR,False,От 3 до 6 лет,,,2026-05-21T15:29:37+0300,https://hh.ru/vacancy/133211967
Бариста,132912800,Куратор/тьютор обучения,СИНЕРГИЯ,Москва,,,,,,Нет опыта,,,2026-05-21T09:49:48+0300,https://hh.ru/vacancy/132912800
Бариста,132833619,Повар,Кофейня Здрасте (ИП Слюсарь Анна Юрьевна),Москва,90000.0,150000.0,120000.0,RUR,False,От 1 года до 3 лет,,,2026-05-06T11:19:29+0300,https://hh.ru/vacancy/132833619
Бариста,128871973,Оператор-кассир АЗС (м. Братиславская),Retail Personal,Москва,75000.0,85000.0,80000.0,RUR,True,Нет опыта,,,2026-05-20T11:02:47+0300,https://hh.ru/vacancy/128871973
Бариста,132656593,Специалист по регистрации продукции в государственных реестрах (ПО и оборудование),ПиЭлСи Технолоджи,Москва,,,,,,От 3 до 6 лет,,,2026-05-22T17:02:57+0300,https://hh.ru/vacancy/132656593
Бариста,133312119,Повар-Коренщик на производство «Фабрика кухня»,ОРГАНИК ГОЛЬФ,Москва,75000.0,,75000.0,RUR,False,От 1 года до 3 лет,,,2026-05-20T15:38:17+0300,https://hh.ru/vacancy/133312119
Бариста,132676270,"Менеджер по продажам услуг (ДПО, пожарная безопасность)",АНО ДПО «Академия Промышленной Безопасности и Капитального Строительства»,Москва,200000.0,,200000.0,RUR,True,От 1 года до 3 лет,,,2026-05-21T16:49:47+0300,https://hh.ru/vacancy/132676270
Бариста,131416352,Сервис-инженер по ремонту кофемашин,Комус,Москва,110000.0,,110000.0,RUR,True,Нет опыта,,,2026-05-18T10:21:24+0300,https://hh.ru/vacancy/131416352
Бариста,132169959,Специалист службы поддержки студентов (Водный стадион),СИНЕРГИЯ,Москва,80000.0,104400.0,92200.0,RUR,False,От 1 года до 3 лет,,,2026-05-21T12:25:08+0300,https://hh.ru/vacancy/132169959
Бариста,133184001,Финансовый менеджер,Рыбная мануфактура,Москва,,,,,,От 1 года до 3 лет,,,2026-05-21T09:25:10+0300,https://hh.ru/vacancy/133184001
Бариста,133311139,Повар Пекарь-кондитер на производство «Фабрика кухня»,ОРГАНИК ГОЛЬФ,Москва,90000.0,,90000.0,RUR,False,От 1 года до 3 лет,,,2026-05-20T15:19:13+0300,https://hh.ru/vacancy/133311139
Бариста,132978709,Руководитель проекта (объектные продажи климатического оборудования),Бриз - Климатические Системы,Москва,,,,,,От 3 до 6 лет,,,2026-05-21T09:52:48+0300,https://hh.ru/vacancy/132978709
Бариста,132979028,Бухгалтер на первичную документацию (расходы),АКРОС,Москва,,,,,,От 3 до 6 лет,,,2026-05-21T09:57:01+0300,https://hh.ru/vacancy/132979028
Бариста,132461709,Специалист по работе с ключевыми клиентами,Лемана ПРО,Москва,78300.0,,78300.0,RUR,True,От 1 года до 3 лет,,,2026-05-21T09:50:27+0300,https://hh.ru/vacancy/132461709
Бариста,133247655,Мойщик посуды в столовую,ЕСК,Москва,60000.0,60000.0,60000.0,RUR,False,От 1 года до 3 лет,,,2026-05-19T12:13:55+0300,https://hh.ru/vacancy/133247655
Бариста,133368206,Руководитель отдела продаж (интернет-магазин),STROTSKIS GROUP,Москва,,,,,,От 3 до 6 лет,,,2026-05-21T16:56:31+0300,https://hh.ru/vacancy/133368206
Бариста,133223112,Продавец-консультант в Табак №1,T1&Kofifi (ИП Саакян Самвел Севакович),Москва,70000.0,,70000.0,RUR,False,Нет опыта,,,2026-05-18T21:19:41+0300,https://hh.ru/vacancy/133223112
Бариста,130606311,"Повар-пекарь (Москва, ул. Миклухо-Маклая, 18к2)",ВкусВилл,Москва,4000.0,4500.0,4250.0,RUR,False,Нет опыта,,,2026-05-20T13:07:54+0300,https://hh.ru/vacancy/130606311
Бариста,133310611,Травматолог-ортопед (м. Новые Черемушки),СМ-Клиника,Москва,,,,,,От 3 до 6 лет,,,2026-05-20T15:10:47+0300,https://hh.ru/vacancy/133310611
Бариста,133368159,Специалист по госзакупкам (44 ФЗ),Федеральное дорожное агентство,Москва,120000.0,,120000.0,RUR,False,От 1 года до 3 лет,,,2026-05-21T16:54:55+0300,https://hh.ru/vacancy/133368159
Бариста,133144681,Программист 1С/Бит финанс,ИНСТРАКТ,Москва,200000.0,220000.0,210000.0,RUR,False,От 3 до 6 лет,,,2026-05-21T15:47:06+0300,https://hh.ru/vacancy/133144681
Бариста,133130793,Оператор на поступлениям 1С,ГЛОБАЛ ГРУПП,Москва,100000.0,110000.0,105000.0,RUR,True,От 1 года до 3 лет,,,2026-05-15T11:58:38+0300,https://hh.ru/vacancy/133130793
Бариста,133321719,Сетевой инженер,Европлан,Москва,,,,,,От 3 до 6 лет,,,2026-05-20T17:07:59+0300,https://hh.ru/vacancy/133321719
Бариста,130388197,Стоматолог детский (м. Войковская),СМ-Клиника,Москва,200000.0,,200000.0,RUR,True,От 3 до 6 лет,,,2026-05-20T10:55:25+0300,https://hh.ru/vacancy/130388197
Бариста,131914769,"Продавец-консультант в бренды Diesel, Paul Shark (ЦУМ Outlet Киевский)","ЦУМ, ТД",Москва,100000.0,,100000.0,RUR,True,От 1 года до 3 лет,,,2026-05-20T14:42:52+0300,https://hh.ru/vacancy/131914769
Бариста,133269901,Шеф-повар,Фудфор,Москва,120000.0,150000.0,135000.0,RUR,False,От 1 года до 3 лет,,,2026-05-19T17:12:59+0300,https://hh.ru/vacancy/133269901
Бариста,131288879,Помощник официанта/раннер,ГРУППА КОМПАНИЙ МЕРИДИАН,Москва,,50000.0,50000.0,RUR,False,Нет опыта,,,2026-05-20T09:16:34+0300,https://hh.ru/vacancy/131288879
Бариста,132375192,Токарь 4 разряда,ФГУП ЦНИИчермет им.И.П.Бардина,Москва,,,,,,От 1 года до 3 лет,,,2026-05-21T10:28:44+0300,https://hh.ru/vacancy/132375192
Бариста,133293210,Начальник отдела сопровождения проектов развития (г. Иркутск),Fersol,Москва,,,,,,От 3 до 6 лет,,,2026-05-20T10:57:53+0300,https://hh.ru/vacancy/133293210
Бариста,133348878,Технолог общественного питания,АШАН Ритейл Россия,Москва,90000.0,103500.0,96750.0,RUR,True,От 1 года до 3 лет,,,2026-05-21T11:39:15+0300,https://hh.ru/vacancy/133348878
Бариста,132334119,Коммерческий директор Департамента по взаимодействию с госкорпорациями,СИНЕРГИЯ,Москва,,,,,,От 3 до 6 лет,,,2026-05-21T13:10:12+0300,https://hh.ru/vacancy/132334119
Бариста,133370920,Начальник отдела учета и оформления договоров,Аэропорт Домодедово,Москва,,,,,,От 3 до 6 лет,,,2026-05-21T17:34:22+0300,https://hh.ru/vacancy/133370920
Бариста,132478967,Смотритель загородного дома,Савицкая Д.В.,Москва,,80000.0,80000.0,RUR,False,Нет опыта,,,2026-05-21T14:49:11+0300,https://hh.ru/vacancy/132478967
Бариста,132365948,Оператор производственной линии (кабельный завод),Москабельмет,Москва,90000.0,120000.0,105000.0,RUR,False,Нет опыта,,,2026-05-21T08:39:05+0300,https://hh.ru/vacancy/132365948
Бариста,131022376,Повар (Зеленоград),ФудСтайл,Зеленоград,130000.0,,130000.0,RUR,False,Нет опыта,,,2026-05-19T12:22:18+0300,https://hh.ru/vacancy/131022376
Бариста,129991079,KAM/Менеджер по продаже решений Кибербезопасности (Нефтегазовая отрасль),ИНФОРМЗАЩИТА,Москва,,,,,,От 3 до 6 лет,,,2026-05-21T11:21:06+0300,https://hh.ru/vacancy/129991079
Бариста,129991429,KAM / Менеджер по продаже решений Кибербезопасности (Направление по работе с Госсектором),ИНФОРМЗАЩИТА,Москва,,,,,,От 3 до 6 лет,,,2026-05-21T11:21:06+0300,https://hh.ru/vacancy/129991429
Бариста,129991638,KAM / Менеджер по продаже решений Кибербезопасности,ИНФОРМЗАЩИТА,Москва,,,,,,От 3 до 6 лет,,,2026-05-21T11:21:06+0300,https://hh.ru/vacancy/129991638
Бариста,133201337,Продюсер в ивент-агентство (Senior Event Producer),СИНЕРГИЯ,Москва,200000.0,,200000.0,RUR,False,От 3 до 6 лет,,,2026-05-21T12:54:22+0300,https://hh.ru/vacancy/133201337
Бариста,130323302,Врач флеболог,СМ-Клиника,Москва,,,,,,От 1 года до 3 лет,,,2026-05-20T09:19:13+0300,https://hh.ru/vacancy/130323302
Бариста,133370545,Сервисный инженер,НПЦ ЭЛВИС,Зеленоград,,,,,,От 1 года до 3 лет,,,2026-05-21T17:30:21+0300,https://hh.ru/vacancy/133370545
Бариста,133139221,Бухгалтер (ИП УСН + ООО ОСНО),Чекашкин Александр Валерьевич,Москва,100000.0,115000.0,107500.0,RUR,False,От 1 года до 3 лет,,,2026-05-21T14:11:58+0300,https://hh.ru/vacancy/133139221
Бариста,133243389,Главный бухгалтер (ведение нескольких юридических лиц),ФК ПУЛЬС,Москва,,,,,,От 3 до 6 лет,,,2026-05-19T11:14:22+0300,https://hh.ru/vacancy/133243389
Бариста,133034673,Тренинг-менеджер (обучение и аттестация сменных менеджеров),Сеть кофеен Шоколадница,Москва,,,,,,От 1 года до 3 лет,,,2026-05-15T17:30:34+0300,https://hh.ru/vacancy/133034673
Бариста,132548483,Системный аналитик (Web / Mobile),EKONIKA,Москва,,,,,,От 3 до 6 лет,,,2026-05-21T17:06:07+0300,https://hh.ru/vacancy/132548483
Бариста,132402200,"Повар в проект ""Пешка""",Столик на одного,Москва,100000.0,140000.0,120000.0,RUR,False,От 1 года до 3 лет,,,2026-05-21T12:24:27+0300,https://hh.ru/vacancy/132402200
Бариста,133307278,Хозяюшка офиса,Профи.ру,Москва,70000.0,,70000.0,RUR,False,Нет опыта,,,2026-05-20T14:17:23+0300,https://hh.ru/vacancy/133307278
Бариста,133148182,Начальник сборочного производства/Старший мастер сборочного производства,Джиэнтех,Москва,,,,,,От 1 года до 3 лет,,,2026-05-21T16:59:16+0300,https://hh.ru/vacancy/133148182
Бариста,132844293,Повар мясного цеха,ЕСК,Москва,80000.0,80000.0,80000.0,RUR,False,От 1 года до 3 лет,,,2026-05-19T14:22:04+0300,https://hh.ru/vacancy/132844293
Бариста,133324041,"Администратор-менеджер в Парк-Отель ""Караван""",RBTL,Москва,4000.0,,4000.0,RUR,False,От 1 года до 3 лет,,,2026-05-20T18:06:50+0300,https://hh.ru/vacancy/133324041
Бариста,130866948,Медицинская сестра кабинетная/медицинский брат кабинетный (м. Севастопольская ),СМ-Клиника,Москва,90300.0,,90300.0,RUR,True,Нет опыта,,,2026-05-19T14:28:58+0300,https://hh.ru/vacancy/130866948
Бариста,125245879,Старший преподаватель. Кафедра математики и анализа данных,Финансовый университет при Правительстве РФ,Москва,95000.0,,95000.0,RUR,True,От 3 до 6 лет,,,2026-05-20T17:46:18+0300,https://hh.ru/vacancy/125245879
Бариста,129953693,Управляющий АЗС,General Fueller,Москва,132250.0,,132250.0,RUR,False,От 1 года до 3 лет,,,2026-05-19T15:02:53+0300,https://hh.ru/vacancy/129953693
Бариста,132804178,Управляющий АЗС,General Fueller,Зеленоград,132250.0,,132250.0,RUR,False,От 1 года до 3 лет,,,2026-05-19T15:02:27+0300,https://hh.ru/vacancy/132804178
Бариста,133304042,Заместитель главного бухгалтера в ресторанный холдинг,Maison DELLOS,Москва,130000.0,130000.0,130000.0,RUR,False,От 3 до 6 лет,,,2026-05-20T13:26:27+0300,https://hh.ru/vacancy/133304042
Бариста,133194711,"Повар на АЗС (г. Видное, 26 км МКАД вл.9)",ЛУКОЙЛ,Москва,85000.0,,85000.0,RUR,False,От 1 года до 3 лет,,,2026-05-18T11:24:33+0300,https://hh.ru/vacancy/133194711
Бариста,133194352,"Повар на АЗС (д. Исаково, ул. Сосновая, 2В)",ЛУКОЙЛ,Москва,90000.0,,90000.0,RUR,False,От 1 года до 3 лет,,,2026-05-18T11:20:45+0300,https://hh.ru/vacancy/133194352
Бариста,133205528,Руководитель отдела продаж (со знанием английского языка),СИНЕРГИЯ,Москва,250000.0,,250000.0,RUR,False,От 3 до 6 лет,,,2026-05-21T13:55:46+0300,https://hh.ru/vacancy/133205528
Бариста,132995951,Врач функциональной диагностики,Медицина,Москва,195500.0,,195500.0,RUR,True,От 1 года до 3 лет,,,2026-05-20T17:57:57+0300,https://hh.ru/vacancy/132995951
Бариста,133248969,Администратор ночной службы приема и размещения гостей,ActivHotels,Москва,75000.0,,75000.0,RUR,True,Нет опыта,,,2026-05-19T12:30:26+0300,https://hh.ru/vacancy/133248969
Бариста,127091293,Старший продавец-консультант (м. Прокшино),"КуулКлевер (МясновЪ, Отдохни)",Москва,130000.0,250000.0,190000.0,RUR,True,От 1 года до 3 лет,,,2026-05-21T09:46:00+0300,https://hh.ru/vacancy/127091293
Бариста,132839338,Инженер по тестированию T-FLEX DOCs,Топ Системы,Москва,,,,,,От 1 года до 3 лет,,,2026-05-21T12:12:03+0300,https://hh.ru/vacancy/132839338
Бариста,130971218,Преподаватель Кафедры общего и проектного менеджмента,Финансовый университет при Правительстве РФ,Москва,93600.0,,93600.0,RUR,True,От 1 года до 3 лет,,,2026-05-20T15:39:19+0300,https://hh.ru/vacancy/130971218
Бариста,132464116,Начинающий менеджер по сопровождению вип-клиентов,Экспобанк,Москва,,70000.0,70000.0,RUR,False,Нет опыта,,,2026-05-20T09:16:56+0300,https://hh.ru/vacancy/132464116
Бариста,132043877,Ассистент стоматолога в детское отделение (м. Марьина Роща),СМ-Клиника,Москва,120000.0,,120000.0,RUR,True,От 1 года до 3 лет,,,2026-05-20T10:55:43+0300,https://hh.ru/vacancy/132043877
Бариста,132673478,Ведущий специалист по информационной безопасности,EKONIKA,Москва,,,,,,От 3 до 6 лет,,,2026-05-21T15:49:38+0300,https://hh.ru/vacancy/132673478
Бариста,131514844,Специалист по климатической технике,СМ-Клиника,Москва,120000.0,134000.0,127000.0,RUR,True,От 1 года до 3 лет,,,2026-05-19T14:17:10+0300,https://hh.ru/vacancy/131514844
Бариста,132162158,Менеджер по контент-маркетингу и PR,Инфосистемы Джет,Москва,,,,,,От 1 года до 3 лет,,,2026-05-20T11:54:29+0300,https://hh.ru/vacancy/132162158
Бариста,133337515,Менеджер по продажам,Ice Beru,Воронеж,30000.0,200000.0,115000.0,RUR,False,От 1 года до 3 лет,,,2026-05-21T09:23:55+0300,https://hh.ru/vacancy/133337515
Бариста,131659276,Инженер по эксплуатации зданий и сооружений,Лемана ПРО,Москва,153000.0,,153000.0,RUR,True,От 3 до 6 лет,,,2026-05-21T09:13:01+0300,https://hh.ru/vacancy/131659276
Бариста,133367237,Ведущий технический писатель (Lead),Атлас,Москва,,,,,,Более 6 лет,,,2026-05-21T16:34:10+0300,https://hh.ru/vacancy/133367237
Бариста,126810926,Ведущий специалист сметного отдела,Градостроительный Институт МИРПРОЕКТ,Москва,,,,,,От 3 до 6 лет,,,2026-05-21T12:30:04+0300,https://hh.ru/vacancy/126810926
Бариста,133314690,Инженер по эксплуатации столовая,DCS Food,Москва,130000.0,130000.0,130000.0,RUR,False,От 1 года до 3 лет,,,2026-05-20T16:04:28+0300,https://hh.ru/vacancy/133314690
Бариста,133355328,"Менеджер по продажам, менеджер по работе с клиентами (холодные звонки)",Клин-Лайн,Москва,50000.0,90000.0,70000.0,RUR,False,Нет опыта,,,2026-05-21T13:12:10+0300,https://hh.ru/vacancy/133355328
Бариста,131469467,Повар горячего цеха (корпоративная столовая при БЦ Россети),Группа компаний РБЕ (RBE Group),Москва,109000.0,109000.0,109000.0,RUR,True,От 1 года до 3 лет,,,2026-05-14T15:25:57+0300,https://hh.ru/vacancy/131469467
Бариста,133015831,Логист/Менеджер по логистике на месте работодателя,ДПО Учебный центр Квалификация,Москва,150000.0,150000.0,150000.0,RUR,False,От 1 года до 3 лет,,,2026-05-21T21:17:57+0300,https://hh.ru/vacancy/133015831
Бариста,133370608,Главный юрисконсульт по сопровождению коммерческих договоров,Аэропорт Домодедово,Москва,,,,,,От 3 до 6 лет,,,2026-05-21T17:30:47+0300,https://hh.ru/vacancy/133370608
Бариста,131626349,Менеджер по закупкам в Дринкит (категории кухонного оборудования),"DODO BRANDS (Dodo Pizza, Drinkit)",Москва,,,,,,От 3 до 6 лет,,,2026-05-18T10:46:07+0300,https://hh.ru/vacancy/131626349
Бариста,131344917,"Рентгенолаборант (Классика, м. Юго-западная)",СМ-Клиника,Москва,102000.0,,102000.0,RUR,True,От 1 года до 3 лет,,,2026-05-19T08:32:32+0300,https://hh.ru/vacancy/131344917
Бариста,131984508,Специалист центральной станции мониторинга (Гольфстрим),МТС,Москва,55000.0,80000.0,67500.0,RUR,True,Нет опыта,,,2026-05-21T14:11:54+0300,https://hh.ru/vacancy/131984508
Бариста,132677521,Level Artist,Цифровые Пространственные Технологии,Москва,,,,,,От 1 года до 3 лет,,,2026-05-21T17:19:16+0300,https://hh.ru/vacancy/132677521
Бариста,130380904,Электрик (м. Отрадное),СМ-Клиника,Москва,72100.0,,72100.0,RUR,True,От 3 до 6 лет,,,2026-05-19T14:17:10+0300,https://hh.ru/vacancy/130380904
Бариста,131922488,Учитель информатики,Национальный исследовательский ядерный университет МИФИ,Москва,,,,,,От 1 года до 3 лет,,,2026-05-20T15:02:11+0300,https://hh.ru/vacancy/131922488
Бариста,132073473,Медицинская сестра - координатор / медицинский брат - координатор (м. Юго-Западная),СМ-Клиника,Москва,90300.0,,90300.0,RUR,True,Нет опыта,,,2026-05-19T08:33:04+0300,https://hh.ru/vacancy/132073473
Бариста,127013737,Врач УЗИ (м. Войковская/МЦК Балтийская),СМ-Клиника,Москва,,,,,,От 1 года до 3 лет,,,2026-05-20T10:55:46+0300,https://hh.ru/vacancy/127013737
Бариста,132537299,Кассир в столовую,YURA Restaurant & Bar,Москва,60000.0,60000.0,60000.0,RUR,False,От 1 года до 3 лет,,,2026-05-21T14:19:09+0300,https://hh.ru/vacancy/132537299
Бариста,133105090,Руководитель по продукту и ассортименту,SKDESIGN (СК ДИЗАЙН),Москва,250000.0,,250000.0,RUR,False,От 3 до 6 лет,,,2026-05-22T12:11:31+0300,https://hh.ru/vacancy/133105090
Бариста,131552020,Главный специалист по взаимодействию с госорганами/ GR-менеджер,Международный аэропорт Шереметьево,Москва,,146000.0,146000.0,RUR,False,От 1 года до 3 лет,,,2026-05-21T08:58:16+0300,https://hh.ru/vacancy/131552020
Бариста,132653598,Менеджер по электронной коммерции/E-commerce manager (Apteka.ru),Джи Эл Эс Фармасьютикалз,Москва,,,,,,От 1 года до 3 лет,,,2026-05-21T12:44:38+0300,https://hh.ru/vacancy/132653598
Бариста,133295790,Главный специалист отдела кадрового делопроизводства,Выставка достижений народного хозяйства,Москва,125000.0,125000.0,125000.0,RUR,False,От 3 до 6 лет,,,2026-05-20T11:31:32+0300,https://hh.ru/vacancy/133295790
Бариста,133336130,Инженер-конструктор радиоэлектронного оборудования,ЛОТЕС ТМ,Москва,110000.0,,110000.0,RUR,False,От 1 года до 3 лет,,,2026-05-21T09:01:56+0300,https://hh.ru/vacancy/133336130
Бариста,132211853,Грузчик,Национальный исследовательский ядерный университет МИФИ,Москва,,,,,,Нет опыта,,,2026-05-20T17:28:56+0300,https://hh.ru/vacancy/132211853
Бариста,132744681,Представитель банка/Менеджер банка,Департамент персонала,Москва,120000.0,140000.0,130000.0,RUR,True,Нет опыта,,,2026-05-04T13:39:42+0300,https://hh.ru/vacancy/132744681
Бариста,133293498,"Главный консультант по внутренним служебным проверкам (трудовое право, 44-ФЗ, 223-ФЗ)",Выставка достижений народного хозяйства,Москва,190000.0,190000.0,190000.0,RUR,True,От 3 до 6 лет,,,2026-05-20T11:02:27+0300,https://hh.ru/vacancy/133293498
Бариста,132833594,Повар /Старший повар (МЦД Московоречье),Авто-Альянс,Москва,80000.0,,80000.0,RUR,False,От 1 года до 3 лет,,,2026-05-18T17:53:51+0300,https://hh.ru/vacancy/132833594
Бариста,132718832,Начальник производства/технический директор (23 года в числе лидеров поставок алюминия),Уральская алюминиевая компания,Москва,175000.0,250000.0,212500.0,RUR,False,От 3 до 6 лет,,,2026-05-22T08:59:42+0300,https://hh.ru/vacancy/132718832
Бариста,124214861,Врач-физиотерапевт,СМ-Клиника,Солнечногорск (Московская область),,,,,,От 1 года до 3 лет,,,2026-05-20T09:19:12+0300,https://hh.ru/vacancy/124214861
Бариста,128174312,Врач-невролог,СМ-Клиника,Москва,,,,,,От 1 года до 3 лет,,,2026-05-20T09:19:12+0300,https://hh.ru/vacancy/128174312
Бариста,132520023,Специалист по работе с маркетплейсами,Бриз - Климатические Системы,Москва,,,,,,От 3 до 6 лет,,,2026-05-21T10:11:17+0300,https://hh.ru/vacancy/132520023
Бариста,132613682,"Администратор аюрведического центра ""КЕРАЛА""",Сеть салонов Caterina Leman,Москва,80000.0,120000.0,100000.0,RUR,False,От 1 года до 3 лет,,,2026-05-21T10:40:15+0300,https://hh.ru/vacancy/132613682
Бариста,132664390,"Администратор аюрведического центра ""КЕРАЛА""","Эстель Адони, Сеть салонов элитного белья",Москва,80000.0,,80000.0,RUR,False,От 1 года до 3 лет,,,2026-05-21T10:39:48+0300,https://hh.ru/vacancy/132664390
Бариста,131378583,Врач-онколог,СМ-Клиника,Москва,,,,,,От 1 года до 3 лет,,,2026-05-20T09:19:11+0300,https://hh.ru/vacancy/131378583
Бариста,133201641,Администратор на ресепшен,СИНЕРГИЯ,Москва,100000.0,100000.0,100000.0,RUR,False,От 1 года до 3 лет,,,2026-05-21T13:00:14+0300,https://hh.ru/vacancy/133201641
Бариста,132400836,Специалист технической поддержки,Лемана ПРО,Краснодар,74825.0,74825.0,74825.0,RUR,True,От 1 года до 3 лет,,,2026-05-21T09:53:20+0300,https://hh.ru/vacancy/132400836
Бариста,132994798,Врач-эндоскопист (м. Молодежная),СМ-Клиника,Москва,,,,,,От 1 года до 3 лет,,,2026-05-12T13:10:42+0300,https://hh.ru/vacancy/132994798
Бариста,132901279,Оператор отдела сервиса,Нео-Терм,Москва,100000.0,,100000.0,RUR,False,От 1 года до 3 лет,,,2026-05-22T22:04:53+0300,https://hh.ru/vacancy/132901279
Бариста,132759271,Менеджер пункта выдачи заказов (Оператор),Айсберг,Москва,60000.0,90000.0,75000.0,RUR,False,Нет опыта,,,2026-05-22T17:11:22+0300,https://hh.ru/vacancy/132759271
Бариста,132832887,Менеджер (Оператор) пункта выдачи заказов,Айсберг,Москва,80000.0,120000.0,100000.0,RUR,False,Нет опыта,,,2026-05-21T11:09:48+0300,https://hh.ru/vacancy/132832887
Бариста,133180073,Оператор ПВЗ Озон,Бобрихина Елизавета Александровна,Москва,2700.0,,2700.0,RUR,False,Нет опыта,,,2026-05-18T08:29:01+0300,https://hh.ru/vacancy/133180073
Бариста,132923828,"Стекольщик, Резчик стекла, керамогранита / Оператор станков ЧПУ / Ученик",Верона-Стиль,Москва,150000.0,200000.0,175000.0,RUR,False,От 1 года до 3 лет,,,2026-05-08T13:50:09+0300,https://hh.ru/vacancy/132923828
Бариста,132740051,Менеджер по работе с клиентами / Офис-менеджер,ТЭК электроникс,Москва,90000.0,,90000.0,RUR,False,От 1 года до 3 лет,,,2026-05-22T12:42:02+0300,https://hh.ru/vacancy/132740051
Бариста,133365688,"Специалист по работе с маркировкой "" Честный знак""",Регент Рус,Москва,80000.0,,80000.0,RUR,False,От 1 года до 3 лет,,,2026-05-21T16:04:59+0300,https://hh.ru/vacancy/133365688
Бариста,132986130,Специалист технической поддержки (2-я линия),Премиум Бонус,Москва,,100000.0,100000.0,RUR,False,От 1 года до 3 лет,,,2026-05-21T11:16:07+0300,https://hh.ru/vacancy/132986130
Бариста,133219568,Ведущий инженер,Софтайм,Москва,,,,,,От 1 года до 3 лет,,,2026-05-18T17:44:36+0300,https://hh.ru/vacancy/133219568
Бариста,133135112,"Инженер по эксплуатации / Мастер-ремонтник, Хозяйственно-эксплуатационная служба",РОЯЛ КЕЙК,Москва,70000.0,80000.0,75000.0,RUR,False,От 1 года до 3 лет,,,2026-05-15T13:05:04+0300,https://hh.ru/vacancy/133135112
Бариста,133394388,Чайный мастер в сеть китайских ресторанов “Chiho”,Chiho,Москва,70000.0,,70000.0,RUR,False,Нет опыта,,,2026-05-22T12:14:17+0300,https://hh.ru/vacancy/133394388
Бариста,131868292,"Повар-пекарь (Москва, ул. Каховка 20А)",ВкусВилл,Москва,4000.0,4500.0,4250.0,RUR,False,Нет опыта,,,2026-05-06T12:41:39+0300,https://hh.ru/vacancy/131868292
Бариста,131868242,"Повар-пекарь (Москва, Ленинский проспект 54)",ВкусВилл,Москва,4000.0,4500.0,4250.0,RUR,False,Нет опыта,,,2026-05-06T12:40:37+0300,https://hh.ru/vacancy/131868242
Бариста,131867954,"Повар-пекарь (Москва, ул. Миклухо-Маклая, 40 А)",ВкусВилл,Москва,4000.0,4500.0,4250.0,RUR,False,Нет опыта,,,2026-05-06T12:36:43+0300,https://hh.ru/vacancy/131867954
Бариста,132020016,Продавец-консультант,Магазины Ароматный Мир формата food & wine,Москва,80000.0,,80000.0,RUR,True,Нет опыта,,,2026-05-23T17:54:13+0300,https://hh.ru/vacancy/132020016
Бариста,133423106,Продавец-кассир,ДЖЕЙКЕТ РАБОТА,Москва,85000.0,140000.0,112500.0,RUR,False,Нет опыта,,,2026-05-23T17:17:26+0300,https://hh.ru/vacancy/133423106
Бариста,133421957,Продавец-консультант,Магазины Ароматный Мир формата food & wine,Москва,80000.0,,80000.0,RUR,True,Нет опыта,,,2026-05-23T14:42:16+0300,https://hh.ru/vacancy/133421957
Бариста,133421958,Старший продавец-консультант,Магазины Ароматный Мир формата food & wine,Москва,90000.0,,90000.0,RUR,True,Нет опыта,,,2026-05-23T14:42:16+0300,https://hh.ru/vacancy/133421958
Бариста,133322764,Продавец-консультант (м. Смоленская),Магазины Ароматный Мир формата food & wine,Москва,,,,,,Нет опыта,,,2026-05-23T17:26:15+0300,https://hh.ru/vacancy/133322764
Бариста,132817595,Продавец-консультант спиртных напитков / Кавист,WineShopper,Москва,90000.0,115000.0,102500.0,RUR,False,От 1 года до 3 лет,,,2026-05-21T04:08:00+0300,https://hh.ru/vacancy/132817595
Бариста,131927560,"Продавец-кассир (м. Красносельская, м. Комсомольская)",Буханка,Москва,85000.0,,85000.0,RUR,True,Нет опыта,,,2026-05-23T17:48:33+0300,https://hh.ru/vacancy/131927560
Бариста,133419863,Продавец-консультант спортивного питания,ProЗож,Москва,50000.0,90000.0,70000.0,RUR,False,От 1 года до 3 лет,,,2026-05-23T10:41:19+0300,https://hh.ru/vacancy/133419863
Бариста,133302187,Менеджер по продажам / Продавец - консультант (М. Солнцево),"S2B Табак, Еда и Напитки",Москва,75000.0,100000.0,87500.0,RUR,False,Нет опыта,,,2026-05-23T13:02:02+0300,https://hh.ru/vacancy/133302187
Бариста,130015280,Продавец - консультант отдел МясновЪ (м. Крымская),"КуулКлевер (МясновЪ, Отдохни)",Москва,115000.0,250000.0,182500.0,RUR,True,Нет опыта,,,2026-05-23T16:33:40+0300,https://hh.ru/vacancy/130015280
Бариста,133079798,Продавец-консультант (м. ЗИЛ),Магазины Ароматный Мир формата food & wine,Москва,90000.0,,90000.0,RUR,True,Нет опыта,,,2026-05-23T10:10:45+0300,https://hh.ru/vacancy/133079798
Бариста,133079774,Продавец-консультант (м. Киевская),Магазины Ароматный Мир формата food & wine,Москва,80000.0,,80000.0,RUR,True,Нет опыта,,,2026-05-23T10:10:24+0300,https://hh.ru/vacancy/133079774
Бариста,133356679,Продавец-консультант в винотеку,Simple,Москва,80000.0,110000.0,95000.0,RUR,False,Нет опыта,,,2026-05-23T10:04:20+0300,https://hh.ru/vacancy/133356679
Бариста,132291349,Продавец-кассир в кафе PRIME,Прайм Стар,Москва,62320.0,93400.0,77860.0,RUR,False,Нет опыта,,,2026-05-23T12:51:53+0300,https://hh.ru/vacancy/132291349
Бариста,133408939,Продавец-консультант,Магазины Ароматный Мир формата food & wine,Москва,80000.0,,80000.0,RUR,True,Нет опыта,,,2026-05-22T16:32:14+0300,https://hh.ru/vacancy/133408939
Бариста,133408946,Старший продавец,Магазины Ароматный Мир формата food & wine,Москва,90000.0,,90000.0,RUR,True,От 1 года до 3 лет,,,2026-05-22T16:32:16+0300,https://hh.ru/vacancy/133408946
Бариста,133314448,Старший продавец-консультант/Заместитель директора (м. Бауманская),Магазины Ароматный Мир формата food & wine,Москва,130000.0,,130000.0,RUR,True,От 1 года до 3 лет,,,2026-05-23T16:02:32+0300,https://hh.ru/vacancy/133314448
Бариста,133081590,Старший продавец-консультант (г. Москва),Магазины Ароматный Мир формата food & wine,Москва,90000.0,,90000.0,RUR,True,От 1 года до 3 лет,,,2026-05-23T10:35:44+0300,https://hh.ru/vacancy/133081590
Бариста,133407230,Продавец-консультант,Магазины Ароматный Мир формата food & wine,Москва,80000.0,,80000.0,RUR,True,Нет опыта,,,2026-05-22T16:02:06+0300,https://hh.ru/vacancy/133407230
Бариста,133138432,Продавец-консультант в магазин азиатских и европейских сладостей и напитков,SWEET LAVKA,Москва,85000.0,,85000.0,RUR,False,Нет опыта,,,2026-05-21T13:58:57+0300,https://hh.ru/vacancy/133138432
Бариста,132018563,Продавец (м.Алексеевская),Сеть розничных магазинов Добрынинский. Кондитерская и гастрономия.,Москва,80000.0,100000.0,90000.0,RUR,True,Нет опыта,,,2026-05-22T12:40:46+0300,https://hh.ru/vacancy/132018563
Бариста,133383473,Продавец-кассир,Кулинарная лавка братьев Караваевых,Москва,,120000.0,120000.0,RUR,False,Нет опыта,,,2026-05-22T09:13:05+0300,https://hh.ru/vacancy/133383473
Бариста,133076512,Старший продавец-консультант (м. Рязанский проспект),"КуулКлевер (МясновЪ, Отдохни)",Москва,120000.0,,120000.0,RUR,True,От 1 года до 3 лет,,,2026-05-23T09:24:28+0300,https://hh.ru/vacancy/133076512
Бариста,133272608,Продавец-консультант (Аминьевская),Магазины Ароматный Мир формата food & wine,Москва,80000.0,,80000.0,RUR,True,Нет опыта,,,2026-05-22T18:32:44+0300,https://hh.ru/vacancy/133272608
Бариста,132834503,Продавец-консультант в магазин азиатских и европейских сладостей и напитков (м. Киевская),SWEET LAVKA,Москва,75000.0,,75000.0,RUR,False,Нет опыта,,,2026-05-21T11:33:54+0300,https://hh.ru/vacancy/132834503
Бариста,132834446,Продавец-консультант в магазин азиатских и европейских сладостей и напитков (м. Университет),SWEET LAVKA,Москва,70000.0,,70000.0,RUR,False,Нет опыта,,,2026-05-21T11:33:08+0300,https://hh.ru/vacancy/132834446
Бариста,132911513,Продавец-консультант галереи вин Отдохни (м. Пражская),"КуулКлевер (МясновЪ, Отдохни)",Москва,115000.0,250000.0,182500.0,RUR,True,Нет опыта,,,2026-05-23T09:51:23+0300,https://hh.ru/vacancy/132911513
Бариста,133404447,Продавец-консультант (г.Королев),Магазины Ароматный Мир формата food & wine,Москва,80000.0,,80000.0,RUR,True,Нет опыта,,,2026-05-22T15:05:40+0300,https://hh.ru/vacancy/133404447
Бариста,132022680,Старший продавец-консультант,Магазины Ароматный Мир формата food & wine,Москва,90000.0,,90000.0,RUR,True,От 1 года до 3 лет,,,2026-05-22T12:43:27+0300,https://hh.ru/vacancy/132022680
Бариста,133389974,Продавец-консультант (м.Новослободская),Магазины Ароматный Мир формата food & wine,Москва,80000.0,,80000.0,RUR,True,Нет опыта,,,2026-05-22T11:03:32+0300,https://hh.ru/vacancy/133389974
Бариста,133413293,Продавец-консультант (м. Давыдково),Магазины Ароматный Мир формата food & wine,Москва,80000.0,,80000.0,RUR,True,Нет опыта,,,2026-05-22T18:52:03+0300,https://hh.ru/vacancy/133413293
Бариста,133409653,Продавец выпечки (м. Аминьевская),Буханка,Москва,80000.0,,80000.0,RUR,True,Нет опыта,,,2026-05-22T16:48:12+0300,https://hh.ru/vacancy/133409653
Бариста,132778608,Продавец ароматной выпечки (Видное),Буханка,Москва,81000.0,,81000.0,RUR,True,Нет опыта,,,2026-05-22T16:38:50+0300,https://hh.ru/vacancy/132778608
Бариста,133086549,Продавец-консультант в магазин Кантата м. Университет и м. Беломорская,КАНТАТА,Москва,70000.0,95000.0,82500.0,RUR,True,Нет опыта,,,2026-05-23T11:50:15+0300,https://hh.ru/vacancy/133086549
Бариста,132093246,Продавец-кассир (м. Коньково),Буханка,Москва,82000.0,,82000.0,RUR,True,Нет опыта,,,2026-05-22T16:38:26+0300,https://hh.ru/vacancy/132093246
Бариста,133233563,Продавец-консультант алкоголя,Магазины Ароматный Мир формата food & wine,Москва,80000.0,,80000.0,RUR,True,Нет опыта,,,2026-05-22T09:07:01+0300,https://hh.ru/vacancy/133233563
Бариста,133408945,Продавец-консультант (м. Хорошевская),Магазины Ароматный Мир формата food & wine,Москва,80000.0,,80000.0,RUR,True,Нет опыта,,,2026-05-22T16:32:15+0300,https://hh.ru/vacancy/133408945
Бариста,133408941,Продавец-консультант (г. Москва),Магазины Ароматный Мир формата food & wine,Москва,80000.0,,80000.0,RUR,True,Нет опыта,,,2026-05-22T16:32:14+0300,https://hh.ru/vacancy/133408941
Бариста,133408940,Продавец-консультант(м. Белорусская),Магазины Ароматный Мир формата food & wine,Москва,80000.0,,80000.0,RUR,True,Нет опыта,,,2026-05-22T16:32:14+0300,https://hh.ru/vacancy/133408940
Бариста,132946623,"Продавец-консультант ""Алкотека""",Алкотека,Москва,90000.0,135000.0,112500.0,RUR,False,Нет опыта,,,2026-05-22T08:22:54+0300,https://hh.ru/vacancy/132946623
Бариста,133408949,Продавец-консультант (м. Пушкинская),Магазины Ароматный Мир формата food & wine,Москва,100000.0,,100000.0,RUR,True,Нет опыта,,,2026-05-22T16:32:17+0300,https://hh.ru/vacancy/133408949
Бариста,132765701,"Продавец-Консультант в Чайный клуб, Москва",Чайный клуб МАТЭ,Москва,65000.0,75000.0,70000.0,RUR,False,Более 6 лет,,,2026-05-23T02:04:30+0300,https://hh.ru/vacancy/132765701
Бариста,133404874,Продавец-консультант (м Киевская),Магазины Ароматный Мир формата food & wine,Москва,90000.0,,90000.0,RUR,True,Нет опыта,,,2026-05-22T15:11:36+0300,https://hh.ru/vacancy/133404874
Бариста,133404783,Продавец-консультант (м Киевская),Магазины Ароматный Мир формата food & wine,Москва,85000.0,100000.0,92500.0,RUR,False,Нет опыта,,,2026-05-22T15:10:18+0300,https://hh.ru/vacancy/133404783
Бариста,133147650,Продавец-консультант,Магазины Ароматный Мир формата food & wine,Москва,85000.0,,85000.0,RUR,True,Нет опыта,,,2026-05-21T16:46:18+0300,https://hh.ru/vacancy/133147650
Бариста,133033029,Продавец-консультант в винотеку,Simple,Одинцово (Московская область),80000.0,110000.0,95000.0,RUR,False,Нет опыта,,,2026-05-22T14:03:50+0300,https://hh.ru/vacancy/133033029
Бариста,130438086,Продавец-консультант (м. Давыдково),Магазины Ароматный Мир формата food & wine,Москва,85000.0,,85000.0,RUR,True,Нет опыта,,,2026-05-22T14:01:18+0300,https://hh.ru/vacancy/130438086
Бариста,133041351,Продавец-консультант Ароматный Мир,Магазины Ароматный Мир формата food & wine,Москва,75000.0,,75000.0,RUR,True,Нет опыта,,,2026-05-22T12:19:06+0300,https://hh.ru/vacancy/133041351
Бариста,133409462,Старший продавец-консультант (м. Давыдково),Магазины Ароматный Мир формата food & wine,Москва,90000.0,,90000.0,RUR,True,От 1 года до 3 лет,,,2026-05-22T16:43:01+0300,https://hh.ru/vacancy/133409462
Бариста,132527978,Продавец «Буханка»,Буханка (ИП Багиров Тимур Эмильевич),Москва,5500.0,6000.0,5750.0,RUR,False,Нет опыта,,,2026-05-21T12:06:57+0300,https://hh.ru/vacancy/132527978
Бариста,131333093,Продавец в пекарню (м. Аминьевская),Буханка,Москва,94800.0,,94800.0,RUR,True,Нет опыта,,,2026-05-22T16:39:01+0300,https://hh.ru/vacancy/131333093
Бариста,131776227,Продавец-кассир (м. Мичуринский проспект),Буханка,Москва,86000.0,,86000.0,RUR,True,Нет опыта,,,2026-05-22T16:38:32+0300,https://hh.ru/vacancy/131776227
Бариста,132242370,Продавец-кассир (м. Проспект Мира),Буханка,Москва,80000.0,,80000.0,RUR,True,От 1 года до 3 лет,,,2026-05-22T16:38:44+0300,https://hh.ru/vacancy/132242370
Бариста,133408944,Старший продавец-консультант (г. Москва),Магазины Ароматный Мир формата food & wine,Москва,90000.0,,90000.0,RUR,True,От 1 года до 3 лет,,,2026-05-22T16:32:15+0300,https://hh.ru/vacancy/133408944
Бариста,133233670,Продавец-консультант (м. Строгино),Магазины Ароматный Мир формата food & wine,Москва,100000.0,,100000.0,RUR,True,Нет опыта,,,2026-05-22T09:08:17+0300,https://hh.ru/vacancy/133233670
Бариста,133410460,Продавец ароматной выпечки (м. Теплый Стан),Буханка,Москва,75000.0,,75000.0,RUR,True,Нет опыта,,,2026-05-22T17:07:57+0300,https://hh.ru/vacancy/133410460
Бариста,133373909,Продавец разливного пива,Демьянов Николай Георгиевич,Москва,80000.0,100000.0,90000.0,RUR,False,Нет опыта,,,2026-05-21T21:32:49+0300,https://hh.ru/vacancy/133373909
Бариста,130995305,Продавец кассир в сеть кондитерских,Ваши Люди,Москва,92300.0,118400.0,105350.0,RUR,True,Нет опыта,,,2026-05-22T11:28:33+0300,https://hh.ru/vacancy/130995305
Бариста,132506775,Продавец-кассир,Боков Дмитрий Петрович,Москва,70000.0,90000.0,80000.0,RUR,False,Нет опыта,,,2026-05-21T02:04:30+0300,https://hh.ru/vacancy/132506775
Бариста,132876411,"Продавец-консультант (Зеленоград, корп. 1812)",Магазины Ароматный Мир формата food & wine,Зеленоград,80000.0,,80000.0,RUR,True,Нет опыта,,,2026-05-22T15:09:06+0300,https://hh.ru/vacancy/132876411
Бариста,133413434,Старший продавец-консультант\Заместитель директора (м. Свиблово),Магазины Ароматный Мир формата food & wine,Москва,90000.0,,90000.0,RUR,True,От 1 года до 3 лет,,,2026-05-22T19:01:01+0300,https://hh.ru/vacancy/133413434
Бариста,133399898,Продавец-бармен в сеть магазинов ПИВОмановЪ,Горелова Екатерина Владимировна,Москва,85000.0,140000.0,112500.0,RUR,False,Нет опыта,,,2026-05-22T13:40:01+0300,https://hh.ru/vacancy/133399898
Бариста,133237046,"Продавец-консультант (Сходненская ул., д.8)",Магазины Ароматный Мир формата food & wine,Москва,80000.0,,80000.0,RUR,True,Нет опыта,,,2026-05-22T09:51:05+0300,https://hh.ru/vacancy/133237046
Бариста,131950685,Продавец в сеть кафе-кондитерских (м. Трубная ),Сеть розничных магазинов Добрынинский. Кондитерская и гастрономия.,Москва,80000.0,110000.0,95000.0,RUR,False,Нет опыта,,,2026-05-22T12:44:28+0300,https://hh.ru/vacancy/131950685
Бариста,131952665,Продавец в сеть кафе-кондитерских (м. Тропарево),Сеть розничных магазинов Добрынинский. Кондитерская и гастрономия.,Москва,70000.0,120000.0,95000.0,RUR,True,Нет опыта,,,2026-05-22T12:42:07+0300,https://hh.ru/vacancy/131952665
Бариста,132018640,Продавец в сеть кафе-кондитерских (м Сходненская),Сеть розничных магазинов Добрынинский. Кондитерская и гастрономия.,Москва,80000.0,110000.0,95000.0,RUR,False,Нет опыта,,,2026-05-22T12:40:53+0300,https://hh.ru/vacancy/132018640
Бариста,133188986,Старший продавец (Раменки),Магазины Ароматный Мир формата food & wine,Москва,110000.0,,110000.0,RUR,True,Нет опыта,,,2026-05-21T10:22:18+0300,https://hh.ru/vacancy/133188986
Бариста,130691106,Продавец-консультант (м.Фили),Магазины Ароматный Мир формата food & wine,Москва,80000.0,,80000.0,RUR,True,Нет опыта,,,2026-05-21T09:00:15+0300,https://hh.ru/vacancy/130691106
Бариста,133005404,Продавец-кассир (м.Славянский бульвар),Сеть розничных магазинов Добрынинский. Кондитерская и гастрономия.,Москва,80000.0,120000.0,100000.0,RUR,True,Нет опыта,,,2026-05-21T15:50:12+0300,https://hh.ru/vacancy/133005404
Бариста,133291503,Продавец-консультант,"Армада, группа компаний",Москва,60000.0,90000.0,75000.0,RUR,False,Нет опыта,,,2026-05-20T10:37:25+0300,https://hh.ru/vacancy/133291503
Бариста,133365504,Продавец-консультант (м. Краснопресненская),Магазины Ароматный Мир формата food & wine,Москва,85000.0,,85000.0,RUR,True,Нет опыта,,,2026-05-21T16:01:57+0300,https://hh.ru/vacancy/133365504
Бариста,133216549,Продавец-консультант (м. Строгино),Магазины Ароматный Мир формата food & wine,Москва,100000.0,,100000.0,RUR,True,Нет опыта,,,2026-05-21T16:42:13+0300,https://hh.ru/vacancy/133216549
Бариста,133146482,Продавец-консультант (м. Маяковская),Магазины Ароматный Мир формата food & wine,Москва,80000.0,,80000.0,RUR,True,Нет опыта,,,2026-05-21T16:21:57+0300,https://hh.ru/vacancy/133146482
Бариста,132933903,Продавец-консультант в винотеку,Simple,Москва,80000.0,110000.0,95000.0,RUR,True,Нет опыта,,,2026-05-21T16:35:18+0300,https://hh.ru/vacancy/132933903
Бариста,133146501,Продавец-консультант (м. Новослободская),Магазины Ароматный Мир формата food & wine,Москва,80000.0,,80000.0,RUR,True,Нет опыта,,,2026-05-21T16:22:17+0300,https://hh.ru/vacancy/133146501
Бариста,132482361,Продавец-кассир в кондитерскую,Магидова Татьяна Юрьевна,Москва,90000.0,150000.0,120000.0,RUR,False,От 1 года до 3 лет,,,2026-05-21T16:01:45+0300,https://hh.ru/vacancy/132482361
Бариста,132539674,Продавец-консультант (м Озёрная),Магазины Ароматный Мир формата food & wine,Москва,80000.0,,80000.0,RUR,True,Нет опыта,,,2026-05-21T14:52:46+0300,https://hh.ru/vacancy/132539674
Бариста,132870920,"Продавец-консультант Котельники, ЖК Белая Дача 11",Магазины Ароматный Мир формата food & wine,Москва,70000.0,,70000.0,RUR,True,Нет опыта,,,2026-05-22T09:58:09+0300,https://hh.ru/vacancy/132870920
Бариста,132847281,Продавец-консультант (м. Рижская ),Магазины Ароматный Мир формата food & wine,Москва,80000.0,,80000.0,RUR,True,Нет опыта,,,2026-05-21T14:42:52+0300,https://hh.ru/vacancy/132847281
Бариста,132847286,Продавец-консультант (м. Рижская),Магазины Ароматный Мир формата food & wine,Москва,80000.0,,80000.0,RUR,True,Нет опыта,,,2026-05-21T14:42:54+0300,https://hh.ru/vacancy/132847286
Бариста,133385085,"Старший продавец-консультант/заместитель менеджера (ул.Дубининская, 59А)",Магазины Ароматный Мир формата food & wine,Москва,90000.0,,90000.0,RUR,True,От 1 года до 3 лет,,,2026-05-22T09:43:22+0300,https://hh.ru/vacancy/133385085
Бариста,133344571,Продавец-консультант (м. Мнёвники),Магазины Ароматный Мир формата food & wine,Москва,90000.0,,90000.0,RUR,True,Нет опыта,,,2026-05-21T11:03:36+0300,https://hh.ru/vacancy/133344571
Бариста,133343227,Продавец-консультант (м. Щукинская),Магазины Ароматный Мир формата food & wine,Москва,95000.0,,95000.0,RUR,True,Нет опыта,,,2026-05-21T10:42:01+0300,https://hh.ru/vacancy/133343227
Бариста,133366916,Старший продавец-консультант (г. Москва),Магазины Ароматный Мир формата food & wine,Москва,90000.0,,90000.0,RUR,True,От 1 года до 3 лет,,,2026-05-21T16:26:49+0300,https://hh.ru/vacancy/133366916
Бариста,132876178,Продавец-консультант (Мега Химки),Simple,Москва,80000.0,100000.0,90000.0,RUR,False,Нет опыта,,,2026-05-21T09:10:27+0300,https://hh.ru/vacancy/132876178
Бариста,133250661,Продавец-консультант,Pintabeer,Москва,3300.0,5500.0,4400.0,RUR,False,От 1 года до 3 лет,,,2026-05-19T12:57:46+0300,https://hh.ru/vacancy/133250661
Бариста,133409002,"Продавец-консультант в магазин чая и кофе Кантата (м. Технопарк, м. Автозаводская)",КАНТАТА,Москва,70000.0,90000.0,80000.0,RUR,True,Нет опыта,,,2026-05-22T16:33:13+0300,https://hh.ru/vacancy/133409002
Бариста,132926708,"Продавец-кассир, Одинцово",Буханка,Москва,94000.0,,94000.0,RUR,True,Нет опыта,,,2026-05-20T13:27:22+0300,https://hh.ru/vacancy/132926708
Бариста,132332151,Продавец-кассир (м. Марьина роща),"Магнолия, Сеть магазинов",Москва,92000.0,105000.0,98500.0,RUR,False,Нет опыта,,,2026-05-21T10:34:35+0300,https://hh.ru/vacancy/132332151
Бариста,132983995,Продавец-консультант (м. Юго-Западная),Магазины Ароматный Мир формата food & wine,Москва,80000.0,,80000.0,RUR,True,Нет опыта,,,2026-05-21T10:51:22+0300,https://hh.ru/vacancy/132983995
Бариста,133372483,"Продавец-консультант (Новая Басманная ул., д.13/2)",Магазины Ароматный Мир формата food & wine,Москва,100000.0,,100000.0,RUR,True,Нет опыта,,,2026-05-21T18:42:41+0300,https://hh.ru/vacancy/133372483
Бариста,130898615,Продавец в пекарню (Крылатское),Буханка,Москва,80000.0,,80000.0,RUR,True,Нет опыта,,,2026-05-20T17:48:28+0300,https://hh.ru/vacancy/130898615
Бариста,132388151,Продавец ароматной выпечки (Немчиновка),Буханка,Москва,102000.0,,102000.0,RUR,True,Нет опыта,,,2026-05-20T17:48:17+0300,https://hh.ru/vacancy/132388151
Бариста,133223030,Продавец-консультант,Петухов Александр Олегович,Москва,85000.0,120000.0,102500.0,RUR,False,Нет опыта,,,2026-05-18T21:06:21+0300,https://hh.ru/vacancy/133223030
Бариста,133028191,Продавец-консультант (м. Жулебино),Simple,Люберцы  (Московская область),80000.0,100000.0,90000.0,RUR,False,Нет опыта,,,2026-05-20T10:02:37+0300,https://hh.ru/vacancy/133028191
Бариста,133195225,Продавец-консультант,Сеть магазинов-баров Хмель&Солод,Москва,90000.0,140000.0,115000.0,RUR,False,Нет опыта,,,2026-05-18T11:32:50+0300,https://hh.ru/vacancy/133195225
Бариста,133190244,Продавец-кассир,Сеть магазинов-баров Хмель&Солод,Москва,90000.0,140000.0,115000.0,RUR,False,Нет опыта,,,2026-05-18T10:33:12+0300,https://hh.ru/vacancy/133190244
Бариста,132926519,Продавец-кассир (м. Ломоносовский Проспект),Буханка,Москва,85000.0,,85000.0,RUR,True,Нет опыта,,,2026-05-20T13:22:38+0300,https://hh.ru/vacancy/132926519
Бариста,133150143,"Продавец-консультант в магазин чая и кофе ""Кантата"" (Глобус Коммунарка)",КАНТАТА,Москва,82000.0,100000.0,91000.0,RUR,True,Нет опыта,,,2026-05-21T17:48:46+0300,https://hh.ru/vacancy/133150143
Бариста,133169791,Продавец-консультант,Сеть магазинов-баров Хмель&Солод,Москва,90000.0,140000.0,115000.0,RUR,False,Нет опыта,,,2026-05-17T17:32:48+0300,https://hh.ru/vacancy/133169791
Бариста,133150132,"Продавец-консультант в магазин чая и кофе ""Кантата"" (ТЦ Небо Солнцево)",КАНТАТА,Москва,80000.0,100000.0,90000.0,RUR,True,Нет опыта,,,2026-05-21T17:48:28+0300,https://hh.ru/vacancy/133150132
Бариста,133000689,Продавец-консультант в магазин чая и кофе Кантата (м. Кузьминки),КАНТАТА,Москва,65000.0,85000.0,75000.0,RUR,True,Нет опыта,,,2026-05-21T14:38:45+0300,https://hh.ru/vacancy/133000689
Бариста,132926434,Продавец-кассир (м. Багратионовская. м. Фили),Буханка,Москва,95000.0,,95000.0,RUR,True,Нет опыта,,,2026-05-20T13:28:43+0300,https://hh.ru/vacancy/132926434
Бариста,133260053,Продавец-кассир (м. Новохохловская),Буханка,Москва,94000.0,,94000.0,RUR,True,Нет опыта,,,2026-05-19T14:40:52+0300,https://hh.ru/vacancy/133260053
Бариста,133266581,Продавец-консультант (Бескудниковский бул.),Винотека,Москва,70000.0,,70000.0,RUR,False,Нет опыта,,,2026-05-19T16:09:35+0300,https://hh.ru/vacancy/133266581
Бариста,133249324,Продавец-кассир (м. Новохохловская),Буханка,Москва,90000.0,,90000.0,RUR,True,Нет опыта,,,2026-05-19T12:35:05+0300,https://hh.ru/vacancy/133249324
Бариста,132281603,Продавец-консультант в магазин разливного пива,Сеть магазинов-баров Хмель&Солод,Москва,90000.0,140000.0,115000.0,RUR,False,Нет опыта,,,2026-05-20T10:30:39+0300,https://hh.ru/vacancy/132281603
Бариста,133012601,"Продавец-консультант в магазин чая, кофе КАНТАТА трц ""Бутово Молл"" г. Москва",КАНТАТА,Москва,70000.0,95000.0,82500.0,RUR,True,Нет опыта,,,2026-05-21T18:04:01+0300,https://hh.ru/vacancy/133012601
Бариста,133253235,Продавец-консультант в винотеку,Лудинг,Москва,80000.0,,80000.0,RUR,False,Нет опыта,,,2026-05-19T13:34:18+0300,https://hh.ru/vacancy/133253235
Бариста,133236244,Продавец ароматной выпечки (м.Солнцево),Буханка,Москва,75000.0,,75000.0,RUR,True,Нет опыта,,,2026-05-19T09:41:43+0300,https://hh.ru/vacancy/133236244
Бариста,132675194,Продавец-кассир (Медведково),Буханка,Москва,85000.0,,85000.0,RUR,True,Нет опыта,,,2026-05-18T14:30:22+0300,https://hh.ru/vacancy/132675194
Бариста,132926028,"Продавец-кассир (ЖК ""Крылатская 33"", м. Крылатское)",Буханка,Москва,95000.0,,95000.0,RUR,True,Нет опыта,,,2026-05-20T13:26:52+0300,https://hh.ru/vacancy/132926028
Бариста,128372140,"Продавец-кассир (м. Университет Дружбы Народов, м. Тропарево)",Буханка,Москва,79500.0,,79500.0,RUR,True,Нет опыта,,,2026-05-20T17:48:24+0300,https://hh.ru/vacancy/128372140
Бариста,133198475,"Продавец-консультант в магазин чая и кофе Кантата (м. Улица Дмитриевского, м. Жулебино)",КАНТАТА,Москва,70000.0,90000.0,80000.0,RUR,True,Нет опыта,,,2026-05-21T12:13:20+0300,https://hh.ru/vacancy/133198475
Бариста,133202043,Повар-продавец на фудкорте,ВкусноХаус (ИП Педан Дмитрий Сергеевич),Москва,2000.0,3000.0,2500.0,RUR,True,Нет опыта,,,2026-05-18T13:05:34+0300,https://hh.ru/vacancy/133202043
Бариста,132675442,"Продавец в пекарню ""Буханка""",Буханка,Москва,80000.0,,80000.0,RUR,True,Нет опыта,,,2026-05-18T14:30:12+0300,https://hh.ru/vacancy/132675442
Бариста,132926007,"Продавец-кассир (ЖК ""Испанские кварталы"", м. Прокшино, м. Корниловская)",Буханка,Москва,90000.0,,90000.0,RUR,True,Нет опыта,,,2026-05-20T13:23:24+0300,https://hh.ru/vacancy/132926007
Бариста,132925921,"Продавец-кассир (ЖК ""Бусиновский парк"", м. Ховрино, мцд Грачевская)",Буханка,Москва,86200.0,,86200.0,RUR,True,Нет опыта,,,2026-05-20T13:22:20+0300,https://hh.ru/vacancy/132925921
Бариста,132674940,Продавец - кассир м. Коммунарка,Буханка,Москва,80000.0,,80000.0,RUR,True,Нет опыта,,,2026-05-18T10:17:48+0300,https://hh.ru/vacancy/132674940
Бариста,132674928,Продавец-кассир (м. Фили),Буханка,Москва,103000.0,,103000.0,RUR,True,Нет опыта,,,2026-05-18T10:17:40+0300,https://hh.ru/vacancy/132674928
Бариста,132286025,Продавец-консультант в магазин разливного пива,Сеть магазинов-баров Хмель&Солод,Москва,90000.0,140000.0,115000.0,RUR,False,Нет опыта,,,2026-05-19T10:02:04+0300,https://hh.ru/vacancy/132286025
Бариста,133136237,Продавец-кассир,Буханка,Москва,87000.0,,87000.0,RUR,True,Нет опыта,,,2026-05-15T13:22:59+0300,https://hh.ru/vacancy/133136237
Бариста,133131154,Старший продавец,Магазины Ароматный Мир формата food & wine,Москва,90000.0,,90000.0,RUR,True,Нет опыта,,,2026-05-15T12:03:53+0300,https://hh.ru/vacancy/133131154
Бариста,133148772,Продавец в пекарню,Касаткина Татьяна Александровна,Москва,75000.0,,75000.0,RUR,False,От 1 года до 3 лет,,,2026-05-15T17:10:59+0300,https://hh.ru/vacancy/133148772
Бариста,132674970,"Продавец-кассир (ЖК ""Береговой"", м. Шелепиха)",Буханка,Москва,86000.0,,86000.0,RUR,True,Нет опыта,,,2026-05-18T10:17:51+0300,https://hh.ru/vacancy/132674970
Бариста,132728383,Мерчандайзер (безалкогольные напитки),Работут,Москва,49193.0,,49193.0,RUR,False,Нет опыта,,,2026-05-04T10:50:43+0300,https://hh.ru/vacancy/132728383
Бариста,133245249,Продавец-консультант в магазин чая и кофе (м. Крылатское),КАНТАТА,Москва,70000.0,90000.0,80000.0,RUR,True,Нет опыта,,,2026-05-19T11:39:51+0300,https://hh.ru/vacancy/133245249
Бариста,133137022,Продавец-кассир (м.Свиблово),Буханка,Москва,82500.0,,82500.0,RUR,True,Нет опыта,,,2026-05-15T13:37:24+0300,https://hh.ru/vacancy/133137022
Бариста,132675488,"Продавец-кассир (ЖК ""Остров"", м. Терехово, м. Мневники)",Буханка,Москва,110000.0,,110000.0,RUR,True,Нет опыта,,,2026-05-18T14:30:15+0300,https://hh.ru/vacancy/132675488
Бариста,132050348,Продавец-кассир,Сеть магазинов-баров Хмель&Солод,Москва,90000.0,140000.0,115000.0,RUR,False,Нет опыта,,,2026-05-12T16:29:45+0300,https://hh.ru/vacancy/132050348
Бариста,132971307,Продавец «Буханка»,Буханка (ИП Волков Павел Викторович),Москва,80000.0,160000.0,120000.0,RUR,True,Нет опыта,,,2026-05-12T08:01:13+0300,https://hh.ru/vacancy/132971307
Бариста,132926262,"Продавец-кассир, Королев",Буханка,Москва,69000.0,91000.0,80000.0,RUR,True,Нет опыта,,,2026-05-14T10:01:57+0300,https://hh.ru/vacancy/132926262
Бариста,133151132,Продавец-консультант (м. Новаторская),Магазины Ароматный Мир формата food & wine,Москва,80000.0,,80000.0,RUR,True,Нет опыта,,,2026-05-15T18:33:49+0300,https://hh.ru/vacancy/133151132
Бариста,133136807,Продавец ароматной выпечки (м.Молодежная),Буханка,Москва,75000.0,,75000.0,RUR,True,Нет опыта,,,2026-05-15T13:33:58+0300,https://hh.ru/vacancy/133136807
Бариста,133057968,Продавец разливного пива,Beer Fest,Москва,80000.0,120000.0,100000.0,RUR,False,От 1 года до 3 лет,,,2026-05-13T16:32:17+0300,https://hh.ru/vacancy/133057968
Бариста,132836688,Выездной продавец-кассир,Буханка,Москва,88000.0,,88000.0,RUR,True,Нет опыта,,,2026-05-12T11:30:26+0300,https://hh.ru/vacancy/132836688
Бариста,132836555,Мобильный продавец-кассир,Буханка,Москва,86000.0,,86000.0,RUR,True,Нет опыта,,,2026-05-12T11:30:25+0300,https://hh.ru/vacancy/132836555
Бариста,132092766,Продавец ароматной выпечки (Молодёжная),Буханка,Москва,90000.0,,90000.0,RUR,True,Нет опыта,,,2026-05-13T17:12:06+0300,https://hh.ru/vacancy/132092766
Бариста,132137156,Продавец-кассир (м. Савеловская),Буханка,Москва,86000.0,,86000.0,RUR,True,Нет опыта,,,2026-05-13T17:11:42+0300,https://hh.ru/vacancy/132137156
Бариста,133148129,"Продавец-консультант (м. Серпуховская, м. Добрынинская)",Магазины Ароматный Мир формата food & wine,Москва,80000.0,,80000.0,RUR,True,Нет опыта,,,2026-05-15T16:57:41+0300,https://hh.ru/vacancy/133148129
Бариста,133133500,Продавец-кассир АЗС Роснефть (м. Кунцевская),РН-Москва,Москва,64000.0,,64000.0,RUR,True,Нет опыта,,,2026-05-15T12:38:25+0300,https://hh.ru/vacancy/133133500
Бариста,133084048,Продавец-консультант (м. Филатов луг),Магазины Ароматный Мир формата food & wine,Москва,80000.0,,80000.0,RUR,True,Нет опыта,,,2026-05-14T11:11:19+0300,https://hh.ru/vacancy/133084048
Бариста,132918638,Продавец-консультант,Магазины Ароматный Мир формата food & wine,Москва,80000.0,,80000.0,RUR,True,Нет опыта,,,2026-05-08T12:07:58+0300,https://hh.ru/vacancy/132918638
Бариста,132687803,Продавец,Магакян Давид Ашотович,Москва,75000.0,150000.0,112500.0,RUR,False,От 1 года до 3 лет,,,2026-05-01T12:32:49+0300,https://hh.ru/vacancy/132687803
Бариста,132989329,Продавец ароматной выпечки (м.Новопеределкино),Буханка,Москва,86000.0,,86000.0,RUR,True,Нет опыта,,,2026-05-12T11:57:23+0300,https://hh.ru/vacancy/132989329
Бариста,132989215,Продавец ароматной выпечки (Внуково),Буханка,Москва,86000.0,,86000.0,RUR,True,Нет опыта,,,2026-05-12T11:55:45+0300,https://hh.ru/vacancy/132989215
Бариста,132989029,Продавец ароматной выпечки (Внуково),Буханка,Москва,86000.0,,86000.0,RUR,True,Нет опыта,,,2026-05-12T11:53:02+0300,https://hh.ru/vacancy/132989029
Бариста,132439838,Продавец ароматной выпечки (м.Филатов Луг),Буханка,Москва,85000.0,,85000.0,RUR,True,Нет опыта,,,2026-05-13T17:12:09+0300,https://hh.ru/vacancy/132439838
Бариста,131499294,Продавец-кассир (м. Марьина Роща),Буханка,Москва,80000.0,,80000.0,RUR,True,Нет опыта,,,2026-05-13T17:12:02+0300,https://hh.ru/vacancy/131499294
Бариста,131332619,Продавец ароматной выпечки м. Бутырская,Буханка,Москва,103000.0,,103000.0,RUR,True,Нет опыта,,,2026-05-13T17:11:38+0300,https://hh.ru/vacancy/131332619
Бариста,133010138,Продавец ароматной выпечки (м.Юго-Западная),Буханка,Москва,82500.0,,82500.0,RUR,True,Нет опыта,,,2026-05-12T17:06:55+0300,https://hh.ru/vacancy/133010138
Бариста,132926362,"Продавец-кассир, Красногорск",Буханка,Москва,103000.0,,103000.0,RUR,True,Нет опыта,,,2026-05-08T14:39:02+0300,https://hh.ru/vacancy/132926362
Бариста,132925275,Продавец-кассир (Долгопрудный),Буханка,Москва,94800.0,,94800.0,RUR,True,Нет опыта,,,2026-05-08T14:15:52+0300,https://hh.ru/vacancy/132925275
Бариста,133093885,Продавец-консультант в магазин пива (р.п. Боброво),Сеть магазинов пива Два топора,Москва,70000.0,,70000.0,RUR,False,Нет опыта,,,2026-05-14T13:57:40+0300,https://hh.ru/vacancy/133093885
Бариста,130247528,Продавец-консультант,Магазины Ароматный Мир формата food & wine,Москва,80000.0,,80000.0,RUR,True,Нет опыта,,,2026-05-04T00:22:02+0300,https://hh.ru/vacancy/130247528
Бариста,131025849,Продавец-консультант,Магазины Ароматный Мир формата food & wine,Москва,80000.0,,80000.0,RUR,True,Нет опыта,,,2026-05-03T00:21:28+0300,https://hh.ru/vacancy/131025849
Бариста,132856722,Продавец-кассир (Новоподрезково),Буханка,Москва,86000.0,,86000.0,RUR,True,Нет опыта,,,2026-05-06T18:05:13+0300,https://hh.ru/vacancy/132856722
Бариста,132960702,Продавец-консультант в магазин разливного пива,Сеть магазинов-баров Хмель&Солод,Москва,90000.0,140000.0,115000.0,RUR,False,Нет опыта,,,2026-05-11T14:32:13+0300,https://hh.ru/vacancy/132960702
Бариста,132933901,Продавец ароматной выпечки (г.Химки),Буханка,Москва,85000.0,,85000.0,RUR,True,Нет опыта,,,2026-05-08T17:44:22+0300,https://hh.ru/vacancy/132933901
Бариста,132337256,Продавец-кассир на АЗС Роснефть (м. Строгино),РН-Москва,Москва,64000.0,,64000.0,RUR,True,Нет опыта,,,2026-05-12T15:26:47+0300,https://hh.ru/vacancy/132337256
Бариста,132926560,Продавец-кассир (м. Рассказовка),Буханка,Москва,94800.0,,94800.0,RUR,True,Нет опыта,,,2026-05-08T14:42:12+0300,https://hh.ru/vacancy/132926560
Бариста,132926497,Продавец-кассир (м. Коптево),Буханка,Москва,100000.0,,100000.0,RUR,True,Нет опыта,,,2026-05-08T14:41:01+0300,https://hh.ru/vacancy/132926497
Бариста,130989987,Старший продавец,Магазины Ароматный Мир формата food & wine,Москва,90000.0,,90000.0,RUR,True,Нет опыта,,,2026-05-02T00:21:26+0300,https://hh.ru/vacancy/130989987
Бариста,133029283,"Продавец-консультант/кавист в фирменный винный магазин (ТЦ ""Алфавит"")",КВ Пермь,Москва,62000.0,75000.0,68500.0,RUR,False,Нет опыта,,,2026-05-13T09:46:42+0300,https://hh.ru/vacancy/133029283
Бариста,119119603,"Оператор - кассир в магазин на АЗС (м. Коньково, м. Беляево)",Стопэкспресс,Москва,65000.0,70000.0,67500.0,RUR,True,Нет опыта,,,2026-05-23T16:21:44+0300,https://hh.ru/vacancy/119119603
Бариста,132675108,Продавец-кассир,Буханка,Москва,77000.0,,77000.0,RUR,True,Нет опыта,,,2026-04-30T16:21:32+0300,https://hh.ru/vacancy/132675108
Бариста,132675386,Продавец (Буханка),Буханка,Москва,80000.0,,80000.0,RUR,True,Нет опыта,,,2026-04-30T16:28:58+0300,https://hh.ru/vacancy/132675386
Бариста,132675339,Продавец-кассир,Буханка,Москва,85000.0,,85000.0,RUR,True,Нет опыта,,,2026-04-30T16:27:51+0300,https://hh.ru/vacancy/132675339
Бариста,132889411,Продавец-консультант (м. Митино),Магазины Ароматный Мир формата food & wine,Москва,80000.0,100000.0,90000.0,RUR,True,Нет опыта,,,2026-05-07T15:10:58+0300,https://hh.ru/vacancy/132889411
Бариста,133287037,Менеджер по продажам,Солар Бир,Москва,100000.0,200000.0,150000.0,RUR,False,От 1 года до 3 лет,,,2026-05-23T09:33:03+0300,https://hh.ru/vacancy/133287037
Бариста,132921953,Продавец ароматной выпечки (м. ЗИЛ),Буханка,Москва,90000.0,,90000.0,RUR,True,Нет опыта,,,2026-05-08T13:10:50+0300,https://hh.ru/vacancy/132921953
Бариста,132916046,Продавец ароматной выпечки (м. Аминьевская),Буханка,Москва,93000.0,,93000.0,RUR,True,Нет опыта,,,2026-05-08T11:16:57+0300,https://hh.ru/vacancy/132916046
Бариста,130888188,Продавец-консультант,Магазины Ароматный Мир формата food & wine,Москва,80000.0,,80000.0,RUR,True,Нет опыта,,,2026-04-29T09:42:59+0300,https://hh.ru/vacancy/130888188
Бариста,132885275,Продавец-кассир АЗС Роснефть (Каширская),РН-Москва,Москва,70000.0,,70000.0,RUR,True,Нет опыта,,,2026-05-07T14:02:15+0300,https://hh.ru/vacancy/132885275
Бариста,132540518,Продавец-консультант,Пивной магазин Анестезия,Москва,100000.0,130000.0,115000.0,RUR,False,Нет опыта,,,2026-04-27T15:03:59+0300,https://hh.ru/vacancy/132540518
Бариста,132521636,Продавец-кассир,Григорьева Анна Витальевна,Москва,90000.0,120000.0,105000.0,RUR,False,От 1 года до 3 лет,,,2026-04-27T10:31:08+0300,https://hh.ru/vacancy/132521636
Бариста,132800931,Продавец-консультант разливного пива,Пивновъ,Москва,4000.0,7000.0,5500.0,RUR,False,Нет опыта,,,2026-05-05T15:06:05+0300,https://hh.ru/vacancy/132800931
Бариста,131709610,Продавец булочек (2-й Нагатинский проезд),Буханка,Москва,77500.0,,77500.0,RUR,True,Нет опыта,,,2026-05-08T17:13:25+0300,https://hh.ru/vacancy/131709610
Бариста,132890926,Продавец-кассир АЗС (Дон Роснефть),РН-Москва,Москва,82000.0,,82000.0,RUR,True,Нет опыта,,,2026-05-07T15:41:50+0300,https://hh.ru/vacancy/132890926
Бариста,132926688,"Продавец-кассир (мцд Матвеевское, м. Аминьевская)",Буханка,Москва,90000.0,,90000.0,RUR,True,Нет опыта,,,2026-05-08T14:43:43+0300,https://hh.ru/vacancy/132926688
Бариста,132926241,"Продавец-кассир (ЖК ""Хэдлайнер"", мцк Шелепиха)",Буханка,Москва,95000.0,,95000.0,RUR,True,Нет опыта,,,2026-05-08T14:36:12+0300,https://hh.ru/vacancy/132926241
Бариста,132521602,Продавец-консультант,МВ Групп,Москва,85000.0,,85000.0,RUR,False,От 1 года до 3 лет,,,2026-04-27T10:31:01+0300,https://hh.ru/vacancy/132521602
Бариста,132724817,Продавец-кассир (м. Беговая),Буханка,Москва,103000.0,,103000.0,RUR,True,Нет опыта,,,2026-05-04T10:12:45+0300,https://hh.ru/vacancy/132724817
Бариста,132675357,Продавец в Буханку,Буханка,Москва,80000.0,,80000.0,RUR,True,Нет опыта,,,2026-04-30T16:28:21+0300,https://hh.ru/vacancy/132675357
Бариста,132803903,Продавец-консультант в магазин пива,Сеть магазинов пива Два топора,Москва,70000.0,,70000.0,RUR,False,Нет опыта,,,2026-05-05T15:38:11+0300,https://hh.ru/vacancy/132803903
Бариста,130198899,Продавец-консультант (м. Варшавская),Магазины Ароматный Мир формата food & wine,Москва,80000.0,,80000.0,RUR,True,Нет опыта,,,2026-05-03T00:21:54+0300,https://hh.ru/vacancy/130198899
Бариста,131862894,Продавец-консультант в магазин разливного пива,Сеть магазинов-баров Хмель&Солод,Москва,90000.0,140000.0,115000.0,RUR,False,Нет опыта,,,2026-05-06T11:29:15+0300,https://hh.ru/vacancy/131862894
Бариста,132926108,"Продавец-кассир (ЖК ""Мск1"", м. Филатов Луг)",Буханка,Москва,95000.0,,95000.0,RUR,True,Нет опыта,,,2026-05-08T14:33:24+0300,https://hh.ru/vacancy/132926108
Бариста,131269953,Продавец-кассир АЗС (м. Бутырская),РН-Москва,Москва,64000.0,,64000.0,RUR,True,Нет опыта,,,2026-05-04T09:47:20+0300,https://hh.ru/vacancy/131269953
Бариста,132674951,Продавец-кассир м. Молодежная,Буханка,Москва,94000.0,,94000.0,RUR,True,Нет опыта,,,2026-04-30T16:17:54+0300,https://hh.ru/vacancy/132674951
Бариста,132675302,Продавец - кассир (м. Хорошевская),Буханка,Москва,103000.0,,103000.0,RUR,True,Нет опыта,,,2026-04-30T16:26:44+0300,https://hh.ru/vacancy/132675302
Бариста,132674986,Продавец - кассир м. Фили,Буханка,Москва,94000.0,,94000.0,RUR,True,Нет опыта,,,2026-04-30T16:18:50+0300,https://hh.ru/vacancy/132674986
Бариста,132896462,Продавец-консультант в магазин пива (м. Волгоградский проспект),Сеть магазинов пива Два топора,Москва,75000.0,120000.0,97500.0,RUR,False,Нет опыта,,,2026-05-07T17:31:13+0300,https://hh.ru/vacancy/132896462
Бариста,131946405,Продавец-консультант в магазин разливного пива,Сеть магазинов-баров Хмель&Солод,Москва,90000.0,140000.0,115000.0,RUR,False,Нет опыта,,,2026-05-04T11:03:30+0300,https://hh.ru/vacancy/131946405
Бариста,131738937,Продавец-консультант (г. Москва),Магазины Ароматный Мир формата food & wine,Москва,80000.0,,80000.0,RUR,True,Нет опыта,,,2026-04-30T00:22:29+0300,https://hh.ru/vacancy/131738937
Бариста,131265127,Продавец-кассир АЗС (MC318 Волоколамская),РН-Москва,Москва,82000.0,,82000.0,RUR,True,Нет опыта,,,2026-05-04T09:48:38+0300,https://hh.ru/vacancy/131265127
Бариста,133076789,Управляющий магазином КуулКлевер (Кузнечиха),"КуулКлевер (МясновЪ, Отдохни)",Москва,110000.0,200000.0,155000.0,RUR,True,От 1 года до 3 лет,,,2026-05-23T09:29:24+0300,https://hh.ru/vacancy/133076789
Бариста,130246291,"Продавец-консультант (м. Технопарк, м ЗИЛ)",Магазины Ароматный Мир формата food & wine,Москва,80000.0,,80000.0,RUR,True,Нет опыта,,,2026-05-04T00:22:02+0300,https://hh.ru/vacancy/130246291
Бариста,130888189,Старший продавец-консультант (г.Москва ),Магазины Ароматный Мир формата food & wine,Москва,90000.0,,90000.0,RUR,True,От 1 года до 3 лет,,,2026-04-29T09:43:01+0300,https://hh.ru/vacancy/130888189
Бариста,132675312,Продавец ароматной выпечки м. Отрадное,Буханка,Москва,81000.0,,81000.0,RUR,True,Нет опыта,,,2026-04-30T16:27:18+0300,https://hh.ru/vacancy/132675312
Бариста,132675157,Продавец-кассир (м. Юго-Западная),Буханка,Москва,103000.0,,103000.0,RUR,True,Нет опыта,,,2026-04-30T16:22:48+0300,https://hh.ru/vacancy/132675157
Бариста,132675182,Продавец выпечки (Береговой пр-д),Буханка,Москва,80000.0,,80000.0,RUR,True,Нет опыта,,,2026-04-30T16:23:22+0300,https://hh.ru/vacancy/132675182
Бариста,131264376,Продавец-кассир на АЗС (MC013 Мякининская),РН-Москва,Москва,82000.0,,82000.0,RUR,True,Нет опыта,,,2026-05-04T09:48:38+0300,https://hh.ru/vacancy/131264376
Бариста,132677950,"Продавец-кассир АЗС Роснефть, Бутово",РН-Москва,Москва,70000.0,,70000.0,RUR,True,Нет опыта,,,2026-04-30T17:38:39+0300,https://hh.ru/vacancy/132677950
Бариста,130691103,Старший продавец (м. Кутузовская),Магазины Ароматный Мир формата food & wine,Москва,95000.0,,95000.0,RUR,True,Нет опыта,,,2026-04-27T09:04:19+0300,https://hh.ru/vacancy/130691103
Бариста,132675263,Продавец в пекарню (м. Народное ополчение),Буханка,Москва,80000.0,,80000.0,RUR,True,Нет опыта,,,2026-04-30T16:25:42+0300,https://hh.ru/vacancy/132675263
Бариста,132675020,"Продавец-кассир (м. Аминьевская, Славянский бульвар)",Буханка,Москва,100000.0,,100000.0,RUR,True,Нет опыта,,,2026-04-30T16:19:57+0300,https://hh.ru/vacancy/132675020
Бариста,130928809,"Продавец-кассир ( АЗС Роснефть, Савеловская, MC102)",РН-Москва,Москва,82000.0,,82000.0,RUR,True,Нет опыта,,,2026-05-02T14:29:23+0300,https://hh.ru/vacancy/130928809
Бариста,132675903,Кассир продавец Роснефть АЗС (метро Алтуфьево),РН-Москва,Москва,64000.0,,64000.0,RUR,True,Нет опыта,,,2026-04-30T16:42:56+0300,https://hh.ru/vacancy/132675903
Бариста,131034529,"Продавец-консультант (Новый Арбат ул., д.31/12)",Магазины Ароматный Мир формата food & wine,Москва,80000.0,,80000.0,RUR,True,Нет опыта,,,2026-05-03T00:21:23+0300,https://hh.ru/vacancy/131034529
Бариста,132622641,Продавец-консультант (м. Кунцевская Можайское ш.),Магазины Ароматный Мир формата food & wine,Москва,75000.0,,75000.0,RUR,True,Нет опыта,,,2026-04-29T13:24:31+0300,https://hh.ru/vacancy/132622641
Бариста,130768156,Продавец-кассир мороженого в ЦДМ на Лубянке,Центральная Площадь,Москва,65000.0,,65000.0,RUR,False,Нет опыта,,,2026-04-29T14:21:54+0300,https://hh.ru/vacancy/130768156
Бариста,132692368,Продавец-консультант в магазин чая и кофе Кантата (м. Сокол),КАНТАТА,Москва,70000.0,90000.0,80000.0,RUR,True,Нет опыта,,,2026-05-01T20:19:22+0300,https://hh.ru/vacancy/132692368
Бариста,132594842,Управляющий магазином КуулКлевер (м. Крымская),"КуулКлевер (МясновЪ, Отдохни)",Москва,130000.0,250000.0,190000.0,RUR,True,От 1 года до 3 лет,,,2026-05-22T17:30:47+0300,https://hh.ru/vacancy/132594842
Бариста,133351064,Мерчендайзер (ул 1-ая Дубровская),Работут,Москва,64769.0,64769.0,64769.0,RUR,False,Нет опыта,,,2026-05-21T12:15:02+0300,https://hh.ru/vacancy/133351064
Бариста,133311432,"Визитный мерчандайзер (м Митино,Строгино)",Работут,Москва,60000.0,67000.0,63500.0,RUR,False,Нет опыта,,,2026-05-20T15:25:01+0300,https://hh.ru/vacancy/133311432
Бариста,133253288,"Мерчендайзер (м. Савеловская, Марьина Роща)",Работут,Москва,64769.0,64769.0,64769.0,RUR,False,Нет опыта,,,2026-05-19T13:35:22+0300,https://hh.ru/vacancy/133253288
Бариста,133249969,"Визитный мерчендайзер (м Беляево, Новые Черемушки)",Работут,Москва,53704.0,53704.0,53704.0,RUR,False,Нет опыта,,,2026-05-19T12:46:05+0300,https://hh.ru/vacancy/133249969
Бариста,133249691,Мерчендайзер (м. Комсомольская),Работут,Москва,53974.0,53974.0,53974.0,RUR,False,Нет опыта,,,2026-05-19T12:41:32+0300,https://hh.ru/vacancy/133249691
Бариста,133249473,Мерчендайзер (м Дубровка),Работут,Москва,40480.0,40480.0,40480.0,RUR,False,Нет опыта,,,2026-05-19T12:38:04+0300,https://hh.ru/vacancy/133249473
Бариста,133250237,Визитный мерчендайзер (м Тропарево),Работут,Москва,49193.0,49193.0,49193.0,RUR,False,Нет опыта,,,2026-05-19T12:50:13+0300,https://hh.ru/vacancy/133250237
Бариста,133099804,Визитный мерчендайзер (Южное Бутово),Работут,Москва,60000.0,67000.0,63500.0,RUR,False,Нет опыта,,,2026-05-14T15:37:11+0300,https://hh.ru/vacancy/133099804
Бариста,133100674,"Мерчендайзер визитный (Новогиреево, р-н Ивановское, Вешняки)",Работут,Москва,60000.0,67000.0,63500.0,RUR,False,Нет опыта,,,2026-05-14T15:53:48+0300,https://hh.ru/vacancy/133100674
Бариста,133004541,"Мерчандайзер визитный (ст. м. Беляево, Тропарёво, Университет дружбы народов, Юго-западная)",OPEN,Москва,70000.0,70000.0,70000.0,RUR,False,От 1 года до 3 лет,,,2026-05-12T15:34:45+0300,https://hh.ru/vacancy/133004541
Бариста,132883420,"Стационарный мерчандайзер (м. Филатов луг, ул.Хабарова,2)",Работут,Москва,25223.0,25223.0,25223.0,RUR,False,Нет опыта,,,2026-05-07T13:30:57+0300,https://hh.ru/vacancy/132883420
Бариста,132855290,"Мерчандайзер (Дмитровское ш, 116Д)",Работут,Москва,39401.0,39401.0,39401.0,RUR,False,Нет опыта,,,2026-05-06T17:18:53+0300,https://hh.ru/vacancy/132855290
Бариста,132789179,"Визитный мерчандайзер (Баррикадная, Сокольники, ВДНХ)",Работут,Москва,75000.0,75000.0,75000.0,RUR,False,Нет опыта,,,2026-05-05T12:53:54+0300,https://hh.ru/vacancy/132789179
Бариста,132775989,"Стационарный мерчандайзер (ул. Кожуховская 7я, д.9)",Работут,Москва,40480.0,40480.0,40480.0,RUR,False,Нет опыта,,,2026-05-05T09:43:55+0300,https://hh.ru/vacancy/132775989
Бариста,132775256,Стационарный мерчандайзер (м. Дубровка),Работут,Москва,64769.0,64769.0,64769.0,RUR,False,Нет опыта,,,2026-05-05T09:32:22+0300,https://hh.ru/vacancy/132775256
Бариста,132872785,Мерчандайзер стационарный (Дубровская улица),Работут,Москва,64769.0,64769.0,64769.0,RUR,False,Нет опыта,,,2026-05-07T10:31:31+0300,https://hh.ru/vacancy/132872785
Бариста,132872230,"Мерчандайзер (ВДНХ, Сокольники)",Работут,Москва,75000.0,75000.0,75000.0,RUR,False,Нет опыта,,,2026-05-07T10:21:24+0300,https://hh.ru/vacancy/132872230
Бариста,132756473,Подменный мерчандайзер (Алтуфьевское шоссе - г. Сергиев Посад),Работут,Москва,77000.0,,77000.0,RUR,False,Нет опыта,,,2026-05-04T16:18:18+0300,https://hh.ru/vacancy/132756473
Бариста,132754236,Мерчандайзер (Алтуфьевское шоссе),Работут,Москва,64769.0,64769.0,64769.0,RUR,False,Нет опыта,,,2026-05-04T15:43:41+0300,https://hh.ru/vacancy/132754236
Бариста,132747926,Мерчандайзер (м. Савёловская),Работут,Москва,64769.0,,64769.0,RUR,False,Нет опыта,,,2026-05-04T14:24:19+0300,https://hh.ru/vacancy/132747926
Бариста,132747761,Мерчандайзер (м. Отрадное),Работут,Москва,64499.0,,64499.0,RUR,False,Нет опыта,,,2026-05-04T14:21:49+0300,https://hh.ru/vacancy/132747761
Бариста,132745858,Мерчандайзер (м. Проспект Мира),Работут,Москва,48037.0,48037.0,48037.0,RUR,False,Нет опыта,,,2026-05-04T13:57:27+0300,https://hh.ru/vacancy/132745858
Бариста,132742795,Мерчандайзер (м. Щёлковская),Работут,Москва,39131.0,39131.0,39131.0,RUR,False,Нет опыта,,,2026-05-04T13:17:37+0300,https://hh.ru/vacancy/132742795
Бариста,132742535,Мерчандайзер (м. Комсомольская),Работут,Москва,53974.0,53974.0,53974.0,RUR,False,Нет опыта,,,2026-05-04T13:13:58+0300,https://hh.ru/vacancy/132742535
Бариста,132741122,Мерчандайзер (м. Молодежная),Работут,Москва,48577.0,,48577.0,RUR,False,Нет опыта,,,2026-05-04T12:53:00+0300,https://hh.ru/vacancy/132741122
Бариста,132737047,Мерчандайзер (м. Владыкино),Работут,Москва,38861.0,,38861.0,RUR,False,Нет опыта,,,2026-05-04T12:25:11+0300,https://hh.ru/vacancy/132737047
Бариста,131884981,Мерчандайзер (м. Крымская),Работут,Москва,28606.0,,28606.0,RUR,False,Нет опыта,,,2026-05-04T11:30:44+0300,https://hh.ru/vacancy/131884981
Бариста,132789492,Мерчандайзер (м. Тропарёво),Работут,Москва,49193.0,,49193.0,RUR,False,Нет опыта,,,2026-05-05T12:59:59+0300,https://hh.ru/vacancy/132789492
Бариста,132742144,Мерчандайзер (м. Мневники),Работут,Москва,40480.0,40480.0,40480.0,RUR,False,Нет опыта,,,2026-05-04T13:08:35+0300,https://hh.ru/vacancy/132742144
Бариста,132741582,Мерчандайзер (м. Фили),Работут,Москва,31170.0,31170.0,31170.0,RUR,False,Нет опыта,,,2026-05-04T13:00:42+0300,https://hh.ru/vacancy/132741582
Бариста,132808634,Мерчандайзер стационарный (Ржавки),Работут,Москва,64769.0,64769.0,64769.0,RUR,False,Нет опыта,,,2026-05-05T16:45:00+0300,https://hh.ru/vacancy/132808634
Бариста,132808383,Мерчандайзер стационарный (Шолохово),Работут,Москва,,38861.0,38861.0,RUR,False,Нет опыта,,,2026-05-05T16:41:51+0300,https://hh.ru/vacancy/132808383
Бариста,132808120,Мерчандайзер на 2 торговые точки (Алтуфьевское шоссе),Работут,Москва,64769.0,64769.0,64769.0,RUR,False,Нет опыта,,,2026-05-05T16:36:35+0300,https://hh.ru/vacancy/132808120
Бариста,130809281,"Мерчандайзер (м Озерная, Юго-Западная)",Работут,Москва,60000.0,67000.0,63500.0,RUR,False,Нет опыта,,,2026-05-04T16:48:24+0300,https://hh.ru/vacancy/130809281
Бариста,131862887,Мерчандайзер (м. Филатов луг),Работут,Москва,25233.0,25233.0,25233.0,RUR,False,Нет опыта,,,2026-05-04T11:30:44+0300,https://hh.ru/vacancy/131862887
Бариста,132809100,Старший мерчандайзер (Сергиев Посад - Алтуфьевское шоссе),Работут,Москва,77000.0,80000.0,78500.0,RUR,False,Нет опыта,,,2026-05-05T16:52:28+0300,https://hh.ru/vacancy/132809100
Бариста,131866646,"Мерчандайзер (м. Домодедовская, м. Шипиловская)",Работут,Москва,58966.0,,58966.0,RUR,False,Нет опыта,,,2026-04-29T10:22:24+0300,https://hh.ru/vacancy/131866646
Бариста,131862013,"Мерчандайзер (м. Раменки, м. Озерная)",Работут,Москва,47805.0,,47805.0,RUR,False,Нет опыта,,,2026-04-29T10:22:23+0300,https://hh.ru/vacancy/131862013
Бариста,132594332,Мерчандайзер (м. Строгино),Работут,Москва,29000.0,29000.0,29000.0,RUR,False,Нет опыта,,,2026-04-28T17:13:30+0300,https://hh.ru/vacancy/132594332
Бариста,131867038,Мерчандайзер (м. Пыхтино),Работут,Москва,49348.0,,49348.0,RUR,False,Нет опыта,,,2026-04-29T10:22:24+0300,https://hh.ru/vacancy/131867038
Бариста,132481076,"Визитный мерчандайзер (Раменки, Тропарево, Сколковское ш)",Работут,Москва,60000.0,67000.0,63500.0,RUR,False,Нет опыта,,,2026-04-24T15:29:24+0300,https://hh.ru/vacancy/132481076
Бариста,131518807,Продавец – консультант КуулКлевер Кафе (м. Прокшино),"КуулКлевер (МясновЪ, Отдохни)",Москва,115000.0,250000.0,182500.0,RUR,True,Нет опыта,,,2026-05-23T17:45:53+0300,https://hh.ru/vacancy/131518807
Бариста,129811333,Продавец – консультант КуулКлевер Кафе (м. Маяковская),"КуулКлевер (МясновЪ, Отдохни)",Москва,115000.0,250000.0,182500.0,RUR,True,Нет опыта,,,2026-05-23T16:55:24+0300,https://hh.ru/vacancy/129811333
Бариста,129811285,Продавец – консультант КуулКлевер Кафе (м. Перово),"КуулКлевер (МясновЪ, Отдохни)",Москва,115000.0,250000.0,182500.0,RUR,True,Нет опыта,,,2026-05-23T16:54:05+0300,https://hh.ru/vacancy/129811285
Бариста,131519610,Продавец – консультант галереи вин Отдохни (м. Савеловская),"КуулКлевер (МясновЪ, Отдохни)",Москва,115000.0,250000.0,182500.0,RUR,True,Нет опыта,,,2026-05-23T18:12:10+0300,https://hh.ru/vacancy/131519610
Бариста,133408947,Старший продавец,Магазины Ароматный Мир формата food & wine,Москва,90000.0,,90000.0,RUR,True,От 1 года до 3 лет,,,2026-05-22T16:32:16+0300,https://hh.ru/vacancy/133408947
Бариста,130015788,Продавец - консультант в отдел МясновЪ (м. Новогиреево),"КуулКлевер (МясновЪ, Отдохни)",Москва,115000.0,250000.0,182500.0,RUR,True,Нет опыта,,,2026-05-23T16:40:54+0300,https://hh.ru/vacancy/130015788
Бариста,130014638,Продавец - консультант отдел МясновЪ (м. Проспект Мира),"КуулКлевер (МясновЪ, Отдохни)",Москва,115000.0,250000.0,182500.0,RUR,True,Нет опыта,,,2026-05-23T16:21:37+0300,https://hh.ru/vacancy/130014638
Бариста,133407227,Продавец-консультант,Магазины Ароматный Мир формата food & wine,Москва,80000.0,,80000.0,RUR,True,Нет опыта,,,2026-05-22T16:02:05+0300,https://hh.ru/vacancy/133407227
Бариста,131781128,Продавец-консультант отдела МясновЪ (м. ЗИЛ),"КуулКлевер (МясновЪ, Отдохни)",Москва,115000.0,250000.0,182500.0,RUR,True,Нет опыта,,,2026-05-23T12:54:49+0300,https://hh.ru/vacancy/131781128
Бариста,129810875,Продавец–консультант КуулКлевер Кафе (м. Улица Академика Янгеля ),"КуулКлевер (МясновЪ, Отдохни)",Москва,115000.0,250000.0,182500.0,RUR,True,Нет опыта,,,2026-05-23T16:44:58+0300,https://hh.ru/vacancy/129810875
Бариста,131952746,Продавец (м.Новогиреево),Сеть розничных магазинов Добрынинский. Кондитерская и гастрономия.,Москва,80000.0,100000.0,90000.0,RUR,True,Нет опыта,,,2026-05-22T12:40:38+0300,https://hh.ru/vacancy/131952746
Бариста,132562206,Продавец-кассир,Кулинарная лавка братьев Караваевых,Москва,,120000.0,120000.0,RUR,False,Нет опыта,,,2026-05-22T08:31:21+0300,https://hh.ru/vacancy/132562206
Бариста,124476759,Продавец - консультант в отдел МясновЪ (м. Серпуховская),"КуулКлевер (МясновЪ, Отдохни)",Москва,115000.0,250000.0,182500.0,RUR,True,Нет опыта,,,2026-05-23T09:44:19+0300,https://hh.ru/vacancy/124476759
Бариста,133389932,Продавец-консультант (м.Новокузнецкая),Магазины Ароматный Мир формата food & wine,Москва,80000.0,,80000.0,RUR,True,Нет опыта,,,2026-05-22T11:03:04+0300,https://hh.ru/vacancy/133389932
Бариста,133409468,Продавец-консультант (м. Озёрная),Магазины Ароматный Мир формата food & wine,Москва,80000.0,,80000.0,RUR,True,Нет опыта,,,2026-05-22T16:43:03+0300,https://hh.ru/vacancy/133409468
Бариста,133408950,Продавец-консультант (м. Войковская),Магазины Ароматный Мир формата food & wine,Москва,80000.0,,80000.0,RUR,True,Нет опыта,,,2026-05-22T16:32:17+0300,https://hh.ru/vacancy/133408950
Бариста,133373117,Продавец-кассир,Кулинарная лавка братьев Караваевых,Москва,,120000.0,120000.0,RUR,False,Нет опыта,,,2026-05-21T19:33:07+0300,https://hh.ru/vacancy/133373117
Бариста,132889865,Продавец-консультант (м. Митино),Магазины Ароматный Мир формата food & wine,Москва,80000.0,,80000.0,RUR,True,Нет опыта,,,2026-05-22T15:19:40+0300,https://hh.ru/vacancy/132889865
Бариста,133267941,Продавец-консультант в винотеку,Simple,Москва,80000.0,110000.0,95000.0,RUR,False,Нет опыта,,,2026-05-22T14:03:50+0300,https://hh.ru/vacancy/133267941
Бариста,133355100,Продавец-кассир,Кулинарная лавка братьев Караваевых,Москва,,120000.0,120000.0,RUR,False,Нет опыта,,,2026-05-21T13:09:05+0300,https://hh.ru/vacancy/133355100
Бариста,133409464,Старший продавец-консультант (м. Озёрная),Магазины Ароматный Мир формата food & wine,Москва,90000.0,,90000.0,RUR,True,От 1 года до 3 лет,,,2026-05-22T16:43:01+0300,https://hh.ru/vacancy/133409464
Бариста,132595054,Старший продавец-консультант (м. Отрадное),"КуулКлевер (МясновЪ, Отдохни)",Москва,120000.0,,120000.0,RUR,True,От 1 года до 3 лет,,,2026-05-22T17:36:38+0300,https://hh.ru/vacancy/132595054
Бариста,132594963,Старший продавец-консультант (м. Кантемировская),"КуулКлевер (МясновЪ, Отдохни)",Москва,120000.0,,120000.0,RUR,True,От 1 года до 3 лет,,,2026-05-22T17:34:47+0300,https://hh.ru/vacancy/132594963
Бариста,132594352,Старший продавец-консультант в КуулКлевер,"КуулКлевер (МясновЪ, Отдохни)",Москва,120000.0,,120000.0,RUR,True,От 1 года до 3 лет,,,2026-05-22T17:14:20+0300,https://hh.ru/vacancy/132594352
Бариста,132593964,Старший продавец-консультант (м. ЗИЛ),"КуулКлевер (МясновЪ, Отдохни)",Москва,120000.0,,120000.0,RUR,True,От 1 года до 3 лет,,,2026-05-22T17:06:20+0300,https://hh.ru/vacancy/132593964
Бариста,132117466,"Продавец-консультант ""Алкотека"" (м.Сокол)",Алкотека,Москва,90000.0,135000.0,112500.0,RUR,False,Нет опыта,,,2026-05-22T10:28:41+0300,https://hh.ru/vacancy/132117466
Бариста,133408218,"Продавец-консультант (м. Смоленская, Арбат)",Магазины Ароматный Мир формата food & wine,Москва,,,,,,Нет опыта,,,2026-05-22T16:16:34+0300,https://hh.ru/vacancy/133408218
Бариста,132872170,Продавец-консультант (м. Академическая),Магазины Ароматный Мир формата food & wine,Москва,,,,,,Нет опыта,,,2026-05-22T10:20:18+0300,https://hh.ru/vacancy/132872170
Бариста,130838713,Продавец-консультант (м. Кутузовская),Магазины Ароматный Мир формата food & wine,Москва,85000.0,,85000.0,RUR,True,Нет опыта,,,2026-05-22T09:29:13+0300,https://hh.ru/vacancy/130838713
Бариста,132879639,Менеджер по продажам / Продавец - консультант (М. Коммунарка),"S2B Табак, Еда и Напитки",Москва,75000.0,100000.0,87500.0,RUR,False,Нет опыта,,,2026-05-22T12:28:41+0300,https://hh.ru/vacancy/132879639
Бариста,133409465,Старший продавец-консультант (м. Филатов Луг),Магазины Ароматный Мир формата food & wine,Москва,90000.0,,90000.0,RUR,True,От 1 года до 3 лет,,,2026-05-22T16:43:02+0300,https://hh.ru/vacancy/133409465
Бариста,132595608,Продавец – консультант КуулКлевер Кафе (м. Беломорская),"КуулКлевер (МясновЪ, Отдохни)",Москва,115000.0,250000.0,182500.0,RUR,True,Нет опыта,,,2026-05-22T17:57:53+0300,https://hh.ru/vacancy/132595608
Бариста,132595506,Продавец – консультант КуулКлевер Кафе (м. Сходненская),"КуулКлевер (МясновЪ, Отдохни)",Москва,115000.0,250000.0,182500.0,RUR,True,Нет опыта,,,2026-05-22T17:52:36+0300,https://hh.ru/vacancy/132595506
Бариста,132595217,Продавец – консультант КуулКлевер Кафе (м. Кунцевская),"КуулКлевер (МясновЪ, Отдохни)",Москва,115000.0,250000.0,182500.0,RUR,True,Нет опыта,,,2026-05-22T17:42:16+0300,https://hh.ru/vacancy/132595217
Бариста,133270798,Продавец – консультант отдела МясновЪ (м. Тимирязевская),"КуулКлевер (МясновЪ, Отдохни)",Москва,115000.0,250000.0,182500.0,RUR,True,Нет опыта,,,2026-05-22T17:32:31+0300,https://hh.ru/vacancy/133270798
Бариста,131927466,Продавец - консультант отдел МясновЪ (м. Кантемировская),"КуулКлевер (МясновЪ, Отдохни)",Москва,115000.0,250000.0,182500.0,RUR,True,Нет опыта,,,2026-05-22T17:30:15+0300,https://hh.ru/vacancy/131927466
Бариста,124604643,Продавец - консультант отдела МясновЪ (м. Озерная),"КуулКлевер (МясновЪ, Отдохни)",Москва,115000.0,250000.0,182500.0,RUR,True,Нет опыта,,,2026-05-22T17:23:22+0300,https://hh.ru/vacancy/124604643
Бариста,127157500,Продавец - консультант отдел МясновЪ (м. Бабушкинская),"КуулКлевер (МясновЪ, Отдохни)",Москва,115000.0,250000.0,182500.0,RUR,True,Нет опыта,,,2026-05-22T17:11:33+0300,https://hh.ru/vacancy/127157500
Бариста,127157106,Продавец - консультант отдел МясновЪ (м. Митино),"КуулКлевер (МясновЪ, Отдохни)",Москва,115000.0,250000.0,182500.0,RUR,True,Нет опыта,,,2026-05-22T16:58:36+0300,https://hh.ru/vacancy/127157106
Бариста,132758392,Продавец – консультант КуулКлевер Кафе (м. Фрунзенская),"КуулКлевер (МясновЪ, Отдохни)",Москва,115000.0,250000.0,182500.0,RUR,True,Нет опыта,,,2026-05-22T16:55:15+0300,https://hh.ru/vacancy/132758392
Бариста,133389913,Продавец-консультант (м.Курская/м.Чистые Пруды),Магазины Ароматный Мир формата food & wine,Москва,80000.0,,80000.0,RUR,True,Нет опыта,,,2026-05-22T11:02:34+0300,https://hh.ru/vacancy/133389913
Бариста,127156879,Продавец - консультант отдел МясновЪ (м. Пражская),"КуулКлевер (МясновЪ, Отдохни)",Москва,115000.0,250000.0,182500.0,RUR,True,Нет опыта,,,2026-05-22T16:50:31+0300,https://hh.ru/vacancy/127156879
Бариста,127156776,Продавец - консультант отдел МясновЪ (м. Тургеневская),"КуулКлевер (МясновЪ, Отдохни)",Москва,115000.0,250000.0,182500.0,RUR,True,Нет опыта,,,2026-05-22T16:47:52+0300,https://hh.ru/vacancy/127156776
Бариста,124602782,Продавец - консультант отдела МясновЪ (м. Пролетарская),"КуулКлевер (МясновЪ, Отдохни)",Москва,115000.0,250000.0,182500.0,RUR,True,Нет опыта,,,2026-05-22T16:45:40+0300,https://hh.ru/vacancy/124602782
Бариста,133058144,Продавец–консультант КуулКлевер Кафе (м. Южная),"КуулКлевер (МясновЪ, Отдохни)",Москва,115000.0,250000.0,182500.0,RUR,True,Нет опыта,,,2026-05-22T16:35:45+0300,https://hh.ru/vacancy/133058144
Бариста,133095014,"Продавец-консультант (Зеленоград, корп. 2040)",Магазины Ароматный Мир формата food & wine,Зеленоград,80000.0,,80000.0,RUR,True,Нет опыта,,,2026-05-22T15:09:06+0300,https://hh.ru/vacancy/133095014
Бариста,132588903,Продавец – консультант КуулКлевер Кафе (м. Савеловская),"КуулКлевер (МясновЪ, Отдохни)",Москва,115000.0,250000.0,182500.0,RUR,True,Нет опыта,,,2026-05-22T15:44:40+0300,https://hh.ru/vacancy/132588903
Бариста,132394928,Продавец–консультант КуулКлевер Кафе (м. ЗИЛ),"КуулКлевер (МясновЪ, Отдохни)",Москва,115000.0,250000.0,182500.0,RUR,True,Нет опыта,,,2026-05-22T15:40:09+0300,https://hh.ru/vacancy/132394928
Бариста,132722267,Старший продавец-консультант (м. Потапово),"КуулКлевер (МясновЪ, Отдохни)",Москва,120000.0,,120000.0,RUR,True,От 1 года до 3 лет,,,2026-05-22T09:44:35+0300,https://hh.ru/vacancy/132722267
Бариста,129085930,Продавец - консультант в отдел МясновЪ (м. Прокшино),"КуулКлевер (МясновЪ, Отдохни)",Москва,115000.0,250000.0,182500.0,RUR,True,Нет опыта,,,2026-05-22T18:06:51+0300,https://hh.ru/vacancy/129085930
Бариста,132594904,Старший продавец магазина КуулКлевер (м. Бульвар Рокоссовского),"КуулКлевер (МясновЪ, Отдохни)",Москва,120000.0,,120000.0,RUR,True,От 1 года до 3 лет,,,2026-05-22T17:32:18+0300,https://hh.ru/vacancy/132594904
Бариста,131927287,Продавец-консультант галереи вин Отдохни (м. Сходненская),"КуулКлевер (МясновЪ, Отдохни)",Москва,115000.0,250000.0,182500.0,RUR,True,Нет опыта,,,2026-05-22T17:24:25+0300,https://hh.ru/vacancy/131927287
Бариста,131927114,Продавец-консультант галереи вин Отдохни (м. Полежаевская),"КуулКлевер (МясновЪ, Отдохни)",Москва,115000.0,250000.0,182500.0,RUR,True,Нет опыта,,,2026-05-22T17:19:51+0300,https://hh.ru/vacancy/131927114
Бариста,132594384,Старший продавец магазина КуулКлевер (м. Верхние Лихоборы),"КуулКлевер (МясновЪ, Отдохни)",Москва,120000.0,,120000.0,RUR,True,От 1 года до 3 лет,,,2026-05-22T17:15:38+0300,https://hh.ru/vacancy/132594384
Бариста,127157608,Продавец - консультант отдел МясновЪ (м. Ленинский проспект),"КуулКлевер (МясновЪ, Отдохни)",Москва,115000.0,250000.0,182500.0,RUR,True,Нет опыта,,,2026-05-22T17:13:27+0300,https://hh.ru/vacancy/127157608
Бариста,127157189,Продавец - консультант отдел МясновЪ (м. Парк культуры),"КуулКлевер (МясновЪ, Отдохни)",Москва,115000.0,250000.0,182500.0,RUR,True,Нет опыта,,,2026-05-22T17:01:33+0300,https://hh.ru/vacancy/127157189
Бариста,133409474,Продавец-консультант в алкогольный магазин (м. Кунцевская),Магазины Ароматный Мир формата food & wine,Москва,80000.0,,80000.0,RUR,True,Нет опыта,,,2026-05-22T16:43:04+0300,https://hh.ru/vacancy/133409474
Бариста,132758254,"Продавец – консультант, КуулКлевер Кафе (м. Преображенская площадь)","КуулКлевер (МясновЪ, Отдохни)",Москва,115000.0,250000.0,182500.0,RUR,True,Нет опыта,,,2026-05-22T16:52:46+0300,https://hh.ru/vacancy/132758254
Бариста,124601579,Продавец – консультант галереи вин Отдохни (м. Фонвизинская),"КуулКлевер (МясновЪ, Отдохни)",Москва,115000.0,250000.0,182500.0,RUR,True,Нет опыта,,,2026-05-22T16:20:53+0300,https://hh.ru/vacancy/124601579
Бариста,132211482,Продавец–консультант КуулКлевер Кафе (м. Верхние Лихоборы),"КуулКлевер (МясновЪ, Отдохни)",Москва,115000.0,250000.0,182500.0,RUR,True,Нет опыта,,,2026-05-22T16:15:32+0300,https://hh.ru/vacancy/132211482
Бариста,131476254,Продавец – консультант галереи вин Отдохни (м. Яхромская),"КуулКлевер (МясновЪ, Отдохни)",Москва,115000.0,250000.0,182500.0,RUR,True,Нет опыта,,,2026-05-22T15:48:56+0300,https://hh.ru/vacancy/131476254
Бариста,131475830,Продавец - консультант в отдел МясновЪ (м. Яхромская),"КуулКлевер (МясновЪ, Отдохни)",Москва,115000.0,250000.0,182500.0,RUR,True,Нет опыта,,,2026-05-22T15:39:18+0300,https://hh.ru/vacancy/131475830
Бариста,130821867,Продавец - консультант отдел МясновЪ (м. Бауманская),"КуулКлевер (МясновЪ, Отдохни)",Москва,115000.0,250000.0,182500.0,RUR,True,Нет опыта,,,2026-05-22T11:07:59+0300,https://hh.ru/vacancy/130821867
Бариста,124605602,Продавец - консультант в отдел МясновЪ (м. Ломоносовский проспект),"КуулКлевер (МясновЪ, Отдохни)",Москва,115000.0,250000.0,182500.0,RUR,True,Нет опыта,,,2026-05-22T17:44:13+0300,https://hh.ru/vacancy/124605602
Бариста,132257844,Продавец (м. Нагорная),Сеть розничных магазинов Добрынинский. Кондитерская и гастрономия.,Москва,70000.0,110000.0,90000.0,RUR,False,Нет опыта,,,2026-05-21T09:04:18+0300,https://hh.ru/vacancy/132257844
Бариста,133333545,Продавец (м. Достоевская),Сеть розничных магазинов Добрынинский. Кондитерская и гастрономия.,Москва,70000.0,110000.0,90000.0,RUR,True,Нет опыта,,,2026-05-21T08:02:15+0300,https://hh.ru/vacancy/133333545
Бариста,131313461,Продавец-консультант галереи вин Отдохни (м. Парк культуры),"КуулКлевер (МясновЪ, Отдохни)",Москва,115000.0,250000.0,182500.0,RUR,True,Нет опыта,,,2026-05-22T16:38:45+0300,https://hh.ru/vacancy/131313461
Бариста,124602513,Продавец – консультант галереи вин Отдохни (м. Юго-Западная),"КуулКлевер (МясновЪ, Отдохни)",Москва,115000.0,250000.0,182500.0,RUR,True,Нет опыта,,,2026-05-22T16:39:47+0300,https://hh.ru/vacancy/124602513
Бариста,133220677,Продавец-консультант (г. Москва),Магазины Ароматный Мир формата food & wine,Москва,80000.0,,80000.0,RUR,True,Нет опыта,,,2026-05-21T18:19:02+0300,https://hh.ru/vacancy/133220677
Бариста,133385055,"Продавец-консультант (Дубининская ул., д.59А)",Магазины Ароматный Мир формата food & wine,Москва,80000.0,,80000.0,RUR,True,Нет опыта,,,2026-05-22T09:42:54+0300,https://hh.ru/vacancy/133385055
Бариста,132332258,Продавец-консультант (м. Молжаниново),Магазины Ароматный Мир формата food & wine,Москва,100000.0,,100000.0,RUR,True,Нет опыта,,,2026-05-21T16:03:12+0300,https://hh.ru/vacancy/132332258
Бариста,132211335,Продавец-консультант галереи вин Отдохни (м. Бульвар Дмитрия Донского),"КуулКлевер (МясновЪ, Отдохни)",Москва,115000.0,250000.0,182500.0,RUR,True,Нет опыта,,,2026-05-22T16:13:01+0300,https://hh.ru/vacancy/132211335
Бариста,131108650,Продавец – консультант отдела МясновЪ (м. Теплый стан),"КуулКлевер (МясновЪ, Отдохни)",Москва,115000.0,250000.0,182500.0,RUR,True,Нет опыта,,,2026-05-22T09:03:04+0300,https://hh.ru/vacancy/131108650
Бариста,133343228,Продавец-консультант (м. Спартак),Магазины Ароматный Мир формата food & wine,Москва,85000.0,,85000.0,RUR,True,Нет опыта,,,2026-05-21T10:42:01+0300,https://hh.ru/vacancy/133343228
Бариста,132984147,Продавец-консультант (м. Аминьевская),Магазины Ароматный Мир формата food & wine,Москва,80000.0,,80000.0,RUR,True,Нет опыта,,,2026-05-21T10:52:40+0300,https://hh.ru/vacancy/132984147
Бариста,122291830,Старший продавец-консультант (Битца),"КуулКлевер (МясновЪ, Отдохни)",Москва,120000.0,,120000.0,RUR,True,От 1 года до 3 лет,,,2026-05-21T08:06:51+0300,https://hh.ru/vacancy/122291830
Бариста,124178122,Продавец – консультант КуулКлевер Кафе (Куркино),"КуулКлевер (МясновЪ, Отдохни)",Химки (Московская область),115000.0,250000.0,182500.0,RUR,True,Нет опыта,,,2026-05-21T14:05:59+0300,https://hh.ru/vacancy/124178122
Бариста,132687115,"Продавец-консультант в магазин чая и кофе (ТРЦ ""Вегас Каширское"")",КАНТАТА,Москва,70000.0,90000.0,80000.0,RUR,True,Нет опыта,,,2026-05-22T11:09:34+0300,https://hh.ru/vacancy/132687115
Бариста,133409003,"Продавец-консультант в магазин чая и кофе Кантата (м. Теплый Стан, м. Ясенево)",КАНТАТА,Москва,70000.0,90000.0,80000.0,RUR,True,Нет опыта,,,2026-05-22T16:33:13+0300,https://hh.ru/vacancy/133409003
Бариста,132257845,Продавец (м. 1905-года),Сеть розничных магазинов Добрынинский. Кондитерская и гастрономия.,Москва,70000.0,110000.0,90000.0,RUR,False,Нет опыта,,,2026-05-21T09:03:50+0300,https://hh.ru/vacancy/132257845
Бариста,130220381,Продавец – консультант отдела МясновЪ (ул. Шипиловская),"КуулКлевер (МясновЪ, Отдохни)",Москва,115000.0,250000.0,182500.0,RUR,True,Нет опыта,,,2026-05-21T17:34:56+0300,https://hh.ru/vacancy/130220381
Бариста,131829150,Продавец – консультант КуулКлевер Кафе (м. Потапово),"КуулКлевер (МясновЪ, Отдохни)",Москва,115000.0,250000.0,182500.0,RUR,True,Нет опыта,,,2026-05-21T17:22:28+0300,https://hh.ru/vacancy/131829150
Бариста,132546418,Продавец – консультант КуулКлевер Кафе (м. Выхино),"КуулКлевер (МясновЪ, Отдохни)",Москва,115000.0,250000.0,182500.0,RUR,True,Нет опыта,,,2026-05-21T16:21:49+0300,https://hh.ru/vacancy/132546418
Бариста,130534882,Продавец – консультант отдела МясновЪ (м. Полежаевская),"КуулКлевер (МясновЪ, Отдохни)",Москва,115000.0,250000.0,182500.0,RUR,True,Нет опыта,,,2026-05-21T15:44:28+0300,https://hh.ru/vacancy/130534882
Бариста,133362604,Старший продавец-консультант (м. Речной вокзал),"КуулКлевер (МясновЪ, Отдохни)",Москва,120000.0,,120000.0,RUR,True,От 1 года до 3 лет,,,2026-05-21T15:08:57+0300,https://hh.ru/vacancy/133362604
Бариста,131823004,Продавец – консультант отдела МясновЪ (м. Щелковская),"КуулКлевер (МясновЪ, Отдохни)",Москва,115000.0,250000.0,182500.0,RUR,True,Нет опыта,,,2026-05-21T15:02:09+0300,https://hh.ru/vacancy/131823004
Бариста,131821782,Продавец – консультант отдела МясновЪ (м. Рассказовка),"КуулКлевер (МясновЪ, Отдохни)",Москва,115000.0,250000.0,182500.0,RUR,True,Нет опыта,,,2026-05-21T14:35:09+0300,https://hh.ru/vacancy/131821782
Бариста,124360054,Продавец-консультант отдела МясновЪ (м. Дубровка),"КуулКлевер (МясновЪ, Отдохни)",Москва,115000.0,250000.0,182500.0,RUR,True,Нет опыта,,,2026-05-21T14:10:30+0300,https://hh.ru/vacancy/124360054
Бариста,124358896,Продавец – консультант отдела МясновЪ (м. Царицыно),"КуулКлевер (МясновЪ, Отдохни)",Москва,115000.0,250000.0,182500.0,RUR,True,Нет опыта,,,2026-05-21T14:10:29+0300,https://hh.ru/vacancy/124358896
Бариста,124359267,Продавец – консультант отдела МясновЪ (м. Домодедовская),"КуулКлевер (МясновЪ, Отдохни)",Москва,115000.0,250000.0,182500.0,RUR,True,Нет опыта,,,2026-05-21T14:10:29+0300,https://hh.ru/vacancy/124359267
Бариста,124356667,Продавец – консультант отдела МясновЪ (м. Авиамоторная),"КуулКлевер (МясновЪ, Отдохни)",Москва,115000.0,250000.0,182500.0,RUR,True,Нет опыта,,,2026-05-21T14:10:28+0300,https://hh.ru/vacancy/124356667
Бариста,123979846,Продавец – консультант КуулКлевер Кафе (г. Москва),"КуулКлевер (МясновЪ, Отдохни)",Москва,115000.0,250000.0,182500.0,RUR,True,Нет опыта,,,2026-05-21T14:10:21+0300,https://hh.ru/vacancy/123979846
Бариста,124158642,Продавец – консультант отдела МясновЪ (м. Медведково),"КуулКлевер (МясновЪ, Отдохни)",Москва,115000.0,250000.0,182500.0,RUR,True,Нет опыта,,,2026-05-21T14:06:08+0300,https://hh.ru/vacancy/124158642
Бариста,124159181,Продавец – консультант КуулКлевер Кафе (м. Менделеевская),"КуулКлевер (МясновЪ, Отдохни)",Москва,115000.0,250000.0,182500.0,RUR,True,Нет опыта,,,2026-05-21T14:06:08+0300,https://hh.ru/vacancy/124159181
Бариста,124154761,Продавец – консультант отдела МясновЪ (м. ВДНХ),"КуулКлевер (МясновЪ, Отдохни)",Москва,115000.0,250000.0,182500.0,RUR,True,Нет опыта,,,2026-05-21T14:06:07+0300,https://hh.ru/vacancy/124154761
Бариста,124155317,Продавец-консультант отдела МясновЪ (м. Семеновская),"КуулКлевер (МясновЪ, Отдохни)",Москва,115000.0,250000.0,182500.0,RUR,True,Нет опыта,,,2026-05-21T14:06:07+0300,https://hh.ru/vacancy/124155317
Бариста,124156793,Продавец – консультант отдела МясновЪ (м. Марксистская),"КуулКлевер (МясновЪ, Отдохни)",Москва,115000.0,250000.0,182500.0,RUR,True,Нет опыта,,,2026-05-21T14:06:07+0300,https://hh.ru/vacancy/124156793
Бариста,127379982,Продавец – консультант отдела МясновЪ (м. Фрунзенская),"КуулКлевер (МясновЪ, Отдохни)",Москва,115000.0,250000.0,182500.0,RUR,True,Нет опыта,,,2026-05-21T14:06:07+0300,https://hh.ru/vacancy/127379982
Бариста,127378450,Продавец - консультант отдел МясновЪ (м. Фили),"КуулКлевер (МясновЪ, Отдохни)",Москва,115000.0,250000.0,182500.0,RUR,True,Нет опыта,,,2026-05-21T14:06:01+0300,https://hh.ru/vacancy/127378450
Бариста,127378482,Продавец - консультант отдел МясновЪ (м. Аминьевская),"КуулКлевер (МясновЪ, Отдохни)",Москва,115000.0,250000.0,182500.0,RUR,True,Нет опыта,,,2026-05-21T14:06:01+0300,https://hh.ru/vacancy/127378482
Бариста,126575826,Продавец – консультант отдела МясновЪ (м. Отрадное),"КуулКлевер (МясновЪ, Отдохни)",Москва,115000.0,250000.0,182500.0,RUR,True,Нет опыта,,,2026-05-21T14:05:59+0300,https://hh.ru/vacancy/126575826
Бариста,124121790,Продавец – консультант галереи вин Отдохни (Куркино),"КуулКлевер (МясновЪ, Отдохни)",Химки (Московская область),115000.0,250000.0,182500.0,RUR,True,Нет опыта,,,2026-05-21T14:03:59+0300,https://hh.ru/vacancy/124121790
Бариста,133138128,Старший продавец-консультант (м. Марьина роща),"КуулКлевер (МясновЪ, Отдохни)",Москва,120000.0,,120000.0,RUR,True,От 1 года до 3 лет,,,2026-05-21T13:54:15+0300,https://hh.ru/vacancy/133138128
Бариста,129205487,Продавец – консультант КуулКлевер Кафе (м. Бауманская),"КуулКлевер (МясновЪ, Отдохни)",Москва,115000.0,250000.0,182500.0,RUR,True,Нет опыта,,,2026-05-21T12:51:47+0300,https://hh.ru/vacancy/129205487
Бариста,132887223,Продавец в пекарню Буханка,Буханка,Москва,80000.0,,80000.0,RUR,True,Нет опыта,,,2026-05-20T17:48:03+0300,https://hh.ru/vacancy/132887223
Бариста,130896220,Продавец-кассир (м. Алексеевская),Буханка,Москва,80000.0,,80000.0,RUR,True,Нет опыта,,,2026-05-20T17:48:12+0300,https://hh.ru/vacancy/130896220
Бариста,130220619,Продавец – консультант галереи вин Отдохни (м. Молодежная),"КуулКлевер (МясновЪ, Отдохни)",Москва,115000.0,250000.0,182500.0,RUR,True,Нет опыта,,,2026-05-21T17:44:42+0300,https://hh.ru/vacancy/130220619
Бариста,132547773,Продавец – консультант КуулКлевер Кафе (м. Народное Ополчение),"КуулКлевер (МясновЪ, Отдохни)",Москва,115000.0,250000.0,182500.0,RUR,True,Нет опыта,,,2026-05-21T16:49:59+0300,https://hh.ru/vacancy/132547773
Бариста,128159937,Продавец – консультант отдела МясновЪ (м. Перово),"КуулКлевер (МясновЪ, Отдохни)",Москва,115000.0,250000.0,182500.0,RUR,True,Нет опыта,,,2026-05-21T10:51:59+0300,https://hh.ru/vacancy/128159937
Бариста,132547243,Продавец-консультант галереи вин Отдохни (м. Беляево),"КуулКлевер (МясновЪ, Отдохни)",Москва,115000.0,250000.0,182500.0,RUR,True,Нет опыта,,,2026-05-21T16:37:59+0300,https://hh.ru/vacancy/132547243
Бариста,128159144,Продавец – консультант отдела МясновЪ (м. Менделеевская),"КуулКлевер (МясновЪ, Отдохни)",Москва,115000.0,250000.0,182500.0,RUR,True,Нет опыта,,,2026-05-21T10:35:37+0300,https://hh.ru/vacancy/128159144
Бариста,130801536,Продавец-консультант галереи вин Отдохни (м. Царицыно),"КуулКлевер (МясновЪ, Отдохни)",Москва,115000.0,250000.0,182500.0,RUR,True,Нет опыта,,,2026-05-21T15:36:09+0300,https://hh.ru/vacancy/130801536
Бариста,130801162,Продавец - консультант в отдел МясновЪ (м. Кунцевская),"КуулКлевер (МясновЪ, Отдохни)",Москва,115000.0,250000.0,182500.0,RUR,True,Нет опыта,,,2026-05-21T15:28:19+0300,https://hh.ru/vacancy/130801162
Бариста,130532798,Продавец – консультант отдела МясновЪ (м. Юго-Западная),"КуулКлевер (МясновЪ, Отдохни)",Москва,115000.0,250000.0,182500.0,RUR,True,Нет опыта,,,2026-05-21T15:05:25+0300,https://hh.ru/vacancy/130532798
Бариста,130046380,Продавец – консультант КуулКлевер Кафе (м. Марьина роща),"КуулКлевер (МясновЪ, Отдохни)",Москва,115000.0,250000.0,182500.0,RUR,True,Нет опыта,,,2026-05-21T14:21:05+0300,https://hh.ru/vacancy/130046380
Бариста,123979225,Продавец – консультант в отдел МясновЪ (г. Москва),"КуулКлевер (МясновЪ, Отдохни)",Москва,115000.0,250000.0,182500.0,RUR,True,Нет опыта,,,2026-05-21T14:10:30+0300,https://hh.ru/vacancy/123979225
Бариста,125089042,Продавец – консультант в отдел МясновЪ (м. Профсоюзная),"КуулКлевер (МясновЪ, Отдохни)",Москва,115000.0,250000.0,182500.0,RUR,True,Нет опыта,,,2026-05-21T14:10:30+0300,https://hh.ru/vacancy/125089042
Бариста,123861126,Продавец – консультант галереи вин Отдохни (м. Прокшино),"КуулКлевер (МясновЪ, Отдохни)",Москва,115000.0,250000.0,182500.0,RUR,True,Нет опыта,,,2026-05-21T14:10:28+0300,https://hh.ru/vacancy/123861126
Бариста,124117193,Продавец - консультант в отдел МясновЪ (м. Коммунарка),"КуулКлевер (МясновЪ, Отдохни)",Москва,115000.0,250000.0,182500.0,RUR,True,Нет опыта,,,2026-05-21T14:10:28+0300,https://hh.ru/vacancy/124117193
Бариста,126343690,Продавец – консультант галереи вин Отдохни (м. Пролетарская),"КуулКлевер (МясновЪ, Отдохни)",Москва,115000.0,250000.0,182500.0,RUR,True,Нет опыта,,,2026-05-21T14:10:28+0300,https://hh.ru/vacancy/126343690
Бариста,128921892,Продавец – консультант в отдел МясновЪ (м. Вавиловская),"КуулКлевер (МясновЪ, Отдохни)",Москва,115000.0,250000.0,182500.0,RUR,True,Нет опыта,,,2026-05-21T14:10:28+0300,https://hh.ru/vacancy/128921892
Бариста,123979527,Продавец – консультант галереи вин Отдохни (г. Москва),"КуулКлевер (МясновЪ, Отдохни)",Москва,115000.0,250000.0,182500.0,RUR,True,Нет опыта,,,2026-05-21T14:10:21+0300,https://hh.ru/vacancy/123979527
Бариста,127380048,Продавец – консультант галереи вин Отдохни (м. Фрунзенская),"КуулКлевер (МясновЪ, Отдохни)",Москва,115000.0,250000.0,182500.0,RUR,True,Нет опыта,,,2026-05-21T14:06:08+0300,https://hh.ru/vacancy/127380048
Бариста,127383175,Продавец – консультант в отдел МясновЪ (м. Маяковская),"КуулКлевер (МясновЪ, Отдохни)",Москва,115000.0,250000.0,182500.0,RUR,True,Нет опыта,,,2026-05-21T14:06:08+0300,https://hh.ru/vacancy/127383175
Бариста,127378156,Продавец - консультант в отдел МясновЪ (м. Коптево),"КуулКлевер (МясновЪ, Отдохни)",Москва,115000.0,250000.0,182500.0,RUR,True,Нет опыта,,,2026-05-21T14:06:01+0300,https://hh.ru/vacancy/127378156
Бариста,128481992,"Продавец – консультант, отдел МясновЪ (м. Верхние Лихоборы)","КуулКлевер (МясновЪ, Отдохни)",Москва,115000.0,250000.0,182500.0,RUR,True,Нет опыта,,,2026-05-21T14:06:00+0300,https://hh.ru/vacancy/128481992
Бариста,121850226,Продавец – консультант отдела МясновЪ (м. Преображенская площадь),"КуулКлевер (МясновЪ, Отдохни)",Москва,115000.0,250000.0,182500.0,RUR,True,Нет опыта,,,2026-05-21T14:05:59+0300,https://hh.ru/vacancy/121850226
Бариста,126671369,Продавец – консультант галереи вин Отдохни (м. Митино),"КуулКлевер (МясновЪ, Отдохни)",Москва,115000.0,250000.0,182500.0,RUR,True,Нет опыта,,,2026-05-21T14:05:59+0300,https://hh.ru/vacancy/126671369
Бариста,124121422,Продавец – консультант галереи вин Отдохни (м. Коммунарка),"КуулКлевер (МясновЪ, Отдохни)",Москва,115000.0,250000.0,182500.0,RUR,True,Нет опыта,,,2026-05-21T14:01:26+0300,https://hh.ru/vacancy/124121422
Бариста,129205943,Продавец – консультант отдела МясновЪ (м. Бульвар Рокоссовского),"КуулКлевер (МясновЪ, Отдохни)",Москва,115000.0,250000.0,182500.0,RUR,True,Нет опыта,,,2026-05-21T13:19:54+0300,https://hh.ru/vacancy/129205943
Бариста,132472732,Продавец – консультант галереи вин Отдохни (м. Говорово),"КуулКлевер (МясновЪ, Отдохни)",Москва,115000.0,250000.0,182500.0,RUR,True,Нет опыта,,,2026-05-21T13:15:11+0300,https://hh.ru/vacancy/132472732
Бариста,132471925,Продавец – консультант галереи вин Отдохни (м. Кунцевская),"КуулКлевер (МясновЪ, Отдохни)",Москва,115000.0,250000.0,182500.0,RUR,True,Нет опыта,,,2026-05-21T13:05:42+0300,https://hh.ru/vacancy/132471925
Бариста,132471535,Продавец - консультант в отдел МясновЪ (м. Римская),"КуулКлевер (МясновЪ, Отдохни)",Москва,115000.0,250000.0,182500.0,RUR,True,Нет опыта,,,2026-05-21T12:59:33+0300,https://hh.ru/vacancy/132471535
Бариста,132470854,Продавец – консультант галереи вин Отдохни (м. Коптево),"КуулКлевер (МясновЪ, Отдохни)",Москва,115000.0,250000.0,182500.0,RUR,True,Нет опыта,,,2026-05-21T12:45:46+0300,https://hh.ru/vacancy/132470854
Бариста,129205393,Продавец – консультант галереи вин Отдохни (м. Аэропорт),"КуулКлевер (МясновЪ, Отдохни)",Москва,115000.0,250000.0,182500.0,RUR,True,Нет опыта,,,2026-05-21T12:44:24+0300,https://hh.ru/vacancy/129205393
Бариста,132992115,Продавец – консультант отдела Отдохни (м. Теплый стан),"КуулКлевер (МясновЪ, Отдохни)",Москва,115000.0,250000.0,182500.0,RUR,True,Нет опыта,,,2026-05-21T12:32:13+0300,https://hh.ru/vacancy/132992115
Бариста,133271150,Продавец-консультант (Планерная),Магазины Ароматный Мир формата food & wine,Москва,80000.0,,80000.0,RUR,True,Нет опыта,,,2026-05-19T17:40:42+0300,https://hh.ru/vacancy/133271150
Бариста,130538184,Продавец-консультант галереи вин Отдохни (м. Верхние Лихоборы),"КуулКлевер (МясновЪ, Отдохни)",Москва,115000.0,250000.0,182500.0,RUR,True,Нет опыта,,,2026-05-21T16:34:53+0300,https://hh.ru/vacancy/130538184
Бариста,130347012,Продавец – консультант отдела МясновЪ (м. Рязанский проспект),"КуулКлевер (МясновЪ, Отдохни)",Москва,115000.0,250000.0,182500.0,RUR,True,Нет опыта,,,2026-05-21T10:31:25+0300,https://hh.ru/vacancy/130347012
Бариста,131208767,Продавец ароматной выпечки (м. Красносельская),Буханка,Москва,85000.0,,85000.0,RUR,True,Нет опыта,,,2026-05-20T17:48:08+0300,https://hh.ru/vacancy/131208767
Бариста,131822682,Продавец – консультант галереи вин Отдохни (м. Юго-Восточная),"КуулКлевер (МясновЪ, Отдохни)",Москва,115000.0,250000.0,182500.0,RUR,True,Нет опыта,,,2026-05-21T14:54:22+0300,https://hh.ru/vacancy/131822682
Бариста,131259882,Продавец – консультант в отдел МясновЪ (м. Юго-Восточная),"КуулКлевер (МясновЪ, Отдохни)",Москва,115000.0,250000.0,182500.0,RUR,True,Нет опыта,,,2026-05-21T14:18:45+0300,https://hh.ru/vacancy/131259882
Бариста,127291164,Продавец – консультант в отдел МясновЪ (м. Марьина роща),"КуулКлевер (МясновЪ, Отдохни)",Москва,115000.0,250000.0,182500.0,RUR,True,Нет опыта,,,2026-05-21T14:06:00+0300,https://hh.ru/vacancy/127291164
Бариста,127378074,Продавец – консультант галереи вин Отдохни (ул. Соколово-Мещерская),"КуулКлевер (МясновЪ, Отдохни)",Куркино (Московская область),115000.0,250000.0,182500.0,RUR,True,Нет опыта,,,2026-05-21T14:06:00+0300,https://hh.ru/vacancy/127378074
Бариста,128173294,Продавец - консультант в отдел МясновЪ (м. Бунинская аллея),"КуулКлевер (МясновЪ, Отдохни)",Москва,115000.0,250000.0,182500.0,RUR,True,Нет опыта,,,2026-05-21T14:01:12+0300,https://hh.ru/vacancy/128173294
Бариста,129204887,Продавец – консультант галереи вин Отдохни (м. Речной вокзал),"КуулКлевер (МясновЪ, Отдохни)",Москва,115000.0,250000.0,182500.0,RUR,True,Нет опыта,,,2026-05-21T12:09:03+0300,https://hh.ru/vacancy/129204887
Бариста,133219315,"Продавец-консультант в магазин чая и кофе Кантата (м. Сокол, м. Хорошевская)",КАНТАТА,Москва,70000.0,90000.0,80000.0,RUR,True,Нет опыта,,,2026-05-21T17:37:33+0300,https://hh.ru/vacancy/133219315
Бариста,133254317,Продавец ароматной выпечки (м.Юго-Западная),Буханка,Москва,75000.0,,75000.0,RUR,True,Нет опыта,,,2026-05-19T13:50:44+0300,https://hh.ru/vacancy/133254317
Бариста,133254579,Продавец-кассир (м. Площадь Ильича),Буханка,Москва,90000.0,,90000.0,RUR,True,Нет опыта,,,2026-05-19T13:55:26+0300,https://hh.ru/vacancy/133254579
Бариста,132675094,Продавец-кассир (Мукомольный проезд),Буханка,Москва,85000.0,,85000.0,RUR,True,Нет опыта,,,2026-05-18T10:17:58+0300,https://hh.ru/vacancy/132675094
Бариста,132987307,Продавец-консультант,Сеть магазинов-баров Хмель&Солод,Москва,90000.0,140000.0,115000.0,RUR,False,Нет опыта,,,2026-05-12T11:32:19+0300,https://hh.ru/vacancy/132987307
Бариста,131840288,Продавец-консультант,Сеть магазинов-баров Хмель&Солод,Москва,90000.0,140000.0,115000.0,RUR,False,Нет опыта,,,2026-05-05T13:29:12+0300,https://hh.ru/vacancy/131840288
Бариста,132086757,Продавец-кассир (Люберцы),Буханка,Москва,86000.0,,86000.0,RUR,True,Нет опыта,,,2026-05-08T17:13:41+0300,https://hh.ru/vacancy/132086757
Бариста,133151429,Продавец-консультант в магазин чая и кофе Кантата (м. Хорошевская),КАНТАТА,Москва,70000.0,90000.0,80000.0,RUR,True,Нет опыта,,,2026-05-15T18:57:07+0300,https://hh.ru/vacancy/133151429
Бариста,131906299,Продавец-консультант,Сеть магазинов-баров Хмель&Солод,Москва,90000.0,140000.0,115000.0,RUR,False,Нет опыта,,,2026-05-04T10:03:33+0300,https://hh.ru/vacancy/131906299
Бариста,132705184,Продавец-консультант,Сеть магазинов-баров Хмель&Солод,Москва,90000.0,140000.0,115000.0,RUR,False,Нет опыта,,,2026-05-03T13:31:32+0300,https://hh.ru/vacancy/132705184
Бариста,131779631,Продавец ароматной выпечки (м.Тушинская),Буханка,Москва,103000.0,,103000.0,RUR,True,Нет опыта,,,2026-05-08T17:12:59+0300,https://hh.ru/vacancy/131779631
Бариста,132674916,Продавец - кассир,Буханка,Москва,80000.0,,80000.0,RUR,True,Нет опыта,,,2026-04-30T16:16:23+0300,https://hh.ru/vacancy/132674916
Бариста,131886314,Продавец-консультант(Боброво),Магазины Ароматный Мир формата food & wine,Москва,80000.0,,80000.0,RUR,True,Нет опыта,,,2026-05-05T00:22:10+0300,https://hh.ru/vacancy/131886314
Бариста,132926061,"Продавец-кассир (ЖК ""Лайм"", м. Алексеевская)",Буханка,Москва,94800.0,,94800.0,RUR,True,Нет опыта,,,2026-05-08T14:32:06+0300,https://hh.ru/vacancy/132926061
Бариста,132925311,"Продавец-кассир (ЖК ""Белая Дача"", Котельники)",Буханка,Москва,91000.0,,91000.0,RUR,True,Нет опыта,,,2026-05-08T14:16:21+0300,https://hh.ru/vacancy/132925311
Бариста,132675036,Продавец ароматной выпечки,Буханка,Москва,80000.0,,80000.0,RUR,True,Нет опыта,,,2026-04-30T16:20:27+0300,https://hh.ru/vacancy/132675036
Бариста,132926220,"Продавец-кассир (ЖК ""Хорошевский"", м. Октябрьское Поле)",Буханка,Москва,95000.0,,95000.0,RUR,True,Нет опыта,,,2026-05-08T14:35:42+0300,https://hh.ru/vacancy/132926220
Бариста,132926149,"Продавец-кассир (ЖК ""На ул. Мельникова"", м. Волгоградский проспект)",Буханка,Москва,95000.0,,95000.0,RUR,True,Нет опыта,,,2026-05-08T14:34:32+0300,https://hh.ru/vacancy/132926149
Бариста,132931786,Продавец-консультант в магазин чая и кофе (м. Тульская),КАНТАТА,Москва,70000.0,90000.0,80000.0,RUR,True,Нет опыта,,,2026-05-08T16:31:58+0300,https://hh.ru/vacancy/132931786
Бариста,132674908,Продавец-кассир (м. Аминьевская),Буханка,Москва,80000.0,,80000.0,RUR,True,Нет опыта,,,2026-04-30T16:15:55+0300,https://hh.ru/vacancy/132674908
Бариста,132876546,"Продавец-консультант (Куркинское ш., д.17, корп.1)",Магазины Ароматный Мир формата food & wine,Куркино (Московская область),75000.0,,75000.0,RUR,True,Нет опыта,,,2026-05-07T11:32:48+0300,https://hh.ru/vacancy/132876546
Бариста,131731080,Продавец-консультант (м. Фили),Магазины Ароматный Мир формата food & wine,Москва,80000.0,,80000.0,RUR,True,Нет опыта,,,2026-04-30T00:21:44+0300,https://hh.ru/vacancy/131731080
Бариста,132467848,Продавец-консультант(м.Селигерская),Магазины Ароматный Мир формата food & wine,Москва,80000.0,,80000.0,RUR,True,Нет опыта,,,2026-04-24T11:43:20+0300,https://hh.ru/vacancy/132467848
Бариста,132675214,"Продавец-кассир (м. Медведково, м. Бабушкинская)",Буханка,Москва,86000.0,,86000.0,RUR,True,Нет опыта,,,2026-04-30T16:24:26+0300,https://hh.ru/vacancy/132675214
Бариста,132339640,Продавец-консультант (м. Октябрьское поле),Магазины Ароматный Мир формата food & wine,Москва,75000.0,,75000.0,RUR,True,Нет опыта,,,2026-04-28T10:05:27+0300,https://hh.ru/vacancy/132339640
Бариста,131653310,Продавец-консультант в магазин разливного пива,Сеть магазинов-баров Хмель&Солод,Москва,90000.0,140000.0,115000.0,RUR,False,Нет опыта,,,2026-04-29T10:28:49+0300,https://hh.ru/vacancy/131653310
Бариста,132500185,Старший продавец/зам.менеджера магазина (м.Автозаводская),Магазины Ароматный Мир формата food & wine,Москва,90000.0,,90000.0,RUR,True,Нет опыта,,,2026-04-26T10:03:04+0300,https://hh.ru/vacancy/132500185
Бариста,132569262,Продавец-консультант в магазин разливного пива,Сеть магазинов-баров Хмель&Солод,Москва,90000.0,140000.0,115000.0,RUR,False,Нет опыта,,,2026-04-28T10:31:07+0300,https://hh.ru/vacancy/132569262
Бариста,132521632,Продавец-консультант в магазин разливного пива,Сеть магазинов-баров Хмель&Солод,Москва,90000.0,140000.0,115000.0,RUR,False,Нет опыта,,,2026-04-27T10:31:07+0300,https://hh.ru/vacancy/132521632
Бариста,132502389,Продавец-консультант в магазин разливного пива,Сеть магазинов-баров Хмель&Солод,Москва,90000.0,140000.0,115000.0,RUR,False,Нет опыта,,,2026-04-26T14:30:57+0300,https://hh.ru/vacancy/132502389
Бариста,132500377,Старший продавец-консультант/зам.директора магазина (м.Сокол),Магазины Ароматный Мир формата food & wine,Москва,90000.0,,90000.0,RUR,True,Нет опыта,,,2026-04-26T10:42:00+0300,https://hh.ru/vacancy/132500377
Бариста,132500188,Старший продавец-консультант/зам.менеджера магазина (м.Белорусская),Магазины Ароматный Мир формата food & wine,Москва,90000.0,,90000.0,RUR,True,Нет опыта,,,2026-04-26T10:03:38+0300,https://hh.ru/vacancy/132500188
Бариста,132500106,Старший продавец-консультант/зам.директора магазина (м.Красносельская),Магазины Ароматный Мир формата food & wine,Москва,90000.0,,90000.0,RUR,True,Нет опыта,,,2026-04-26T09:42:03+0300,https://hh.ru/vacancy/132500106
Бариста,132594748,Управляющий магазином КуулКлевер (м. Сходненская),"КуулКлевер (МясновЪ, Отдохни)",Москва,130000.0,250000.0,190000.0,RUR,True,От 1 года до 3 лет,,,2026-05-22T17:26:57+0300,https://hh.ru/vacancy/132594748
Бариста,132594718,Управляющий магазином КуулКлевер (м. Солнцево),"КуулКлевер (МясновЪ, Отдохни)",Москва,130000.0,250000.0,190000.0,RUR,True,От 3 до 6 лет,,,2026-05-22T17:25:36+0300,https://hh.ru/vacancy/132594718
Бариста,132594681,Управляющий магазином КуулКлевер (м. ЗИЛ),"КуулКлевер (МясновЪ, Отдохни)",Москва,130000.0,250000.0,190000.0,RUR,True,От 1 года до 3 лет,,,2026-05-22T17:24:19+0300,https://hh.ru/vacancy/132594681
Бариста,132594626,Управляющий магазином КуулКлевер (м. Пражская),"КуулКлевер (МясновЪ, Отдохни)",Москва,130000.0,250000.0,190000.0,RUR,True,От 1 года до 3 лет,,,2026-05-22T17:22:37+0300,https://hh.ru/vacancy/132594626
Бариста,132594582,Управляющий магазином,"КуулКлевер (МясновЪ, Отдохни)",Москва,130000.0,250000.0,190000.0,RUR,True,От 1 года до 3 лет,,,2026-05-22T17:21:08+0300,https://hh.ru/vacancy/132594582
Бариста,132500113,Старший продавец-консультант/зам.директора магазина (м.Бульвар Рокоссовского),Магазины Ароматный Мир формата food & wine,Москва,90000.0,,90000.0,RUR,True,Нет опыта,,,2026-04-26T09:43:05+0300,https://hh.ru/vacancy/132500113
Бариста,132500108,Старший продавец-консультант/зам.директора магазина (м.Преображенская площадь),Магазины Ароматный Мир формата food & wine,Москва,90000.0,,90000.0,RUR,True,От 1 года до 3 лет,,,2026-04-26T09:42:38+0300,https://hh.ru/vacancy/132500108
Бариста,132467847,Продавец-консультант(м.Физтех\D1 Долгопрудная),Магазины Ароматный Мир формата food & wine,Москва,80000.0,,80000.0,RUR,True,Нет опыта,,,2026-04-24T11:43:20+0300,https://hh.ru/vacancy/132467847
Бариста,132485709,Продавец-консультант в магазин чая и кофе (м. Ростокино),КАНТАТА,Москва,70000.0,90000.0,80000.0,RUR,True,Нет опыта,,,2026-04-24T17:16:36+0300,https://hh.ru/vacancy/132485709
Бариста,132485777,Продавец-консультант в магазин чая и кофе Кантата (м. Селигерская),КАНТАТА,Москва,70000.0,90000.0,80000.0,RUR,True,Нет опыта,,,2026-04-24T17:19:40+0300,https://hh.ru/vacancy/132485777
Бариста,132485753,"Продавец-консультант в магазин чая и кофе в ТРЦ ""Европолис""",КАНТАТА,Москва,70000.0,90000.0,80000.0,RUR,True,Нет опыта,,,2026-04-24T17:18:29+0300,https://hh.ru/vacancy/132485753
Бариста,133311380,"Визитный мерчендайзер (м Авиамоторная, ш Энтузиастов, Лефортово, Соколина Гора)",Работут,Москва,60000.0,67000.0,63500.0,RUR,False,Нет опыта,,,2026-05-20T15:23:50+0300,https://hh.ru/vacancy/133311380
Бариста,131749485,"Визитный мерчендайзер (м Шаболовская, Новокузнецкая, Спортивная)",Работут,Москва,60000.0,67000.0,63500.0,RUR,False,Нет опыта,,,2026-05-20T11:13:38+0300,https://hh.ru/vacancy/131749485
Бариста,133009473,Управляющий магазином КуулКлевер (м. Бульвар Дмитрия Донского),"КуулКлевер (МясновЪ, Отдохни)",Москва,130000.0,250000.0,190000.0,RUR,True,От 1 года до 3 лет,,,2026-05-21T16:53:23+0300,https://hh.ru/vacancy/133009473
Бариста,133362525,Управляющий магазином (м. Потапово),"КуулКлевер (МясновЪ, Отдохни)",Москва,130000.0,250000.0,190000.0,RUR,True,От 1 года до 3 лет,,,2026-05-21T15:07:43+0300,https://hh.ru/vacancy/133362525
Бариста,133099749,"Визитный мерчендайзер (м Чертановская, Пражская, Академика Янгеля)",Работут,Москва,60000.0,67000.0,63500.0,RUR,False,Нет опыта,,,2026-05-14T15:36:08+0300,https://hh.ru/vacancy/133099749
Бариста,133099661,"Визитный мерчендайзер (м Теплый Стан, Беляево, Коньково)",Работут,Москва,60000.0,67000.0,63500.0,RUR,False,Нет опыта,,,2026-05-14T15:34:21+0300,https://hh.ru/vacancy/133099661
Бариста,133099578,Визитный мерчендайзер (м. Хорошево-Мневники),Работут,Москва,60000.0,67000.0,63500.0,RUR,False,Нет опыта,,,2026-05-14T15:33:04+0300,https://hh.ru/vacancy/133099578
Бариста,133084524,Мерчендайзер визитный (Южное Бутово),Работут,Москва,60000.0,67000.0,63500.0,RUR,False,Нет опыта,,,2026-05-14T11:19:14+0300,https://hh.ru/vacancy/133084524
Бариста,133084414,"Мерчендайзер визитный (Чертановская, Пражская, Академика Янгеля)",Работут,Москва,60000.0,67000.0,63500.0,RUR,False,Нет опыта,,,2026-05-14T11:17:34+0300,https://hh.ru/vacancy/133084414
Бариста,133061715,Мерчендайзер визитный (Хорошёво - Мнёвники),Работут,Москва,60000.0,67000.0,63500.0,RUR,False,Нет опыта,,,2026-05-13T17:49:36+0300,https://hh.ru/vacancy/133061715
Бариста,133061644,"Мерчендайзер визитный (м. Беляево, Коньково, Теплый стан)",Работут,Москва,60000.0,67000.0,63500.0,RUR,False,Нет опыта,,,2026-05-13T17:47:24+0300,https://hh.ru/vacancy/133061644
Бариста,132872466,"Мерчандайзер стационарный (улица Складочная, метро Савёловская)",Работут,Москва,64769.0,64769.0,64769.0,RUR,False,Нет опыта,,,2026-05-07T10:25:42+0300,https://hh.ru/vacancy/132872466
Бариста,132811694,"Мерчендайзер (визитный, м. Новокузнецкая, Шаболовская, Спортивная)",Работут,Москва,60000.0,67000.0,63500.0,RUR,False,Нет опыта,,,2026-05-05T17:47:13+0300,https://hh.ru/vacancy/132811694
Бариста,132811535,"Мерчендайзер визитный (м. Юго-Западная, Озерная)",Работут,Москва,60000.0,67000.0,63500.0,RUR,False,Нет опыта,,,2026-05-05T17:42:18+0300,https://hh.ru/vacancy/132811535
Бариста,132811473,"Мерчендайзер (визитный) м Тропарево, Раменки, Сколковское ш",Работут,Москва,60000.0,67000.0,63500.0,RUR,False,Нет опыта,,,2026-05-05T17:39:59+0300,https://hh.ru/vacancy/132811473
Бариста,132808829,Старший мерчандайзер (Алтуфьевское шоссе - Мытищи),Работут,Москва,77000.0,80000.0,78500.0,RUR,False,Нет опыта,,,2026-05-05T16:48:03+0300,https://hh.ru/vacancy/132808829
Менеджер,133108193,Директор ресторана,CH1EF Restaurants,Москва,170000.0,,170000.0,RUR,False,Более 6 лет,,,2026-05-23T19:07:48+0300,https://hh.ru/vacancy/133108193
Менеджер,132805399,Руководитель ресторана,Московское речное пароходство,Москва,130000.0,,130000.0,RUR,True,От 1 года до 3 лет,,,2026-05-23T16:07:05+0300,https://hh.ru/vacancy/132805399
Менеджер,133321898,Менеджер ресторана,Met tea,Москва,100000.0,,100000.0,RUR,False,От 1 года до 3 лет,,,2026-05-23T17:11:15+0300,https://hh.ru/vacancy/133321898
Менеджер,133098897,Менеджер ресторана,ШашлыкоFF,Москва,90000.0,,90000.0,RUR,False,От 1 года до 3 лет,,,2026-05-23T15:20:09+0300,https://hh.ru/vacancy/133098897
Менеджер,132928042,Менеджер ресторана,Pizzamento (ООО Рестопарк),Москва,90000.0,120000.0,105000.0,RUR,False,От 1 года до 3 лет,,,2026-05-23T15:12:09+0300,https://hh.ru/vacancy/132928042
Менеджер,133422054,Менеджер ресторана,Alberogroup,Москва,100000.0,,100000.0,RUR,False,От 1 года до 3 лет,,,2026-05-23T14:58:48+0300,https://hh.ru/vacancy/133422054
Менеджер,133097101,Менеджер ресторана,Июнь,Москва,120000.0,130000.0,125000.0,RUR,True,От 1 года до 3 лет,,,2026-05-23T14:52:06+0300,https://hh.ru/vacancy/133097101
Менеджер,132699261,Управляющий рестораном | Директор ресторана,"Нияма, Сеть ресторанов",Москва,200000.0,,200000.0,RUR,False,От 3 до 6 лет,,,2026-05-23T18:14:13+0300,https://hh.ru/vacancy/132699261
Менеджер,133305174,Менеджер ресторана,Кадровый Компас,Москва,,100000.0,100000.0,RUR,True,Нет опыта,,,2026-05-23T13:46:08+0300,https://hh.ru/vacancy/133305174
Менеджер,133304831,Заместитель директора ресторана,Кадровый Компас,Москва,,124000.0,124000.0,RUR,True,От 1 года до 3 лет,,,2026-05-23T13:40:57+0300,https://hh.ru/vacancy/133304831
Менеджер,133421579,Менеджер ресторана,Другов Лимитед,Москва,90000.0,130000.0,110000.0,RUR,False,От 1 года до 3 лет,,,2026-05-23T13:46:49+0300,https://hh.ru/vacancy/133421579
Менеджер,133083973,Менеджер ресторана,Таксим,Москва,150000.0,170000.0,160000.0,RUR,False,От 3 до 6 лет,,,2026-05-23T11:10:18+0300,https://hh.ru/vacancy/133083973
Менеджер,132116840,Менеджер ресторана,"Мираторг, Агропромышленный холдинг",Москва,,,,,,От 1 года до 3 лет,,,2026-05-23T10:58:56+0300,https://hh.ru/vacancy/132116840
Менеджер,131710430,Заместитель директора ресторана ROSTIC`S (м.Планерная),Сити Ресторантс,Москва,100000.0,125900.0,112950.0,RUR,True,От 1 года до 3 лет,,,2026-05-23T19:57:01+0300,https://hh.ru/vacancy/131710430
Менеджер,132778490,Управляющий пиццерией/Директор ресторана,Додо Пицца (ООО ДПМ Север),Москва,130000.0,150000.0,140000.0,RUR,False,От 1 года до 3 лет,,,2026-05-23T10:19:12+0300,https://hh.ru/vacancy/132778490
Менеджер,132777908,Управляющий пиццерией/Директор ресторана,Додо Пицца (ООО ДПМ Север),Москва,130000.0,150000.0,140000.0,RUR,False,От 1 года до 3 лет,,,2026-05-23T10:11:34+0300,https://hh.ru/vacancy/132777908
Менеджер,133422407,Управляющий рестораном / директор ресторана Pizza Heart,Pizza Heart (ООО Ной-М),Москва,,140000.0,140000.0,RUR,False,От 1 года до 3 лет,,,2026-05-23T15:41:03+0300,https://hh.ru/vacancy/133422407
Менеджер,132762308,Ночной Супервайзер ресторана,Cosmos Hotel Group,Москва,,,,,,От 1 года до 3 лет,,,2026-05-22T18:45:19+0300,https://hh.ru/vacancy/132762308
Менеджер,133294516,Администратор ресторана быстрого питания,Chef`s Choice,Москва,,,,,,От 1 года до 3 лет,,,2026-05-23T11:13:11+0300,https://hh.ru/vacancy/133294516
Менеджер,132778650,Менеджер ресторана (администратор),Воробьев Константин Викторович,Москва,110000.0,125000.0,117500.0,RUR,False,От 1 года до 3 лет,,,2026-05-23T10:21:29+0300,https://hh.ru/vacancy/132778650
Менеджер,133169017,Заместитель директора ресторана ROSTIC`S (м. Бульвар Адмирала Ушакова),Сити Ресторантс,Москва,100000.0,125900.0,112950.0,RUR,True,От 1 года до 3 лет,,,2026-05-23T19:58:03+0300,https://hh.ru/vacancy/133169017
Менеджер,132295485,Заместитель директора ресторана Rostic's (Ростикс),Rostic’s (Интернэшнл Ресторант Брэндс),Москва,110000.0,121000.0,115500.0,RUR,True,От 1 года до 3 лет,,,2026-05-23T14:04:57+0300,https://hh.ru/vacancy/132295485
Менеджер,132745180,Директор ресторана,Универплюс,Москва,180000.0,180000.0,180000.0,RUR,False,От 3 до 6 лет,,,2026-05-22T13:47:00+0300,https://hh.ru/vacancy/132745180
Менеджер,132951933,Менеджер ресторана,ресторан Аист,Москва,120000.0,,120000.0,RUR,False,От 1 года до 3 лет,,,2026-05-22T22:33:19+0300,https://hh.ru/vacancy/132951933
Менеджер,133415680,Менеджер ресторана,Коразон Ресторантс Групп,Москва,100000.0,120000.0,110000.0,RUR,False,От 1 года до 3 лет,,,2026-05-22T22:20:15+0300,https://hh.ru/vacancy/133415680
Менеджер,129760875,Заместитель директора ресторана ROSTIC`S (м. Комсомольская),Сити Ресторантс,Москва,100000.0,125900.0,112950.0,RUR,True,От 1 года до 3 лет,,,2026-05-23T13:04:26+0300,https://hh.ru/vacancy/129760875
Менеджер,132795134,Менеджер ресторана Gagawa (м. Саларьево),Гагава Ресторантс,Москва,90000.0,115000.0,102500.0,RUR,False,От 1 года до 3 лет,,,2026-05-23T14:07:34+0300,https://hh.ru/vacancy/132795134
Менеджер,132777931,Менеджер ресторана (м. Сухаревская),Додо Пицца (Корпоративная розничная сеть),Москва,,120000.0,120000.0,RUR,True,От 1 года до 3 лет,,,2026-05-23T10:12:03+0300,https://hh.ru/vacancy/132777931
Менеджер,132792586,Менеджер ресторана в ТОКИО-CITY,ТОКИО-CITY,Москва,120000.0,130000.0,125000.0,RUR,True,От 1 года до 3 лет,,,2026-05-23T13:54:06+0300,https://hh.ru/vacancy/132792586
Менеджер,133273829,Менеджер ресторана,Профит,Москва,100000.0,,100000.0,RUR,False,От 1 года до 3 лет,,,2026-05-22T19:54:27+0300,https://hh.ru/vacancy/133273829
Менеджер,122144772,Менеджер ресторана (м. Новые Черемушки),Додо Пицца (Корпоративная розничная сеть),Москва,,114000.0,114000.0,RUR,True,От 1 года до 3 лет,,,2026-05-23T13:22:26+0300,https://hh.ru/vacancy/122144772
Менеджер,132293324,Менеджер ресторана Rostic's (Ростикс),Rostic’s (Интернэшнл Ресторант Брэндс),Москва,84000.0,90000.0,87000.0,RUR,True,От 1 года до 3 лет,,,2026-05-23T13:22:27+0300,https://hh.ru/vacancy/132293324
Менеджер,132762407,Менеджер ресторана,Двин,Москва,5200.0,,5200.0,RUR,False,От 1 года до 3 лет,,,2026-05-22T18:52:59+0300,https://hh.ru/vacancy/132762407
Менеджер,132762320,Менеджер ресторана,Сырное Солнце,Москва,130000.0,160000.0,145000.0,RUR,False,От 1 года до 3 лет,,,2026-05-22T18:45:57+0300,https://hh.ru/vacancy/132762320
Менеджер,133207427,Менеджер ресторана,JOI TEAM (ООО Пятница Тру),Москва,100000.0,130000.0,115000.0,RUR,False,От 1 года до 3 лет,,,2026-05-22T18:19:10+0300,https://hh.ru/vacancy/133207427
Менеджер,133169104,Менеджер ресторана ROSTIC`S (м. Улица 1905 года),Сити Ресторантс,Москва,83900.0,101000.0,92450.0,RUR,True,Нет опыта,,,2026-05-23T19:58:04+0300,https://hh.ru/vacancy/133169104
Менеджер,131499222,Менеджер ресторана (м. Ломоносовский проспект),Додо Пицца (Корпоративная розничная сеть),Москва,,114000.0,114000.0,RUR,True,От 1 года до 3 лет,,,2026-05-23T11:19:46+0300,https://hh.ru/vacancy/131499222
Менеджер,133047345,Управляющий/директор ресторана,Производственная Компания Примясе,Москва,170000.0,230000.0,200000.0,RUR,False,От 3 до 6 лет,,,2026-05-22T13:51:13+0300,https://hh.ru/vacancy/133047345
Менеджер,133403845,Менеджер ресторана,Pims (ИП Зубарев Максим Алексеевич),Москва,75000.0,85000.0,80000.0,RUR,False,От 1 года до 3 лет,,,2026-05-22T14:54:27+0300,https://hh.ru/vacancy/133403845
Менеджер,133287143,Управляющий пиццерии/Директор ресторана (м. Речной вокзал),Додо Пицца (ООО ДПМ Север),Москва,130000.0,150000.0,140000.0,RUR,False,От 1 года до 3 лет,,,2026-05-23T09:34:33+0300,https://hh.ru/vacancy/133287143
Менеджер,133049729,Менеджер ресторана,Хост,Москва,6000.0,,6000.0,RUR,False,От 1 года до 3 лет,,,2026-05-22T14:25:58+0300,https://hh.ru/vacancy/133049729
Менеджер,132747574,Менеджер ресторана,Рамен Тен,Москва,120000.0,170000.0,145000.0,RUR,False,От 1 года до 3 лет,,,2026-05-22T14:20:09+0300,https://hh.ru/vacancy/132747574
Менеджер,133254785,Менеджер ресторана,Ресторан Галки,Москва,140000.0,,140000.0,RUR,False,От 1 года до 3 лет,,,2026-05-22T13:59:42+0300,https://hh.ru/vacancy/133254785
Менеджер,133390814,Старший смены / Супервайзер ресторана,ActivHotels,Москва,,,,,,От 1 года до 3 лет,,,2026-05-22T11:14:34+0300,https://hh.ru/vacancy/133390814
Менеджер,132688152,Менеджер ресторана,Ботага,Москва,110000.0,,110000.0,RUR,False,От 1 года до 3 лет,,,2026-05-22T13:09:35+0300,https://hh.ru/vacancy/132688152
Менеджер,133037164,Супервайзер ресторана / Старший официант,АРБАТ ХОСПИТАЛИТИ,Москва,88000.0,,88000.0,RUR,False,От 1 года до 3 лет,,,2026-05-22T11:21:33+0300,https://hh.ru/vacancy/133037164
Менеджер,132562411,Менеджер в японское кафе,Space Pie,Москва,110000.0,130000.0,120000.0,RUR,False,От 1 года до 3 лет,,,2026-05-22T08:35:32+0300,https://hh.ru/vacancy/132562411
Менеджер,133392655,Менеджер ресторана,HR Инжиниринг,Москва,135000.0,234000.0,184500.0,RUR,False,Нет опыта,,,2026-05-22T11:47:21+0300,https://hh.ru/vacancy/133392655
Менеджер,132876684,Менеджер ресторана,Итальянский ресторан CANTINETTA ANTINORI,Москва,120000.0,,120000.0,RUR,False,От 1 года до 3 лет,,,2026-05-22T11:35:19+0300,https://hh.ru/vacancy/132876684
Менеджер,133391200,Менеджер ресторана,Грузинские каникулы,Москва,120000.0,,120000.0,RUR,True,От 1 года до 3 лет,,,2026-05-22T11:21:58+0300,https://hh.ru/vacancy/133391200
Менеджер,132728707,Менеджер ресторана,NICEPRICECAFE,Москва,7500.0,,7500.0,RUR,False,От 1 года до 3 лет,,,2026-05-22T10:54:48+0300,https://hh.ru/vacancy/132728707
Менеджер,132721555,Менеджер ресторана,Истра Менеджмент,Москва,81000.0,,81000.0,RUR,True,От 1 года до 3 лет,,,2026-05-22T09:34:44+0300,https://hh.ru/vacancy/132721555
Менеджер,132869378,Менеджер ресторана,Ресторан Balzi Rossi,Москва,150000.0,,150000.0,RUR,False,От 1 года до 3 лет,,,2026-05-22T09:31:53+0300,https://hh.ru/vacancy/132869378
Менеджер,132786509,Менеджер ресторана фастфуд (бургерная на территории ВДНХ),Авеон,Москва,90000.0,110000.0,100000.0,RUR,False,Нет опыта,,,2026-05-23T12:11:53+0300,https://hh.ru/vacancy/132786509
Менеджер,133344721,Администратор кафе,Перловские бани,Москва,130000.0,,130000.0,RUR,False,От 1 года до 3 лет,,,2026-05-21T11:05:59+0300,https://hh.ru/vacancy/133344721
Менеджер,133245993,Администратор ресторана (м. Павелецкая),РусБизнес-Информ,Москва,70000.0,75000.0,72500.0,RUR,False,От 1 года до 3 лет,,,2026-05-22T16:40:58+0300,https://hh.ru/vacancy/133245993
Менеджер,131140018,Заместитель директора ресторана (ROSTIC`S ),Сити Ресторантс,Москва,100000.0,125900.0,112950.0,RUR,True,От 1 года до 3 лет,,,2026-05-22T16:21:45+0300,https://hh.ru/vacancy/131140018
Менеджер,133374222,Менеджер ресторана,УШУ,Москва,110000.0,,110000.0,RUR,False,От 1 года до 3 лет,,,2026-05-21T22:22:27+0300,https://hh.ru/vacancy/133374222
Менеджер,133393937,Помощник управляющего в ресторан,Геворкян Ольга Ивановна,Москва,90000.0,120000.0,105000.0,RUR,False,Нет опыта,,,2026-05-22T12:08:31+0300,https://hh.ru/vacancy/133393937
Менеджер,133373947,Менеджер ресторана,АВ Альянс,Москва,110000.0,150000.0,130000.0,RUR,False,От 3 до 6 лет,,,2026-05-21T21:37:01+0300,https://hh.ru/vacancy/133373947
Менеджер,129611673,Менеджер ресторана (м. Фрунзенская),Додо Пицца (Корпоративная розничная сеть),Москва,,120000.0,120000.0,RUR,True,От 1 года до 3 лет,,,2026-05-22T16:52:37+0300,https://hh.ru/vacancy/129611673
Менеджер,133146892,Директор ресторана в г. Баку,Новиков Групп,Москва,250000.0,300000.0,275000.0,RUR,False,От 3 до 6 лет,,,2026-05-22T12:21:30+0300,https://hh.ru/vacancy/133146892
Менеджер,132736111,"Директор ресторана ""800C Contemporary Steak""",il FORNO Group,Москва,200000.0,,200000.0,RUR,False,От 3 до 6 лет,,,2026-05-22T17:00:56+0300,https://hh.ru/vacancy/132736111
Менеджер,133268930,Менеджер ресторана (м. Дмитровская),Ларс,Москва,100000.0,,100000.0,RUR,False,От 1 года до 3 лет,,,2026-05-22T16:53:49+0300,https://hh.ru/vacancy/133268930
Менеджер,132486866,Менеджер ресторана,Zarun,Москва,105000.0,130000.0,117500.0,RUR,False,От 3 до 6 лет,,,2026-05-21T18:05:16+0300,https://hh.ru/vacancy/132486866
Менеджер,133264657,Менеджер ресторана (м. Беговая),Додо Пицца (ООО ДПМ Север),Москва,100000.0,,100000.0,RUR,False,От 1 года до 3 лет,,,2026-05-22T15:39:57+0300,https://hh.ru/vacancy/133264657
Менеджер,132485432,Менеджер ресторана,Консул Медиа,Москва,140000.0,,140000.0,RUR,True,От 1 года до 3 лет,,,2026-05-21T17:07:21+0300,https://hh.ru/vacancy/132485432
Менеджер,132902357,Менеджер ресторана,ХАЙД ГРУПП,Москва,6000.0,6000.0,6000.0,RUR,False,От 3 до 6 лет,,,2026-05-21T17:12:54+0300,https://hh.ru/vacancy/132902357
Менеджер,133215127,Менеджер ресторана,Ресторан Ривер клаб,Москва,82500.0,200000.0,141250.0,RUR,False,От 3 до 6 лет,,,2026-05-21T16:18:13+0300,https://hh.ru/vacancy/133215127
Менеджер,132747455,Менеджер ресторана (ТРЦ Европолис),Евроресторантс,Москва,,110000.0,110000.0,RUR,False,От 1 года до 3 лет,,,2026-05-22T14:18:54+0300,https://hh.ru/vacancy/132747455
Менеджер,132848068,Менеджер ресторана,Универплюс,Москва,120000.0,,120000.0,RUR,False,От 1 года до 3 лет,,,2026-05-21T14:58:59+0300,https://hh.ru/vacancy/132848068
Менеджер,132536918,Менеджер ресторана,ФРЕНДС ГРУПП,Москва,90000.0,,90000.0,RUR,False,От 1 года до 3 лет,,,2026-05-21T14:14:15+0300,https://hh.ru/vacancy/132536918
Менеджер,133358499,Менеджер ресторана,Наму,Москва,120000.0,,120000.0,RUR,False,От 1 года до 3 лет,,,2026-05-21T14:04:38+0300,https://hh.ru/vacancy/133358499
Менеджер,132998782,Директор ресторана (Каширская),Додо Пицца (ДДП Москва-1),Москва,110000.0,170000.0,140000.0,RUR,False,От 1 года до 3 лет,,,2026-05-21T14:11:34+0300,https://hh.ru/vacancy/132998782
Менеджер,133358765,Менеджер ресторана,Сыроварня на Проспекте Вернадского,Москва,120000.0,140000.0,130000.0,RUR,False,От 1 года до 3 лет,,,2026-05-21T14:08:42+0300,https://hh.ru/vacancy/133358765
Менеджер,132761885,Менеджер ресторана в ТОКИО-CITY,ТОКИО-CITY,Москва,110000.0,130000.0,120000.0,RUR,False,От 1 года до 3 лет,,,2026-05-22T18:32:33+0300,https://hh.ru/vacancy/132761885
Менеджер,133136708,Менеджер ресторана,М-ФУД,Москва,90000.0,150000.0,120000.0,RUR,False,Нет опыта,,,2026-05-21T13:31:54+0300,https://hh.ru/vacancy/133136708
Менеджер,130836666,Заместитель директора ресторана ROSTIC`S (м. Комсомольская),Сити Ресторантс,Москва,100000.0,125900.0,112950.0,RUR,True,От 1 года до 3 лет,,,2026-05-22T16:26:02+0300,https://hh.ru/vacancy/130836666
Менеджер,132995283,Менеджер ресторана,Восход плюс,Москва,75000.0,90000.0,82500.0,RUR,False,От 1 года до 3 лет,,,2026-05-21T13:16:20+0300,https://hh.ru/vacancy/132995283
Менеджер,132529787,Менеджер ресторана,Ресторан Рыбный Базар,Москва,125000.0,,125000.0,RUR,False,От 1 года до 3 лет,,,2026-05-21T12:31:38+0300,https://hh.ru/vacancy/132529787
Менеджер,133196960,Менеджер ресторана,ПроХинкали (ООО Дакар),Москва,100000.0,120000.0,110000.0,RUR,False,От 1 года до 3 лет,,,2026-05-21T11:54:37+0300,https://hh.ru/vacancy/133196960
Менеджер,132527600,Менеджер ресторана,Пиврест,Москва,110000.0,250000.0,180000.0,RUR,False,От 3 до 6 лет,,,2026-05-21T12:02:23+0300,https://hh.ru/vacancy/132527600
Менеджер,132929201,Менеджер по продажам торгового оборудования/Менеджер по продажам,TAS.pro,Москва,150000.0,,150000.0,RUR,False,От 1 года до 3 лет,,,2026-05-23T15:41:02+0300,https://hh.ru/vacancy/132929201
Менеджер,133325486,Супервайзер ресторана (завтрак),IFK Hotel Management,Москва,101000.0,101000.0,101000.0,RUR,True,От 1 года до 3 лет,,,2026-05-20T19:33:01+0300,https://hh.ru/vacancy/133325486
Менеджер,133388251,"Менеджер ресторана ""Extra Virgin""",Беверли,Москва,90000.0,125000.0,107500.0,RUR,False,От 1 года до 3 лет,,,2026-05-22T10:33:13+0300,https://hh.ru/vacancy/133388251
Менеджер,133189622,Менеджер ресторана,ВОРКСПЕЙС,Москва,70000.0,100000.0,85000.0,RUR,False,Нет опыта,,,2026-05-21T10:30:17+0300,https://hh.ru/vacancy/133189622
Менеджер,132275696,Администратор ресторанного комплекса,STROTSKIS GROUP,Москва,70000.0,120000.0,95000.0,RUR,False,От 1 года до 3 лет,,,2026-05-21T16:23:38+0300,https://hh.ru/vacancy/132275696
Менеджер,132264081,Менеджер ресторана,Бриз,Москва,150000.0,166000.0,158000.0,RUR,False,От 1 года до 3 лет,,,2026-05-21T10:02:38+0300,https://hh.ru/vacancy/132264081
Менеджер,132585053,Управляющий в ресторан-бар (м. Таганская),Бруклин,Москва,120000.0,150000.0,135000.0,RUR,False,От 3 до 6 лет,,,2026-05-22T14:44:05+0300,https://hh.ru/vacancy/132585053
Менеджер,133107850,"Менеджер в ресторан ""АндерCон"" ( м. Медведково )",ВкусВилл,Москва,80000.0,,80000.0,RUR,False,Нет опыта,,,2026-05-23T18:47:03+0300,https://hh.ru/vacancy/133107850
Менеджер,133304456,Менеджер онлайн продаж мероприятий,ВкусВилл,Москва,60000.0,,60000.0,RUR,True,Нет опыта,,,2026-05-23T13:34:58+0300,https://hh.ru/vacancy/133304456
Менеджер,132895848,Управляющий в рестораны Ava Bistro (г. Москва),AVA bistro,Москва,250000.0,,250000.0,RUR,False,От 1 года до 3 лет,,,2026-05-22T17:10:26+0300,https://hh.ru/vacancy/132895848
Менеджер,133294053,Директор ресторана,Smart move,Москва,200000.0,,200000.0,RUR,False,Более 6 лет,,,2026-05-20T11:07:10+0300,https://hh.ru/vacancy/133294053
Менеджер,131454475,Директор ресторана / Управляющий рестораном,Франклинс Бургер,Москва,120000.0,,120000.0,RUR,False,От 1 года до 3 лет,,,2026-05-21T17:30:59+0300,https://hh.ru/vacancy/131454475
Менеджер,133329842,Менеджер ресторана,La Raquette,Москва,100000.0,,100000.0,RUR,False,От 1 года до 3 лет,,,2026-05-21T05:04:29+0300,https://hh.ru/vacancy/133329842
Менеджер,131589024,Менеджер ресторана Швили ( м. Теплый Стан ),Ресторанная группа Тигрус,Москва,90000.0,100000.0,95000.0,RUR,False,От 1 года до 3 лет,,,2026-05-22T17:54:37+0300,https://hh.ru/vacancy/131589024
Менеджер,133034837,Управляющий в ресторан от FOLK TEAM,FOLK TEAM,Москва,250000.0,,250000.0,RUR,False,От 1 года до 3 лет,,,2026-05-22T10:53:56+0300,https://hh.ru/vacancy/133034837
Менеджер,132145571,Менеджер ресторана MAROON (г. Москва),Старт,Москва,150000.0,,150000.0,RUR,False,От 3 до 6 лет,,,2026-05-22T11:50:25+0300,https://hh.ru/vacancy/132145571
Менеджер,132846753,Директор ресторана Rostic's,АРТ РЕСТ,Москва,115000.0,141000.0,128000.0,RUR,True,От 1 года до 3 лет,,,2026-05-21T14:31:48+0300,https://hh.ru/vacancy/132846753
Менеджер,132373321,Заместитель управляющего / менеджер ресторана BQ,Ресторанная группа Тигрус,Москва,,130000.0,130000.0,RUR,False,От 1 года до 3 лет,,,2026-05-22T10:31:38+0300,https://hh.ru/vacancy/132373321
Менеджер,132707708,Менеджер ресторана Rostic's (Ростикс),MyRest,Москва,84000.0,90000.0,87000.0,RUR,True,От 1 года до 3 лет,,,2026-05-22T09:40:22+0300,https://hh.ru/vacancy/132707708
Менеджер,132525983,Директор ресторана ROSTIC`S,Сити Ресторантс,Москва,127500.0,162000.0,144750.0,RUR,True,От 1 года до 3 лет,,,2026-05-21T11:37:15+0300,https://hh.ru/vacancy/132525983
Менеджер,132936183,Менеджер ресторана,КИМЧИ,Москва,97500.0,110000.0,103750.0,RUR,False,От 1 года до 3 лет,,,2026-05-20T22:06:48+0300,https://hh.ru/vacancy/132936183
Менеджер,133134664,Менеджер ресторана THE Бык (г. Калуга),Ресторан The Бык (ИП Межлумова Ирина Юльевна),Москва,80000.0,,80000.0,RUR,False,От 1 года до 3 лет,,,2026-05-22T13:30:07+0300,https://hh.ru/vacancy/133134664
Менеджер,133214173,Управляющая/Управляющий в ресторан,Pizzamento (ООО Рестопарк),Москва,130000.0,150000.0,140000.0,RUR,True,От 1 года до 3 лет,,,2026-05-21T16:06:28+0300,https://hh.ru/vacancy/133214173
Менеджер,133102897,"Менеджер по логистике, закупкам и ВЭД",Интеллико,Москва,,,,,,От 1 года до 3 лет,,,2026-05-23T16:31:21+0300,https://hh.ru/vacancy/133102897
Менеджер,131985256,Менеджер ресторана MeatCoin,Meat_Coin,Москва,130000.0,,130000.0,RUR,False,От 1 года до 3 лет,,,2026-05-21T10:57:43+0300,https://hh.ru/vacancy/131985256
Менеджер,131706424,Менеджер по работе с пациентами стоматологической клиники,Стар Смайл,Москва,140000.0,,140000.0,RUR,False,От 3 до 6 лет,,,2026-05-23T17:18:31+0300,https://hh.ru/vacancy/131706424
Менеджер,132627614,Менеджер по привлечению партнеров (корпоративных клиентов),Иванова Екатерина Сергеевна,Москва,,,,,,От 1 года до 3 лет,,,2026-05-23T15:05:10+0300,https://hh.ru/vacancy/132627614
Менеджер,133271753,Заместитель управляющего/менеджер ресторана Osteria Mario ( м. Щелковская),Ресторанная группа Тигрус,Москва,95000.0,125000.0,110000.0,RUR,False,От 1 года до 3 лет,,,2026-05-22T17:58:35+0300,https://hh.ru/vacancy/133271753
Менеджер,132167551,Менеджер ресторана Eva,Lucky Group,Москва,120000.0,135000.0,127500.0,RUR,False,От 1 года до 3 лет,,,2026-05-21T09:24:08+0300,https://hh.ru/vacancy/132167551
Менеджер,132917753,Менеджер по продажам IT-оборудования,Квантум,Москва,200000.0,,200000.0,RUR,False,От 3 до 6 лет,,,2026-05-23T11:48:08+0300,https://hh.ru/vacancy/132917753
Менеджер,133151916,Директор ресторана Gagawa (ресторан Self-Service),Гагава Ресторантс,Москва,100000.0,130000.0,115000.0,RUR,False,От 1 года до 3 лет,,,2026-05-21T19:34:24+0300,https://hh.ru/vacancy/133151916
Менеджер,132633168,Копирайтер/PR-менеджер (рестораны),Сенина Виктория Дмитриевна,Москва,100000.0,,100000.0,RUR,False,От 1 года до 3 лет,,,2026-05-21T19:18:47+0300,https://hh.ru/vacancy/132633168
Менеджер,132779540,Менеджер отдела продаж (Теплого трафика),Moscow Institute of Technology and Management,Москва,170000.0,,170000.0,RUR,True,От 1 года до 3 лет,,,2026-05-23T10:34:03+0300,https://hh.ru/vacancy/132779540
Менеджер,133044945,Директор ресторана (Rostic's Семёновская),ЮНИРЕСТ,Москва,,149000.0,149000.0,RUR,True,От 1 года до 3 лет,,,2026-05-21T10:49:07+0300,https://hh.ru/vacancy/133044945
Менеджер,133371438,Менеджер ресторана (м. Новокосино),Чайхона №1,Москва,150000.0,,150000.0,RUR,False,От 1 года до 3 лет,,,2026-05-21T17:54:09+0300,https://hh.ru/vacancy/133371438
Менеджер,133310883,Менеджер отдела продаж в спортивный комплекс Sportstation,ВейкКлаймбФит,Москва,80000.0,200000.0,140000.0,RUR,False,От 1 года до 3 лет,,,2026-05-23T15:14:03+0300,https://hh.ru/vacancy/133310883
Менеджер,129729618,Менеджер ресторана,WineWood Moscow,Москва,100000.0,150000.0,125000.0,RUR,False,От 1 года до 3 лет,,,2026-05-20T08:45:56+0300,https://hh.ru/vacancy/129729618
Менеджер,132730683,Заместитель управляющего/менеджер ресторана Osteria Mario (м.Киевская),Ресторанная группа Тигрус,Москва,110000.0,140000.0,125000.0,RUR,False,От 1 года до 3 лет,,,2026-05-22T11:17:40+0300,https://hh.ru/vacancy/132730683
Менеджер,133275024,Менеджер кафе (м.Новые Черемушки),Шато Гурман,Москва,90000.0,115000.0,102500.0,RUR,False,От 1 года до 3 лет,,,2026-05-19T22:47:59+0300,https://hh.ru/vacancy/133275024
Менеджер,133151862,Менеджер ресторана/Заместитель директора ресторана (аэропорт Шереметьево),Росинтер Ресторантс,Москва,120000.0,,120000.0,RUR,True,От 1 года до 3 лет,,,2026-05-21T19:28:15+0300,https://hh.ru/vacancy/133151862
Менеджер,109649651,Менеджер ресторана (м. Таганская),Додо Пицца (Корпоративная розничная сеть),Москва,,120000.0,120000.0,RUR,True,От 1 года до 3 лет,,,2026-05-21T13:32:51+0300,https://hh.ru/vacancy/109649651
Менеджер,109646251,Менеджер ресторана (м. Бутырская),Додо Пицца (Корпоративная розничная сеть),Москва,,114000.0,114000.0,RUR,True,От 1 года до 3 лет,,,2026-05-21T13:32:50+0300,https://hh.ru/vacancy/109646251
Менеджер,109646813,Менеджер ресторана (м. Новогиреево),Додо Пицца (Корпоративная розничная сеть),Москва,,114000.0,114000.0,RUR,True,От 1 года до 3 лет,,,2026-05-21T13:32:50+0300,https://hh.ru/vacancy/109646813
Менеджер,133341248,Менеджер/Администратор ресторана ( м.Цветной бульвар),БУРГЕР КИНГ РОССИЯ,Москва,93130.0,106000.0,99565.0,RUR,True,От 1 года до 3 лет,,,2026-05-21T10:15:44+0300,https://hh.ru/vacancy/133341248
Менеджер,132464533,Менеджер ресторана (м. Комсомольская),Начало,Москва,,200000.0,200000.0,RUR,False,От 3 до 6 лет,,,2026-05-21T10:43:55+0300,https://hh.ru/vacancy/132464533
Менеджер,132174990,Заместитель директора ресторана (Rostic's Славянский),ЮНИРЕСТ,Москва,,108000.0,108000.0,RUR,True,От 1 года до 3 лет,,,2026-05-21T10:41:37+0300,https://hh.ru/vacancy/132174990
Менеджер,133340715,Менеджер ресторана (ТЦ Байкал),БУРГЕР КИНГ РОССИЯ,Москва,93130.0,106000.0,99565.0,RUR,True,От 1 года до 3 лет,,,2026-05-21T10:09:23+0300,https://hh.ru/vacancy/133340715
Менеджер,100789329,Менеджер ресторана (м. Новаторская),Додо Пицца (Корпоративная розничная сеть),Москва,,114000.0,114000.0,RUR,True,От 1 года до 3 лет,,,2026-05-21T08:57:01+0300,https://hh.ru/vacancy/100789329
Менеджер,100789134,Менеджер ресторана (м. Ясенево),Додо Пицца (Корпоративная розничная сеть),Москва,,114000.0,114000.0,RUR,True,От 1 года до 3 лет,,,2026-05-21T08:54:42+0300,https://hh.ru/vacancy/100789134
Менеджер,133284796,Менеджер по продажам B2B,Барлайн,Москва,130000.0,200000.0,165000.0,RUR,True,От 1 года до 3 лет,,,2026-05-23T08:55:36+0300,https://hh.ru/vacancy/133284796
Менеджер,133354750,Управляющий в ресторан отеля «Ореанда» (Ялта),КАСАВЭРДЭ,Москва,180000.0,,180000.0,RUR,True,От 3 до 6 лет,,,2026-05-21T13:05:36+0300,https://hh.ru/vacancy/133354750
Менеджер,132845137,Менеджер ресторана Magritte ( Novikov Group),Мани Групп,Москва,150000.0,,150000.0,RUR,False,От 3 до 6 лет,,,2026-05-21T14:14:55+0300,https://hh.ru/vacancy/132845137
Менеджер,133180651,Менеджер доставки в кафе (м. Деловой Центр),ICONFOOD,Москва,4200.0,4500.0,4350.0,RUR,False,Нет опыта,,,2026-05-20T16:06:56+0300,https://hh.ru/vacancy/133180651
Менеджер,132526885,Менеджер Ресторана #FARШ (м. Пражская),Рестобург,Москва,80000.0,92500.0,86250.0,RUR,False,От 1 года до 3 лет,,,2026-05-21T11:50:35+0300,https://hh.ru/vacancy/132526885
Менеджер,133177622,Директор ресторана,Лозари,Москва,130000.0,,130000.0,RUR,False,От 3 до 6 лет,,,2026-05-18T07:23:26+0300,https://hh.ru/vacancy/133177622
Менеджер,130326913,Менеджер ресторана (Rostic's Бум),ЮНИРЕСТ,Москва,,101000.0,101000.0,RUR,True,От 1 года до 3 лет,,,2026-05-21T10:57:37+0300,https://hh.ru/vacancy/130326913
Менеджер,133065478,Менеджер по поиску строительных объектов/менеджер объектных продаж,Дергунов Александр Николаевич,Москва,80000.0,250000.0,165000.0,RUR,False,От 1 года до 3 лет,,,2026-05-22T22:02:25+0300,https://hh.ru/vacancy/133065478
Менеджер,133243601,Менеджер ресторана,Грузинские каникулы,Красногорск (Московская область),110000.0,,110000.0,RUR,True,От 1 года до 3 лет,,,2026-05-19T11:16:25+0300,https://hh.ru/vacancy/133243601
Менеджер,132980446,Менеджер ресторана (А-ля карт),Ресторан Времена года в парке Горького,Москва,150000.0,,150000.0,RUR,False,От 3 до 6 лет,,,2026-05-21T10:12:42+0300,https://hh.ru/vacancy/132980446
Менеджер,133240516,Менеджер ресторана,СМАШ,Москва,90000.0,110000.0,100000.0,RUR,False,От 1 года до 3 лет,,,2026-05-19T10:36:52+0300,https://hh.ru/vacancy/133240516
Менеджер,100789051,Менеджер ресторана (м. Проспект Вернадского),Додо Пицца (Корпоративная розничная сеть),Москва,,114000.0,114000.0,RUR,True,От 1 года до 3 лет,,,2026-05-21T08:54:06+0300,https://hh.ru/vacancy/100789051
Менеджер,132742717,Менеджер по продажам,БВ Групп,Москва,90000.0,150000.0,120000.0,RUR,False,От 1 года до 3 лет,,,2026-05-22T13:16:22+0300,https://hh.ru/vacancy/132742717
Менеджер,133045739,Senior маркетинг-менеджер,Dudarev Motorsport,Москва,120000.0,150000.0,135000.0,RUR,True,От 1 года до 3 лет,,,2026-05-22T13:23:36+0300,https://hh.ru/vacancy/133045739
Менеджер,131908102,Менеджер ресторана «Мясо&Рыба» (м. Румянцево),BTConsult,Москва,140000.0,,140000.0,RUR,True,От 1 года до 3 лет,,,2026-05-21T13:35:04+0300,https://hh.ru/vacancy/131908102
Менеджер,132477998,Управляющий в ресторан LOOKUP Cafe & Shop (м. Новокузнецкая),UPSKILL,Москва,180000.0,,180000.0,RUR,False,От 1 года до 3 лет,,,2026-05-21T14:34:09+0300,https://hh.ru/vacancy/132477998
Менеджер,133324443,"Менеджер ресторана (д.Жуковка, Рублевка)",Чайхона №1,Москва,130000.0,,130000.0,RUR,False,От 1 года до 3 лет,,,2026-05-20T18:24:04+0300,https://hh.ru/vacancy/133324443
Менеджер,132595944,Менеджер по закупкам ВЭД,Сапфир,Москва,150000.0,,150000.0,RUR,False,От 3 до 6 лет,,,2026-05-22T18:09:27+0300,https://hh.ru/vacancy/132595944
Менеджер,128486572,Менеджер ресторана (Rostic's Парк Горького),ЮНИРЕСТ,Москва,,147000.0,147000.0,RUR,True,От 1 года до 3 лет,,,2026-05-21T11:06:07+0300,https://hh.ru/vacancy/128486572
Менеджер,131946111,Младший менеджер ресторана (Rostic's ВДНХ),ЮНИРЕСТ,Москва,,119000.0,119000.0,RUR,True,От 1 года до 3 лет,,,2026-05-21T10:54:37+0300,https://hh.ru/vacancy/131946111
Менеджер,132759497,Менеджер по закупкам ВЭД,РА Лукс Гуд,Москва,110000.0,,110000.0,RUR,False,От 3 до 6 лет,,,2026-05-22T17:14:45+0300,https://hh.ru/vacancy/132759497
Менеджер,133223063,Менеджер ресторана,Кадровое агентство РАБОТАРЕСТОРАН,Москва,97500.0,120000.0,108750.0,RUR,False,От 1 года до 3 лет,,,2026-05-18T21:07:56+0300,https://hh.ru/vacancy/133223063
Менеджер,133218539,Менеджер ресторана,Ширшов Андрей Владимирович,Иваново (Ивановская область),68000.0,85000.0,76500.0,RUR,True,От 1 года до 3 лет,,,2026-05-18T17:18:29+0300,https://hh.ru/vacancy/133218539
Менеджер,133211449,Менеджер ресторана,HURMA GROUP OF COMPANIES,Москва,100000.0,130000.0,115000.0,RUR,False,От 1 года до 3 лет,,,2026-05-18T15:20:02+0300,https://hh.ru/vacancy/133211449
Менеджер,133210880,Менеджер ресторана,Сл-Инвест,Москва,130000.0,140000.0,135000.0,RUR,False,От 1 года до 3 лет,,,2026-05-18T15:13:06+0300,https://hh.ru/vacancy/133210880
Менеджер,133207583,Директор ресторана (м.Спартак),БУРГЕР КИНГ РОССИЯ,Москва,115000.0,129000.0,122000.0,RUR,True,От 1 года до 3 лет,,,2026-05-18T14:25:23+0300,https://hh.ru/vacancy/133207583
Менеджер,133202872,Менеджер ресторана,Well's Home Cafe,Москва,120000.0,,120000.0,RUR,False,От 1 года до 3 лет,,,2026-05-18T13:15:21+0300,https://hh.ru/vacancy/133202872
Менеджер,133147194,Менеджер по развитию бизнеса,Рунити,Москва,,,,,,От 3 до 6 лет,,,2026-05-22T13:22:28+0300,https://hh.ru/vacancy/133147194
Менеджер,132654128,Менеджер ресторана Soho Country Club (Новая Рига),Soho-rooms,Москва,140000.0,160000.0,150000.0,RUR,False,От 3 до 6 лет,,,2026-05-21T10:09:43+0300,https://hh.ru/vacancy/132654128
Менеджер,132916051,SMM-менеджер,Сказочные бани (ООО Феникс),Москва,160000.0,160000.0,160000.0,RUR,False,От 3 до 6 лет,,,2026-05-21T14:11:11+0300,https://hh.ru/vacancy/132916051
Менеджер,133328830,Менеджер ресторана IKURA WRF fine dining,IKURA Izakaya nikkei,Москва,160000.0,,160000.0,RUR,False,От 3 до 6 лет,,,2026-05-21T02:58:19+0300,https://hh.ru/vacancy/133328830
Менеджер,133071697,"Менеджер по продажам B2B (строительство, террасная доска ДПК)",Поливудторг,Москва,120000.0,280000.0,200000.0,RUR,False,От 1 года до 3 лет,,,2026-05-23T07:48:48+0300,https://hh.ru/vacancy/133071697
Менеджер,132731009,Менеджер по развитию клиентов,Джи Эф Си,Москва,,,,,,От 1 года до 3 лет,,,2026-05-22T11:22:03+0300,https://hh.ru/vacancy/132731009
Менеджер,132638355,Заместитель директора ресторана (м.Шоссе Энтузиастов),"Тануки, японский ресторан",Москва,85000.0,115000.0,100000.0,RUR,False,От 1 года до 3 лет,,,2026-05-19T17:11:16+0300,https://hh.ru/vacancy/132638355
Менеджер,131472206,Менеджер проектов,Нильсен,Москва,,,,,,От 1 года до 3 лет,,,2026-05-21T10:52:54+0300,https://hh.ru/vacancy/131472206
Менеджер,132105903,Менеджер ресторана (м. Деловой центр),"Тануки, японский ресторан",Москва,,130000.0,130000.0,RUR,False,От 1 года до 3 лет,,,2026-05-20T13:47:55+0300,https://hh.ru/vacancy/132105903
Менеджер,132155605,Заместитель управляющего/менеджер ресторана Остерия Марио ( м. Щелковская ),Ресторанная группа Тигрус,Москва,95000.0,125000.0,110000.0,RUR,False,От 1 года до 3 лет,,,2026-05-21T10:48:53+0300,https://hh.ru/vacancy/132155605
Менеджер,132723771,Менеджер по развитию территории,Qummy,Москва,140000.0,,140000.0,RUR,False,От 1 года до 3 лет,,,2026-05-22T10:02:25+0300,https://hh.ru/vacancy/132723771
Менеджер,133326492,"Менеджер ресторана ""Сплетни"" by Anna Asti",Федеральная сеть баров,Москва,110000.0,140000.0,125000.0,RUR,False,От 1 года до 3 лет,,,2026-05-20T20:45:56+0300,https://hh.ru/vacancy/133326492
Менеджер,133358567,Заместитель управляющего/менеджер ресторана Остерия Марио (м. Охотный ряд),Ресторанная группа Тигрус,Москва,100000.0,,100000.0,RUR,False,От 1 года до 3 лет,,,2026-05-21T14:05:42+0300,https://hh.ru/vacancy/133358567
Менеджер,132582967,Менеджер по продажам (привлечение клиентов / Hunter),Глобал Фудс,Москва,150000.0,,150000.0,RUR,False,От 3 до 6 лет,,,2026-05-22T17:23:30+0300,https://hh.ru/vacancy/132582967
Менеджер,133012089,Менеджер ресторана / Restaurant Manager (м. 1905 года в Papandopulo),KLICH,Москва,120000.0,,120000.0,RUR,False,От 1 года до 3 лет,,,2026-05-21T17:47:49+0300,https://hh.ru/vacancy/133012089
Менеджер,133409386,"Менеджер в ресторан ""АндерCон"" ( м. Перово)",ВкусВилл,Москва,80000.0,,80000.0,RUR,False,Нет опыта,,,2026-05-22T16:41:50+0300,https://hh.ru/vacancy/133409386
Менеджер,133144816,Менеджер ресторана (#FARШ м. Фрунзенская),#FARШ,Москва,92000.0,100000.0,96000.0,RUR,False,От 1 года до 3 лет,,,2026-05-20T09:52:21+0300,https://hh.ru/vacancy/133144816
Менеджер,130009315,Супервайзер ресторана,МонАрх Москва Отель,Москва,75000.0,,75000.0,RUR,True,От 1 года до 3 лет,,,2026-05-14T10:38:34+0300,https://hh.ru/vacancy/130009315
Менеджер,132741212,"Заместитель управляющего в ресторан ""Ruski""",VASILCHUKI Restaurant Group,Москва,120000.0,150000.0,135000.0,RUR,False,От 1 года до 3 лет,,,2026-05-19T17:56:12+0300,https://hh.ru/vacancy/132741212
Менеджер,133319759,Менеджер ресторана FLØR на Чистопрудном бульваре,Брют,Москва,140000.0,,140000.0,RUR,False,От 3 до 6 лет,,,2026-05-20T16:34:47+0300,https://hh.ru/vacancy/133319759
Менеджер,129860604,Менеджер по продаже автомобильного направление (инструмент),ГАРВИН (ГК ГаражТулс),Москва,120000.0,250000.0,185000.0,RUR,False,От 1 года до 3 лет,,,2026-05-22T17:09:34+0300,https://hh.ru/vacancy/129860604
Менеджер,132980986,Ведущий менеджер продаж (концепция Орбита),Федеральная сеть баров,Москва,160000.0,350000.0,255000.0,RUR,False,От 1 года до 3 лет,,,2026-05-22T11:42:21+0300,https://hh.ru/vacancy/132980986
Менеджер,133093016,Менеджер ресторана (м. Лубянка),"Тануки, японский ресторан",Москва,,120000.0,120000.0,RUR,False,Нет опыта,,,2026-05-19T17:03:15+0300,https://hh.ru/vacancy/133093016
Менеджер,131732372,Менеджер ресторана (м. Братиславская),"Тануки, японский ресторан",Москва,70000.0,100000.0,85000.0,RUR,False,От 1 года до 3 лет,,,2026-05-19T17:02:47+0300,https://hh.ru/vacancy/131732372
Менеджер,132592971,Product Manager / Менеджер по продукту (видеонаблюдение),Интеллико,Москва,,,,,,От 1 года до 3 лет,,,2026-05-22T16:47:53+0300,https://hh.ru/vacancy/132592971
Менеджер,133038246,Менеджер по работе с клиентами,Мартиросов Мигран Ваганович,Москва,210000.0,,210000.0,RUR,False,Нет опыта,,,2026-05-22T11:37:04+0300,https://hh.ru/vacancy/133038246
Менеджер,132735881,Менеджер по развитию корпоративных клиентов,Qummy,Москва,150000.0,,150000.0,RUR,False,От 1 года до 3 лет,,,2026-05-22T12:09:03+0300,https://hh.ru/vacancy/132735881
Менеджер,132388956,Менеджер ресторана (м. Савеловская/Марьина Роща),"Тануки, японский ресторан",Москва,,130000.0,130000.0,RUR,False,От 1 года до 3 лет,,,2026-05-20T13:45:55+0300,https://hh.ru/vacancy/132388956
Менеджер,132388697,Менеджер ресторана (м. Савеловская/Марьина Роща),"Тануки, японский ресторан",Москва,,130000.0,130000.0,RUR,False,От 1 года до 3 лет,,,2026-05-20T13:45:52+0300,https://hh.ru/vacancy/132388697
Менеджер,133260798,Менеджер ресторана (м ЗИЛ),Major Agro,Москва,137000.0,177000.0,157000.0,RUR,False,От 3 до 6 лет,,,2026-05-19T14:46:35+0300,https://hh.ru/vacancy/133260798
Менеджер,132000816,Менеджер по развитию,ТНИ РУС,Москва,80000.0,140000.0,110000.0,RUR,False,От 1 года до 3 лет,,,2026-05-21T17:41:35+0300,https://hh.ru/vacancy/132000816
Менеджер,133239995,Региональный менеджер по продажам автомобилей,Чанъань Моторс Рус,Москва,,,,,,От 3 до 6 лет,,,2026-05-22T10:30:29+0300,https://hh.ru/vacancy/133239995
Менеджер,131861757,Менеджер ресторана / заместитель директора Остерия Марио и Швили (ТЦ Европейский),Ресторанная группа Тигрус,Москва,110000.0,130000.0,120000.0,RUR,False,От 1 года до 3 лет,,,2026-05-21T11:13:29+0300,https://hh.ru/vacancy/131861757
Менеджер,131271456,Управляющий пиццерии/Директор ресторана (м. Физтех),Додо Пицца (ООО ДПМ Север),Москва,130000.0,150000.0,140000.0,RUR,False,От 1 года до 3 лет,,,2026-05-19T11:10:46+0300,https://hh.ru/vacancy/131271456
Менеджер,133205935,Финансовый менеджер (рестораны),Чайхона №1,Москва,150000.0,,150000.0,RUR,False,От 1 года до 3 лет,,,2026-05-18T14:03:01+0300,https://hh.ru/vacancy/133205935
Менеджер,131903807,"Менеджер в ресторан ""АндерCон"" (м. Царицыно)",ВкусВилл,Москва,85000.0,,85000.0,RUR,False,Нет опыта,,,2026-05-22T11:23:40+0300,https://hh.ru/vacancy/131903807
Менеджер,130413349,"Менеджер в ресторан ""АндерCон"" (м. Сокол)",ВкусВилл,Москва,110000.0,,110000.0,RUR,False,От 1 года до 3 лет,,,2026-05-22T11:22:23+0300,https://hh.ru/vacancy/130413349
Менеджер,131520294,"Менеджер в ресторан ""АндерCон"" (м. Калужская)",ВкусВилл,Москва,75000.0,,75000.0,RUR,False,От 1 года до 3 лет,,,2026-05-22T11:19:56+0300,https://hh.ru/vacancy/131520294
Менеджер,133365665,Менеджер по продажам,ОЙСТЕР МАРКЕТ,Москва,100000.0,150000.0,125000.0,RUR,False,От 1 года до 3 лет,,,2026-05-21T16:04:39+0300,https://hh.ru/vacancy/133365665
Менеджер,133183173,Менеджер ресторана (Лужники),Новиков Групп,Москва,100000.0,,100000.0,RUR,False,От 1 года до 3 лет,,,2026-05-18T09:14:13+0300,https://hh.ru/vacancy/133183173
Менеджер,133041123,Ведущий / Старший менеджер по ВЭД (Китай),SKDESIGN (СК ДИЗАЙН),Москва,150000.0,,150000.0,RUR,False,От 3 до 6 лет,,,2026-05-22T12:11:38+0300,https://hh.ru/vacancy/133041123
Менеджер,132639282,Менеджер ресторана (м. Цветной бульвар),"Тануки, японский ресторан",Москва,,131000.0,131000.0,RUR,False,От 1 года до 3 лет,,,2026-05-19T17:13:22+0300,https://hh.ru/vacancy/132639282
Менеджер,131248222,"Менеджер ресторана ""Вкусно — и точка"" (Аэропорт Домодедово)",Развитие РОСТ,Москва,95000.0,,95000.0,RUR,True,От 1 года до 3 лет,,,2026-05-20T11:42:29+0300,https://hh.ru/vacancy/131248222
Менеджер,132964095,Ранер в новое кафе (Ленинградский вокзал),Забыли Сахар,Москва,70000.0,,70000.0,RUR,False,Нет опыта,,,2026-05-19T23:14:09+0300,https://hh.ru/vacancy/132964095
Менеджер,131544423,"Менеджер в ресторан ""АндерCон"" (м. Октябрьское поле)",ВкусВилл,Москва,95000.0,,95000.0,RUR,False,Нет опыта,,,2026-05-22T11:20:55+0300,https://hh.ru/vacancy/131544423
Менеджер,133191397,Менеджер по продажам,ЦОТЭБ,Москва,180000.0,480000.0,330000.0,RUR,False,Нет опыта,,,2026-05-21T10:46:02+0300,https://hh.ru/vacancy/133191397
Менеджер,133180570,Менеджер по продажам,Lamberta,Москва,120000.0,,120000.0,RUR,False,От 1 года до 3 лет,,,2026-05-21T08:33:36+0300,https://hh.ru/vacancy/133180570
Менеджер,132809725,Старший менеджер ресторана загородного клуба (Истринский р-н),Бизнес Трэвел Джоб,Москва,160000.0,160000.0,160000.0,RUR,True,От 3 до 6 лет,,,2026-05-20T15:49:58+0300,https://hh.ru/vacancy/132809725
Менеджер,133310400,Менеджер проектов,Щербинский лифтостроительный завод,Москва,120000.0,120000.0,120000.0,RUR,False,От 1 года до 3 лет,,,2026-05-20T15:08:19+0300,https://hh.ru/vacancy/133310400
Менеджер,132462268,Менеджер по продажам бизнес-образования (Английский язык),СИНЕРГИЯ,Москва,150000.0,250000.0,200000.0,RUR,True,От 1 года до 3 лет,,,2026-05-22T11:02:32+0300,https://hh.ru/vacancy/132462268
Менеджер,132675044,Менеджер ресторана (Новый Арбат),Чайхона №1,Москва,150000.0,,150000.0,RUR,False,От 1 года до 3 лет,,,2026-05-18T15:15:41+0300,https://hh.ru/vacancy/132675044
Менеджер,132538612,Менеджер ресторана IL PIZZAIOLO,Сеть IL PIZZAIOLO,Москва,110000.0,120000.0,115000.0,RUR,False,От 1 года до 3 лет,,,2026-05-18T15:29:00+0300,https://hh.ru/vacancy/132538612
Менеджер,133362682,Менеджер по продажам (HoReCa),Десерт Фентези,Москва,140000.0,170000.0,155000.0,RUR,False,От 1 года до 3 лет,,,2026-05-21T15:09:56+0300,https://hh.ru/vacancy/133362682
Менеджер,132547545,Продакт-менеджер / Product manager (Рег.решения - сервис для предпринимателей),Рунити,Москва,,,,,,От 1 года до 3 лет,,,2026-05-22T13:22:46+0300,https://hh.ru/vacancy/132547545
Менеджер,133202154,Менеджер ресторана (м. ЗИЛ),Major Agro,Москва,137000.0,177000.0,157000.0,RUR,False,От 3 до 6 лет,,,2026-05-18T13:06:40+0300,https://hh.ru/vacancy/133202154
Менеджер,132564817,Ведущий менеджер по продажам (без холодного поиска),Восток Тендер,Москва,175100.0,253800.0,214450.0,RUR,True,От 1 года до 3 лет,,,2026-05-22T09:20:41+0300,https://hh.ru/vacancy/132564817
Менеджер,133210464,Менеджер по работе с клиентами / Менеджер по продажам,Эпиона,Москва,120000.0,250000.0,185000.0,RUR,False,Нет опыта,,,2026-05-21T15:08:15+0300,https://hh.ru/vacancy/133210464
Менеджер,130033349,Финансовый менеджер,НПП Доза,Зеленоград,,,,,,От 3 до 6 лет,,,2026-05-20T08:10:58+0300,https://hh.ru/vacancy/130033349
Менеджер,132247947,Менеджер новых форм финансирования,Т-Банк,Москва,,,,,,От 3 до 6 лет,,,2026-05-21T15:54:49+0300,https://hh.ru/vacancy/132247947
Менеджер,131214599,Менеджер проекта,НПП Доза,Зеленоград,,,,,,От 1 года до 3 лет,,,2026-05-20T08:10:43+0300,https://hh.ru/vacancy/131214599
Менеджер,133150721,Менеджер ресторана,Сытый дракон,Москва,100000.0,150000.0,125000.0,RUR,False,От 1 года до 3 лет,,,2026-05-15T18:09:19+0300,https://hh.ru/vacancy/133150721
Менеджер,132474202,Менеджер проектных/объектных продаж,ИНСТРАКТ,Москва,160000.0,200000.0,180000.0,RUR,False,От 1 года до 3 лет,,,2026-05-21T13:38:41+0300,https://hh.ru/vacancy/132474202
Менеджер,133188871,Заместитель директора ресторана (м. Шоссе Энтузиастов),"Тануки, японский ресторан",Москва,85000.0,110000.0,97500.0,RUR,False,От 1 года до 3 лет,,,2026-05-18T10:20:59+0300,https://hh.ru/vacancy/133188871
Менеджер,132844268,Проектный менеджер (Project Manager),СИНЕРГИЯ,Москва,120000.0,,120000.0,RUR,False,От 1 года до 3 лет,,,2026-05-21T14:05:31+0300,https://hh.ru/vacancy/132844268
Менеджер,133138829,Менеджер ресторана,Pizza Grande,Москва,100000.0,130000.0,115000.0,RUR,False,От 1 года до 3 лет,,,2026-05-15T14:06:03+0300,https://hh.ru/vacancy/133138829
Менеджер,133129525,Менеджер ресторана,Сеть кофеен Шоколадница,Москва,75000.0,80000.0,77500.0,RUR,False,Нет опыта,,,2026-05-15T11:36:55+0300,https://hh.ru/vacancy/133129525
Менеджер,133125458,Менеджер ресторана,Ресторан Ближний,Москва,130000.0,180000.0,155000.0,RUR,False,От 1 года до 3 лет,,,2026-05-15T10:33:24+0300,https://hh.ru/vacancy/133125458
Менеджер,133266804,Менеджер по продажам франшизы (B2B HoReCa),FRENCH BAKERY,Москва,150000.0,,150000.0,RUR,False,От 1 года до 3 лет,,,2026-05-22T09:38:46+0300,https://hh.ru/vacancy/133266804
Менеджер,133218430,Операционный шеф-повар сети кафе,Dizengof99,Москва,180000.0,180000.0,180000.0,RUR,False,От 3 до 6 лет,,,2026-05-18T17:16:38+0300,https://hh.ru/vacancy/133218430
Менеджер,132832483,Менеджер по работе с клиентами / Менеджер по продажам,Корп-подарки (ИП Павлов Д. В.),Москва,100000.0,190000.0,145000.0,RUR,False,Нет опыта,,,2026-05-21T11:04:36+0300,https://hh.ru/vacancy/132832483
Менеджер,133145307,Менеджер ресторана (#FARШ ТЦ Саларис),#FARШ,Москва,86000.0,96000.0,91000.0,RUR,False,От 1 года до 3 лет,,,2026-05-18T16:37:45+0300,https://hh.ru/vacancy/133145307
Менеджер,133148326,Менеджер ресторана (#FARШ м. Серпуховская),#FARШ,Москва,90000.0,100000.0,95000.0,RUR,False,От 1 года до 3 лет,,,2026-05-18T16:37:29+0300,https://hh.ru/vacancy/133148326
Менеджер,133143574,Менеджер ресторана (#FARШ ТЦ Гагаринский),#FARШ,Москва,92000.0,100000.0,96000.0,RUR,False,От 1 года до 3 лет,,,2026-05-18T16:36:38+0300,https://hh.ru/vacancy/133143574
Менеджер,130326670,Менеджер ресторана (Rostic's Славянский),ЮНИРЕСТ,Москва,,101000.0,101000.0,RUR,True,От 1 года до 3 лет,,,2026-05-18T15:19:50+0300,https://hh.ru/vacancy/130326670
Менеджер,132588751,Менеджер ресторана (м. Кузнецкий мост),Чайхона №1,Москва,130000.0,,130000.0,RUR,False,От 3 до 6 лет,,,2026-05-18T14:37:25+0300,https://hh.ru/vacancy/132588751
Менеджер,133009637,Директор ресторана,БУРГЕР КИНГ РОССИЯ,Москва,125300.0,148300.0,136800.0,RUR,True,От 1 года до 3 лет,,,2026-05-12T16:57:05+0300,https://hh.ru/vacancy/133009637
Менеджер,132874481,Менеджер по исследованиям и структурированию,Т-Банк,Москва,,,,,,От 3 до 6 лет,,,2026-05-21T15:54:59+0300,https://hh.ru/vacancy/132874481
Менеджер,132848114,Менеджер по продажам промышленного оборудования,БИМ ИНЖИНИРИНГ,Москва,200000.0,,200000.0,RUR,True,От 3 до 6 лет,,,2026-05-21T15:00:16+0300,https://hh.ru/vacancy/132848114
Менеджер,133218920,Финансовый менеджер,Вис-Инвест,Москва,200000.0,200000.0,200000.0,RUR,True,От 3 до 6 лет,,,2026-05-19T18:38:43+0300,https://hh.ru/vacancy/133218920
Менеджер,133360922,Риск-менеджер отдела операционного риска,РЕАЛИСТ БАНК,Москва,,,,,,Более 6 лет,,,2026-05-21T14:41:14+0300,https://hh.ru/vacancy/133360922
Менеджер,133169074,Менеджер ресторана ROSTIC`S,Сити Ресторантс,Москва,83900.0,101000.0,92450.0,RUR,True,Нет опыта,,,2026-05-17T15:34:41+0300,https://hh.ru/vacancy/133169074
Менеджер,133185772,Менеджер ресторана (Rostic's Вернадского),ЮНИРЕСТ,Москва,,101000.0,101000.0,RUR,True,От 1 года до 3 лет,,,2026-05-18T09:44:34+0300,https://hh.ru/vacancy/133185772
Менеджер,131897137,Менеджер по продажам (дистрибьюция / HoReCa),Берёзка Фуд,Москва,140000.0,,140000.0,RUR,False,От 1 года до 3 лет,,,2026-05-21T12:57:28+0300,https://hh.ru/vacancy/131897137
Менеджер,132678450,Менеджер в пекарню Masa Madre Лужники,Бюро находок,Москва,7500.0,9000.0,8250.0,RUR,False,От 1 года до 3 лет,,,2026-05-21T17:59:56+0300,https://hh.ru/vacancy/132678450
Менеджер,132981234,Менеджер по продажам ресторанного оборудования,Кормилец,Москва,120000.0,350000.0,235000.0,RUR,False,От 3 до 6 лет,,,2026-05-21T10:21:43+0300,https://hh.ru/vacancy/132981234
Менеджер,133258178,Офис-менеджер,Старлинк,Москва,,,,,,От 1 года до 3 лет,,,2026-05-19T14:29:57+0300,https://hh.ru/vacancy/133258178
Менеджер,133197309,Менеджер по работе с клиентами,LEDMONSTER,Москва,100000.0,160000.0,130000.0,RUR,True,От 1 года до 3 лет,,,2026-05-21T11:59:30+0300,https://hh.ru/vacancy/133197309
Менеджер,133071796,Менеджер ресторана,Villaggio,Москва,110000.0,150000.0,130000.0,RUR,False,От 3 до 6 лет,,,2026-05-14T07:51:28+0300,https://hh.ru/vacancy/133071796
Менеджер,132237476,Специалист по продвижению (SMM-менеджер),Денкирс Рус,Москва,,,,,,От 3 до 6 лет,,,2026-05-21T11:29:35+0300,https://hh.ru/vacancy/132237476
Менеджер,133342102,Менеджер по закупкам и снабжению,ИнфоТеКС,Москва,,,,,,От 1 года до 3 лет,,,2026-05-21T10:25:53+0300,https://hh.ru/vacancy/133342102
Менеджер,133015731,Менеджер по продажам продуктов питания сегмента HoReCa,ДПО Учебный центр Квалификация,Москва,100000.0,175000.0,137500.0,RUR,False,От 1 года до 3 лет,,,2026-05-21T21:11:58+0300,https://hh.ru/vacancy/133015731
Менеджер,133393801,Начинающий Менеджер по продаже недвижимости в премиальном ЖК «Суханово Spa Deluxe»,ЭстэйтЛига,Москва,300000.0,600000.0,450000.0,RUR,False,Нет опыта,,,2026-05-22T12:06:32+0300,https://hh.ru/vacancy/133393801
Менеджер,132332286,Проектный менеджер,СИНЕРГИЯ,Москва,,,,,,От 1 года до 3 лет,,,2026-05-19T11:48:39+0300,https://hh.ru/vacancy/132332286
Менеджер,133241249,Финансовый менеджер,Staffberry,Москва,,200000.0,200000.0,RUR,False,От 1 года до 3 лет,,,2026-05-19T10:46:36+0300,https://hh.ru/vacancy/133241249
Менеджер,133149717,Менеджер ресторана (#FARШ ТЦ PRIME PLAZA),#FARШ,Москва,80000.0,90000.0,85000.0,RUR,False,От 1 года до 3 лет,,,2026-05-18T16:37:00+0300,https://hh.ru/vacancy/133149717
Менеджер,133153101,Менеджер в ресторан «Рыба моя в Японии»,Perelman People,Москва,,130000.0,130000.0,RUR,False,От 3 до 6 лет,,,2026-05-21T21:37:35+0300,https://hh.ru/vacancy/133153101
Менеджер,132651881,Менеджер маркетплейсов (Wildberries) в офис,МСМ ГРУПП,Москва,150000.0,,150000.0,RUR,False,От 1 года до 3 лет,,,2026-05-21T09:23:38+0300,https://hh.ru/vacancy/132651881
Менеджер,132768850,Офис-менеджер,ИнфоТеКС,Москва,,,,,,От 1 года до 3 лет,,,2026-05-19T10:24:07+0300,https://hh.ru/vacancy/132768850
Менеджер,133147426,Менеджер по локализации и коммерческим вопросам,Чанъань Моторс Рус,Москва,,,,,,От 3 до 6 лет,,,2026-05-21T16:42:13+0300,https://hh.ru/vacancy/133147426
Менеджер,132550723,SMM-менеджер (офис),СИНЕРГИЯ,Москва,,,,,,От 1 года до 3 лет,,,2026-05-20T09:35:44+0300,https://hh.ru/vacancy/132550723
Менеджер,133169062,Заместитель директора ресторана ROSTIC`S (м. Багратионовская),Сити Ресторантс,Москва,100000.0,125900.0,112950.0,RUR,True,От 1 года до 3 лет,,,2026-05-17T15:32:08+0300,https://hh.ru/vacancy/133169062
Менеджер,133169025,Заместитель директора ресторана ROSTIC`S (м. Семёновская),Сити Ресторантс,Москва,100000.0,125900.0,112950.0,RUR,True,От 1 года до 3 лет,,,2026-05-17T15:28:24+0300,https://hh.ru/vacancy/133169025
Менеджер,132970270,Бухгалтер (c функцией финансового менеджера),Иванов Николай,Москва,120000.0,150000.0,135000.0,RUR,False,От 3 до 6 лет,,,2026-05-21T07:32:26+0300,https://hh.ru/vacancy/132970270
Менеджер,133190773,Менеджер ресторана Tutto Bene (Москва-Сити),Tutto Benne,Москва,170000.0,,170000.0,RUR,False,От 3 до 6 лет,,,2026-05-18T10:38:53+0300,https://hh.ru/vacancy/133190773
Менеджер,133280046,Секретарь/офис-менеджер,AND RUS,Москва,,,,,,Нет опыта,,,2026-05-20T06:30:36+0300,https://hh.ru/vacancy/133280046
Менеджер,133053328,Менеджер ресторана,Ресторан LUCA,Москва,120000.0,140000.0,130000.0,RUR,False,От 1 года до 3 лет,,,2026-05-13T15:14:12+0300,https://hh.ru/vacancy/133053328
Менеджер,133056365,Менеджер ресторана,"Подмосковная Слобода, обособленное подразделение г. Истра",Москва,,,,,,От 1 года до 3 лет,,,2026-05-13T16:06:11+0300,https://hh.ru/vacancy/133056365
Менеджер,132368702,Менеджер ресторана (м.Октябрьская),"Тануки, японский ресторан",Москва,,120000.0,120000.0,RUR,False,От 1 года до 3 лет,,,2026-05-15T16:07:51+0300,https://hh.ru/vacancy/132368702
Менеджер,129915665,Младший менеджер ресторана (Rostic's Вернадского),ЮНИРЕСТ,Москва,,84500.0,84500.0,RUR,True,От 1 года до 3 лет,,,2026-05-18T08:49:20+0300,https://hh.ru/vacancy/129915665
Менеджер,132547943,Менеджер отдела продаж (оператор 1С /офис),Лидер,Москва,90000.0,130000.0,110000.0,RUR,False,От 1 года до 3 лет,,,2026-05-21T16:54:29+0300,https://hh.ru/vacancy/132547943
Менеджер,131158159,"Менеджер по продажам (сетевая HoReCa, кафе, рестораны)",Integrita,Москва,150000.0,300000.0,225000.0,RUR,True,От 1 года до 3 лет,,,2026-05-15T18:27:14+0300,https://hh.ru/vacancy/131158159
Менеджер,131907357,"Менеджер в ресторан ""АндерСон"" ( м. Проспект Мира )",ВкусВилл,Москва,90000.0,,90000.0,RUR,False,От 1 года до 3 лет,,,2026-05-21T14:34:33+0300,https://hh.ru/vacancy/131907357
Менеджер,133169081,Менеджер ресторана ROSTIC`S (м.Тушинская),Сити Ресторантс,Москва,83900.0,101000.0,92450.0,RUR,True,Нет опыта,,,2026-05-17T15:35:55+0300,https://hh.ru/vacancy/133169081
Менеджер,133208072,"Менеджер в ресторан ""АндерСон"" (м. Лермонтовский проспект)",ВкусВилл,Москва,80000.0,100000.0,90000.0,RUR,False,От 1 года до 3 лет,,,2026-05-21T14:32:51+0300,https://hh.ru/vacancy/133208072
Менеджер,132549431,Менеджер по ВЭД / Специалист по таможенному оформлению,Дадашов Азар Элшад Оглы,Москва,150000.0,,150000.0,RUR,False,От 1 года до 3 лет,,,2026-05-21T17:19:58+0300,https://hh.ru/vacancy/132549431
Менеджер,133070658,Менеджер/Администратор ресторана,Eywa клаб,Москва,120000.0,150000.0,135000.0,RUR,False,От 1 года до 3 лет,,,2026-05-14T07:09:13+0300,https://hh.ru/vacancy/133070658
Менеджер,132059902,Менеджер по оптовым продажам (В2В),РМЦ Калиброн,Москва,100000.0,250000.0,175000.0,RUR,False,От 1 года до 3 лет,,,2026-05-21T17:17:57+0300,https://hh.ru/vacancy/132059902
Менеджер,133323974,Менеджер спецпроектов (Т-Бизнес),Т-Банк,Москва,,,,,,От 3 до 6 лет,,,2026-05-20T18:05:47+0300,https://hh.ru/vacancy/133323974
Менеджер,133027230,Менеджер ресторана,Консул Медиа,Москва,170000.0,250000.0,210000.0,RUR,False,Нет опыта,,,2026-05-13T09:21:58+0300,https://hh.ru/vacancy/133027230
Менеджер,132459783,Менеджер по продажам рыбы/мяса (HoReCa),Тритон,Москва,200000.0,500000.0,350000.0,RUR,True,От 3 до 6 лет,,,2026-05-21T09:16:03+0300,https://hh.ru/vacancy/132459783
Менеджер,132484482,Менеджер по производству сувенирной продукции в Китае,ВОЛНА МАРКЕТИНГ ПРОДАКШЕН,Москва,150000.0,,150000.0,RUR,False,От 3 до 6 лет,,,2026-05-21T16:45:43+0300,https://hh.ru/vacancy/132484482
Менеджер,132472055,Менеджер маркетплейсов/ Менеджер по логистике,Zetter,Москва,100000.0,140000.0,120000.0,RUR,False,От 1 года до 3 лет,,,2026-05-19T15:45:08+0300,https://hh.ru/vacancy/132472055
Менеджер,132979026,Менеджер по маркетингу (с функцией делопроизводителя),ЦСКА АРЕНА,Москва,,,,,,От 1 года до 3 лет,,,2026-05-21T09:56:57+0300,https://hh.ru/vacancy/132979026
Менеджер,127007488,Менеджер ресторана (Rostic's Балашиха),ЮНИРЕСТ,Балашиха (Московская область),,112000.0,112000.0,RUR,True,От 1 года до 3 лет,,,2026-05-17T08:50:20+0300,https://hh.ru/vacancy/127007488
Менеджер,132976172,Ведущий менеджер по продажам (без поиска),Восточные строительные технологии,Москва,176200.0,254600.0,215400.0,RUR,True,От 1 года до 3 лет,,,2026-05-21T09:21:59+0300,https://hh.ru/vacancy/132976172
Менеджер,133244849,Менеджер по продукту/Категорийный менеджер,Европос Групп,Москва,,,,,,От 1 года до 3 лет,,,2026-05-19T11:33:04+0300,https://hh.ru/vacancy/133244849
Менеджер,132486228,Начинающий специалист по снабжению / помощник менеджера по закупкам,Frameless STUDIO,Москва,60000.0,80000.0,70000.0,RUR,False,Нет опыта,,,2026-05-21T17:36:10+0300,https://hh.ru/vacancy/132486228
Менеджер,133009446,Заместитель директора ресторана,БУРГЕР КИНГ РОССИЯ,Москва,102300.0,119500.0,110900.0,RUR,True,От 1 года до 3 лет,,,2026-05-12T16:52:55+0300,https://hh.ru/vacancy/133009446
Менеджер,132677092,Менеджер по продажам IT оборудования (В2В),Ферстлан,Москва,300000.0,700000.0,500000.0,RUR,False,От 1 года до 3 лет,,,2026-05-21T17:11:06+0300,https://hh.ru/vacancy/132677092
Менеджер,133009144,Менеджер ресторана,Высота,Москва,130000.0,170000.0,150000.0,RUR,False,От 3 до 6 лет,,,2026-05-12T16:47:11+0300,https://hh.ru/vacancy/133009144
Менеджер,132521750,Менеджер ресторана М2 органик клуб (м Шелепиха),Major Agro,Москва,137000.0,177000.0,157000.0,RUR,False,От 3 до 6 лет,,,2026-05-18T15:49:58+0300,https://hh.ru/vacancy/132521750
Менеджер,133168926,Менеджер ресторана ROSTIC`S (м. Планерная),Сити Ресторантс,Москва,83900.0,101000.0,92450.0,RUR,True,Нет опыта,,,2026-05-17T15:13:28+0300,https://hh.ru/vacancy/133168926
Менеджер,133102302,"Менеджер ресторана ""Гвидон""",White Rabbit Family,Москва,7000.0,,7000.0,RUR,False,От 1 года до 3 лет,,,2026-05-14T16:19:26+0300,https://hh.ru/vacancy/133102302
Менеджер,132427787,Кредитный менеджер,Группа Компаний Клён (ООО Клен),Москва,120000.0,,120000.0,RUR,False,От 1 года до 3 лет,,,2026-05-18T11:44:35+0300,https://hh.ru/vacancy/132427787
Менеджер,132855266,Управляющий кафе,Персиянов Александр Степанович,Москва,150000.0,,150000.0,RUR,False,От 3 до 6 лет,,,2026-05-06T17:18:27+0300,https://hh.ru/vacancy/132855266
Менеджер,132969841,Менеджер ресторана,Лаззат,Москва,120000.0,,120000.0,RUR,True,От 1 года до 3 лет,,,2026-05-12T07:15:29+0300,https://hh.ru/vacancy/132969841
Менеджер,129269393,Ведущий менеджер отдела тендеров,НПП Доза,Зеленоград,,,,,,От 3 до 6 лет,,,2026-05-20T08:10:55+0300,https://hh.ru/vacancy/129269393
Менеджер,132842275,Менеджер по продажам IT – решений / В2В,АртЭКС,Москва,150000.0,,150000.0,RUR,True,От 1 года до 3 лет,,,2026-05-21T13:45:44+0300,https://hh.ru/vacancy/132842275
Менеджер,133247799,Менеджер по продажам,Детская Мебель MOONK,Москва,80000.0,160000.0,120000.0,RUR,False,От 1 года до 3 лет,,,2026-05-19T12:15:51+0300,https://hh.ru/vacancy/133247799
Менеджер,132964049,Менеджер ресторана,Кучинская Анастасия Евгеньевна,Москва,100000.0,,100000.0,RUR,False,От 1 года до 3 лет,,,2026-05-11T20:10:47+0300,https://hh.ru/vacancy/132964049
Менеджер,132964385,Менеджер ресторана,Водные Технологии,Москва,104000.0,114000.0,109000.0,RUR,False,От 1 года до 3 лет,,,2026-05-11T21:09:37+0300,https://hh.ru/vacancy/132964385
Менеджер,133129002,Менеджер/Администратор ресторана (ТЦ Крестовский),БУРГЕР КИНГ РОССИЯ,Москва,93130.0,106000.0,99565.0,RUR,True,От 1 года до 3 лет,,,2026-05-15T11:28:06+0300,https://hh.ru/vacancy/133129002
Менеджер,133347320,Менеджер отдела продаж в фитнес-клуб (Юго-Западная),ДОН Спорт,Москва,150000.0,270000.0,210000.0,RUR,True,От 1 года до 3 лет,,,2026-05-21T11:43:22+0300,https://hh.ru/vacancy/133347320
Менеджер,132136598,"Директор ресторана ""ROSTIC`S"" (г.Москва)",Сити Ресторантс,Сыктывкар,127500.0,160000.0,143750.0,RUR,True,От 1 года до 3 лет,,,2026-05-14T15:18:41+0300,https://hh.ru/vacancy/132136598
Менеджер,132984234,Ведущий менеджер по продажам (препараты для эстетической медицины),CLOVERMED эстетическая медицина,Москва,150000.0,,150000.0,RUR,False,От 3 до 6 лет,,,2026-05-21T10:54:01+0300,https://hh.ru/vacancy/132984234
Менеджер,133235330,Менеджер по продажам,СОШ Академическая Гимназия,Москва,120000.0,140000.0,130000.0,RUR,False,От 1 года до 3 лет,,,2026-05-19T09:30:45+0300,https://hh.ru/vacancy/133235330
Менеджер,133364502,Менеджер по развитию B2b клиентов (Mid/Enterprise),MANGO OFFICE,Москва,110000.0,180000.0,145000.0,RUR,True,От 1 года до 3 лет,,,2026-05-21T15:41:48+0300,https://hh.ru/vacancy/133364502
Менеджер,133085707,Супервайзер ресторанной службы в отель международной сети,ibis Москва Динамо,Москва,87000.0,,87000.0,RUR,True,От 1 года до 3 лет,,,2026-05-14T11:38:03+0300,https://hh.ru/vacancy/133085707
Менеджер,130076522,Менеджер по продажам (B2B) / Начинающий специалист,СМАРТ СНАБ МОСКВА,Москва,50000.0,300000.0,175000.0,RUR,False,Нет опыта,,,2026-05-21T10:11:20+0300,https://hh.ru/vacancy/130076522
Менеджер,133168961,Менеджер ресторана ROSTIC`S (м. Пятницкое шоссе),Сити Ресторантс,Москва,83900.0,101000.0,92450.0,RUR,True,Нет опыта,,,2026-05-17T15:15:37+0300,https://hh.ru/vacancy/133168961
Менеджер,133275185,"Менеджер в ресторан ""Шануар""",Maison DELLOS,Москва,120000.0,,120000.0,RUR,False,От 1 года до 3 лет,,,2026-05-19T23:19:10+0300,https://hh.ru/vacancy/133275185
Менеджер,132973327,"Менеджер по продажам (B2B, чайная продукция)",Интер-трейд-юнион,Москва,100000.0,,100000.0,RUR,False,От 1 года до 3 лет,,,2026-05-21T08:41:01+0300,https://hh.ru/vacancy/132973327
Менеджер,132192589,"Менеджер в ресторан ""АндерCон"" (м. Юго-Западная)",ВкусВилл,Москва,80000.0,100000.0,90000.0,RUR,False,Нет опыта,,,2026-05-20T21:26:38+0300,https://hh.ru/vacancy/132192589
Менеджер,132225881,"Менеджер в ресторан ""АндерCон"" ( ст.м. Коньково )",ВкусВилл,Москва,80000.0,120000.0,100000.0,RUR,False,Нет опыта,,,2026-05-20T21:26:16+0300,https://hh.ru/vacancy/132225881
Менеджер,133048503,Менеджер ресторана (м.Мякинино),Teikaboom,Москва,100000.0,150000.0,125000.0,RUR,False,От 1 года до 3 лет,,,2026-05-13T14:10:01+0300,https://hh.ru/vacancy/133048503
Менеджер,133151538,Менеджер по продажам B2B /Торговый представитель (кофе для офисов),Лк-Прогресс,Москва,115000.0,,115000.0,RUR,False,От 1 года до 3 лет,,,2026-05-21T19:06:16+0300,https://hh.ru/vacancy/133151538
Менеджер,133127714,Менеджер по работе с маркетплейсами (OZON и Яндекс маркет),MolecularMeal,Москва,,130000.0,130000.0,RUR,False,От 1 года до 3 лет,,,2026-05-21T11:08:56+0300,https://hh.ru/vacancy/133127714
Менеджер,133105955,Менеджер ресторана (м. Братиславская),"Тануки, японский ресторан",Москва,85000.0,,85000.0,RUR,False,От 1 года до 3 лет,,,2026-05-14T17:35:33+0300,https://hh.ru/vacancy/133105955
Менеджер,133128900,Менеджер/Администратор ресторана (м Петровско-Разумовская),БУРГЕР КИНГ РОССИЯ,Москва,,,,,,От 1 года до 3 лет,,,2026-05-15T11:26:31+0300,https://hh.ru/vacancy/133128900
Менеджер,126625129,Младший менеджер ресторана (Rostic's Ленинградское),ЮНИРЕСТ,Москва,,84500.0,84500.0,RUR,True,От 1 года до 3 лет,,,2026-05-16T12:40:21+0300,https://hh.ru/vacancy/126625129
Менеджер,133099637,Менеджер ресторана (м. Лубянка),"Тануки, японский ресторан",Москва,,120000.0,120000.0,RUR,False,От 1 года до 3 лет,,,2026-05-14T15:33:47+0300,https://hh.ru/vacancy/133099637
Менеджер,132392001,"Менеджер в ресторан ""Библиотека""",ОРГАНИК ГОЛЬФ,Москва,115000.0,,115000.0,RUR,False,От 1 года до 3 лет,,,2026-05-19T11:17:06+0300,https://hh.ru/vacancy/132392001
Менеджер,132297634,Продакт-менеджер (внутрипольные конвекторы),Русклимат,Москва,120000.0,180000.0,150000.0,RUR,False,От 1 года до 3 лет,,,2026-05-19T11:56:47+0300,https://hh.ru/vacancy/132297634
Менеджер,133221662,Менеджер по продажам,Фитнес-клубы XFIT,Московский (Москва),80000.0,150000.0,115000.0,RUR,False,От 1 года до 3 лет,,,2026-05-18T18:55:37+0300,https://hh.ru/vacancy/133221662
Менеджер,133008056,Администратор / Менеджер ресторана,БУРГЕР КИНГ РОССИЯ,Москва,95400.0,109200.0,102300.0,RUR,True,От 1 года до 3 лет,,,2026-05-12T16:30:32+0300,https://hh.ru/vacancy/133008056
Менеджер,131460127,Директор ресторана,Брусника,Москва,165000.0,260000.0,212500.0,RUR,False,От 1 года до 3 лет,,,2026-05-06T12:00:20+0300,https://hh.ru/vacancy/131460127
Менеджер,133004860,Администратор / Менеджер ресторана,БУРГЕР КИНГ РОССИЯ,Москва,93100.0,113800.0,103450.0,RUR,True,От 1 года до 3 лет,,,2026-05-12T15:39:17+0300,https://hh.ru/vacancy/133004860
Менеджер,133004788,Администратор / Менеджер ресторана,БУРГЕР КИНГ РОССИЯ,Москва,93100.0,109200.0,101150.0,RUR,True,От 1 года до 3 лет,,,2026-05-12T15:38:18+0300,https://hh.ru/vacancy/133004788
Менеджер,132942897,Менеджер ресторана,Грейп,Москва,100000.0,150000.0,125000.0,RUR,False,От 1 года до 3 лет,,,2026-05-09T17:52:06+0300,https://hh.ru/vacancy/132942897
Менеджер,133236933,Ведущий менеджер развития рынка,Группа Полипластик,Москва,,,,,,От 1 года до 3 лет,,,2026-05-19T09:49:29+0300,https://hh.ru/vacancy/133236933
Менеджер,133222025,Менеджер проектов в Т-Возврат | Диcпут-менеджер,Т-Банк,Москва,,,,,,От 3 до 6 лет,,,2026-05-18T19:18:59+0300,https://hh.ru/vacancy/133222025
Менеджер,131787622,Менеджер\Администратор ресторана (м. Баррикадная),Рестораны КОРЧМА,Москва,110000.0,,110000.0,RUR,False,От 1 года до 3 лет,,,2026-05-13T11:16:33+0300,https://hh.ru/vacancy/131787622
Менеджер,131872367,Директор ресторана Cыроварня в Душанбе,Бородич Анастасия Владимировна,Москва,200000.0,300000.0,250000.0,RUR,False,От 1 года до 3 лет,,,2026-05-12T11:40:31+0300,https://hh.ru/vacancy/131872367
Менеджер,132175994,Младший менеджер ресторана (Rostic's Семеновская),ЮНИРЕСТ,Москва,,84500.0,84500.0,RUR,True,От 1 года до 3 лет,,,2026-05-15T16:18:50+0300,https://hh.ru/vacancy/132175994
Менеджер,132748834,Ассистент менеджера по продукту (мебель),SKDESIGN (СК ДИЗАЙН),Москва,,,,,,От 1 года до 3 лет,,,2026-05-19T17:35:18+0300,https://hh.ru/vacancy/132748834
Менеджер,132934614,Менеджер ресторана,MOON RESTAURANT,Москва,5000.0,,5000.0,RUR,False,От 1 года до 3 лет,,,2026-05-08T18:35:15+0300,https://hh.ru/vacancy/132934614
Менеджер,133134921,"Менеджер по продажам B2B и B2G (оргтехника, компьютеры, софт)",ЗВК.РУ,Москва,100000.0,350000.0,225000.0,RUR,True,От 1 года до 3 лет,,,2026-05-21T13:01:41+0300,https://hh.ru/vacancy/133134921
Менеджер,132927976,Менеджер ресторана,АБЕРДИН РОУД,Москва,110000.0,160000.0,135000.0,RUR,False,От 1 года до 3 лет,,,2026-05-08T15:11:08+0300,https://hh.ru/vacancy/132927976
Менеджер,133086976,Менеджер ресторана (м. Проспект Мира),Рибамбель,Москва,120000.0,,120000.0,RUR,False,От 1 года до 3 лет,,,2026-05-14T11:58:03+0300,https://hh.ru/vacancy/133086976
Менеджер,132916873,Менеджер ресторана,Фэй Фань,Москва,130000.0,,130000.0,RUR,False,От 1 года до 3 лет,,,2026-05-08T11:35:23+0300,https://hh.ru/vacancy/132916873
Менеджер,132459237,Менеджер ресторана (м. Чертановская/Зюзино),"Тануки, японский ресторан",Москва,,130000.0,130000.0,RUR,False,От 1 года до 3 лет,,,2026-05-14T09:24:25+0300,https://hh.ru/vacancy/132459237
Менеджер,132301715,Менеджер по бюджетным продажам (фармдистрибьютор),ФК ПУЛЬС,Москва,170000.0,,170000.0,RUR,True,От 3 до 6 лет,,,2026-05-19T12:36:26+0300,https://hh.ru/vacancy/132301715
Менеджер,129580738,Менеджер администратор ресторана,Знак,Москва,,100000.0,100000.0,RUR,True,Нет опыта,,,2026-05-09T12:23:48+0300,https://hh.ru/vacancy/129580738
Менеджер,132279675,Менеджер по работе с клиентами,Группа Полипластик,Москва,90000.0,,90000.0,RUR,True,Нет опыта,,,2026-05-19T10:50:44+0300,https://hh.ru/vacancy/132279675
Менеджер,122463215,Менеджер по продажам (премиальная медицина),Медицина,Москва,150000.0,250000.0,200000.0,RUR,True,От 1 года до 3 лет,,,2026-05-19T10:30:58+0300,https://hh.ru/vacancy/122463215
Менеджер,133231647,Менеджер по продажам в косметологию,СМ-Клиника,Москва,90000.0,,90000.0,RUR,True,От 1 года до 3 лет,,,2026-05-19T08:28:49+0300,https://hh.ru/vacancy/133231647
Менеджер,132897709,Менеджер ресторана,La Griglia,Москва,130000.0,,130000.0,RUR,False,От 1 года до 3 лет,,,2026-05-07T18:14:34+0300,https://hh.ru/vacancy/132897709
Менеджер,129380109,Портфельный менеджер в кредитные карты,Т-Банк,Москва,,,,,,От 3 до 6 лет,,,2026-05-19T08:51:16+0300,https://hh.ru/vacancy/129380109
Менеджер,132895763,Менеджер ресторана,Лаверна и Ко,Зеленоград,60000.0,,60000.0,RUR,False,От 1 года до 3 лет,,,2026-05-07T17:08:51+0300,https://hh.ru/vacancy/132895763
Менеджер,129438154,Менеджер по новым продуктам,Фармстандарт,Москва,,,,,,От 1 года до 3 лет,,,2026-05-18T15:09:02+0300,https://hh.ru/vacancy/129438154
Менеджер,132644013,Управляющий кафе,Пэпэ Центр,Москва,130000.0,200000.0,165000.0,RUR,False,От 1 года до 3 лет,,,2026-04-30T00:46:03+0300,https://hh.ru/vacancy/132644013
Менеджер,131355205,Младший бренд-менеджер,Хохланд Руссланд,Москва,,,,,,От 1 года до 3 лет,,,2026-05-17T17:15:53+0300,https://hh.ru/vacancy/131355205
Менеджер,131319216,Менеджер ресторана,QARTULI,Москва,120000.0,140000.0,130000.0,RUR,False,От 3 до 6 лет,,,2026-05-07T14:06:43+0300,https://hh.ru/vacancy/131319216
Менеджер,133265564,Управляющий АЗС/Директор АЗС/Менеджер АЗС,Retail Personal,Москва,104000.0,136000.0,120000.0,RUR,True,От 1 года до 3 лет,,,2026-05-19T15:53:52+0300,https://hh.ru/vacancy/133265564
Менеджер,133011987,Главный клиентский менеджер (Зеленоград),Россельхозбанк,Зеленоград,110000.0,,110000.0,RUR,True,Нет опыта,,,2026-05-18T13:46:22+0300,https://hh.ru/vacancy/133011987
Менеджер,133202548,Менеджер по продажам HoReCa,ТД Мануфактура,Москва,100000.0,200000.0,150000.0,RUR,False,От 1 года до 3 лет,,,2026-05-18T13:11:27+0300,https://hh.ru/vacancy/133202548
Менеджер,132390211,"Менеджер по продажам HoReCa (Балашиха, Реутов)",Восток - Запад,Ивантеевка (Московская область),130000.0,190000.0,160000.0,RUR,True,Нет опыта,,,2026-05-19T14:35:30+0300,https://hh.ru/vacancy/132390211
Менеджер,133295583,"Менеджер по продажам HoReCa, специализированный ретейл, опт (свежемороженые морепродукты)",Вкусман,Москва,120000.0,,120000.0,RUR,False,От 1 года до 3 лет,,,2026-05-20T11:28:03+0300,https://hh.ru/vacancy/133295583
Менеджер,132858924,Менеджер ресторана,Ресторан Берег,Москва,130000.0,,130000.0,RUR,False,От 3 до 6 лет,,,2026-05-06T21:27:09+0300,https://hh.ru/vacancy/132858924
Менеджер,133151348,Бренд-менеджер,ОРГАНИК ГОЛЬФ,Одинцово (Московская область),210000.0,,210000.0,RUR,False,От 1 года до 3 лет,,,2026-05-15T18:49:11+0300,https://hh.ru/vacancy/133151348
Менеджер,133061832,Менеджер по продажам клиентам On-trade,Исси Спиритс,Москва,150000.0,,150000.0,RUR,True,От 1 года до 3 лет,,,2026-05-19T10:20:59+0300,https://hh.ru/vacancy/133061832
Менеджер,132858227,Менеджер ресторана,Додо Пицца (ООО ДП Крыло),Москва,100000.0,130000.0,115000.0,RUR,False,От 1 года до 3 лет,,,2026-05-06T20:07:04+0300,https://hh.ru/vacancy/132858227
Менеджер,132389578,Менеджер ресторана (м. Ломоносовский проспект/Киевская),"Тануки, японский ресторан",Москва,70000.0,100000.0,85000.0,RUR,False,От 1 года до 3 лет,,,2026-05-14T09:23:31+0300,https://hh.ru/vacancy/132389578
Менеджер,132854331,Менеджер ресторана,Группа компаний Barinoff,Москва,100000.0,,100000.0,RUR,False,От 1 года до 3 лет,,,2026-05-06T17:01:42+0300,https://hh.ru/vacancy/132854331
Менеджер,132842254,Менеджер ресторана,Аврора,Москва,120000.0,,120000.0,RUR,False,От 1 года до 3 лет,,,2026-05-06T13:45:22+0300,https://hh.ru/vacancy/132842254
Менеджер,132838532,Менеджер ресторана,Фитнес-клубы XFIT,Москва,120000.0,160000.0,140000.0,RUR,False,От 3 до 6 лет,,,2026-05-06T12:41:59+0300,https://hh.ru/vacancy/132838532
Менеджер,133308519,Менеджер по закупкам Фрукты\Овощи (со знанием китайского / испанского языка),Гринфилдс-Логистика,Москва,150000.0,,150000.0,RUR,False,От 1 года до 3 лет,,,2026-05-20T14:38:24+0300,https://hh.ru/vacancy/133308519
Менеджер,126615196,Продакт-менеджер,Группа Компаний Традиция,Москва,,,,,,От 1 года до 3 лет,,,2026-05-15T09:08:01+0300,https://hh.ru/vacancy/126615196
Менеджер,132816794,Менеджер ресторана,Кимчи 2015,Москва,90000.0,,90000.0,RUR,False,От 1 года до 3 лет,,,2026-05-06T02:03:37+0300,https://hh.ru/vacancy/132816794
Менеджер,129619949,Заместитель директора ресторана ROSTIC`S (м. Профсоюзная),АРТ РЕСТ,Москва,100000.0,119000.0,109500.0,RUR,True,От 1 года до 3 лет,,,2026-05-12T11:32:04+0300,https://hh.ru/vacancy/129619949
Менеджер,132114562,Менеджер ресторана ТРЦ Метрополис,Teikaboom,Москва,90000.0,130000.0,110000.0,RUR,False,От 1 года до 3 лет,,,2026-05-11T11:42:30+0300,https://hh.ru/vacancy/132114562
Менеджер,132805913,Менеджер ресторана,Д.А.В.2006,Москва,85000.0,110000.0,97500.0,RUR,False,От 1 года до 3 лет,,,2026-05-05T16:14:56+0300,https://hh.ru/vacancy/132805913
Менеджер,132791120,Заместитель директора ресторана,Пентиум,Москва,120000.0,,120000.0,RUR,False,От 1 года до 3 лет,,,2026-05-05T13:26:29+0300,https://hh.ru/vacancy/132791120
Менеджер,132790281,Менеджер ресторана,Амбирест,Москва,110000.0,150000.0,130000.0,RUR,False,От 1 года до 3 лет,,,2026-05-05T13:11:13+0300,https://hh.ru/vacancy/132790281
Менеджер,131870865,Менеджер ресторана,Friends Forever by Nina Gudkova,Москва,100000.0,120000.0,110000.0,RUR,False,От 1 года до 3 лет,,,2026-05-05T11:16:21+0300,https://hh.ru/vacancy/131870865
Менеджер,132551287,Менеджер по продажам имиджевым клиентам On-trade,Исси Спиритс,Москва,150000.0,,150000.0,RUR,False,От 1 года до 3 лет,,,2026-05-19T10:21:09+0300,https://hh.ru/vacancy/132551287
Менеджер,131552411,Младший менеджер ресторана (Rostic's Кунцево Плаза),ЮНИРЕСТ,Москва,,84500.0,84500.0,RUR,True,От 1 года до 3 лет,,,2026-05-14T10:43:50+0300,https://hh.ru/vacancy/131552411
Менеджер,133253294,Менеджер отдела продаж в фитнес-клуб XFIT,Фитнес-клубы XFIT,Москва,150000.0,,150000.0,RUR,True,От 1 года до 3 лет,,,2026-05-19T13:35:28+0300,https://hh.ru/vacancy/133253294
Менеджер,128561777,Менеджер по работе/оттоку с клиентами (Гольфстрим),МТС,Москва,,80000.0,80000.0,RUR,True,От 1 года до 3 лет,,,2026-05-19T11:50:04+0300,https://hh.ru/vacancy/128561777
Менеджер,133200704,Помощник категорийного менеджера (Фармацевт-провизор),ФК ПУЛЬС,Москва,,114942.0,114942.0,RUR,False,Нет опыта,,,2026-05-18T12:44:19+0300,https://hh.ru/vacancy/133200704
Менеджер,130366447,Заместитель директора ресторана Быстрого Питания,Знак,Москва,90000.0,120000.0,105000.0,RUR,True,От 1 года до 3 лет,,,2026-05-09T12:24:06+0300,https://hh.ru/vacancy/130366447
Менеджер,133188037,Менеджер по продажам инженерного оборудования,ЭТ-алон,Москва,150000.0,230000.0,190000.0,RUR,True,От 3 до 6 лет,,,2026-05-18T10:11:59+0300,https://hh.ru/vacancy/133188037
Менеджер,131462149,Менеджер по продажам HoReCa (Коммунарка),Восток - Запад,Коммунарка (Москва),130000.0,190000.0,160000.0,RUR,True,Нет опыта,,,2026-05-18T12:31:15+0300,https://hh.ru/vacancy/131462149
Менеджер,131080637,Менеджер по продажам (входящие заявки),Экодар,Москва,150000.0,,150000.0,RUR,False,От 1 года до 3 лет,,,2026-05-18T10:09:22+0300,https://hh.ru/vacancy/131080637
Менеджер,133190395,Менеджер по работе со студентами,СИНЕРГИЯ,Москва,80000.0,110000.0,95000.0,RUR,False,От 1 года до 3 лет,,,2026-05-18T10:34:04+0300,https://hh.ru/vacancy/133190395
Менеджер,133103706,Customer Success Manager / Менеджер по работе с клиентами,CloudPayments,Москва,,,,,,От 3 до 6 лет,,,2026-05-19T18:15:54+0300,https://hh.ru/vacancy/133103706
Менеджер,133188938,Менеджер проекта (AI Project Manager),ТОП КЕЙС,Москва,,,,,,От 3 до 6 лет,,,2026-05-18T10:21:43+0300,https://hh.ru/vacancy/133188938
Менеджер,132749993,Менеджер ресторана,Гастрономика,Москва,145000.0,190000.0,167500.0,RUR,False,От 3 до 6 лет,,,2026-05-04T14:59:15+0300,https://hh.ru/vacancy/132749993
Менеджер,133206245,Менеджер по продажам в фитнес клуб,Welness.Fitness.Spa.BIOSFERA,Москва,100000.0,210000.0,155000.0,RUR,False,От 1 года до 3 лет,,,2026-05-18T14:06:56+0300,https://hh.ru/vacancy/133206245
Менеджер,132895978,Главный клиентский менеджер (м. Октябрьское поле),Россельхозбанк,Москва,110000.0,,110000.0,RUR,True,Нет опыта,,,2026-05-18T13:43:28+0300,https://hh.ru/vacancy/132895978
Менеджер,132925755,Директор ресторана (Rostic's Партизанская),ЮНИРЕСТ,Москва,,149000.0,149000.0,RUR,True,От 1 года до 3 лет,,,2026-05-08T14:26:08+0300,https://hh.ru/vacancy/132925755
Менеджер,132706521,Менеджер ресторана,Топаз Хорека,Москва,120000.0,150000.0,135000.0,RUR,False,От 3 до 6 лет,,,2026-05-03T16:46:27+0300,https://hh.ru/vacancy/132706521
Менеджер,132901252,Администратор ресторана (ЖК Спутник),"UP SUSHI, сеть ресторанов и доставки еды",Москва,85000.0,,85000.0,RUR,False,Нет опыта,,,2026-05-07T22:02:51+0300,https://hh.ru/vacancy/132901252
Менеджер,133196720,Старший менеджер офиса подбора (розничные продажи),ЭКСЦЕЛЬСИОР,Москва,90000.0,140000.0,115000.0,RUR,False,От 1 года до 3 лет,,,2026-05-18T11:51:09+0300,https://hh.ru/vacancy/133196720
Менеджер,130781361,Менеджер администратор ресторана Rostic’s,Знак,Москва,80000.0,86000.0,83000.0,RUR,False,Нет опыта,,,2026-05-09T12:25:32+0300,https://hh.ru/vacancy/130781361
Менеджер,131956227,Директор ресторана,"Тануки, японский ресторан",Москва,175000.0,245000.0,210000.0,RUR,False,От 3 до 6 лет,,,2026-04-28T12:30:10+0300,https://hh.ru/vacancy/131956227
Менеджер,133199436,Аккаунт-менеджер по работе с маркетплейсами,ФК ПУЛЬС,Москва,,,,,,От 1 года до 3 лет,,,2026-05-18T12:26:22+0300,https://hh.ru/vacancy/133199436
Менеджер,132984406,Менеджер ресторана Папа Джонс (м. Алексеевская),Эльба,Москва,90000.0,135000.0,112500.0,RUR,False,Нет опыта,,,2026-05-12T10:55:43+0300,https://hh.ru/vacancy/132984406
Менеджер,132330490,Менеджер ресторана Папа Джонс (м. Беломорская),Эльба,Москва,94000.0,130000.0,112000.0,RUR,False,От 1 года до 3 лет,,,2026-05-12T10:30:39+0300,https://hh.ru/vacancy/132330490
Менеджер,131517116,Менеджер направления развития сотовой связи (GR),Т-Банк,Москва,,,,,,От 3 до 6 лет,,,2026-05-18T12:26:34+0300,https://hh.ru/vacancy/131517116
Менеджер,132981141,Менеджер ресторана Папа Джонс (м. Академическая),Эльба,Москва,90000.0,135000.0,112500.0,RUR,False,Нет опыта,,,2026-05-12T10:20:38+0300,https://hh.ru/vacancy/132981141
Менеджер,131347778,Директор ресторана быстрого питания Rostic’s,Знак,Москва,160000.0,170000.0,165000.0,RUR,False,От 1 года до 3 лет,,,2026-05-09T12:24:57+0300,https://hh.ru/vacancy/131347778
Менеджер,132329790,Администратор кафе,Перекрёсток,Москва,,90000.0,90000.0,RUR,True,Нет опыта,,,2026-04-27T12:59:04+0300,https://hh.ru/vacancy/132329790
Менеджер,132089917,Менеджер по продажам на Wildberries (FMCG),Zetter,Москва,150000.0,,150000.0,RUR,False,От 1 года до 3 лет,,,2026-05-18T08:59:50+0300,https://hh.ru/vacancy/132089917
Менеджер,132851961,Менеджер ресторана Joli,italy,Москва,180000.0,,180000.0,RUR,False,От 1 года до 3 лет,,,2026-05-06T16:12:58+0300,https://hh.ru/vacancy/132851961
Менеджер,133243230,Ведущий менеджер по продажам в сегменте B2B,Европлан,Москва,250000.0,,250000.0,RUR,True,От 1 года до 3 лет,,,2026-05-19T11:12:36+0300,https://hh.ru/vacancy/133243230
Менеджер,132794892,Операционный директор ресторанного направления,HR-бюро Чайка,Москва,400000.0,600000.0,500000.0,RUR,False,От 3 до 6 лет,,,2026-05-05T14:06:27+0300,https://hh.ru/vacancy/132794892
Менеджер,131828687,Менеджер ресторана (м.Владыкино),Чайхона №1,Москва,160000.0,,160000.0,RUR,False,От 1 года до 3 лет,,,2026-05-06T14:51:25+0300,https://hh.ru/vacancy/131828687
Менеджер,132828102,Менеджер ресторана (м.ВДНХ),"Тануки, японский ресторан",Москва,,120000.0,120000.0,RUR,False,От 1 года до 3 лет,,,2026-05-06T10:05:14+0300,https://hh.ru/vacancy/132828102
Менеджер,133047128,Начинающий менеджер ресторана «Вкусно и Точка» (Аэропорт Внуково ),Развитие РОСТ,Москва,100000.0,,100000.0,RUR,True,Нет опыта,,,2026-05-13T13:46:33+0300,https://hh.ru/vacancy/133047128
Менеджер,129572426,Директор ресторана быстрого питания Rostic’s,Знак,Москва,,186000.0,186000.0,RUR,True,От 1 года до 3 лет,,,2026-05-08T17:00:33+0300,https://hh.ru/vacancy/129572426
Менеджер,132692630,Менеджер ресторана,Лозари,Москва,90000.0,,90000.0,RUR,False,От 1 года до 3 лет,,,2026-05-01T21:20:58+0300,https://hh.ru/vacancy/132692630
Менеджер,132690565,Менеджер ресторана,ГЕФЕСТ,Москва,110000.0,130000.0,120000.0,RUR,False,От 1 года до 3 лет,,,2026-05-01T18:03:11+0300,https://hh.ru/vacancy/132690565
Менеджер,132024095,Менеджер по развитию розничной сети (поиск локаций),МИЛТИ,Москва,120000.0,,120000.0,RUR,False,От 1 года до 3 лет,,,2026-05-18T09:35:22+0300,https://hh.ru/vacancy/132024095
Менеджер,133191859,Менеджер по продажам инъекционных препаратов и косметики,Кадровый центр «ПРЕЗИДЕНТ»,Москва,200000.0,,200000.0,RUR,False,От 1 года до 3 лет,,,2026-05-18T10:51:42+0300,https://hh.ru/vacancy/133191859
Менеджер,132585960,Администратор ресторана,Мини Хинкальная,Москва,97000.0,143000.0,120000.0,RUR,False,Нет опыта,,,2026-04-28T15:04:10+0300,https://hh.ru/vacancy/132585960
Менеджер,133202583,Менеджер по работе с арендаторами ТРК Провыходной,АЛЬФА,Москва,,,,,,От 1 года до 3 лет,,,2026-05-18T13:11:59+0300,https://hh.ru/vacancy/133202583
Менеджер,132248780,Менеджер ресторана и активитипарка (м. Балтийская),Teikaboom,Москва,100000.0,150000.0,125000.0,RUR,False,От 1 года до 3 лет,,,2026-05-11T11:43:17+0300,https://hh.ru/vacancy/132248780
Менеджер,131471778,Заместитель директора ресторана Быстрого Питания Rostic’s,Знак,Москва,95000.0,105000.0,100000.0,RUR,False,От 1 года до 3 лет,,,2026-05-09T12:24:35+0300,https://hh.ru/vacancy/131471778
Менеджер,131791747,Менеджер по развитию и поддержке направления AML,Т-Банк,Москва,,,,,,От 3 до 6 лет,,,2026-05-18T12:13:20+0300,https://hh.ru/vacancy/131791747
Менеджер,132812555,Менеджер ресторана / клуба,Ен,Москва,90000.0,150000.0,120000.0,RUR,False,От 1 года до 3 лет,,,2026-05-05T18:19:34+0300,https://hh.ru/vacancy/132812555
Менеджер,132687075,Менеджер ресторана,Белый дом,Москва,7500.0,,7500.0,RUR,False,От 3 до 6 лет,,,2026-05-01T11:05:50+0300,https://hh.ru/vacancy/132687075
Менеджер,133111096,Менеджер по продажам,Арбитражный управляющий Сардер Тимур Байзидович,Москва,,,,,,Нет опыта,,,2026-05-14T23:51:23+0300,https://hh.ru/vacancy/133111096
Менеджер,132995583,Менеджер бара,Территория Фитнеса,Зеленоград,90000.0,,90000.0,RUR,True,От 1 года до 3 лет,,,2026-05-12T13:20:46+0300,https://hh.ru/vacancy/132995583
Менеджер,132674683,Менеджер ресторана,Эмар,Москва,150000.0,170000.0,160000.0,RUR,False,От 1 года до 3 лет,,,2026-04-30T16:11:50+0300,https://hh.ru/vacancy/132674683
Менеджер,132664854,Менеджер ресторана,Русские Сезоны Комфорт Отель Поречье,Москва,,80000.0,80000.0,RUR,False,От 1 года до 3 лет,,,2026-04-30T13:37:43+0300,https://hh.ru/vacancy/132664854
Менеджер,132891739,Менеджер ресторана грузинской кухни,Форт,Москва,80000.0,110000.0,95000.0,RUR,False,От 1 года до 3 лет,,,2026-05-07T16:01:09+0300,https://hh.ru/vacancy/132891739
Менеджер,133207276,Менеджер по развитию бизнеса / BDM в сегмент HoReCa,Ventra,Москва,,,,,,От 1 года до 3 лет,,,2026-05-18T14:21:01+0300,https://hh.ru/vacancy/133207276
Менеджер,132660072,Менеджер ресторана,Mates,Москва,120000.0,170000.0,145000.0,RUR,False,От 1 года до 3 лет,,,2026-04-30T12:03:21+0300,https://hh.ru/vacancy/132660072
Менеджер,132437897,Продакт-менеджер (осушители),Русклимат,Москва,200000.0,250000.0,225000.0,RUR,False,От 1 года до 3 лет,,,2026-05-14T18:45:46+0300,https://hh.ru/vacancy/132437897
Менеджер,132871937,Менеджер ресторана Русалочка суши,HURMA GROUP OF COMPANIES,Москва,100000.0,130000.0,115000.0,RUR,False,От 1 года до 3 лет,,,2026-05-07T10:15:48+0300,https://hh.ru/vacancy/132871937
Менеджер,132293613,SMM-менеджер,RussiaDiscovery,Москва,,,,,,От 1 года до 3 лет,,,2026-05-12T10:12:16+0300,https://hh.ru/vacancy/132293613
Менеджер,132638119,Менеджер ресторана,Гонзо,Москва,150000.0,172500.0,161250.0,RUR,False,От 1 года до 3 лет,,,2026-04-29T19:10:33+0300,https://hh.ru/vacancy/132638119
Менеджер,131884825,Менеджер по продажам HoReCa,Integrita,Москва,,,,,,Нет опыта,,,2026-05-15T18:27:04+0300,https://hh.ru/vacancy/131884825
Менеджер,132896194,Менеджер по клинингу,Crocus Group,Москва,85000.0,85000.0,85000.0,RUR,False,От 1 года до 3 лет,,,2026-05-14T11:22:46+0300,https://hh.ru/vacancy/132896194
Менеджер,132633158,Менеджер ресторана,Приятного аппетита,Москва,90000.0,100000.0,95000.0,RUR,False,От 1 года до 3 лет,,,2026-04-29T17:08:12+0300,https://hh.ru/vacancy/132633158
Менеджер,132628129,Менеджер ресторана,БРИЗ,Москва,130000.0,170000.0,150000.0,RUR,False,От 1 года до 3 лет,,,2026-04-29T15:12:05+0300,https://hh.ru/vacancy/132628129
Менеджер,132894702,"Менеджер по продажам B2B (видеонаблюдение, сигнализации, СКУД)",ЛУИС+,Москва,150000.0,300000.0,225000.0,RUR,False,От 1 года до 3 лет,,,2026-05-18T15:42:58+0300,https://hh.ru/vacancy/132894702
Менеджер,132622797,Менеджер ресторана,Рождественская Екатерина Олеговна,Москва,90000.0,,90000.0,RUR,False,От 1 года до 3 лет,,,2026-04-29T13:27:49+0300,https://hh.ru/vacancy/132622797
Менеджер,132741460,"Управляющий в ресторан ""Jamaa""",VASILCHUKI Restaurant Group,Москва,300000.0,,300000.0,RUR,False,От 3 до 6 лет,,,2026-05-04T12:58:32+0300,https://hh.ru/vacancy/132741460
Менеджер,133149121,Менеджер по планированию производства,Гринфилдс-Логистика,Москва,180000.0,,180000.0,RUR,False,От 3 до 6 лет,,,2026-05-15T17:18:20+0300,https://hh.ru/vacancy/133149121
Менеджер,132240968,Менеджер по продажам Horeca,БКК Коломенский,Москва,200000.0,,200000.0,RUR,True,От 1 года до 3 лет,,,2026-05-15T14:52:48+0300,https://hh.ru/vacancy/132240968
Менеджер,132598578,Менеджер ресторана,Перспектива,Москва,150000.0,200000.0,175000.0,RUR,False,От 3 до 6 лет,,,2026-04-28T19:52:56+0300,https://hh.ru/vacancy/132598578
Менеджер,132593996,Менеджер ресторана,Гудфуд,Москва,140000.0,200000.0,170000.0,RUR,False,От 3 до 6 лет,,,2026-04-28T17:06:51+0300,https://hh.ru/vacancy/132593996
Менеджер,132594193,Менеджер ресторана,Народный Ресторан,Москва,4500.0,6000.0,5250.0,RUR,False,От 1 года до 3 лет,,,2026-04-28T17:10:04+0300,https://hh.ru/vacancy/132594193
Менеджер,130479034,Менеджер по B2B продажам в ИТ-компании,Клик,Москва,,150000.0,150000.0,RUR,False,От 1 года до 3 лет,,,2026-05-18T11:38:36+0300,https://hh.ru/vacancy/130479034
Менеджер,124877576,Менеджер ресторана,Караоке Холл,Москва,90000.0,130000.0,110000.0,RUR,False,От 1 года до 3 лет,,,2026-04-28T18:10:18+0300,https://hh.ru/vacancy/124877576
Менеджер,132586702,Менеджер ресторана,Раковарня Клешни и Хвосты,Москва,,90000.0,90000.0,RUR,True,От 1 года до 3 лет,,,2026-04-28T15:12:02+0300,https://hh.ru/vacancy/132586702
Менеджер,119116346,Менеджер по работе с клиентской базой пациентов (без поиска),Медицина,Москва,100000.0,148000.0,124000.0,RUR,True,От 1 года до 3 лет,,,2026-05-18T09:58:53+0300,https://hh.ru/vacancy/119116346
Менеджер,133169020,Менеджер отдела продаж в фитнес-клуб XFIT,Фитнес-клубы XFIT,Москва,100000.0,170000.0,135000.0,RUR,True,От 1 года до 3 лет,,,2026-05-17T15:27:15+0300,https://hh.ru/vacancy/133169020
Менеджер,132803769,Менеджер ресторана Share Bistro,Ассеншен Фуд,Москва,100000.0,,100000.0,RUR,False,От 1 года до 3 лет,,,2026-05-05T15:36:02+0300,https://hh.ru/vacancy/132803769
Менеджер,132788675,Менеджер ресторана в отеле,Зонт Хотел Групп,Москва,120000.0,,120000.0,RUR,True,От 1 года до 3 лет,,,2026-05-05T12:45:23+0300,https://hh.ru/vacancy/132788675
Менеджер,132549700,Директор ресторана (Внуково),Алиот,Москва,90000.0,120000.0,105000.0,RUR,False,От 1 года до 3 лет,,,2026-04-27T17:28:02+0300,https://hh.ru/vacancy/132549700
Менеджер,131455219,Менеджер ресторана (м. Мякинино),Франклинс Бургер,Москва,,110000.0,110000.0,RUR,False,От 1 года до 3 лет,,,2026-05-05T13:17:03+0300,https://hh.ru/vacancy/131455219
Менеджер,131198152,Менеджер ресторана ROSTIC`S,Сити Ресторантс,Москва,83900.0,101000.0,92450.0,RUR,True,Нет опыта,,,2026-05-05T10:04:12+0300,https://hh.ru/vacancy/131198152
Менеджер,132521736,Менеджер ресторана,Сеть кофеен Шоколадница,Москва,75000.0,120000.0,97500.0,RUR,True,Нет опыта,,,2026-04-27T10:32:18+0300,https://hh.ru/vacancy/132521736
Менеджер,132847682,Хостес в кафе IL PIZZAIOLO,Сеть IL PIZZAIOLO,Москва,67000.0,80000.0,73500.0,RUR,False,Нет опыта,,,2026-05-06T14:50:27+0300,https://hh.ru/vacancy/132847682
Менеджер,129456650,Продакт-менеджер (сплит-системы),Русклимат,Москва,,,,,,От 3 до 6 лет,,,2026-05-14T18:45:38+0300,https://hh.ru/vacancy/129456650
Менеджер,133036417,Менеджер по продажам,Демекс Рус,Москва,200000.0,,200000.0,RUR,False,От 1 года до 3 лет,,,2026-05-13T11:12:38+0300,https://hh.ru/vacancy/133036417
Менеджер,131794655,Менеджер по работе с ключевыми заказчиками / Key Account Manager / Руководитель проектов,ЛУИС+,Москва,,,,,,От 3 до 6 лет,,,2026-05-18T15:43:22+0300,https://hh.ru/vacancy/131794655
Менеджер,133101891,Старший менеджер TERMOLAND (Путилково),TERMOLAND,Москва,,140000.0,140000.0,RUR,True,От 1 года до 3 лет,,,2026-05-14T16:13:41+0300,https://hh.ru/vacancy/133101891
Менеджер,133150218,Менеджер по продажам / Торговый представитель,Кадровый центр «ПРЕЗИДЕНТ»,Москва,150000.0,,150000.0,RUR,False,От 1 года до 3 лет,,,2026-05-15T17:52:14+0300,https://hh.ru/vacancy/133150218
Менеджер,133103916,Менеджер проектных продаж (светотехника),Navigator Group,Москва,200000.0,,200000.0,RUR,True,От 1 года до 3 лет,,,2026-05-14T16:50:25+0300,https://hh.ru/vacancy/133103916
Менеджер,132383964,Младший менеджер по развитию бизнеса,Нильсен,Москва,,,,,,От 1 года до 3 лет,,,2026-05-15T14:57:02+0300,https://hh.ru/vacancy/132383964
Менеджер,131984204,Менеджер ресторана Lucky Izakaya Bar,Lucky Group,Москва,170000.0,,170000.0,RUR,False,От 1 года до 3 лет,,,2026-05-06T20:21:14+0300,https://hh.ru/vacancy/131984204
Менеджер,132750331,Менеджер ресторана Иль Патио,Росинтер Ресторантс,Москва,100000.0,,100000.0,RUR,True,Нет опыта,,,2026-05-04T15:05:24+0300,https://hh.ru/vacancy/132750331
Менеджер,132727874,Менеджер ресторана Иль Патио,Росинтер Ресторантс,Москва,100000.0,,100000.0,RUR,False,Нет опыта,,,2026-05-04T10:44:38+0300,https://hh.ru/vacancy/132727874
Менеджер,132495271,Менеджер ресторана,Амарант Групп,Москва,100000.0,120000.0,110000.0,RUR,False,От 1 года до 3 лет,,,2026-04-25T13:40:39+0300,https://hh.ru/vacancy/132495271
Менеджер,132995279,Менеджер по льготам,Т-Банк,Москва,,,,,,От 1 года до 3 лет,,,2026-05-12T13:16:17+0300,https://hh.ru/vacancy/132995279
Менеджер,128857465,Младший менеджер ресторана (Rostic's Балашиха),ЮНИРЕСТ,Балашиха (Московская область),,130000.0,130000.0,RUR,True,От 1 года до 3 лет,,,2026-05-07T09:16:17+0300,https://hh.ru/vacancy/128857465
Менеджер,132467091,Менеджер ресторана,Гамбринус,Москва,130000.0,160000.0,145000.0,RUR,False,От 1 года до 3 лет,,,2026-04-24T11:27:49+0300,https://hh.ru/vacancy/132467091
Менеджер,132475322,Менеджер ресторана,Накс,Москва,120000.0,130000.0,125000.0,RUR,False,От 1 года до 3 лет,,,2026-04-24T13:56:49+0300,https://hh.ru/vacancy/132475322
Менеджер,132797877,Менеджер ресторана #FARШ (М Автозаводская),Профит Бургерс,Москва,70000.0,95000.0,82500.0,RUR,False,От 1 года до 3 лет,,,2026-05-05T14:22:13+0300,https://hh.ru/vacancy/132797877
Менеджер,133056764,Менеджер по продажам автохимии,Кадровый центр «ПРЕЗИДЕНТ»,Москва,180000.0,,180000.0,RUR,False,От 1 года до 3 лет,,,2026-05-13T16:11:59+0300,https://hh.ru/vacancy/133056764
Менеджер,131265251,Продакт-менеджер (модульная вентиляция),Русклимат,Москва,200000.0,300000.0,250000.0,RUR,False,От 3 до 6 лет,,,2026-05-13T16:16:22+0300,https://hh.ru/vacancy/131265251
Менеджер,133140361,Финансовый менеджер со знанием английского языка,Яковишин Артем Вячеславович,Москва,,,,,,От 1 года до 3 лет,,,2026-05-15T14:30:21+0300,https://hh.ru/vacancy/133140361
Менеджер,132735601,Администратор ресторана (хостес-менеджер) в Египет,Seashore Engeeniring,Москва,2000.0,,2000.0,USD,False,От 1 года до 3 лет,,,2026-05-04T12:06:55+0300,https://hh.ru/vacancy/132735601
Менеджер,133104829,Менеджер по экспорту слуховых аппаратов,Исток Аудио Трейдинг,Москва,,,,,,От 1 года до 3 лет,,,2026-05-14T17:10:34+0300,https://hh.ru/vacancy/133104829
Менеджер,133054212,Помощник менеджера по продажам,Инфосистемы Джет,Москва,,,,,,От 1 года до 3 лет,,,2026-05-13T15:29:59+0300,https://hh.ru/vacancy/133054212
Менеджер,133046772,Менеджер пункта отстоя флота,Московская верфь,Москва,130000.0,,130000.0,RUR,True,От 1 года до 3 лет,,,2026-05-13T13:39:35+0300,https://hh.ru/vacancy/133046772
Менеджер,131483978,Менеджер продукта Threat Intelligence,ИнфоТеКС,Москва,,,,,,От 1 года до 3 лет,,,2026-05-13T14:33:14+0300,https://hh.ru/vacancy/131483978
Менеджер,133037706,Аккаунт-менеджер отдела маркетинга,Доктор Веб,Москва,120000.0,,120000.0,RUR,False,От 1 года до 3 лет,,,2026-05-13T11:29:47+0300,https://hh.ru/vacancy/133037706
Менеджер,133005298,Продакт-менеджер / Менеджер по разработке продукции (производство),Космо Крафт,Москва,140000.0,180000.0,160000.0,RUR,False,От 1 года до 3 лет,,,2026-05-12T15:48:00+0300,https://hh.ru/vacancy/133005298
Менеджер,133087671,Менеджер по работе с селлерами,БИГ,Москва,,,,,,От 3 до 6 лет,,,2026-05-14T12:07:44+0300,https://hh.ru/vacancy/133087671
Менеджер,132932473,PR-менеджер,STROTSKIS GROUP,Москва,,,,,,От 3 до 6 лет,,,2026-05-08T16:45:06+0300,https://hh.ru/vacancy/132932473
Менеджер,132820963,Младший Менеджер ресторана #FARШ (М. Свиблово),Профит Бургерс,Москва,70000.0,90000.0,80000.0,RUR,False,От 1 года до 3 лет,,,2026-05-06T07:41:35+0300,https://hh.ru/vacancy/132820963
Менеджер,133127976,Старший менеджер по продажам (медицинское оборудование),Глобал Медикал Технолоджис,Москва,,,,,,От 1 года до 3 лет,,,2026-05-15T11:12:14+0300,https://hh.ru/vacancy/133127976
Менеджер,132915115,Продакшн-менеджер,Государственное автономное учреждение культуры города Москвы Центральный парк культуры и отдыха имени М.Горького,Москва,124000.0,,124000.0,RUR,True,От 3 до 6 лет,,,2026-05-08T10:58:53+0300,https://hh.ru/vacancy/132915115
Менеджер,132915744,Аккаунт-менеджер,СИНЕРГИЯ,Москва,70000.0,,70000.0,RUR,False,Нет опыта,,,2026-05-08T11:09:42+0300,https://hh.ru/vacancy/132915744
Менеджер,133145276,Менеджер по корпоративным продажам / Corporate Sales Manager,Swissotel Красные Холмы,Москва,,,,,,От 3 до 6 лет,,,2026-05-15T16:00:05+0300,https://hh.ru/vacancy/133145276
Менеджер,133150376,Менеджер по продажам в ФК ДОНСПОРТ Сокольники,ДОН Спорт,Москва,150000.0,250000.0,200000.0,RUR,True,От 1 года до 3 лет,,,2026-05-15T17:59:06+0300,https://hh.ru/vacancy/133150376
Менеджер,132240210,Менеджер по мобильной рекламе/User Acquisition manager,Digital-агентство RTA,Москва,,,,,,От 1 года до 3 лет,,,2026-05-15T17:41:29+0300,https://hh.ru/vacancy/132240210
Менеджер,123161017,Менеджер ресторана (Бизнес-зал аэропорта Внуково),Международный Аэропорт Внуково,Москва,101000.0,,101000.0,RUR,True,От 1 года до 3 лет,,,2026-05-05T09:45:51+0300,https://hh.ru/vacancy/123161017
Менеджер,132582836,Заместитель директора ресторана (м. Братиславская),"Тануки, японский ресторан",Москва,115000.0,,115000.0,RUR,False,От 1 года до 3 лет,,,2026-04-28T14:01:18+0300,https://hh.ru/vacancy/132582836
Менеджер,132548877,Менеджер по работе с клиентами ДПО,Финансовый университет при Правительстве РФ,Москва,100000.0,100000.0,100000.0,RUR,True,От 3 до 6 лет,,,2026-05-14T13:21:08+0300,https://hh.ru/vacancy/132548877
Менеджер,133041030,Полевой выездной менеджер по продажам,Инжерис,Москва,100000.0,140000.0,120000.0,RUR,True,Нет опыта,,,2026-05-13T12:15:12+0300,https://hh.ru/vacancy/133041030
Менеджер,133058634,"Менеджер по работе с маркетплейсами/Менеджер маркетплейсов бренда ""THE PUH"".",Боссанова мен,Москва,,,,,,От 1 года до 3 лет,,,2026-05-13T16:45:27+0300,https://hh.ru/vacancy/133058634
Менеджер,133028700,Главный клиентский менеджер (м. Сухаревская),Россельхозбанк,Москва,110000.0,,110000.0,RUR,True,Нет опыта,,,2026-05-13T09:38:54+0300,https://hh.ru/vacancy/133028700
Менеджер,132157221,Главный менеджер по привлечению клиентов на зарплатные проекты,Россельхозбанк,Москва,228000.0,,228000.0,RUR,True,От 1 года до 3 лет,,,2026-05-15T11:13:54+0300,https://hh.ru/vacancy/132157221
Менеджер,132793359,Менеджер ресторана (м. Пятницкое шоссе\ ТЦ Мандарин),Чайхона №1,Москва,120000.0,,120000.0,RUR,False,От 3 до 6 лет,,,2026-05-05T13:57:19+0300,https://hh.ru/vacancy/132793359
Менеджер,131742051,Супервайзер/Менеджер ресторана (Гостиница Plaza Garden 5*),Центр международной торговли,Москва,75000.0,140000.0,107500.0,RUR,True,От 1 года до 3 лет,,,2026-05-05T11:33:02+0300,https://hh.ru/vacancy/131742051
Менеджер,133016091,Менеджер по продажам климатического оборудования,Ice Ice Market,Москва,70000.0,150000.0,110000.0,RUR,False,От 1 года до 3 лет,,,2026-05-12T21:43:51+0300,https://hh.ru/vacancy/133016091
Менеджер,132549184,"Менеджер по продажам (Москва, Московская Область) FMCG",ПК Ильинское 95,Москва,,,,,,От 1 года до 3 лет,,,2026-05-14T12:06:33+0300,https://hh.ru/vacancy/132549184
Менеджер,132157164,Главный клиентский менеджер Дополнительного офиса,Россельхозбанк,Москва,100000.0,,100000.0,RUR,True,Нет опыта,,,2026-05-12T17:44:49+0300,https://hh.ru/vacancy/132157164
Менеджер,132827868,Контент-менеджер/PR-менеджер,Аквариус,Москва,100000.0,170000.0,135000.0,RUR,False,От 1 года до 3 лет,,,2026-05-06T10:02:10+0300,https://hh.ru/vacancy/132827868
Менеджер,133051990,Менеджер по работе с премиальными клиентами,РЕАЛИСТ БАНК,Москва,,,,,,От 3 до 6 лет,,,2026-05-13T14:59:34+0300,https://hh.ru/vacancy/133051990
Менеджер,131819723,Менеджер по закупкам в магазин здоровых продуктов и кафе «Амбар»,ОРГАНИК ГОЛЬФ,Москва,120000.0,,120000.0,RUR,False,От 1 года до 3 лет,,,2026-04-29T17:24:14+0300,https://hh.ru/vacancy/131819723
Менеджер,133085069,Старший менеджер в магазин раков и морепродуктов,Тема,Москва,90000.0,120000.0,105000.0,RUR,False,От 1 года до 3 лет,,,2026-05-14T11:28:15+0300,https://hh.ru/vacancy/133085069
Менеджер,133058149,Менеджер по работе с федеральными сетями,БИГ,Москва,,,,,,От 1 года до 3 лет,,,2026-05-13T16:35:50+0300,https://hh.ru/vacancy/133058149
Менеджер,132985269,"Главный клиентский менеджер, г. Зеленоград",Россельхозбанк,Зеленоград,110000.0,,110000.0,RUR,True,Нет опыта,,,2026-05-12T11:06:39+0300,https://hh.ru/vacancy/132985269
Менеджер,132995970,Менеджер по внутренним коммуникациям IT,Т-Банк,Москва,,,,,,От 3 до 6 лет,,,2026-05-12T13:26:59+0300,https://hh.ru/vacancy/132995970
Менеджер,133308067,Шеф-повар,Хорека,Москва,150000.0,170000.0,160000.0,RUR,False,От 1 года до 3 лет,,,2026-05-23T14:31:11+0300,https://hh.ru/vacancy/133308067
Менеджер,132576823,"Менеджер ресторана ""FRANK by БАСТА"" (м. Комсомольская, Кузьминки)",FRANK,Москва,120000.0,,120000.0,RUR,False,От 1 года до 3 лет,,,2026-05-05T10:43:31+0300,https://hh.ru/vacancy/132576823
Менеджер,132062543,Ведущий менеджер сайта (интернет-магазина),Zetter,Москва,,,,,,От 3 до 6 лет,,,2026-05-12T09:23:46+0300,https://hh.ru/vacancy/132062543
Менеджер,131098401,"Менеджер отдела корпоративных продаж (автострахование, В2В)",Каргономика,Москва,350000.0,,350000.0,RUR,True,От 1 года до 3 лет,,,2026-05-14T17:47:40+0300,https://hh.ru/vacancy/131098401
Менеджер,132595275,Менеджер по работе с партнёрами (социальный проект «Ветераны»),СИНЕРГИЯ,Москва,,,,,,От 1 года до 3 лет,,,2026-05-14T16:04:25+0300,https://hh.ru/vacancy/132595275
Менеджер,132169217,Менеджер ресторана (м. Деловой центр),"Тануки, японский ресторан",Москва,80000.0,,80000.0,RUR,False,От 1 года до 3 лет,,,2026-04-29T19:24:01+0300,https://hh.ru/vacancy/132169217
Менеджер,132920946,Менеджер по продажам,Восток - Запад,Обнинск,130000.0,190000.0,160000.0,RUR,True,Нет опыта,,,2026-05-08T12:51:05+0300,https://hh.ru/vacancy/132920946
Менеджер,132993654,Менеджер по продажам / Торговый представитель (HoReCa),Integrita,Москва,85000.0,200000.0,142500.0,RUR,True,Нет опыта,,,2026-05-12T12:55:04+0300,https://hh.ru/vacancy/132993654
Менеджер,133057383,Менеджер отдела продаж в фитнес-клуб XFIT,Фитнес-клубы XFIT,Москва,100000.0,,100000.0,RUR,False,От 1 года до 3 лет,,,2026-05-13T16:21:06+0300,https://hh.ru/vacancy/133057383
Менеджер,133003225,Менеджер по работе с клиентами (туризм),RussiaDiscovery,Москва,,,,,,От 1 года до 3 лет,,,2026-05-12T15:15:06+0300,https://hh.ru/vacancy/133003225
Менеджер,132495503,"Менеджер ресторана, г. Королев",Ресторан KINZA,Москва,100000.0,,100000.0,RUR,False,От 1 года до 3 лет,,,2026-04-25T14:19:13+0300,https://hh.ru/vacancy/132495503
Менеджер,130195643,Заместитель директора ресторана ROSTIC`S (м. Верхние котлы/Нагатинская),АРТ РЕСТ,Москва,100000.0,119000.0,109500.0,RUR,True,От 1 года до 3 лет,,,2026-04-30T16:55:23+0300,https://hh.ru/vacancy/130195643
Менеджер,132994800,Креативный менеджер проектов в команду медиаконтента,Т-Банк,Москва,,,,,,От 3 до 6 лет,,,2026-05-12T13:10:44+0300,https://hh.ru/vacancy/132994800
Менеджер,132841081,Менеджер подразделения кейтеринг,ОРГАНИК ГОЛЬФ,Москва,130500.0,130500.0,130500.0,RUR,False,От 1 года до 3 лет,,,2026-05-06T13:24:28+0300,https://hh.ru/vacancy/132841081
Менеджер,132856908,Менеджер по продажам,Кадровые решения (ИП Сергеев Виктор Геннадьевич),Москва,80000.0,120000.0,100000.0,RUR,False,От 1 года до 3 лет,,,2026-05-06T18:10:47+0300,https://hh.ru/vacancy/132856908
Менеджер,132993713,"Менеджер по продажам (сетевые столовые,кейтеринговые компании)",Integrita,Москва,150000.0,250000.0,200000.0,RUR,True,От 1 года до 3 лет,,,2026-05-12T12:56:12+0300,https://hh.ru/vacancy/132993713
Менеджер,132821830,Менеджер отдела закупок,АКСИОМА,Москва,150000.0,180000.0,165000.0,RUR,True,От 3 до 6 лет,,,2026-05-06T08:11:26+0300,https://hh.ru/vacancy/132821830
Менеджер,131957546,Менеджер по тендерам (фарма),ФК ПУЛЬС,Москва,154000.0,154000.0,154000.0,RUR,True,От 1 года до 3 лет,,,2026-05-08T15:03:14+0300,https://hh.ru/vacancy/131957546
Менеджер,132335317,Главный менеджер/Управляющий,Забыли Сахар,Москва,120000.0,,120000.0,RUR,False,От 1 года до 3 лет,,,2026-05-05T16:02:46+0300,https://hh.ru/vacancy/132335317
Менеджер,132572864,Менеджер по оформлению,СИНЕРГИЯ,Москва,55000.0,60000.0,57500.0,RUR,False,Нет опыта,,,2026-05-05T17:44:58+0300,https://hh.ru/vacancy/132572864
Менеджер,132792176,Менеджер по закупкам,"ЦУМ, ТД",Москва,,,,,,От 1 года до 3 лет,,,2026-05-05T13:46:40+0300,https://hh.ru/vacancy/132792176
Менеджер,132761778,Менеджер ресторана в проект [KU:] рамен изакая бар (м. Москва Сити),Рестораны Дениса Иванова,Москва,90000.0,,90000.0,RUR,False,От 1 года до 3 лет,,,2026-05-04T18:28:07+0300,https://hh.ru/vacancy/132761778
Менеджер,132773055,Менеджер по логистике,АВИАХЭЛП,Москва,,,,,,От 1 года до 3 лет,,,2026-05-05T08:54:34+0300,https://hh.ru/vacancy/132773055
Менеджер,132665779,PR-менеджер,Забыли Сахар,Москва,120000.0,,120000.0,RUR,False,От 1 года до 3 лет,,,2026-04-30T13:58:19+0300,https://hh.ru/vacancy/132665779
Менеджер,132883753,Менеджер-аналитик маркетплейса Ozon,Никандров Евгений Александрович,Москва,55000.0,95000.0,75000.0,RUR,False,От 1 года до 3 лет,,,2026-05-07T13:38:07+0300,https://hh.ru/vacancy/132883753
Менеджер,132872238,Менеджер в команду секьюритизации,Т-Банк,Москва,,,,,,От 1 года до 3 лет,,,2026-05-07T10:21:29+0300,https://hh.ru/vacancy/132872238
Менеджер,130310230,Дезинфектор-водитель,ГлавДезцентр,Москва,150000.0,300000.0,225000.0,RUR,True,Нет опыта,,,2026-05-23T09:57:04+0300,https://hh.ru/vacancy/130310230
Менеджер,132999200,"Менеджер по продажам / Торговый представитель (HoReCa, м. Цветной бульвар)",Integrita,Москва,100000.0,250000.0,175000.0,RUR,True,От 1 года до 3 лет,,,2026-05-12T14:16:14+0300,https://hh.ru/vacancy/132999200
Менеджер,130321956,Старший бренд-менеджер,ОРГАНИК ГОЛЬФ,Москва,240000.0,,240000.0,RUR,False,От 1 года до 3 лет,,,2026-05-04T11:38:49+0300,https://hh.ru/vacancy/130321956
Менеджер,132933933,Менеджер по работе с партнёрами,Выставка достижений народного хозяйства,Москва,152000.0,152000.0,152000.0,RUR,True,От 1 года до 3 лет,,,2026-05-08T17:45:10+0300,https://hh.ru/vacancy/132933933
Менеджер,132854910,Менеджер отдела продаж кейтеринг,The Caters кейтеринг,Москва,120000.0,250000.0,185000.0,RUR,False,От 1 года до 3 лет,,,2026-05-06T17:12:34+0300,https://hh.ru/vacancy/132854910
Менеджер,132834136,Мобильный менеджер (корпоративное питание),FreshCafe,Москва,113000.0,,113000.0,RUR,True,От 1 года до 3 лет,,,2026-05-06T11:28:09+0300,https://hh.ru/vacancy/132834136
Менеджер,132775228,Sales-менеджер / менеджер по продажам маркетинговых услуг,Outline Agency,Москва,120000.0,250000.0,185000.0,RUR,True,От 1 года до 3 лет,,,2026-05-05T09:31:58+0300,https://hh.ru/vacancy/132775228
Менеджер,132844039,Старший менеджер телеком проектов,Т-Банк,Москва,,,,,,Более 6 лет,,,2026-05-06T14:02:31+0300,https://hh.ru/vacancy/132844039
Менеджер,133412316,Официант,ПОНО,Москва,70000.0,110000.0,90000.0,RUR,True,От 1 года до 3 лет,,,2026-05-22T18:06:33+0300,https://hh.ru/vacancy/133412316
Менеджер,132628938,Менеджер в Дублинец паб,Фитц,Москва,100000.0,130000.0,115000.0,RUR,False,От 1 года до 3 лет,,,2026-05-23T15:32:04+0300,https://hh.ru/vacancy/132628938
Менеджер,133012789,Менеджер по работе с клиентами сервисный отдел ДОНСПОРТ Алые Паруса,ДОН Спорт,Москва,80000.0,140000.0,110000.0,RUR,True,От 1 года до 3 лет,,,2026-05-12T18:07:51+0300,https://hh.ru/vacancy/133012789
Менеджер,132632688,Повар-кассир (Сотрудник ресторана),БУРГЕР КИНГ РОССИЯ,Москва,64000.0,94000.0,79000.0,RUR,True,Нет опыта,,,2026-05-23T16:55:56+0300,https://hh.ru/vacancy/132632688
Менеджер,132810157,Менеджер по оптовым продажам,Zetter,Москва,,,,,,От 1 года до 3 лет,,,2026-05-05T17:09:24+0300,https://hh.ru/vacancy/132810157
Менеджер,132791074,Менеджер по развитию продаж,"Крупная торговая компания, успешно работающая на рынке более 15 лет. Зарекомендовала себя как надежный партнёр и профессионал в своей сфере.",Москва,150000.0,,150000.0,RUR,False,От 3 до 6 лет,,,2026-05-05T13:25:25+0300,https://hh.ru/vacancy/132791074
Менеджер,132538126,SMM-менеджер,Цифровое образование,Москва,80000.0,,80000.0,RUR,False,От 1 года до 3 лет,,,2026-04-27T14:30:01+0300,https://hh.ru/vacancy/132538126
Менеджер,132537786,Контент-менеджер,Цифровое образование,Москва,70000.0,,70000.0,RUR,False,От 1 года до 3 лет,,,2026-04-27T14:25:22+0300,https://hh.ru/vacancy/132537786
Менеджер,129481657,Портфолио менеджер,Фармстандарт,Москва,,,,,,От 1 года до 3 лет,,,2026-04-27T10:19:39+0300,https://hh.ru/vacancy/129481657
Менеджер,132517727,Начинающий менеджер,РОСТЕСТ,Москва,,70000.0,70000.0,RUR,False,Нет опыта,,,2026-04-27T09:44:56+0300,https://hh.ru/vacancy/132517727
Менеджер,132696158,Менеджер по продажам,Восток - Запад,поселок Внуково (Москва),130000.0,190000.0,160000.0,RUR,True,Нет опыта,,,2026-05-02T09:55:39+0300,https://hh.ru/vacancy/132696158
Менеджер,132919983,Менеджер контроля клининга в терминалы аэропорта,Международный аэропорт Шереметьево,Москва,102000.0,103000.0,102500.0,RUR,True,От 1 года до 3 лет,,,2026-05-08T13:47:55+0300,https://hh.ru/vacancy/132919983
Менеджер,132920004,"Старший менеджер проекта ""Читаем всей семьей""",Российское общество Знание,Москва,,170000.0,170000.0,RUR,False,От 3 до 6 лет,,,2026-05-08T12:30:04+0300,https://hh.ru/vacancy/132920004
Менеджер,132729729,Ассистент операционного менеджера (Маркетплейсы),Родионова Мария Евгеньевна,Москва,70000.0,,70000.0,RUR,False,От 1 года до 3 лет,,,2026-05-04T11:07:46+0300,https://hh.ru/vacancy/132729729
Менеджер,131728906,Главный клиентский менеджер дополнительного офиса,Россельхозбанк,Москва,110000.0,,110000.0,RUR,True,Нет опыта,,,2026-05-06T14:04:14+0300,https://hh.ru/vacancy/131728906
Менеджер,132153494,Менеджер по развитию и поиску помещений,МИЛТИ,Москва,60000.0,,60000.0,RUR,False,От 1 года до 3 лет,,,2026-05-07T12:18:39+0300,https://hh.ru/vacancy/132153494
Менеджер,132745490,Старший менеджер отдела аренды,Государственное автономное учреждение культуры города Москвы Центральный парк культуры и отдыха имени М.Горького,Москва,119000.0,,119000.0,RUR,True,От 1 года до 3 лет,,,2026-05-04T13:52:08+0300,https://hh.ru/vacancy/132745490
Менеджер,132730893,Старший менеджер отдела аренды,Государственное автономное учреждение культуры города Москвы Центральный парк культуры и отдыха имени М.Горького,Москва,119000.0,,119000.0,RUR,True,От 1 года до 3 лет,,,2026-05-04T11:20:31+0300,https://hh.ru/vacancy/132730893
Менеджер,129321083,Ведущий менеджер дистанционных продаж,Европлан,Москва,150000.0,,150000.0,RUR,True,От 1 года до 3 лет,,,2026-05-04T09:04:51+0300,https://hh.ru/vacancy/129321083
Менеджер,132284212,Помощник тендер-менеджера (фарма),ФК ПУЛЬС,Москва,87000.0,,87000.0,RUR,True,От 1 года до 3 лет,,,2026-05-04T08:58:43+0300,https://hh.ru/vacancy/132284212
Менеджер,132799130,Менеджер в итальянский ресторан De Torino,Фитц,Москва,100000.0,,100000.0,RUR,False,От 3 до 6 лет,,,2026-05-23T14:33:15+0300,https://hh.ru/vacancy/132799130
Менеджер,132809957,Менеджер по продажам (фитнес-клуб),Джанин Фитнес,Москва,120000.0,150000.0,135000.0,RUR,False,От 1 года до 3 лет,,,2026-05-05T17:07:06+0300,https://hh.ru/vacancy/132809957
Менеджер,132864505,"Официант в ресторан ""The Бык""",Ресторан The Бык (ИП Межлумова Ирина Юльевна),Москва,150000.0,,150000.0,RUR,False,Нет опыта,,,2026-05-23T15:09:31+0300,https://hh.ru/vacancy/132864505
Менеджер,132924779,"Менеджер в ресторан ""Ели Сацебели"" (м. ЗИЛ)",Eli Group,Москва,120000.0,,120000.0,RUR,False,От 3 до 6 лет,,,2026-05-23T14:06:41+0300,https://hh.ru/vacancy/132924779
Менеджер,133421915,Менеджер смены ROSTIC`S / Ростикс Пражская,АРТ РЕСТ,Москва,95000.0,105000.0,100000.0,RUR,True,Нет опыта,,,2026-05-23T14:37:59+0300,https://hh.ru/vacancy/133421915
Менеджер,132785407,Менеджер по работе с ключевыми клиентами,MERLION,Москва,,,,,,От 1 года до 3 лет,,,2026-05-05T11:57:29+0300,https://hh.ru/vacancy/132785407
Менеджер,132930521,"Менеджер по оптовым продажам (вода, лимонады) / B2B",Левонян Ваге,Москва,50000.0,200000.0,125000.0,RUR,False,От 1 года до 3 лет,,,2026-05-08T16:10:49+0300,https://hh.ru/vacancy/132930521
Менеджер,132769339,Менеджер по продажам в оценочную компанию,РЕПОРТ ГРУПП,Москва,80000.0,250000.0,165000.0,RUR,False,Нет опыта,,,2026-05-05T07:31:54+0300,https://hh.ru/vacancy/132769339
Менеджер,132677611,Главный клиентский менеджер (Сухаревская),Россельхозбанк,Москва,110000.0,,110000.0,RUR,True,Нет опыта,,,2026-04-30T17:23:46+0300,https://hh.ru/vacancy/132677611
Менеджер,132930547,Начинающий специалист по работе с маркетплейсами / Помощник менеджера / Стажер,Никандров Евгений Александрович,Москва,35000.0,45000.0,40000.0,RUR,False,Нет опыта,,,2026-05-08T16:11:50+0300,https://hh.ru/vacancy/132930547
Менеджер,131808184,Менеджер в приемную комиссию,СИНЕРГИЯ,Москва,70000.0,70000.0,70000.0,RUR,True,Нет опыта,,,2026-04-30T18:04:40+0300,https://hh.ru/vacancy/131808184
Менеджер,133418913,Повар-кассир (Сотрудник ресторана),БУРГЕР КИНГ РОССИЯ,Москва,65000.0,94000.0,79500.0,RUR,True,Нет опыта,,,2026-05-23T08:45:43+0300,https://hh.ru/vacancy/133418913
Менеджер,132771129,Повар-кассир (Сотрудник ресторана),БУРГЕР КИНГ РОССИЯ,Москва,64000.0,94000.0,79000.0,RUR,True,Нет опыта,,,2026-05-23T08:22:16+0300,https://hh.ru/vacancy/132771129
Менеджер,132770858,Повар-кассир (Сотрудник ресторана),БУРГЕР КИНГ РОССИЯ,Москва,64000.0,94000.0,79000.0,RUR,True,Нет опыта,,,2026-05-23T08:17:03+0300,https://hh.ru/vacancy/132770858
Менеджер,129609181,Менеджер по сопровождению пациентов,Центральная Поликлиника На Ленинградке,Москва,100000.0,,100000.0,RUR,False,От 3 до 6 лет,,,2026-04-29T17:56:11+0300,https://hh.ru/vacancy/129609181
Менеджер,132615197,Менеджер по продажам мототехники,ТД Ниагара,Москва,100000.0,120000.0,110000.0,RUR,False,От 1 года до 3 лет,,,2026-04-29T11:05:17+0300,https://hh.ru/vacancy/132615197
Менеджер,132596125,Менеджер по оптовым продажам,Волкова Евгения Эдуардовна,Москва,40000.0,,40000.0,RUR,False,От 1 года до 3 лет,,,2026-04-28T18:14:49+0300,https://hh.ru/vacancy/132596125
Менеджер,132607730,Менеджер по продажам HoReCa,Восток - Запад,Королев (Московская область),130000.0,190000.0,160000.0,RUR,True,Нет опыта,,,2026-04-29T09:02:41+0300,https://hh.ru/vacancy/132607730
Менеджер,132870965,Менеджер по продажам (B2B / B2G),ГЕМ,Москва,,130000.0,130000.0,RUR,True,От 1 года до 3 лет,,,2026-05-07T09:59:11+0300,https://hh.ru/vacancy/132870965
Менеджер,132756598,Менеджер по продажам (Сувенирный магазин Парка Горького),Государственное автономное учреждение культуры города Москвы Центральный парк культуры и отдыха имени М.Горького,Москва,70000.0,70000.0,70000.0,RUR,True,От 1 года до 3 лет,,,2026-05-04T16:20:02+0300,https://hh.ru/vacancy/132756598
Менеджер,132565713,Менеджер по развитию ресторана,Благоустройство Запсиба,Москва,,,,,,От 3 до 6 лет,,,2026-04-28T09:35:11+0300,https://hh.ru/vacancy/132565713
Менеджер,133311242,Менеджер в ресторан ENO bistro в Сколково,FOLK TEAM,Москва,130000.0,,130000.0,RUR,False,От 1 года до 3 лет,,,2026-05-23T15:21:16+0300,https://hh.ru/vacancy/133311242
Менеджер,131024963,"Менеджер по привлечению (крупный корпоративный бизнес, ВЭД)",Экспобанк,Москва,,,,,,От 1 года до 3 лет,,,2026-05-04T17:21:05+0300,https://hh.ru/vacancy/131024963
Менеджер,133372967,Кассир-операционист в ресторан,Имидж,Москва,55500.0,78000.0,66750.0,RUR,False,От 1 года до 3 лет,,,2026-05-21T19:16:18+0300,https://hh.ru/vacancy/133372967
Менеджер,130801726,Главный Клиентский менеджер Дополнительного офиса,Россельхозбанк,Москва,120000.0,,120000.0,RUR,True,Нет опыта,,,2026-04-30T15:45:54+0300,https://hh.ru/vacancy/130801726
Менеджер,132780385,"Менеджер по продажам / Торговый представитель (HoReCa, м. Тверская)",Integrita,Москва,100000.0,200000.0,150000.0,RUR,True,От 1 года до 3 лет,,,2026-05-05T10:46:28+0300,https://hh.ru/vacancy/132780385
Менеджер,132550615,Менеджер по сопровождению агентов,UREMONT,Москва,60000.0,90000.0,75000.0,RUR,False,От 3 до 6 лет,,,2026-04-27T17:57:52+0300,https://hh.ru/vacancy/132550615
Менеджер,132693115,Менеджер по партнёрствам и развитию (Москва),Онлихагс Холдинг,Москва,180000.0,250000.0,215000.0,RUR,False,От 3 до 6 лет,,,2026-05-01T23:13:11+0300,https://hh.ru/vacancy/132693115
Менеджер,132922451,Менеджер в ресторан Зеа,Soho-rooms,Москва,250000.0,300000.0,275000.0,RUR,False,От 3 до 6 лет,,,2026-05-23T13:20:46+0300,https://hh.ru/vacancy/132922451
Менеджер,132548331,Ведущий менеджер по продажам,ЛАНИТ,Москва,,,,,,От 3 до 6 лет,,,2026-04-27T17:15:16+0300,https://hh.ru/vacancy/132548331
Менеджер,132311183,Ночной менеджер смены,М-ФУД,Москва,60000.0,,60000.0,RUR,False,Нет опыта,,,2026-05-23T11:03:16+0300,https://hh.ru/vacancy/132311183
Менеджер,132535661,Менеджер по развитию бизнеса,ПФ Техно-ТТ,Москва,,,,,,От 1 года до 3 лет,,,2026-04-27T14:00:42+0300,https://hh.ru/vacancy/132535661
Менеджер,132631566,Главный клиентский менеджер (м. Пражская),Россельхозбанк,Москва,110000.0,,110000.0,RUR,True,Нет опыта,,,2026-04-29T16:27:15+0300,https://hh.ru/vacancy/132631566
Менеджер,132520481,Менеджер проектов / Project manager,Digital-агентство RTA,Москва,,,,,,От 1 года до 3 лет,,,2026-04-27T10:16:57+0300,https://hh.ru/vacancy/132520481
Менеджер,132791447,Менеджер по развитию B2B продаж (Мясо / HoReCa),Косарев И.В.,Москва,50000.0,300000.0,175000.0,RUR,True,От 1 года до 3 лет,,,2026-05-05T13:32:34+0300,https://hh.ru/vacancy/132791447
Менеджер,132798914,"Хостес в ресторан TATOOINE (центр города, ул. Петровка)",FO’X,Москва,85000.0,,85000.0,RUR,False,От 1 года до 3 лет,,,2026-05-23T14:29:17+0300,https://hh.ru/vacancy/132798914
Менеджер,132677641,Главный клиентский менеджер (м. Мичуринский проспект),Россельхозбанк,Москва,120000.0,,120000.0,RUR,True,Нет опыта,,,2026-04-30T17:25:19+0300,https://hh.ru/vacancy/132677641
Менеджер,132659248,Менеджер по организации мероприятий для ФОИВ,Российское общество Знание,Москва,,120000.0,120000.0,RUR,False,От 1 года до 3 лет,,,2026-04-30T11:46:48+0300,https://hh.ru/vacancy/132659248
Менеджер,132485278,Менеджер по продажам (Хантер),iLoggers,Москва,80000.0,200000.0,140000.0,RUR,True,От 1 года до 3 лет,,,2026-04-24T17:04:21+0300,https://hh.ru/vacancy/132485278
Менеджер,132617460,Менеджер по продажам в сфере HoReCa,Парадис Экзотика,Москва,200000.0,,200000.0,RUR,False,От 1 года до 3 лет,,,2026-04-29T11:44:49+0300,https://hh.ru/vacancy/132617460
Менеджер,133065151,Управляющий рестораном (аэропорт Шереметьево),Росинтер Ресторантс,Москва,180000.0,,180000.0,RUR,False,От 1 года до 3 лет,,,2026-05-22T21:20:02+0300,https://hh.ru/vacancy/133065151
Менеджер,131183543,"Менеджер в ресторан ""АндерCон"" (м. Таганская)",ВкусВилл,Москва,85000.0,,85000.0,RUR,False,Нет опыта,,,2026-04-28T12:03:56+0300,https://hh.ru/vacancy/131183543
Менеджер,132607942,"Менеджер по продажам HoReCa (Балашиха, Реутов)",Восток - Запад,Реутов (Московская область),130000.0,190000.0,160000.0,RUR,True,Нет опыта,,,2026-04-29T09:06:00+0300,https://hh.ru/vacancy/132607942
Менеджер,132761152,Руководитель направления развития процессов продаж CRM X5 / Менеджер проектов,Альфа-Банк,Москва,,,,,,От 1 года до 3 лет,,,2026-05-04T17:58:58+0300,https://hh.ru/vacancy/132761152
Менеджер,132580133,Официант,Олимп,Москва,150000.0,,150000.0,RUR,False,От 1 года до 3 лет,,,2026-05-22T13:19:46+0300,https://hh.ru/vacancy/132580133
Менеджер,131775225,"Менеджер по разработке продукции направления ""Электроустановочные изделия""",ДКС,Москва,,,,,,От 1 года до 3 лет,,,2026-04-29T16:55:03+0300,https://hh.ru/vacancy/131775225
Менеджер,132551211,Менеджер по продукции (Источники бесперебойного питания),ДКС,Москва,,,,,,От 1 года до 3 лет,,,2026-04-27T18:16:06+0300,https://hh.ru/vacancy/132551211
Менеджер,131254652,New business manager/Менеджер по развитию бизнеса HoReCa,finoarte design bureau,Москва,,400000.0,400000.0,RUR,False,От 1 года до 3 лет,,,2026-04-30T17:36:55+0300,https://hh.ru/vacancy/131254652
Менеджер,132540620,Менеджер по продажам СТМ (фармацевтический рынок),ФК ПУЛЬС,Москва,,,,,,От 1 года до 3 лет,,,2026-04-27T15:04:55+0300,https://hh.ru/vacancy/132540620
Менеджер,132484969,Помощник менеджера в отдел продаж,ЭКСПРЕСС,Москва,80000.0,150000.0,115000.0,RUR,False,Нет опыта,,,2026-04-24T16:57:11+0300,https://hh.ru/vacancy/132484969
Менеджер,130344180,Менеджер по работе с повторными клиентами,Европлан,Москва,180000.0,,180000.0,RUR,True,От 1 года до 3 лет,,,2026-04-27T09:46:13+0300,https://hh.ru/vacancy/130344180
Менеджер,131679979,Технический специалист/Менеджер по открытиям новых проектов,Забыли Сахар,Москва,120000.0,,120000.0,RUR,False,От 1 года до 3 лет,,,2026-04-28T15:13:58+0300,https://hh.ru/vacancy/131679979
Менеджер,133384817,Руководитель отдела продаж,Украинская Наталья Николаевна,Москва,,,,,,От 3 до 6 лет,,,2026-05-22T09:38:41+0300,https://hh.ru/vacancy/133384817
Менеджер,132070197,Управляющий рестораном Osteria Mario и Швили,Ресторанная группа Тигрус,Москва,170000.0,,170000.0,RUR,False,Более 6 лет,,,2026-05-22T11:07:01+0300,https://hh.ru/vacancy/132070197
Менеджер,126596650,Менеджер смены в ресторане ROSTIC`S,АРТ РЕСТ,Москва,95000.0,105000.0,100000.0,RUR,True,От 1 года до 3 лет,,,2026-05-23T10:44:01+0300,https://hh.ru/vacancy/126596650
Менеджер,133272217,Повар-кассир (Сотрудник ресторана),БУРГЕР КИНГ РОССИЯ,Москва,64000.0,94000.0,79000.0,RUR,True,Нет опыта,,,2026-05-22T18:12:05+0300,https://hh.ru/vacancy/133272217
Менеджер,132578751,Менеджер по поиску клиентов в глянцевый журнал,Барамия Миранда Малхазиевна,Москва,50000.0,,50000.0,RUR,False,Нет опыта,,,2026-04-28T13:00:25+0300,https://hh.ru/vacancy/132578751
Менеджер,132593071,Старший менеджер по развитию направления профессиональных решений,Dr. Bakers,Москва,,,,,,От 3 до 6 лет,,,2026-04-28T16:50:27+0300,https://hh.ru/vacancy/132593071
Менеджер,133402173,Менеджер в lounge bar,Ухов Павел Рузелевич,Москва,130000.0,170000.0,150000.0,RUR,False,Нет опыта,,,2026-05-22T14:19:01+0300,https://hh.ru/vacancy/133402173
Менеджер,132894758,Повар-кассир (сотрудник ресторана),БУРГЕР КИНГ РОССИЯ,Москва,64000.0,94000.0,79000.0,RUR,True,Нет опыта,,,2026-05-22T16:47:48+0300,https://hh.ru/vacancy/132894758
Менеджер,132894466,Повар-кассир (сотрудник ресторана),БУРГЕР КИНГ РОССИЯ,Москва,64000.0,94000.0,79000.0,RUR,True,Нет опыта,,,2026-05-22T16:42:47+0300,https://hh.ru/vacancy/132894466
Менеджер,132617723,Бренд-менеджер DENKIRS (умное освещение) - Россия и Европа,Денкирс Рус,Москва,,,,,,От 1 года до 3 лет,,,2026-04-29T11:50:17+0300,https://hh.ru/vacancy/132617723
Менеджер,132527333,Менеджер по работе с клиентами (Северное Измайлово),Территория Фитнеса,Москва,100000.0,240000.0,170000.0,RUR,False,От 1 года до 3 лет,,,2026-04-27T11:58:14+0300,https://hh.ru/vacancy/132527333
Менеджер,130179858,Менеджер по продажам на входящих звонках (Гольфстрим),МТС,Москва,30000.0,60000.0,45000.0,RUR,True,Нет опыта,,,2026-04-27T11:24:04+0300,https://hh.ru/vacancy/130179858
Менеджер,132748982,Повар – кассир (Сотрудник ресторана),БУРГЕР КИНГ РОССИЯ,Москва,64000.0,94000.0,79000.0,RUR,True,Нет опыта,,,2026-05-22T14:42:40+0300,https://hh.ru/vacancy/132748982
Менеджер,132933397,"Официант в ресторан ""The Бык"" (м. Крылатское)",Ресторан The Бык (ИП Межлумова Ирина Юльевна),Москва,150000.0,,150000.0,RUR,False,Нет опыта,,,2026-05-22T17:51:41+0300,https://hh.ru/vacancy/132933397
Менеджер,132854145,"Раннер (помощник официанта) в ресторан ""The Бык""",Ресторан The Бык (ИП Межлумова Ирина Юльевна),Москва,100000.0,,100000.0,RUR,False,Нет опыта,,,2026-05-22T17:51:57+0300,https://hh.ru/vacancy/132854145
Менеджер,132593233,Менеджер по продажам корпоративов в экосистему P2P,Столик на одного,Москва,150000.0,,150000.0,RUR,False,От 1 года до 3 лет,,,2026-04-28T16:53:34+0300,https://hh.ru/vacancy/132593233
Менеджер,132616776,Менеджер по развитию бизнеса (IT / Бизнес приклад / ПО / Промышленный сектор),Инфосистемы Джет,Москва,,,,,,От 3 до 6 лет,,,2026-04-29T11:33:43+0300,https://hh.ru/vacancy/132616776
Менеджер,132483752,Менеджер по работе с клиентами/Enterprise Sales,Комплаинс Контрол,Москва,,,,,,От 3 до 6 лет,,,2026-04-24T16:29:14+0300,https://hh.ru/vacancy/132483752
Менеджер,131208705,"Официант в ресторан ""The Бык"" (РИО Ленинский)",Ресторан The Бык (ИП Межлумова Ирина Юльевна),Москва,150000.0,,150000.0,RUR,False,Нет опыта,,,2026-05-22T13:29:59+0300,https://hh.ru/vacancy/131208705
Менеджер,123299747,Менеджер по работе с партнерами по Центральному федеральному округу,Доктор Веб,Москва,,,,,,От 3 до 6 лет,,,2026-04-27T09:54:13+0300,https://hh.ru/vacancy/123299747
Менеджер,131585660,Менеджер премиального ресторана Родня,JOI TEAM (ООО Пятница Тру),Москва,104000.0,,104000.0,RUR,False,От 1 года до 3 лет,,,2026-05-22T18:19:10+0300,https://hh.ru/vacancy/131585660
Менеджер,132722827,"Менеджер в ресторан ""Верико"" (м. Белорусская)",Eli Group,Москва,120000.0,,120000.0,RUR,False,От 1 года до 3 лет,,,2026-05-22T09:51:11+0300,https://hh.ru/vacancy/132722827
Менеджер,133059896,Менеджер продаж B2B (HoReCa-оснащение ресторанов) и гостиниц,NEXXT,Москва,150000.0,350000.0,250000.0,RUR,False,От 3 до 6 лет,,,2026-05-22T17:10:08+0300,https://hh.ru/vacancy/133059896
Менеджер,132954354,Помощник риэлтора (м. Таганская),Vysotsky Estate,Москва,350000.0,500000.0,425000.0,RUR,False,Нет опыта,,,2026-05-23T07:19:25+0300,https://hh.ru/vacancy/132954354
Менеджер,133408325,Официант в ресторан (метро ул.1905 года ),Major Agro,Москва,150000.0,,150000.0,RUR,False,От 1 года до 3 лет,,,2026-05-22T16:18:51+0300,https://hh.ru/vacancy/133408325
Менеджер,132882371,Сервисный инженер-техник дозирующего оборудования / Механик-наладчик посудомоечного оборудования,Долфин,Москва,140000.0,,140000.0,RUR,False,Нет опыта,,,2026-05-22T13:17:39+0300,https://hh.ru/vacancy/132882371
Менеджер,133402671,Бизнес-тренер международного ресторанного холдинга Tigrus,Ресторанная группа Тигрус,Москва,130000.0,,130000.0,RUR,False,От 1 года до 3 лет,,,2026-05-22T14:29:22+0300,https://hh.ru/vacancy/133402671
Менеджер,132523279,Управляющий рестораном bar BQ cafe,Ресторанная группа Тигрус,Москва,180000.0,,180000.0,RUR,False,Более 6 лет,,,2026-05-21T10:55:59+0300,https://hh.ru/vacancy/132523279
Менеджер,132747215,Менеджер в ресторан Lambic Brasserie (м. Академическая),UPSTER,Москва,90000.0,130000.0,110000.0,RUR,False,От 1 года до 3 лет,,,2026-05-22T14:16:28+0300,https://hh.ru/vacancy/132747215
Менеджер,132516397,"KAM / Key Account Manager / Менеджер по работе с ключевыми клиентами (ФРОВ, фрукты и овощи)",Гринфилдс-Логистика,Москва,,,,,,От 3 до 6 лет,,,2026-04-27T09:25:42+0300,https://hh.ru/vacancy/132516397
Менеджер,132987128,Менеджер в ресторан «Cavalieri» (Novikov Group),Ресторан Cavalieri,Москва,165000.0,,165000.0,RUR,False,От 3 до 6 лет,,,2026-05-21T11:29:51+0300,https://hh.ru/vacancy/132987128
Менеджер,133373823,Менеджер грузинского ресторанчика,Хочу Пури (ООО Арсенал-Эрго),Москва,90000.0,120000.0,105000.0,RUR,False,От 1 года до 3 лет,,,2026-05-21T21:08:19+0300,https://hh.ru/vacancy/133373823
Менеджер,133144050,Повар-кассир (Сотрудник ресторана),БУРГЕР КИНГ РОССИЯ,Москва,64000.0,94000.0,79000.0,RUR,True,Нет опыта,,,2026-05-21T15:33:46+0300,https://hh.ru/vacancy/133144050
Менеджер,133004158,Повар – кассир (Сотрудник ресторана),БУРГЕР КИНГ РОССИЯ,Москва,64000.0,94000.0,79000.0,RUR,True,Нет опыта,,,2026-05-21T15:28:55+0300,https://hh.ru/vacancy/133004158
Менеджер,132531610,Повар-кассир (Сотрудник ресторана),БУРГЕР КИНГ РОССИЯ,Москва,64000.0,94000.0,79000.0,RUR,True,Нет опыта,,,2026-05-21T13:00:54+0300,https://hh.ru/vacancy/132531610
Менеджер,133198930,Повар-кассир (сотрудник ресторана),БУРГЕР КИНГ РОССИЯ,Москва,65000.0,94000.0,79500.0,RUR,True,Нет опыта,,,2026-05-21T12:18:55+0300,https://hh.ru/vacancy/133198930
Менеджер,133149838,"Официант в ресторан ""The Бык""",Ресторан The Бык (ИП Межлумова Ирина Юльевна),Москва,150000.0,,150000.0,RUR,False,Нет опыта,,,2026-05-21T17:38:27+0300,https://hh.ru/vacancy/133149838
Менеджер,131657422,"Официант в ресторан ""The Бык""",Ресторан The Бык (ИП Межлумова Ирина Юльевна),Москва,150000.0,,150000.0,RUR,False,Нет опыта,,,2026-05-21T16:59:38+0300,https://hh.ru/vacancy/131657422
Менеджер,133033001,Менеджер смены в Додо Пиццу (м. Электрозаводская),Додо Пицца (ООО Пиццамейкер Басманный),Москва,,96400.0,96400.0,RUR,False,Нет опыта,,,2026-05-22T10:32:26+0300,https://hh.ru/vacancy/133033001
Менеджер,132965698,Сметчик - замерщик,СТК,Москва,100000.0,300000.0,200000.0,RUR,False,От 1 года до 3 лет,,,2026-05-21T01:09:08+0300,https://hh.ru/vacancy/132965698
Менеджер,133340025,Менеджер в бизнес зал (Ленинградский вокзал),АренаФудс,Москва,13200.0,,13200.0,RUR,False,От 1 года до 3 лет,,,2026-05-21T10:01:13+0300,https://hh.ru/vacancy/133340025
Менеджер,132761053,Агент/Брокер/Риелтор в агентство недвижимости,Vysotsky Estate (ИП Скворцов Алексей Николаевич),Москва,150000.0,,150000.0,RUR,False,Нет опыта,,,2026-05-22T17:54:40+0300,https://hh.ru/vacancy/132761053
Менеджер,130329014,Официант в ресторан (м Аэропорт/ м Сокол),Major Agro,Москва,150000.0,,150000.0,RUR,False,От 1 года до 3 лет,,,2026-05-21T17:43:00+0300,https://hh.ru/vacancy/130329014
Менеджер,133193805,Операционист отдела продаж / Специалист по документообороту,Ледокул,Москва,90000.0,100000.0,95000.0,RUR,False,От 3 до 6 лет,,,2026-05-21T11:14:22+0300,https://hh.ru/vacancy/133193805
Менеджер,133353016,Оператор склада/оператор базы данных,Берёзка Фуд,Москва,5000.0,,5000.0,RUR,False,От 1 года до 3 лет,,,2026-05-21T12:39:16+0300,https://hh.ru/vacancy/133353016
Менеджер,133324995,"Руководитель по развитию направления ""ЛОР-хирургия""",Медицина,Москва,,,,,,От 3 до 6 лет,,,2026-05-20T18:56:09+0300,https://hh.ru/vacancy/133324995
Менеджер,133244653,"Менеджер в ресторан ""VASILCHUKI"" (Мега Тёплый Стан)",VASILCHUKI Restaurant Group,Москва,90000.0,160000.0,125000.0,RUR,False,От 1 года до 3 лет,,,2026-05-19T11:30:50+0300,https://hh.ru/vacancy/133244653
Менеджер,133308240,Су-Шеф в сеть ресторанов ХинКАли~Gaли,Хорека,Москва,5500.0,6000.0,5750.0,RUR,False,От 1 года до 3 лет,,,2026-05-20T14:34:39+0300,https://hh.ru/vacancy/133308240
Менеджер,132708404,Менеджер в ресторан FO'X,FO’X,Москва,140000.0,,140000.0,RUR,True,От 1 года до 3 лет,,,2026-05-21T20:51:34+0300,https://hh.ru/vacancy/132708404
Менеджер,133310924,Продавец-консультант TSUM детская мода,"ЦУМ, ТД",Москва,100000.0,,100000.0,RUR,True,От 1 года до 3 лет,,,2026-05-20T15:14:46+0300,https://hh.ru/vacancy/133310924
Менеджер,133208486,SMM / PR специалист,Restoclub.ru,Москва,,,,,,От 1 года до 3 лет,,,2026-05-21T14:39:21+0300,https://hh.ru/vacancy/133208486
Менеджер,133316733,Менеджер доставки,РФС+ компани,Зеленоград,4000.0,6000.0,5000.0,RUR,False,Нет опыта,,,2026-05-20T16:16:56+0300,https://hh.ru/vacancy/133316733
Менеджер,133238645,Бизнес-ассистент,White Rabbit Family,Москва,250000.0,,250000.0,RUR,False,Более 6 лет,,,2026-05-19T10:12:17+0300,https://hh.ru/vacancy/133238645
Менеджер,131648803,Администратор-кассир (м. Солнцево),PIZZASUSHIWOK,Москва,,100000.0,100000.0,RUR,False,Нет опыта,,,2026-05-18T10:32:57+0300,https://hh.ru/vacancy/131648803
Менеджер,132869158,Ассистент управляющего в MUSTANG (ТРЦ Авиапарк),Лемарон,Москва,82000.0,,82000.0,RUR,False,От 1 года до 3 лет,,,2026-05-22T09:26:57+0300,https://hh.ru/vacancy/132869158
Менеджер,132740006,Агент по недвижимости в федеральную компанию (м. Севастопольская),Vysotsky Estate,Москва,350000.0,400000.0,375000.0,RUR,False,Нет опыта,,,2026-05-22T12:41:14+0300,https://hh.ru/vacancy/132740006
Менеджер,133325222,Sales manager (видео и аудиореклама в сети Unisound),Unisound,Москва,,,,,,От 1 года до 3 лет,,,2026-05-20T19:08:22+0300,https://hh.ru/vacancy/133325222
Менеджер,133341938,Менеджер смены ресторана ( м.Добрынинская),БУРГЕР КИНГ РОССИЯ,Москва,93130.0,106000.0,99565.0,RUR,True,От 1 года до 3 лет,,,2026-05-21T10:24:08+0300,https://hh.ru/vacancy/133341938
Менеджер,133204753,Ведущий копирайтер,СИНЕРГИЯ,Москва,150500.0,,150500.0,RUR,False,От 3 до 6 лет,,,2026-05-21T13:43:36+0300,https://hh.ru/vacancy/133204753
Менеджер,132539885,"Менеджер в ресторан TATOOINE (центр города, ул. Петровка)",FO’X,Москва,150000.0,,150000.0,RUR,False,От 1 года до 3 лет,,,2026-05-21T14:55:35+0300,https://hh.ru/vacancy/132539885
Менеджер,133122313,"Управляющий грузинского ресторанчика ""Хочу Пури""",ВКУС-НО,Москва,170000.0,190000.0,180000.0,RUR,False,От 1 года до 3 лет,,,2026-05-21T09:49:51+0300,https://hh.ru/vacancy/133122313
Менеджер,130829559,Эксперт по СОРМ,Т-Банк,Москва,,,,,,От 3 до 6 лет,,,2026-05-21T15:55:02+0300,https://hh.ru/vacancy/130829559
Менеджер,132826265,Менеджер женского разряда,Пар,Москва,115000.0,150000.0,132500.0,RUR,False,От 3 до 6 лет,,,2026-05-21T09:37:16+0300,https://hh.ru/vacancy/132826265
Менеджер,133205783,Менеджер в ресторан Wine&Crab (м. Лубянка),МОСМАКС ТРЕТЬЯКОВСКИЙ,Москва,140000.0,,140000.0,RUR,False,От 1 года до 3 лет,,,2026-05-21T13:59:38+0300,https://hh.ru/vacancy/133205783
Менеджер,133302281,"Официант в ресторан ""The Бык"" (м. Фрунзенская)",Ресторан The Бык (ИП Межлумова Ирина Юльевна),Москва,150000.0,,150000.0,RUR,False,Нет опыта,,,2026-05-20T13:03:36+0300,https://hh.ru/vacancy/133302281
Менеджер,131046756,Менеджер смены ROSTIC`S / Ростикс Бульвар Рокоссовского,АРТ РЕСТ,Москва,95000.0,105000.0,100000.0,RUR,True,Нет опыта,,,2026-05-20T13:02:48+0300,https://hh.ru/vacancy/131046756
Менеджер,133220168,Продавец-кассир АЗС (Авиамоторная),Retail Personal,Москва,70000.0,90000.0,80000.0,RUR,True,Нет опыта,,,2026-05-18T18:05:18+0300,https://hh.ru/vacancy/133220168
Менеджер,131873465,Официант в ресторан (Palmira Art),Солард,Москва,90000.0,120000.0,105000.0,RUR,True,От 1 года до 3 лет,,,2026-05-21T09:27:53+0300,https://hh.ru/vacancy/131873465
Менеджер,133273156,Продавец-консультант в бутик Valentino (Outlet Архангельское),"ЦУМ, ТД",Москва,120000.0,,120000.0,RUR,True,От 1 года до 3 лет,,,2026-05-19T18:57:52+0300,https://hh.ru/vacancy/133273156
Менеджер,132537280,Менеджер в премиальный ресторан,СКЛ,Москва,140000.0,,140000.0,RUR,False,От 1 года до 3 лет,,,2026-05-21T14:18:57+0300,https://hh.ru/vacancy/132537280
Менеджер,131450431,"Официант (м. Саларьево, ТРК Саларис)",Joki Joya,Москва,130000.0,,130000.0,RUR,False,Нет опыта,,,2026-05-21T11:59:26+0300,https://hh.ru/vacancy/131450431
Менеджер,131577686,Начальник смены (РЦ Северный),Перекрёсток,Москва,120000.0,150000.0,135000.0,RUR,True,От 3 до 6 лет,,,2026-05-04T15:12:01+0300,https://hh.ru/vacancy/131577686
Менеджер,132719065,Администратор-кассир в ресторан (метро Проспект Мира),ICONFOOD,Москва,4500.0,5000.0,4750.0,RUR,False,От 1 года до 3 лет,,,2026-05-18T10:23:49+0300,https://hh.ru/vacancy/132719065
Менеджер,133206783,Администратор-кассир в ресторан Мясо&Рыба (м Автозаводская),BTConsult,Москва,80000.0,,80000.0,RUR,False,Нет опыта,,,2026-05-18T14:13:20+0300,https://hh.ru/vacancy/133206783
Менеджер,132050738,"Официант (м. Киевская, ТРЦ Европейский)",Joki Joya,Москва,150000.0,,150000.0,RUR,False,Нет опыта,,,2026-05-21T12:31:37+0300,https://hh.ru/vacancy/132050738
Менеджер,132032095,Ассистент-курьер для фотостудии,Mercury,Москва,90000.0,,90000.0,RUR,True,От 1 года до 3 лет,,,2026-05-18T09:28:04+0300,https://hh.ru/vacancy/132032095
Менеджер,133150066,Бухгалтер-калькулятор в общепит,Звезда,Москва,120000.0,,120000.0,RUR,False,От 1 года до 3 лет,,,2026-05-15T17:45:11+0300,https://hh.ru/vacancy/133150066
Менеджер,133321673,Бренд-шеф / Шеф-повар,UPelsin,Москва,150000.0,,150000.0,RUR,False,Нет опыта,,,2026-05-20T17:07:16+0300,https://hh.ru/vacancy/133321673
Менеджер,131999206,Пресейл-инженер / инженер по продажам (системы оповещения),ЛУИС+,Москва,,,,,,От 1 года до 3 лет,,,2026-05-18T09:26:14+0300,https://hh.ru/vacancy/131999206
Менеджер,131646497,Официант в ресторан ИНО М2 (м. Арбатская/ м. Кропоткинская),Major Agro,Москва,150000.0,,150000.0,RUR,False,От 1 года до 3 лет,,,2026-05-20T11:12:28+0300,https://hh.ru/vacancy/131646497
Менеджер,129179620,Помощник риелтора / Начинающий агент по недвижимости,МИЭЛЬ,Москва,450000.0,,450000.0,RUR,False,Нет опыта,,,2026-05-18T17:37:49+0300,https://hh.ru/vacancy/129179620
Менеджер,133001775,Ассистент VIP-шопинга в бутиках Барвиха Luxury Village,Mercury,Москва,90000.0,,90000.0,RUR,True,От 1 года до 3 лет,,,2026-05-18T09:28:01+0300,https://hh.ru/vacancy/133001775
Менеджер,133281088,Руководитель направления совокупного вознаграждения,СИНЕРГИЯ,Москва,,,,,,От 3 до 6 лет,,,2026-05-20T07:05:38+0300,https://hh.ru/vacancy/133281088
Менеджер,133127104,Агент по недвижимости в федеральную компанию (м. Академическая),Vysotsky Estate,Москва,300000.0,450000.0,375000.0,RUR,False,Нет опыта,,,2026-05-21T10:59:46+0300,https://hh.ru/vacancy/133127104
Менеджер,133137114,Помощник риэлтора (м. Беляево),Vysotsky Estate,Москва,320000.0,350000.0,335000.0,RUR,False,Нет опыта,,,2026-05-21T13:38:44+0300,https://hh.ru/vacancy/133137114
Менеджер,132522482,"Официант в премиальный ресторан ""ИНО"" (м. Кропоткинская/м. Арбатская)",Major Agro,Москва,150000.0,,150000.0,RUR,False,От 3 до 6 лет,,,2026-05-20T11:12:40+0300,https://hh.ru/vacancy/132522482
Менеджер,133304543,Product marketing manager,Т-Банк,Москва,,,,,,От 1 года до 3 лет,,,2026-05-20T13:36:27+0300,https://hh.ru/vacancy/133304543
Менеджер,133314708,"Менеджер в ресторан ""GEBO""",Солард,Москва,150000.0,165000.0,157500.0,RUR,True,От 3 до 6 лет,,,2026-05-20T16:04:46+0300,https://hh.ru/vacancy/133314708
Менеджер,132817092,"Операционный директор в ресторан ""Буревестник"" (м. Физтех)",Burevestnik Group,Москва,,,,,,Более 6 лет,,,2026-05-21T03:03:16+0300,https://hh.ru/vacancy/132817092
Менеджер,132817066,"Операционный директор в ресторан ""Буревестник"" (м. Физтех)",Burevestnik Group,Москва,200000.0,,200000.0,RUR,True,Более 6 лет,,,2026-05-21T02:55:12+0300,https://hh.ru/vacancy/132817066
Менеджер,133274009,Администратор в детский центр,Бум Кидс (ИП Джаназян Эдуард Сергеевич),Москва,4000.0,4500.0,4250.0,RUR,False,От 1 года до 3 лет,,,2026-05-19T20:16:15+0300,https://hh.ru/vacancy/133274009
Менеджер,130736849,Эксперт по работе с ключевыми иностранными клиентами,Европлан,Москва,200000.0,,200000.0,RUR,True,От 3 до 6 лет,,,2026-05-18T09:09:21+0300,https://hh.ru/vacancy/130736849
Менеджер,132751147,Продавец-консультант в бутик ZILLI / XL (Барвиха Luxury Village),Mercury,Москва,120000.0,,120000.0,RUR,False,От 1 года до 3 лет,,,2026-05-18T12:07:28+0300,https://hh.ru/vacancy/132751147
Менеджер,132750995,Продавец-консультант в бутик Valentino/Dolce&Gabbana (Барвиха Luxury Village),Mercury,Москва,120000.0,,120000.0,RUR,False,От 1 года до 3 лет,,,2026-05-18T12:07:21+0300,https://hh.ru/vacancy/132750995
Менеджер,132750850,Продавец-консультант в бутик MVST (Барвиха Luxury Village),Mercury,Москва,120000.0,250000.0,185000.0,RUR,True,От 1 года до 3 лет,,,2026-05-18T12:07:19+0300,https://hh.ru/vacancy/132750850
Менеджер,132750556,Продавец-консультант в Balmain (Барвиха Luxury Village),Mercury,Москва,120000.0,,120000.0,RUR,False,От 1 года до 3 лет,,,2026-05-18T12:07:11+0300,https://hh.ru/vacancy/132750556
Менеджер,133169194,Детейлер (полировка + химчистка),Детейлинг Аларм,Москва,150000.0,250000.0,200000.0,RUR,False,От 1 года до 3 лет,,,2026-05-17T15:50:52+0300,https://hh.ru/vacancy/133169194
Менеджер,133211856,Бизнес аналитик (Al Business Analyst ),ТОП КЕЙС,Москва,,,,,,От 3 до 6 лет,,,2026-05-18T15:27:50+0300,https://hh.ru/vacancy/133211856
Менеджер,133265016,Специалист сопровождения ключевых клиентов,MANGO OFFICE,Москва,120000.0,150000.0,135000.0,RUR,True,От 1 года до 3 лет,,,2026-05-19T15:45:14+0300,https://hh.ru/vacancy/133265016
Менеджер,130853800,Оператор-кассир АЗС (Чертановская),Retail Personal,Москва,70000.0,80000.0,75000.0,RUR,True,Нет опыта,,,2026-05-16T11:00:29+0300,https://hh.ru/vacancy/130853800
Менеджер,133203021,Руководитель отдела аренды/коммерческого отдела в ТРК Провыходной,АЛЬФА,Москва,,,,,,От 3 до 6 лет,,,2026-05-18T13:17:16+0300,https://hh.ru/vacancy/133203021
Менеджер,132208918,Менеджер,Сыроварня (ООО Рынок),Москва,90000.0,120000.0,105000.0,RUR,False,От 1 года до 3 лет,,,2026-05-19T12:46:26+0300,https://hh.ru/vacancy/132208918
Менеджер,133151935,Руководитель отдела продаж HoReCa,Мясницкий ряд,Москва,,,,,,От 1 года до 3 лет,,,2026-05-15T19:39:06+0300,https://hh.ru/vacancy/133151935
Менеджер,132733661,Администратор доставки еды (м. Митино),PIZZASUSHIWOK,Москва,90000.0,,90000.0,RUR,False,Нет опыта,,,2026-05-18T09:57:07+0300,https://hh.ru/vacancy/132733661
Менеджер,132718899,Официант (метро Фрунзенская),ICONFOOD,Москва,7000.0,,7000.0,RUR,False,Нет опыта,,,2026-05-18T10:23:26+0300,https://hh.ru/vacancy/132718899
Менеджер,133131498,Оператор-кассир АЗС (м. Бульвар Рокоссовского),Retail Personal,Москва,70000.0,90000.0,80000.0,RUR,True,Нет опыта,,,2026-05-15T12:07:40+0300,https://hh.ru/vacancy/133131498
Менеджер,133144914,Хостес,Ресторан Ближний,Москва,100000.0,,100000.0,RUR,False,От 1 года до 3 лет,,,2026-05-15T15:52:37+0300,https://hh.ru/vacancy/133144914
Менеджер,131541576,Официант в ресторан м Улица 1905 года,Major Agro,Москва,150000.0,,150000.0,RUR,False,От 1 года до 3 лет,,,2026-05-18T16:15:09+0300,https://hh.ru/vacancy/131541576
Менеджер,132719052,Официант (метро ЦСКА ),ICONFOOD,Москва,7000.0,9000.0,8000.0,RUR,False,От 1 года до 3 лет,,,2026-05-18T10:23:42+0300,https://hh.ru/vacancy/132719052
Менеджер,133203927,"Старший товаровед/Руководитель склада в магазине/Товаровед в магазин одежды Бренда ""THE PUH""",Боссанова мен,Москва,,,,,,От 3 до 6 лет,,,2026-05-18T13:31:11+0300,https://hh.ru/vacancy/133203927
Менеджер,133077311,Официант,ICONFOOD,Москва,7000.0,12000.0,9500.0,RUR,False,От 1 года до 3 лет,,,2026-05-18T10:24:22+0300,https://hh.ru/vacancy/133077311
Менеджер,133109286,Администратор ресепшен,АЙС ФИТНЕС,Москва,60000.0,75000.0,67500.0,RUR,True,Нет опыта,,,2026-05-14T20:08:05+0300,https://hh.ru/vacancy/133109286
Менеджер,133098631,PHP-разработчик (Junior/Middle),Организация банкетов С любовью к еде,Москва,100000.0,130000.0,115000.0,RUR,False,От 1 года до 3 лет,,,2026-05-14T15:16:56+0300,https://hh.ru/vacancy/133098631
Менеджер,133118780,"Менеджер отдела продаж в отель (корпоративы, банкеты, свадьбы, спорт)",GO PARK HOTEL,Зеленоград,100000.0,180000.0,140000.0,RUR,False,От 1 года до 3 лет,,,2026-05-15T08:49:44+0300,https://hh.ru/vacancy/133118780
Менеджер,133126569,"Продавец-консультант ЦУМ Женская мода (Jil Sander, Rick Owens, Ann Demeulemeester)","ЦУМ, ТД",Москва,120000.0,,120000.0,RUR,True,От 1 года до 3 лет,,,2026-05-15T10:50:21+0300,https://hh.ru/vacancy/133126569
Менеджер,131414501,Начинающий специалист по недвижимости/Помощник риелтора,МИЭЛЬ,Москва,400000.0,,400000.0,RUR,False,Нет опыта,,,2026-05-14T16:59:00+0300,https://hh.ru/vacancy/131414501
Менеджер,133061081,Специалист по ремонту ресторанного оборудования,REMONTIKKA,Москва,120000.0,180000.0,150000.0,RUR,True,От 1 года до 3 лет,,,2026-05-13T17:31:51+0300,https://hh.ru/vacancy/133061081
Менеджер,132177462,Помощник риелтора / Начинающий агент по недвижимости,МИЭЛЬ,Москва,550000.0,750000.0,650000.0,RUR,False,Нет опыта,,,2026-05-14T16:58:45+0300,https://hh.ru/vacancy/132177462
Менеджер,133037345,Администратор-кассир в ресторан Мясо&Рыба (м Молодежная),BTConsult,Москва,90000.0,,90000.0,RUR,True,Нет опыта,,,2026-05-13T11:24:28+0300,https://hh.ru/vacancy/133037345
Менеджер,133064258,Менеджер в ресторан Sugar bistro (м. Арбатская),Ол Эбаут Фуд,Москва,100000.0,150000.0,125000.0,RUR,False,От 1 года до 3 лет,,,2026-05-13T20:05:00+0300,https://hh.ru/vacancy/133064258
Менеджер,132605957,"Раннер (помощник официанта) в ресторан ""The Бык"" (м. Селигерская)",Ресторан The Бык (ИП Межлумова Ирина Юльевна),Москва,100000.0,,100000.0,RUR,False,Нет опыта,,,2026-05-15T18:25:43+0300,https://hh.ru/vacancy/132605957
Менеджер,132995920,Администратор-кассир в ресторан Мясо&Рыба (м . Домодедовская),BTConsult,Москва,77000.0,,77000.0,RUR,False,Нет опыта,,,2026-05-12T13:25:49+0300,https://hh.ru/vacancy/132995920
Менеджер,133144614,Редактор-верстальщик,Коммерсантъ,Москва,,,,,,От 1 года до 3 лет,,,2026-05-15T15:45:33+0300,https://hh.ru/vacancy/133144614
Менеджер,130513817,Начинающий риелтор/Помощник риелтора (ученик),МИЭЛЬ,Москва,450000.0,750000.0,600000.0,RUR,False,Нет опыта,,,2026-05-14T16:58:55+0300,https://hh.ru/vacancy/130513817
Менеджер,133216134,Официант (м.ЦСКА/Динамо),Joki Joya,Москва,130000.0,,130000.0,RUR,False,Нет опыта,,,2026-05-18T16:34:09+0300,https://hh.ru/vacancy/133216134
Менеджер,132993594,Торговый агент HoReCa,Integrita,Москва,100000.0,200000.0,150000.0,RUR,True,От 1 года до 3 лет,,,2026-05-12T12:54:13+0300,https://hh.ru/vacancy/132993594
Менеджер,132580685,Торговый агент/Торговый представитель (ЮЗАО),Integrita,Москва,100000.0,150000.0,125000.0,RUR,True,От 1 года до 3 лет,,,2026-05-12T12:53:16+0300,https://hh.ru/vacancy/132580685
Менеджер,132993498,Торговый представитель HoReCa,Integrita,Москва,100000.0,,100000.0,RUR,False,Нет опыта,,,2026-05-12T12:52:58+0300,https://hh.ru/vacancy/132993498
Менеджер,132991841,Управляющий рестораном WRF (Fine Dining),White Rabbit Family,Москва,300000.0,,300000.0,RUR,True,Более 6 лет,,,2026-05-12T12:28:01+0300,https://hh.ru/vacancy/132991841
Менеджер,132969830,Менеджер в бургерную #FARШ (м Чистые пруды),Профит Бургерс,Москва,75000.0,97000.0,86000.0,RUR,True,От 1 года до 3 лет,,,2026-05-12T07:15:05+0300,https://hh.ru/vacancy/132969830
Менеджер,133150958,Помощник руководителя,КРОСТ,Москва,150000.0,180000.0,165000.0,RUR,False,От 3 до 6 лет,,,2026-05-15T18:21:03+0300,https://hh.ru/vacancy/133150958
Менеджер,133084973,"Менеджер смены ROSTIC`S / Ростикс (Пл. Юности, 2)",АРТ РЕСТ,Зеленоград,95000.0,105000.0,100000.0,RUR,True,Нет опыта,,,2026-05-14T11:26:34+0300,https://hh.ru/vacancy/133084973
Менеджер,132176859,Менеджер в ресторан (отель),М Сервис,Москва,120000.0,,120000.0,RUR,False,От 1 года до 3 лет,,,2026-05-14T09:59:58+0300,https://hh.ru/vacancy/132176859
Менеджер,132627051,"Раннер (помощник официанта) в ресторан ""The Бык"" (м. Фрунзенская)",Ресторан The Бык (ИП Межлумова Ирина Юльевна),Москва,100000.0,,100000.0,RUR,False,Нет опыта,,,2026-05-14T16:17:05+0300,https://hh.ru/vacancy/132627051
Менеджер,133042420,"Продавец-консультант TSUM женская мода (Diesel, MSGM, Blumarine, A.P.C.)","ЦУМ, ТД",Москва,120000.0,,120000.0,RUR,True,От 1 года до 3 лет,,,2026-05-13T12:33:48+0300,https://hh.ru/vacancy/133042420
Менеджер,133104712,Инвестиционный консультант,Альфа-Банк,Москва,,,,,,От 3 до 6 лет,,,2026-05-14T17:08:09+0300,https://hh.ru/vacancy/133104712
Менеджер,133097137,Руководитель цифрового продукта,Альфа-Банк,Москва,,,,,,От 3 до 6 лет,,,2026-05-14T14:52:53+0300,https://hh.ru/vacancy/133097137
Менеджер,133013251,"Продавец-консультант TSUM мужские сорочки и аксессуары (Stefano Ricci, Brioni, Zilli)","ЦУМ, ТД",Москва,100000.0,150000.0,125000.0,RUR,True,От 1 года до 3 лет,,,2026-05-12T18:33:59+0300,https://hh.ru/vacancy/133013251
Менеджер,133013214,Продавец-консультант TSUM POP-UP,"ЦУМ, ТД",Москва,100000.0,120000.0,110000.0,RUR,True,От 1 года до 3 лет,,,2026-05-12T18:31:46+0300,https://hh.ru/vacancy/133013214
Менеджер,133013143,"Продавец-консультант TSUM COLLECT (женские сумки Dior, Chanel, Hermes)","ЦУМ, ТД",Москва,100000.0,150000.0,125000.0,RUR,True,От 1 года до 3 лет,,,2026-05-12T18:27:05+0300,https://hh.ru/vacancy/133013143
Менеджер,133057346,Менеджер в ресторан,Лаки,Москва,120000.0,180000.0,150000.0,RUR,False,От 1 года до 3 лет,,,2026-05-13T16:20:26+0300,https://hh.ru/vacancy/133057346
Менеджер,132735171,Project Marketing Manager (офис),СИНЕРГИЯ,Москва,100000.0,120000.0,110000.0,RUR,False,От 1 года до 3 лет,,,2026-05-14T13:32:24+0300,https://hh.ru/vacancy/132735171
Менеджер,130605295,Кладовщик в отель (Оператор 1С),Crocus Group,Москва,80000.0,100000.0,90000.0,RUR,False,От 1 года до 3 лет,,,2026-05-12T10:04:31+0300,https://hh.ru/vacancy/130605295
Менеджер,132934578,Ученик риелтора/начинающий рилетор,МИЭЛЬ,Москва,550000.0,,550000.0,RUR,False,Нет опыта,,,2026-05-08T18:31:57+0300,https://hh.ru/vacancy/132934578
Менеджер,133126687,Менеджер смены ресторана (Москва),БУРГЕР КИНГ РОССИЯ,Москва,93130.0,106000.0,99565.0,RUR,True,От 1 года до 3 лет,,,2026-05-15T10:52:43+0300,https://hh.ru/vacancy/133126687
Менеджер,133150663,Менеджер в ресторан,М Сервис,Москва,110000.0,,110000.0,RUR,False,От 1 года до 3 лет,,,2026-05-15T18:08:09+0300,https://hh.ru/vacancy/133150663
Менеджер,133013210,Продавец-консультант ЦУМ Женская обувь,"ЦУМ, ТД",Москва,100000.0,,100000.0,RUR,True,От 1 года до 3 лет,,,2026-05-12T18:31:27+0300,https://hh.ru/vacancy/133013210
Менеджер,132262568,Официант в ресторан (метро Шелепиха),Major Agro,Москва,200000.0,,200000.0,RUR,False,От 1 года до 3 лет,,,2026-05-15T14:08:09+0300,https://hh.ru/vacancy/132262568
Менеджер,132867071,Доставщик продуктов-курьер,Кадровый стандарт,Москва,120000.0,,120000.0,RUR,False,Нет опыта,,,2026-05-07T08:42:52+0300,https://hh.ru/vacancy/132867071
Менеджер,132198545,Оператор систем противопожарной защиты,Crocus Group,Москва,57500.0,57500.0,57500.0,RUR,True,От 1 года до 3 лет,,,2026-05-12T10:04:22+0300,https://hh.ru/vacancy/132198545
Менеджер,133106332,Администратор в ресторан,Кублицкий Вячеслав Борисович,Москва,4000.0,10000.0,7000.0,RUR,False,От 1 года до 3 лет,,,2026-05-14T17:47:05+0300,https://hh.ru/vacancy/133106332
Менеджер,133092640,Специалист по сопровождению ключевых клиентов,MANGO OFFICE,Москва,120000.0,150000.0,135000.0,RUR,True,От 3 до 6 лет,,,2026-05-14T13:31:06+0300,https://hh.ru/vacancy/133092640
Менеджер,133057532,Менеджер в ресторан City Beach Club,Петров Захар Васильевич,Москва,130000.0,180000.0,155000.0,RUR,False,От 3 до 6 лет,,,2026-05-13T16:24:05+0300,https://hh.ru/vacancy/133057532
Менеджер,133106685,Трейд-маркетолог,Гринфилдс-Логистика,Москва,,,,,,От 3 до 6 лет,,,2026-05-14T18:00:40+0300,https://hh.ru/vacancy/133106685
Менеджер,132598762,Заместитель управляющего рестораном,Unica (ООО Альянс),Москва,150000.0,,150000.0,RUR,False,От 3 до 6 лет,,,2026-05-15T21:24:11+0300,https://hh.ru/vacancy/132598762
Менеджер,132981594,"Специалист по бюджетным продажам (44, 223 ФЗ)/Фармацевт-Провизор",ФК ПУЛЬС,Москва,,,,,,От 1 года до 3 лет,,,2026-05-12T10:25:28+0300,https://hh.ru/vacancy/132981594
Менеджер,133032642,Ведущий специалист отдела продаж,ФК ПУЛЬС,Москва,,,,,,От 1 года до 3 лет,,,2026-05-13T10:28:24+0300,https://hh.ru/vacancy/133032642
Менеджер,132912483,Повар на АЗС (МКАД 15 км),ЛУКОЙЛ,Москва,107000.0,,107000.0,RUR,True,От 1 года до 3 лет,,,2026-05-08T10:08:35+0300,https://hh.ru/vacancy/132912483
Менеджер,133136253,"Менеджер в ресторан ""MIRRIS""",Ресторанный комплекс,Москва,150000.0,,150000.0,RUR,True,От 3 до 6 лет,,,2026-05-15T13:23:18+0300,https://hh.ru/vacancy/133136253
Менеджер,132484749,Менеджер в ресторан (м Шелепиха),Major Agro,Москва,137000.0,177000.0,157000.0,RUR,False,От 3 до 6 лет,,,2026-05-15T17:47:16+0300,https://hh.ru/vacancy/132484749
Менеджер,129457829,Начинающий агент по недвижимости,МИЭЛЬ,Москва,550000.0,750000.0,650000.0,RUR,False,Нет опыта,,,2026-05-08T10:11:28+0300,https://hh.ru/vacancy/129457829
Менеджер,132890875,Помощник/ассистент руководителя,Президентская академия ( РАНХиГС ) - Российская академия народного хозяйства и государственной службы при Президенте РФ,Москва,100000.0,,100000.0,RUR,True,От 1 года до 3 лет,,,2026-05-07T15:40:38+0300,https://hh.ru/vacancy/132890875
Менеджер,132943089,Риелтор/Начинающий агент по недвижимости,МИЭЛЬ,Москва,550000.0,650000.0,600000.0,RUR,False,Нет опыта,,,2026-05-09T18:32:01+0300,https://hh.ru/vacancy/132943089
Менеджер,133005240,Юрист,ОРГАНИК ГОЛЬФ,Москва,120000.0,,120000.0,RUR,False,От 3 до 6 лет,,,2026-05-12T15:46:48+0300,https://hh.ru/vacancy/133005240
Менеджер,132878559,Личный ассистент руководителя,White Rabbit Family,Москва,,250000.0,250000.0,RUR,False,От 3 до 6 лет,,,2026-05-07T12:07:04+0300,https://hh.ru/vacancy/132878559
Менеджер,132758581,Специалист отдела запасных частей (м. Чертановская),СП БИЗНЕС КАР,Москва,100000.0,110000.0,105000.0,RUR,False,От 1 года до 3 лет,,,2026-05-04T16:59:12+0300,https://hh.ru/vacancy/132758581
Менеджер,132895427,"Продавец-Консультант мультизоны сумок ЦУМ (Chloe, Jimmy Choo, Jacquemus, Jil Sander и др.)","ЦУМ, ТД",Москва,100000.0,,100000.0,RUR,True,От 1 года до 3 лет,,,2026-05-07T17:04:40+0300,https://hh.ru/vacancy/132895427
Менеджер,132965855,Управляющий рестораном,Хот Дог Бульдог,Москва,110000.0,130000.0,120000.0,RUR,False,От 1 года до 3 лет,,,2026-05-12T01:12:21+0300,https://hh.ru/vacancy/132965855
Менеджер,133149443,Архитектор АСУ ТП,Скала^р,Москва,,,,,,От 3 до 6 лет,,,2026-05-15T17:25:20+0300,https://hh.ru/vacancy/133149443
Менеджер,132810926,Руководитель розничного магазина,ЭКСЦЕЛЬСИОР,Москва,90000.0,140000.0,115000.0,RUR,False,От 3 до 6 лет,,,2026-05-05T17:23:32+0300,https://hh.ru/vacancy/132810926
Менеджер,132083665,Торговый представитель HoReCa,Integrita,Москва,,,,,,От 1 года до 3 лет,,,2026-05-04T13:42:20+0300,https://hh.ru/vacancy/132083665
Менеджер,133065157,Менеджер в ресторан Премиум «𝐍𝐈𝐊𝐈 𝕡𝕚𝕒𝕟𝕠 𝕓𝕒𝕣» 𝐋𝐔𝐂𝐊𝐘 𝐆𝐑𝐎𝐔𝐏,RESTO CLUB (ООО Компания ТМ),Москва,180000.0,,180000.0,RUR,False,Более 6 лет,,,2026-05-13T21:22:30+0300,https://hh.ru/vacancy/133065157
Менеджер,132598044,HR-manager,ДЕЛЕГАТ,Москва,80000.0,120000.0,100000.0,RUR,False,От 1 года до 3 лет,,,2026-04-28T19:04:51+0300,https://hh.ru/vacancy/132598044
Менеджер,132830487,Продавец-консультант ЦУМ (направление сумок и кожаных изделий),"ЦУМ, ТД",Москва,100000.0,,100000.0,RUR,True,От 1 года до 3 лет,,,2026-05-06T10:31:52+0300,https://hh.ru/vacancy/132830487
Менеджер,132790468,Руководитель цифрового продукта (ИИ-помощник),Альфа-Банк,Москва,,,,,,От 3 до 6 лет,,,2026-05-05T13:13:52+0300,https://hh.ru/vacancy/132790468
Менеджер,132630934,Сварщик на полуавтомат,"RBCMarket (Restaurant, Bar, Cafe): профессиональное оборудование и мебель",Москва,99000.0,135000.0,117000.0,RUR,False,От 3 до 6 лет,,,2026-04-29T16:14:42+0300,https://hh.ru/vacancy/132630934
Менеджер,131213637,Инструктор производственного обучения,ВкусВилл,Москва,70000.0,,70000.0,RUR,False,От 1 года до 3 лет,,,2026-05-12T16:35:34+0300,https://hh.ru/vacancy/131213637
Менеджер,132119729,"Руководитель по развитию направления ""Онкология""",Медицина,Москва,,,,,,От 3 до 6 лет,,,2026-05-05T18:33:01+0300,https://hh.ru/vacancy/132119729
Менеджер,132848905,Менеджер грузинского ресторана Cha Cha,Хорека,Москва,90000.0,120000.0,105000.0,RUR,False,От 1 года до 3 лет,,,2026-05-06T15:12:04+0300,https://hh.ru/vacancy/132848905
Менеджер,132957451,Официант в ресторан м Шелепиха,Major Agro,Москва,200000.0,,200000.0,RUR,False,От 1 года до 3 лет,,,2026-05-11T10:54:04+0300,https://hh.ru/vacancy/132957451
Менеджер,132779236,Продавец-консультант TSUM детская обувь,"ЦУМ, ТД",Москва,100000.0,,100000.0,RUR,True,От 1 года до 3 лет,,,2026-05-05T10:30:17+0300,https://hh.ru/vacancy/132779236
Менеджер,129427840,Охранник,Crocus Group,Москва,65000.0,,65000.0,RUR,True,От 1 года до 3 лет,,,2026-05-04T11:23:08+0300,https://hh.ru/vacancy/129427840
Менеджер,131950885,"Менеджер в ресторан ""Холоп"" МОСКИНО",VASILCHUKI Restaurant Group,Москва,120000.0,,120000.0,RUR,False,От 1 года до 3 лет,,,2026-05-07T15:10:04+0300,https://hh.ru/vacancy/131950885
Менеджер,131965029,"Менеджер в ресторан ""Чебурашка"" Vasilchuki (Москино)",VASILCHUKI Restaurant Group,Москва,120000.0,,120000.0,RUR,False,Нет опыта,,,2026-05-07T12:50:04+0300,https://hh.ru/vacancy/131965029
Менеджер,132919049,Руководитель отдела закупок,АКСИОМА,Москва,,200000.0,200000.0,RUR,False,От 3 до 6 лет,,,2026-05-08T12:09:59+0300,https://hh.ru/vacancy/132919049
Менеджер,131702655,"Продавец-консультант корнеровых брендов сумок TSUM (Bottega Veneta, Valentino, YSL)",Mercury,Москва,100000.0,,100000.0,RUR,True,От 1 года до 3 лет,,,2026-05-04T15:06:40+0300,https://hh.ru/vacancy/131702655
Менеджер,132120865,"Руководитель по развитию направления ""Офтальмология""",Медицина,Москва,,,,,,От 3 до 6 лет,,,2026-05-05T11:37:54+0300,https://hh.ru/vacancy/132120865
Менеджер,131806960,Оператор на склад,Москва Карго,Москва,,,,,,От 1 года до 3 лет,,,2026-05-08T12:54:24+0300,https://hh.ru/vacancy/131806960
Менеджер,129535038,Продавец-кассир АЗС (Преображенская площадь),Retail Personal,Москва,70000.0,88000.0,79000.0,RUR,True,Нет опыта,,,2026-04-28T11:00:29+0300,https://hh.ru/vacancy/129535038
Менеджер,131729941,Помощник официанта в ресторан «Rink» (Ранер),ОРГАНИК ГОЛЬФ,Москва,75000.0,,75000.0,RUR,False,Нет опыта,,,2026-04-26T15:43:24+0300,https://hh.ru/vacancy/131729941
Менеджер,131834929,Продавец АЗС (Бутово),Retail Personal,Москва,75000.0,85000.0,80000.0,RUR,True,Нет опыта,,,2026-04-30T12:01:36+0300,https://hh.ru/vacancy/131834929
Менеджер,129602478,Руководитель оптово-розничных магазинов Валта Cash&Carry,Валта,Москва,,,,,,От 3 до 6 лет,,,2026-05-04T15:54:14+0300,https://hh.ru/vacancy/129602478
Менеджер,132798527,Кассир-официант в ресторан FARШ (м. Свиблово),Профит Бургерс,Москва,305.0,355.0,330.0,RUR,False,Нет опыта,,,2026-05-05T14:25:45+0300,https://hh.ru/vacancy/132798527
Менеджер,132580889,Торговый агент HoReCa,Integrita,Москва,100000.0,150000.0,125000.0,RUR,True,Нет опыта,,,2026-04-28T13:29:00+0300,https://hh.ru/vacancy/132580889
Менеджер,132817628,Менеджер караоке,Ли,Москва,100000.0,150000.0,125000.0,RUR,False,От 1 года до 3 лет,,,2026-05-06T04:15:07+0300,https://hh.ru/vacancy/132817628
Менеджер,132147690,Руководитель отдела по работе с клиентами,RussiaDiscovery,Москва,,,,,,Более 6 лет,,,2026-05-05T16:37:12+0300,https://hh.ru/vacancy/132147690
Менеджер,131909756,Менеджер смены ROSTIC`S / Ростикс Краснопресненская,АРТ РЕСТ,Москва,95000.0,105000.0,100000.0,RUR,True,Нет опыта,,,2026-05-04T11:54:51+0300,https://hh.ru/vacancy/131909756
Менеджер,132634713,Доставка карт//Представитель//Мобильный банкир,Департамент персонала,Москва,120000.0,140000.0,130000.0,RUR,True,Нет опыта,,,2026-04-29T17:57:43+0300,https://hh.ru/vacancy/132634713
Менеджер,132581128,Торговый агент HoReCa (Южнопортовый р-н),Integrita,Москва,100000.0,150000.0,125000.0,RUR,False,Нет опыта,,,2026-04-28T13:31:41+0300,https://hh.ru/vacancy/132581128
Менеджер,132777189,Руководитель направления развития активации и удержания кроссблочных клиентов,Альфа-Банк,Москва,,,,,,От 1 года до 3 лет,,,2026-05-05T10:02:09+0300,https://hh.ru/vacancy/132777189
Менеджер,130321170,Директор по маркетингу,ОРГАНИК ГОЛЬФ,Москва,,,,,,От 3 до 6 лет,,,2026-05-04T11:38:26+0300,https://hh.ru/vacancy/130321170
Менеджер,132740134,Стажер Project Manager (Digital),Интерактивное агентство Это Легко,Москва,,,,,,Нет опыта,,,2026-05-04T12:42:31+0300,https://hh.ru/vacancy/132740134
Менеджер,132640779,Хостес в Rock n Roll bar,Рок-н-ролл,Москва,40000.0,55000.0,47500.0,RUR,False,От 1 года до 3 лет,,,2026-04-29T21:04:32+0300,https://hh.ru/vacancy/132640779
Менеджер,132689135,Менеджер винно-мясного ресторана «STEAK IT EASY»,VASILCHUKI Restaurant Group,Москва,85000.0,120000.0,102500.0,RUR,False,От 1 года до 3 лет,,,2026-05-01T15:03:31+0300,https://hh.ru/vacancy/132689135
Менеджер,132853703,Встречающий менеджер Joli,italy,Москва,120000.0,,120000.0,RUR,False,От 1 года до 3 лет,,,2026-05-06T16:48:41+0300,https://hh.ru/vacancy/132853703
Менеджер,132717593,Корпоративный юрист (в единственном лице),ГЕМ,Москва,108000.0,108000.0,108000.0,RUR,False,От 1 года до 3 лет,,,2026-05-04T08:40:00+0300,https://hh.ru/vacancy/132717593
Менеджер,132500625,Администратор-кассир в ресторан Мясо&Рыба (м Тверская),BTConsult,Москва,97000.0,,97000.0,RUR,True,Нет опыта,,,2026-04-26T11:30:59+0300,https://hh.ru/vacancy/132500625
Менеджер,132628833,"Продавец-консультант TSUM, мужская мода (Maison Margiela, RICK OWENS)","ЦУМ, ТД",Москва,110000.0,,110000.0,RUR,True,От 1 года до 3 лет,,,2026-04-29T15:29:09+0300,https://hh.ru/vacancy/132628833
Менеджер,132779606,Тендерный специалист,Комплаинс Контрол,Брянск,,,,,,От 1 года до 3 лет,,,2026-05-05T10:35:04+0300,https://hh.ru/vacancy/132779606
Менеджер,132567891,Менеджер в ресторан русской кухни Ешки Матрешки (м. Войковская/Коптево),НАУКА,Москва,7000.0,10000.0,8500.0,RUR,False,От 1 года до 3 лет,,,2026-04-28T10:08:23+0300,https://hh.ru/vacancy/132567891
Менеджер,132575811,Пресейл-инженер (СХД),Атлас,Москва,,,,,,Более 6 лет,,,2026-04-28T12:11:59+0300,https://hh.ru/vacancy/132575811
Менеджер,132546217,"Продавец-консультант ЦУМ Женская мода (Bottega Veneta, Dries Van Note, Maison Margielan)","ЦУМ, ТД",Москва,100000.0,,100000.0,RUR,True,От 1 года до 3 лет,,,2026-04-27T16:19:38+0300,https://hh.ru/vacancy/132546217
Менеджер,132581180,Продавец-консультант TSUM мужская мода (Brunello Cucinelli),"ЦУМ, ТД",Москва,110000.0,150000.0,130000.0,RUR,True,От 1 года до 3 лет,,,2026-04-28T13:32:57+0300,https://hh.ru/vacancy/132581180
Менеджер,132575298,"Продавец-Консультант корнеровых брендов сумок TSUM (YSL, Bottega Veneta, Dolce & Gabbana, Valentino)","ЦУМ, ТД",Москва,100000.0,,100000.0,RUR,True,От 3 до 6 лет,,,2026-04-28T12:04:39+0300,https://hh.ru/vacancy/132575298
Менеджер,130875899,Помощник риелтора/Агент по недвижимости,МИЭЛЬ,Москва,480000.0,680000.0,580000.0,RUR,False,Нет опыта,,,2026-04-27T14:15:03+0300,https://hh.ru/vacancy/130875899
Менеджер,132568767,Начинающий риелтор/Помощник риелтора(ученик),МИЭЛЬ,Москва,450000.0,550000.0,500000.0,RUR,False,Нет опыта,,,2026-04-28T10:21:54+0300,https://hh.ru/vacancy/132568767
Менеджер,132526607,Продавец-консультант в отдел косметики и парфюмерии TSUM,"ЦУМ, ТД",Москва,115000.0,,115000.0,RUR,True,От 1 года до 3 лет,,,2026-04-27T11:46:12+0300,https://hh.ru/vacancy/132526607
Менеджер,132857860,Project Manager (digital),Интерактивное агентство Это Легко,Москва,,,,,,От 1 года до 3 лет,,,2026-05-06T19:20:03+0300,https://hh.ru/vacancy/132857860
Менеджер,132478171,Торговый представитель (без поиска) в банк,Департамент персонала,Москва,120000.0,140000.0,130000.0,RUR,True,Нет опыта,,,2026-04-24T14:38:08+0300,https://hh.ru/vacancy/132478171
Менеджер,132059413,Официант в ресторан (м Сокол),Major Agro,Москва,150000.0,,150000.0,RUR,False,От 1 года до 3 лет,,,2026-05-04T18:03:09+0300,https://hh.ru/vacancy/132059413
Менеджер,132548590,Руководитель направления по работе с девелоперами,СИНЕРГИЯ,Москва,,,,,,От 3 до 6 лет,,,2026-04-27T17:06:51+0300,https://hh.ru/vacancy/132548590
Менеджер,132627276,Менеджер в hookahplace VDNH,Рестикон,Москва,130000.0,160000.0,145000.0,RUR,False,От 1 года до 3 лет,,,2026-04-29T14:59:49+0300,https://hh.ru/vacancy/132627276
Менеджер,131013010,Security Compliance Manager,Т-Банк,Москва,,,,,,От 1 года до 3 лет,,,2026-04-29T14:56:43+0300,https://hh.ru/vacancy/131013010
Менеджер,132456291,Менеджер Вкусно и Точка (Аэропорт Шереметьево Д),Развитие РОСТ,Москва,113000.0,,113000.0,RUR,True,От 1 года до 3 лет,,,2026-04-24T07:25:16+0300,https://hh.ru/vacancy/132456291
Менеджер,131445379,Официант в ресторан (м Шелепиха/ЖК Сердце Столицы),Major Agro,Москва,200000.0,,200000.0,RUR,False,От 1 года до 3 лет,,,2026-05-01T09:21:40+0300,https://hh.ru/vacancy/131445379
Менеджер,132615651,"Менеджер премиум ресторана ""ИНО""",Major Agro,Москва,150000.0,190000.0,170000.0,RUR,False,От 3 до 6 лет,,,2026-05-05T08:41:31+0300,https://hh.ru/vacancy/132615651
Менеджер,132622790,Оператор call-центра (входящая линия),Московская Биржа,Москва,,,,,,Нет опыта,,,2026-04-29T13:27:41+0300,https://hh.ru/vacancy/132622790
Менеджер,132678650,Менеджер в ресторан Anna Bistro,Ромашка,Москва,150000.0,180000.0,165000.0,RUR,False,От 1 года до 3 лет,,,2026-04-30T18:07:43+0300,https://hh.ru/vacancy/132678650
Менеджер,132598780,Сервис-менеджер баров Segreto,Unica (ООО Альянс),Москва,120000.0,,120000.0,RUR,False,От 1 года до 3 лет,,,2026-04-28T20:14:49+0300,https://hh.ru/vacancy/132598780
Менеджер,132625565,Интернет-маркетолог по работе с ИИ-ботами (стажер),Интерактивное агентство Это Легко,Москва,20000.0,30000.0,25000.0,RUR,True,Нет опыта,,,2026-04-29T14:22:06+0300,https://hh.ru/vacancy/132625565
Менеджер,131332126,Управляющий рестораном,Росинтер Ресторантс,Москва,,,,,,От 1 года до 3 лет,,,2026-04-27T14:55:36+0300,https://hh.ru/vacancy/131332126
Менеджер,132572938,"Менеджер в ресторан Lambic Brasserie (м. Таганская, М. Арбатская)",UPSTER,Москва,120000.0,,120000.0,RUR,False,От 1 года до 3 лет,,,2026-04-28T11:25:04+0300,https://hh.ru/vacancy/132572938
Менеджер,132638360,Интернет-маркетолог для работы с ИИ-ботами,Интерактивное агентство Это Легко,Москва,,,,,,От 1 года до 3 лет,,,2026-04-29T19:19:36+0300,https://hh.ru/vacancy/132638360
Менеджер,132892188,Менеджер ресторана,Well-Being отель,Москва,100000.0,,100000.0,RUR,False,Нет опыта,,,2026-05-22T16:09:02+0300,https://hh.ru/vacancy/132892188
Менеджер,133235579,Специалист чат-поддержки клиентов,АльфаСтрахование,Москва,,,,,,От 1 года до 3 лет,,,2026-05-19T09:33:15+0300,https://hh.ru/vacancy/133235579
Менеджер,131710393,Заместитель директора ресторана ROSTIC`S (м. Кузнецкий Мост),Сити Ресторантс,Москва,100000.0,125900.0,112950.0,RUR,True,От 1 года до 3 лет,,,2026-05-23T19:57:01+0300,https://hh.ru/vacancy/131710393
Менеджер,100651207,Менеджер ресторана (м. Профсоюзная),Додо Пицца (Корпоративная розничная сеть),Москва,,114000.0,114000.0,RUR,True,От 1 года до 3 лет,,,2026-05-22T23:33:25+0300,https://hh.ru/vacancy/100651207
Менеджер,100648645,Менеджер ресторана (м. Каховская),Додо Пицца (Корпоративная розничная сеть),Москва,,114000.0,114000.0,RUR,True,От 1 года до 3 лет,,,2026-05-22T22:33:24+0300,https://hh.ru/vacancy/100648645
Менеджер,100648646,Менеджер ресторана (м. Беляево),Додо Пицца (Корпоративная розничная сеть),Москва,,114000.0,114000.0,RUR,True,От 1 года до 3 лет,,,2026-05-22T22:33:24+0300,https://hh.ru/vacancy/100648646
Менеджер,100644663,Менеджер ресторана (м. Зюзино),Додо Пицца (Корпоративная розничная сеть),Москва,,114000.0,114000.0,RUR,True,От 1 года до 3 лет,,,2026-05-22T21:06:46+0300,https://hh.ru/vacancy/100644663
Менеджер,133264425,Менеджер ресторана (м. Войковская),Додо Пицца (ООО ДПМ Север),Москва,100000.0,,100000.0,RUR,False,От 1 года до 3 лет,,,2026-05-22T15:36:52+0300,https://hh.ru/vacancy/133264425
Менеджер,126362637,Менеджер ресторана (м. Севастопольская),Додо Пицца (Корпоративная розничная сеть),Москва,,114000.0,114000.0,RUR,True,От 1 года до 3 лет,,,2026-05-22T14:22:31+0300,https://hh.ru/vacancy/126362637
Менеджер,126362491,Менеджер ресторана (м. Крымская),Додо Пицца (Корпоративная розничная сеть),Москва,,114000.0,114000.0,RUR,True,От 1 года до 3 лет,,,2026-05-22T14:20:57+0300,https://hh.ru/vacancy/126362491
Менеджер,132582112,Менеджер ресторана (м. Динамо),Додо Пицца (ООО ДПМ Север),Москва,100000.0,,100000.0,RUR,False,От 1 года до 3 лет,,,2026-05-22T13:46:46+0300,https://hh.ru/vacancy/132582112
Менеджер,133348998,Менеджер ресторана,Грузинские каникулы,Москва,120000.0,,120000.0,RUR,True,От 1 года до 3 лет,,,2026-05-21T11:41:41+0300,https://hh.ru/vacancy/133348998
Менеджер,132874206,Менеджер ресторана (м. Планерная),Додо Пицца (ООО ДПМ Север),Москва,100000.0,,100000.0,RUR,False,От 1 года до 3 лет,,,2026-05-22T10:55:49+0300,https://hh.ru/vacancy/132874206
Менеджер,108628183,Менеджер ресторана (м. Юго-Западная),Додо Пицца (Корпоративная розничная сеть),Москва,,120000.0,120000.0,RUR,True,От 1 года до 3 лет,,,2026-05-22T15:46:19+0300,https://hh.ru/vacancy/108628183
Менеджер,132828843,Управляющий пиццерией/Директор ресторана,Додо Пицца (ООО ДПМ Север),Москва,130000.0,150000.0,140000.0,RUR,False,От 1 года до 3 лет,,,2026-05-21T10:12:35+0300,https://hh.ru/vacancy/132828843
Менеджер,133394598,Менеджер ресторана / Менеджер смены (м. Лианозово),Додо Пицца (ООО ДПМ Север),Москва,100000.0,,100000.0,RUR,False,От 1 года до 3 лет,,,2026-05-22T12:17:29+0300,https://hh.ru/vacancy/133394598
Менеджер,132680586,Менеджер ресторана (м. Дегунино),Додо Пицца (ООО ДПМ Север),Москва,100000.0,,100000.0,RUR,False,От 1 года до 3 лет,,,2026-05-21T18:58:02+0300,https://hh.ru/vacancy/132680586
Менеджер,133210048,Менеджер кафе (м.Белорусская),Печорин Групп,Москва,120000.0,,120000.0,RUR,False,От 1 года до 3 лет,,,2026-05-19T11:12:50+0300,https://hh.ru/vacancy/133210048
Менеджер,133361367,Менеджер ресторана (м. Жулебино),Додо Пицца (ООО ДПМ Север),Москва,100000.0,,100000.0,RUR,False,От 1 года до 3 лет,,,2026-05-21T14:48:53+0300,https://hh.ru/vacancy/133361367
Менеджер,109649402,Менеджер ресторана (м. Новогиреево),Додо Пицца (Корпоративная розничная сеть),Москва,,114000.0,114000.0,RUR,True,От 1 года до 3 лет,,,2026-05-21T13:32:51+0300,https://hh.ru/vacancy/109649402
Менеджер,109649898,Менеджер ресторана (м. Лубянка),Додо Пицца (Корпоративная розничная сеть),Москва,,120000.0,120000.0,RUR,True,От 1 года до 3 лет,,,2026-05-21T13:32:51+0300,https://hh.ru/vacancy/109649898
Менеджер,109649737,Менеджер ресторана (м. Новослободская),Додо Пицца (Корпоративная розничная сеть),Москва,,120000.0,120000.0,RUR,True,От 1 года до 3 лет,,,2026-05-21T13:32:50+0300,https://hh.ru/vacancy/109649737
Менеджер,126511864,Менеджер ресторана (м. Тропарево),Додо Пицца (Корпоративная розничная сеть),Москва,,114000.0,114000.0,RUR,True,От 1 года до 3 лет,,,2026-05-21T11:56:19+0300,https://hh.ru/vacancy/126511864
Менеджер,129827585,Менеджер ресторана (м. Арбатская),Додо Пицца (Корпоративная розничная сеть),Москва,,120000.0,120000.0,RUR,True,Нет опыта,,,2026-05-21T10:34:39+0300,https://hh.ru/vacancy/129827585
Менеджер,133342572,Менеджер ресторана ( ТЦ Водный),БУРГЕР КИНГ РОССИЯ,Москва,93130.0,106000.0,99565.0,RUR,True,От 1 года до 3 лет,,,2026-05-21T10:32:18+0300,https://hh.ru/vacancy/133342572
Менеджер,132826496,Менеджер ресторана (м. Третьяковская),Додо Пицца (Корпоративная розничная сеть),Москва,,120000.0,120000.0,RUR,True,От 1 года до 3 лет,,,2026-05-21T09:40:45+0300,https://hh.ru/vacancy/132826496
Менеджер,133364517,Менеджер ресторана / Менеджер смены (Долгопрудный),Додо Пицца (ООО ДПМ Север),Долгопрудный (Московская область),100000.0,,100000.0,RUR,False,От 1 года до 3 лет,,,2026-05-21T15:42:12+0300,https://hh.ru/vacancy/133364517
Менеджер,109646697,Менеджер ресторана (м. Шоссе Энтузиастов),Додо Пицца (Корпоративная розничная сеть),Москва,,114000.0,114000.0,RUR,True,От 1 года до 3 лет,,,2026-05-21T13:32:51+0300,https://hh.ru/vacancy/109646697
Менеджер,109650051,Менеджер ресторана (м. Чистые пруды),Додо Пицца (Корпоративная розничная сеть),Москва,,120000.0,120000.0,RUR,True,От 1 года до 3 лет,,,2026-05-21T13:32:50+0300,https://hh.ru/vacancy/109650051
Менеджер,100789193,Менеджер ресторана (м. Теплый стан),Додо Пицца (Корпоративная розничная сеть),Москва,,114000.0,114000.0,RUR,True,От 1 года до 3 лет,,,2026-05-21T08:56:21+0300,https://hh.ru/vacancy/100789193
Менеджер,133185445,Менеджер отдела управления проектами,НПП Доза,Химки (Московская область),,,,,,От 1 года до 3 лет,,,2026-05-22T15:22:22+0300,https://hh.ru/vacancy/133185445
Менеджер,133238668,Директор ресторана (ТЦ Гудзон),БУРГЕР КИНГ РОССИЯ,Москва,115000.0,126000.0,120500.0,RUR,True,От 1 года до 3 лет,,,2026-05-19T10:12:39+0300,https://hh.ru/vacancy/133238668
Менеджер,133239233,Директор ресторана ( ТЦ Каширская плаза),БУРГЕР КИНГ РОССИЯ,Москва,115000.0,126000.0,120500.0,RUR,True,От 1 года до 3 лет,,,2026-05-19T10:21:04+0300,https://hh.ru/vacancy/133239233
Менеджер,133151135,Менеджер ресторана «Мясо&Рыба» (м. Деловой центр),BTConsult,Москва,140000.0,,140000.0,RUR,True,От 1 года до 3 лет,,,2026-05-20T16:41:08+0300,https://hh.ru/vacancy/133151135
Менеджер,133028202,"Старший менеджер по продажам (входящие заявки, без поиска)",Восточные строительные технологии,Москва,176200.0,254600.0,215400.0,RUR,True,От 1 года до 3 лет,,,2026-05-22T09:33:19+0300,https://hh.ru/vacancy/133028202
Менеджер,131139813,Заместитель директора ресторана ROSTIC`S (м.ЦСКА),Сити Ресторантс,Москва,100000.0,125900.0,112950.0,RUR,True,От 1 года до 3 лет,,,2026-05-17T15:29:57+0300,https://hh.ru/vacancy/131139813
Менеджер,127768011,Менеджер ресторана (Rostic's ВДНХ),ЮНИРЕСТ,Москва,,147000.0,147000.0,RUR,True,От 1 года до 3 лет,,,2026-05-18T07:57:51+0300,https://hh.ru/vacancy/127768011
Менеджер,133169012,Заместитель директора ресторана ROSTIC`S (м. Аминьевская),Сити Ресторантс,Москва,100000.0,125900.0,112950.0,RUR,True,От 1 года до 3 лет,,,2026-05-17T15:24:54+0300,https://hh.ru/vacancy/133169012
Менеджер,132892825,"Менеджер по продажам (сетевая HoReCa, кафе, рестораны) Белорусская",Integrita,Москва,150000.0,300000.0,225000.0,RUR,True,От 1 года до 3 лет,,,2026-05-15T18:27:32+0300,https://hh.ru/vacancy/132892825
Менеджер,133184044,Младший менеджер ресторана (Rostic's Парк Горького),ЮНИРЕСТ,Москва,,119000.0,119000.0,RUR,True,От 1 года до 3 лет,,,2026-05-18T09:25:41+0300,https://hh.ru/vacancy/133184044
Менеджер,133004689,Заместитель директора ресторана,БУРГЕР КИНГ РОССИЯ,Москва,100000.0,113800.0,106900.0,RUR,True,От 1 года до 3 лет,,,2026-05-12T15:37:09+0300,https://hh.ru/vacancy/133004689
Менеджер,133169088,Менеджер ресторана ROSTIC`S (м. Новаторская),Сити Ресторантс,Москва,83900.0,101000.0,92450.0,RUR,True,Нет опыта,,,2026-05-17T15:37:16+0300,https://hh.ru/vacancy/133169088
Менеджер,133319266,Главный клиентский менеджер (м. Войковская),Россельхозбанк,Москва,110000.0,,110000.0,RUR,True,Нет опыта,,,2026-05-20T16:32:43+0300,https://hh.ru/vacancy/133319266
Менеджер,131773750,Менеджер ресторана (м.Октябрьская),"Тануки, японский ресторан",Москва,,131000.0,131000.0,RUR,False,От 1 года до 3 лет,,,2026-05-14T09:22:40+0300,https://hh.ru/vacancy/131773750
Менеджер,132136555,"Директор ресторана ""ROSTIC`S"" (г.Москва)",Сити Ресторантс,Ухта,127500.0,160000.0,143750.0,RUR,True,От 1 года до 3 лет,,,2026-05-14T15:18:38+0300,https://hh.ru/vacancy/132136555
Менеджер,133027294,Директор ресторана (м Сокол),БУРГЕР КИНГ РОССИЯ,Москва,115000.0,129000.0,122000.0,RUR,True,От 1 года до 3 лет,,,2026-05-13T09:22:42+0300,https://hh.ru/vacancy/133027294
Менеджер,125398612,Менеджер ресторана (Rostic's Внуковское),ЮНИРЕСТ,Москва,,101000.0,101000.0,RUR,True,От 1 года до 3 лет,,,2026-05-16T09:47:20+0300,https://hh.ru/vacancy/125398612
Менеджер,133169112,Менеджер ресторана ROSTIC`S (м. Народное Ополчение),Сити Ресторантс,Москва,83900.0,101000.0,92450.0,RUR,True,Нет опыта,,,2026-05-17T15:41:58+0300,https://hh.ru/vacancy/133169112
Менеджер,133169095,Менеджер ресторана ROSTIC`S (м. Деловой центр),Сити Ресторантс,Москва,83900.0,101000.0,92450.0,RUR,True,Нет опыта,,,2026-05-17T15:38:31+0300,https://hh.ru/vacancy/133169095
Менеджер,126626137,Менеджер ресторана (Rostic's Сколково),ЮНИРЕСТ,Москва,,101000.0,101000.0,RUR,True,От 1 года до 3 лет,,,2026-05-16T08:03:50+0300,https://hh.ru/vacancy/126626137
Менеджер,133168944,Менеджер ресторана ROSTIC`S (м. Речной вокзал),Сити Ресторантс,Москва,83900.0,101000.0,92450.0,RUR,True,Нет опыта,,,2026-05-17T15:14:48+0300,https://hh.ru/vacancy/133168944
Менеджер,133168914,Менеджер ресторана ROSTIC`S (м. Ленинский проспект),Сити Ресторантс,Москва,83900.0,101000.0,92450.0,RUR,True,Нет опыта,,,2026-05-17T15:11:58+0300,https://hh.ru/vacancy/133168914
Менеджер,132516855,Менеджер по работе с b2b клиентами,Восточные строительные технологии,Москва,176200.0,254600.0,215400.0,RUR,True,От 1 года до 3 лет,,,2026-05-21T09:31:37+0300,https://hh.ru/vacancy/132516855
Менеджер,133099099,Менеджер ресторана ROSTIC`S,Сити Ресторантс,Москва,83900.0,101000.0,92450.0,RUR,True,Нет опыта,,,2026-05-14T15:23:46+0300,https://hh.ru/vacancy/133099099
Менеджер,133127342,Менеджер/Администратор ресторана(ТЦ Квартал W ),БУРГЕР КИНГ РОССИЯ,Москва,93130.0,106000.0,99565.0,RUR,True,От 1 года до 3 лет,,,2026-05-15T11:04:13+0300,https://hh.ru/vacancy/133127342
Менеджер,131448580,Менеджер ресторана (м. Беломорская),"Тануки, японский ресторан",Москва,,130000.0,130000.0,RUR,False,От 1 года до 3 лет,,,2026-05-14T09:23:03+0300,https://hh.ru/vacancy/131448580
Менеджер,131531544,Менеджер ресторана (м. Алексеевская),"Тануки, японский ресторан",Москва,,130000.0,130000.0,RUR,False,От 1 года до 3 лет,,,2026-05-14T09:23:00+0300,https://hh.ru/vacancy/131531544
Менеджер,133004749,Администратор / Менеджер ресторана,БУРГЕР КИНГ РОССИЯ,Москва,93100.0,109200.0,101150.0,RUR,True,От 1 года до 3 лет,,,2026-05-12T15:37:59+0300,https://hh.ru/vacancy/133004749
Менеджер,133004744,Администратор / Менеджер ресторана,БУРГЕР КИНГ РОССИЯ,Москва,93100.0,109200.0,101150.0,RUR,True,От 1 года до 3 лет,,,2026-05-12T15:37:58+0300,https://hh.ru/vacancy/133004744
Менеджер,133004738,Администратор / Менеджер ресторана,БУРГЕР КИНГ РОССИЯ,Москва,93100.0,109200.0,101150.0,RUR,True,От 1 года до 3 лет,,,2026-05-12T15:37:56+0300,https://hh.ru/vacancy/133004738
Менеджер,133004687,Администратор / Менеджер ресторана,БУРГЕР КИНГ РОССИЯ,Москва,95400.0,109200.0,102300.0,RUR,True,От 1 года до 3 лет,,,2026-05-12T15:37:08+0300,https://hh.ru/vacancy/133004687
Менеджер,133004685,Администратор / Менеджер ресторана,БУРГЕР КИНГ РОССИЯ,Москва,95400.0,109200.0,102300.0,RUR,True,От 1 года до 3 лет,,,2026-05-12T15:37:06+0300,https://hh.ru/vacancy/133004685
Менеджер,133004680,Администратор / Менеджер ресторана,БУРГЕР КИНГ РОССИЯ,Москва,93100.0,109200.0,101150.0,RUR,True,От 1 года до 3 лет,,,2026-05-12T15:37:04+0300,https://hh.ru/vacancy/133004680
Менеджер,133004591,Администратор / Менеджер ресторана,БУРГЕР КИНГ РОССИЯ,Москва,95400.0,109200.0,102300.0,RUR,True,От 1 года до 3 лет,,,2026-05-12T15:35:44+0300,https://hh.ru/vacancy/133004591
Менеджер,133004264,Администратор / Менеджер ресторана,БУРГЕР КИНГ РОССИЯ,Балашиха (Московская область),95400.0,106900.0,101150.0,RUR,True,От 1 года до 3 лет,,,2026-05-12T15:30:45+0300,https://hh.ru/vacancy/133004264
Менеджер,130839352,Менеджер кафе (ТЦ Марфино),"Крошка-Картошка, Сеть кафе быстрого питания",Москва,95000.0,,95000.0,RUR,False,От 1 года до 3 лет,,,2026-05-08T14:17:36+0300,https://hh.ru/vacancy/130839352
Менеджер,129795234,Заместитель директора ресторана ROSTIC`S (м. Павелецкая),Сити Ресторантс,Москва,100000.0,125900.0,112950.0,RUR,True,От 1 года до 3 лет,,,2026-05-14T10:09:15+0300,https://hh.ru/vacancy/129795234
Менеджер,129516369,Менеджер ресторана (Rostic's Авиапарк),ЮНИРЕСТ,Москва,,112000.0,112000.0,RUR,True,От 1 года до 3 лет,,,2026-05-14T11:05:22+0300,https://hh.ru/vacancy/129516369
Менеджер,132390145,"Менеджер по продажам HoReCa (Балашиха, Реутов)",Восток - Запад,Королев (Московская область),130000.0,190000.0,160000.0,RUR,True,Нет опыта,,,2026-05-19T14:35:22+0300,https://hh.ru/vacancy/132390145
Менеджер,132390123,"Менеджер по продажам HoReCa (Балашиха, Реутов)",Восток - Запад,Балашиха (Московская область),130000.0,190000.0,160000.0,RUR,True,Нет опыта,,,2026-05-19T14:35:13+0300,https://hh.ru/vacancy/132390123
Менеджер,132923436,Младший менеджер ресторана (Rostic's Партизанская),ЮНИРЕСТ,Москва,,84500.0,84500.0,RUR,True,От 1 года до 3 лет,,,2026-05-14T13:26:34+0300,https://hh.ru/vacancy/132923436
Менеджер,133151334,Бренд-менеджер,ОРГАНИК ГОЛЬФ,Москва,210000.0,,210000.0,RUR,False,От 1 года до 3 лет,,,2026-05-15T18:47:43+0300,https://hh.ru/vacancy/133151334
Менеджер,133062608,Главный клиентский менеджер (Октябрьское поле),Россельхозбанк,Москва,110000.0,,110000.0,RUR,True,Нет опыта,,,2026-05-18T13:43:41+0300,https://hh.ru/vacancy/133062608
Менеджер,131710317,Менеджер ресторана ROSTIC`S (м.Беговая),Сити Ресторантс,Москва,83900.0,101000.0,92450.0,RUR,True,Нет опыта,,,2026-05-12T09:10:03+0300,https://hh.ru/vacancy/131710317
Менеджер,131988164,Менеджер ресторана (м.Краснопресненская),"Тануки, японский ресторан",Москва,,131000.0,131000.0,RUR,False,От 1 года до 3 лет,,,2026-05-08T14:39:57+0300,https://hh.ru/vacancy/131988164
Менеджер,132748170,Менеджер ресторана,Грузинские каникулы,Москва,120000.0,,120000.0,RUR,True,От 1 года до 3 лет,,,2026-05-04T14:28:41+0300,https://hh.ru/vacancy/132748170
Менеджер,131794499,Менеджер ресторана «Мясо&Рыба» (м. Молодежная),BTConsult,Москва,140000.0,,140000.0,RUR,True,От 1 года до 3 лет,,,2026-05-12T17:43:17+0300,https://hh.ru/vacancy/131794499
Менеджер,133193879,Клиентский менеджер Дополнительного офиса (м. Тульская),Россельхозбанк,Москва,110000.0,,110000.0,RUR,True,Нет опыта,,,2026-05-18T11:14:56+0300,https://hh.ru/vacancy/133193879
Менеджер,133192364,Клиентский менеджер Дополнительного офиса (м. Бабушкинская),Россельхозбанк,Москва,110000.0,,110000.0,RUR,True,Нет опыта,,,2026-05-18T10:58:15+0300,https://hh.ru/vacancy/133192364
Менеджер,132892435,"Менеджер по продажам (несетевая HoReCa, кафе, рестораны)",Integrita,Москва,150000.0,300000.0,225000.0,RUR,True,От 1 года до 3 лет,,,2026-05-07T16:13:46+0300,https://hh.ru/vacancy/132892435
Менеджер,131462218,Менеджер по продажам HoReCa (г. Троицк),Восток - Запад,Троицк (Москва),130000.0,190000.0,160000.0,RUR,True,Нет опыта,,,2026-05-18T12:31:21+0300,https://hh.ru/vacancy/131462218
Менеджер,132981765,Менеджер ресторана Папа Джонс (м. Алтуфьево),Эльба,Москва,90000.0,135000.0,112500.0,RUR,False,Нет опыта,,,2026-05-12T10:27:39+0300,https://hh.ru/vacancy/132981765
Менеджер,132892639,"Менеджер по продажам (сетевая HoReCa, кафе, рестораны, Фили)",Integrita,Москва,150000.0,300000.0,225000.0,RUR,True,От 1 года до 3 лет,,,2026-05-07T16:17:21+0300,https://hh.ru/vacancy/132892639
Менеджер,132892614,"Менеджер по продажам (сетевая HoReCa, кафе, рестораны, Хамовники)",Integrita,Москва,150000.0,300000.0,225000.0,RUR,True,От 1 года до 3 лет,,,2026-05-07T16:16:39+0300,https://hh.ru/vacancy/132892614
Менеджер,132982241,Менеджер ресторана Папа Джонс (м. Октябрьское поле),Эльба,Москва,90000.0,135000.0,112500.0,RUR,False,Нет опыта,,,2026-05-12T10:32:49+0300,https://hh.ru/vacancy/132982241
Менеджер,132778348,Администратор / Менеджер ресторана,БУРГЕР КИНГ РОССИЯ,Москва,95400.0,109200.0,102300.0,RUR,True,От 1 года до 3 лет,,,2026-05-05T10:17:18+0300,https://hh.ru/vacancy/132778348
Менеджер,132892665,"Менеджер по продажам (сетевая HoReCa, кафе, рестораны, Ленинский проспект)",Integrita,Москва,150000.0,300000.0,225000.0,RUR,True,От 1 года до 3 лет,,,2026-05-07T16:18:07+0300,https://hh.ru/vacancy/132892665
Менеджер,132934722,"Менеджер по продажам (сетевая HoReCa, кафе, рестораны), Долгопруднй, Лобня, Дмитровское шоссе",Integrita,Москва,150000.0,300000.0,225000.0,RUR,True,От 1 года до 3 лет,,,2026-05-08T18:43:52+0300,https://hh.ru/vacancy/132934722
Менеджер,132892700,"Менеджер по продажам (сетевая HoReCa, кафе, рестораны, Домодедово, Видное, Востряково)",Integrita,Москва,150000.0,300000.0,225000.0,RUR,True,От 1 года до 3 лет,,,2026-05-07T16:19:19+0300,https://hh.ru/vacancy/132892700
Менеджер,131709088,Менеджер ресторана ROSTIC`S (м.Таганская),Сити Ресторантс,Москва,83900.0,101000.0,92450.0,RUR,True,Нет опыта,,,2026-05-08T08:54:05+0300,https://hh.ru/vacancy/131709088
Менеджер,132892911,"Менеджер по продажам (сетевая HoReCa, кафе, рестораны)Долгопруднй, Лобня, Дмтировское шоссе",Integrita,Москва,150000.0,300000.0,225000.0,RUR,True,От 1 года до 3 лет,,,2026-05-07T16:23:44+0300,https://hh.ru/vacancy/132892911
Менеджер,131454964,Менеджер ресторана (м. Крылатское),Франклинс Бургер,Москва,,110000.0,110000.0,RUR,False,От 1 года до 3 лет,,,2026-05-05T13:16:52+0300,https://hh.ru/vacancy/131454964
Менеджер,131455780,Менеджер ресторана (м. Саларьево),Франклинс Бургер,Москва,,110000.0,110000.0,RUR,False,От 1 года до 3 лет,,,2026-05-05T13:15:56+0300,https://hh.ru/vacancy/131455780
Менеджер,127839763,Менеджер ресторана (Rostic's Семеновская),ЮНИРЕСТ,Москва,,101000.0,101000.0,RUR,True,От 1 года до 3 лет,,,2026-05-07T09:25:45+0300,https://hh.ru/vacancy/127839763
Менеджер,132892552,"Менеджер по продажам (сетевая HoReCa, кафе, рестораны)Киевская, Парк Победы, Кутузовская, Воробьевы",Integrita,Москва,150000.0,300000.0,225000.0,RUR,True,От 1 года до 3 лет,,,2026-05-07T16:15:36+0300,https://hh.ru/vacancy/132892552
Менеджер,132176110,Младший менеджер ресторана (Rostic's Люберцы Маркет),ЮНИРЕСТ,Москва,,84500.0,84500.0,RUR,True,От 1 года до 3 лет,,,2026-05-07T13:34:15+0300,https://hh.ru/vacancy/132176110
Менеджер,133028638,Главный клиентский менеджер (м. Октябрьское поле),Россельхозбанк,Москва,110000.0,,110000.0,RUR,True,Нет опыта,,,2026-05-13T09:37:52+0300,https://hh.ru/vacancy/133028638
Менеджер,133028759,Главный клиентский менеджер (м. Улица Скобелевская),Россельхозбанк,Москва,110000.0,,110000.0,RUR,True,Нет опыта,,,2026-05-13T09:40:01+0300,https://hh.ru/vacancy/133028759
Менеджер,130123348,Менеджер ресторана (Rostic's Партизанская),ЮНИРЕСТ,Москва,,101000.0,101000.0,RUR,True,От 1 года до 3 лет,,,2026-04-30T09:22:17+0300,https://hh.ru/vacancy/130123348
Менеджер,132788174,Менеджер ресторана (м. Улица 1905 года/м. Краснопресненская),"Тануки, японский ресторан",Москва,,131000.0,131000.0,RUR,False,От 1 года до 3 лет,,,2026-05-05T12:38:43+0300,https://hh.ru/vacancy/132788174
Менеджер,132172965,Младший менеджер ресторана (Rostic's Славянский),ЮНИРЕСТ,Москва,,84500.0,84500.0,RUR,True,От 1 года до 3 лет,,,2026-04-30T11:57:35+0300,https://hh.ru/vacancy/132172965
Менеджер,130195340,"Заместитель директора ресторана ROSTIC`S, м. Перово/Кусково д4",АРТ РЕСТ,Москва,100000.0,119000.0,109500.0,RUR,True,От 1 года до 3 лет,,,2026-04-30T16:55:08+0300,https://hh.ru/vacancy/130195340
Менеджер,128785848,Менеджер ресторана (Rostic's Капитолий Каширское),ЮНИРЕСТ,Москва,,101000.0,101000.0,RUR,True,От 1 года до 3 лет,,,2026-04-28T09:34:07+0300,https://hh.ru/vacancy/128785848
Менеджер,132776238,Главный клиентский менеджер (м. Зил),Россельхозбанк,Москва,110000.0,,110000.0,RUR,True,Нет опыта,,,2026-05-05T09:47:52+0300,https://hh.ru/vacancy/132776238
Менеджер,132892376,"Менеджер по продажам (кейтринговые компании, фабрики кухонь, столовые)",Integrita,Москва,150000.0,300000.0,225000.0,RUR,True,От 1 года до 3 лет,,,2026-05-07T16:12:39+0300,https://hh.ru/vacancy/132892376
Менеджер,133418909,Повар-кассир (Сотрудник ресторана),БУРГЕР КИНГ РОССИЯ,Москва,65000.0,94000.0,79500.0,RUR,True,Нет опыта,,,2026-05-23T08:43:28+0300,https://hh.ru/vacancy/133418909
Менеджер,132273748,Повар-кассир (Сотрудник ресторана),БУРГЕР КИНГ РОССИЯ,Москва,65000.0,94000.0,79500.0,RUR,True,Нет опыта,,,2026-05-23T08:43:14+0300,https://hh.ru/vacancy/132273748
Менеджер,133418867,Повар-кассир (Сотрудник ресторана),БУРГЕР КИНГ РОССИЯ,Москва,65000.0,94000.0,79500.0,RUR,True,Нет опыта,,,2026-05-23T08:41:54+0300,https://hh.ru/vacancy/133418867
Менеджер,133418859,Повар-кассир (Сотрудник ресторана),БУРГЕР КИНГ РОССИЯ,Москва,65000.0,94000.0,79500.0,RUR,True,Нет опыта,,,2026-05-23T08:40:13+0300,https://hh.ru/vacancy/133418859
Менеджер,132272781,Повар-кассир (Сотрудник ресторана),БУРГЕР КИНГ РОССИЯ,Москва,65000.0,94000.0,79500.0,RUR,True,Нет опыта,,,2026-05-23T08:26:21+0300,https://hh.ru/vacancy/132272781
Менеджер,132770635,Повар-кассир (Сотрудник ресторана),БУРГЕР КИНГ РОССИЯ,Москва,64000.0,94000.0,79000.0,RUR,True,Нет опыта,,,2026-05-23T08:11:15+0300,https://hh.ru/vacancy/132770635
Менеджер,132664667,Менеджер по продажам в фитнес клуб,В Кадре,Москва,150000.0,,150000.0,RUR,True,От 1 года до 3 лет,,,2026-04-30T13:33:52+0300,https://hh.ru/vacancy/132664667
Менеджер,132632837,Менеджер по работе с клиентами (Москва),Россельхозбанк,Москва,110000.0,,110000.0,RUR,True,Нет опыта,,,2026-04-29T16:59:34+0300,https://hh.ru/vacancy/132632837
Менеджер,133050890,Руководитель отдела продаж на патриотический проект,СИНЕРГИЯ,Москва,150000.0,,150000.0,RUR,False,От 1 года до 3 лет,,,2026-05-22T14:42:51+0300,https://hh.ru/vacancy/133050890
Менеджер,132464017,"Главный клиентский менеджер, г. Москва",Россельхозбанк,Москва,110000.0,,110000.0,RUR,True,Нет опыта,,,2026-04-24T10:33:46+0300,https://hh.ru/vacancy/132464017
Менеджер,133272117,Повар-кассир (Сотрудник ресторана),БУРГЕР КИНГ РОССИЯ,Москва,64000.0,94000.0,79000.0,RUR,True,Нет опыта,,,2026-05-22T18:09:26+0300,https://hh.ru/vacancy/133272117
Менеджер,133271642,Повар-кассир (Сотрудник ресторана),БУРГЕР КИНГ РОССИЯ,Москва,64000.0,94000.0,79000.0,RUR,True,Нет опыта,,,2026-05-22T17:53:16+0300,https://hh.ru/vacancy/133271642
Менеджер,132893971,Повар-кассир (сотрудник ресторана),БУРГЕР КИНГ РОССИЯ,Москва,64000.0,94000.0,79000.0,RUR,True,Нет опыта,,,2026-05-22T16:40:52+0300,https://hh.ru/vacancy/132893971
Менеджер,132741490,Повар – кассир (Сотрудник ресторана),БУРГЕР КИНГ РОССИЯ,Москва,64000.0,94000.0,79000.0,RUR,True,Нет опыта,,,2026-05-22T12:58:59+0300,https://hh.ru/vacancy/132741490
Менеджер,132459781,Администратор-кассир,Bổ,Москва,80000.0,100000.0,90000.0,RUR,False,Нет опыта,,,2026-05-21T09:16:01+0300,https://hh.ru/vacancy/132459781
Менеджер,132879887,Повар-кассир (Сотрудник ресторана),БУРГЕР КИНГ РОССИЯ,Москва,64000.0,94000.0,79000.0,RUR,True,Нет опыта,,,2026-05-22T12:33:23+0300,https://hh.ru/vacancy/132879887
Менеджер,133393601,Менеджер смены ресторана (ТЦ Развилка),БУРГЕР КИНГ РОССИЯ,Москва,93130.0,106000.0,99565.0,RUR,True,От 1 года до 3 лет,,,2026-05-22T12:04:35+0300,https://hh.ru/vacancy/133393601
Менеджер,133143875,Повар-кассир (Сотрудник ресторана),БУРГЕР КИНГ РОССИЯ,Москва,64000.0,94000.0,79000.0,RUR,True,Нет опыта,,,2026-05-21T15:30:02+0300,https://hh.ru/vacancy/133143875
Менеджер,133143739,Повар-кассир (Сотрудник ресторана),БУРГЕР КИНГ РОССИЯ,Москва,64000.0,94000.0,79000.0,RUR,True,Нет опыта,,,2026-05-21T15:27:04+0300,https://hh.ru/vacancy/133143739
Менеджер,133143674,Повар-кассир (Сотрудник ресторана),БУРГЕР КИНГ РОССИЯ,Зеленоград,64000.0,94000.0,79000.0,RUR,True,Нет опыта,,,2026-05-21T15:25:18+0300,https://hh.ru/vacancy/133143674
Менеджер,133143525,Повар-кассир (Сотрудник ресторана),БУРГЕР КИНГ РОССИЯ,Москва,64000.0,94000.0,79000.0,RUR,True,Нет опыта,,,2026-05-21T15:22:00+0300,https://hh.ru/vacancy/133143525
Менеджер,133143450,Повар-кассир (Сотрудник ресторана),БУРГЕР КИНГ РОССИЯ,Москва,64000.0,94000.0,79000.0,RUR,True,Нет опыта,,,2026-05-21T15:20:28+0300,https://hh.ru/vacancy/133143450
Менеджер,133143290,Повар-кассир (Сотрудник ресторана),БУРГЕР КИНГ РОССИЯ,Москва,64000.0,94000.0,79000.0,RUR,True,Нет опыта,,,2026-05-21T15:17:33+0300,https://hh.ru/vacancy/133143290
Менеджер,133143161,Повар-кассир (Сотрудник ресторана),БУРГЕР КИНГ РОССИЯ,Москва,64000.0,94000.0,79000.0,RUR,True,Нет опыта,,,2026-05-21T15:16:09+0300,https://hh.ru/vacancy/133143161
Менеджер,133210146,Повар-кассир (Сотрудник ресторана),БУРГЕР КИНГ РОССИЯ,Москва,64000.0,94000.0,79000.0,RUR,True,Нет опыта,,,2026-05-21T15:04:35+0300,https://hh.ru/vacancy/133210146
Менеджер,133341889,Повар-кассир (Сотрудник ресторана),БУРГЕР КИНГ РОССИЯ,Москва,64000.0,94000.0,79000.0,RUR,True,Нет опыта,,,2026-05-21T10:23:18+0300,https://hh.ru/vacancy/133341889
Менеджер,132975425,Повар-кассир (Сотрудник ресторана),БУРГЕР КИНГ РОССИЯ,Москва,64000.0,94000.0,79000.0,RUR,True,Нет опыта,,,2026-05-21T09:11:27+0300,https://hh.ru/vacancy/132975425
Менеджер,133304233,"Официант в ресторан ""The Бык"" (Арбат)",Ресторан The Бык (ИП Межлумова Ирина Юльевна),Москва,150000.0,,150000.0,RUR,False,Нет опыта,,,2026-05-20T13:30:42+0300,https://hh.ru/vacancy/133304233
Менеджер,131046749,Менеджер смены ROSTIC`S / Ростикс (Авиаматорная),АРТ РЕСТ,Москва,95000.0,105000.0,100000.0,RUR,True,Нет опыта,,,2026-05-20T13:02:28+0300,https://hh.ru/vacancy/131046749
Менеджер,131047026,Менеджер смены ROSTIC`S / Ростикс (Бирюлево),АРТ РЕСТ,Москва,95000.0,105000.0,100000.0,RUR,True,Нет опыта,,,2026-05-20T12:56:38+0300,https://hh.ru/vacancy/131047026
Менеджер,131046758,Менеджер смены ROSTIC`S / Ростикс (ЗИЛ),АРТ РЕСТ,Москва,95000.0,105000.0,100000.0,RUR,True,Нет опыта,,,2026-05-20T12:56:11+0300,https://hh.ru/vacancy/131046758
Менеджер,131831067,Продавец-консультант в бутик Dolce&Gabbana (Outlet Архангельское),"ЦУМ, ТД",Москва,100000.0,,100000.0,RUR,True,От 1 года до 3 лет,,,2026-05-18T14:46:26+0300,https://hh.ru/vacancy/131831067
Менеджер,129417077,Менеджер смены ROSTIC`S (м. Коломенская),АРТ РЕСТ,Москва,95000.0,105000.0,100000.0,RUR,True,Нет опыта,,,2026-05-20T13:04:33+0300,https://hh.ru/vacancy/129417077
Менеджер,129620110,Менеджер смены ROSTIC`S (м. Профсоюзная),АРТ РЕСТ,Москва,95000.0,105000.0,100000.0,RUR,True,Нет опыта,,,2026-05-20T13:03:48+0300,https://hh.ru/vacancy/129620110
Менеджер,129909858,Менеджер смены ROSTIC`S (м. Водный стадион),АРТ РЕСТ,Москва,95000.0,105000.0,100000.0,RUR,True,Нет опыта,,,2026-05-20T13:03:29+0300,https://hh.ru/vacancy/129909858
Менеджер,129753822,Менеджер смены ROSTIC`S (ТЦ Шангал м. Новогиреево),АРТ РЕСТ,Москва,95000.0,105000.0,100000.0,RUR,True,Нет опыта,,,2026-05-20T13:03:19+0300,https://hh.ru/vacancy/129753822
Менеджер,133131635,Продавец-кассир АЗС (м. Фонвизинская),Retail Personal,Москва,70000.0,90000.0,80000.0,RUR,True,Нет опыта,,,2026-05-15T12:09:29+0300,https://hh.ru/vacancy/133131635
Менеджер,133131143,"Продавец-кассир АЗС (Ростокино, ВДНХ)",Retail Personal,Москва,70000.0,90000.0,80000.0,RUR,True,Нет опыта,,,2026-05-15T12:03:44+0300,https://hh.ru/vacancy/133131143
Менеджер,133172065,Менеджер смены ROSTIC`S / Ростикс Каширская,АРТ РЕСТ,Москва,95000.0,105000.0,100000.0,RUR,True,Нет опыта,,,2026-05-17T22:37:27+0300,https://hh.ru/vacancy/133172065
Менеджер,132993765,"Торговый представитель (HoReCa, м. Тверская)",Integrita,Москва,100000.0,200000.0,150000.0,RUR,True,От 1 года до 3 лет,,,2026-05-12T12:57:01+0300,https://hh.ru/vacancy/132993765
Менеджер,132993766,"Торговый представитель (HoReCa, м. Тверская)",Integrita,Балашиха (Московская область),100000.0,200000.0,150000.0,RUR,True,От 1 года до 3 лет,,,2026-05-12T12:57:01+0300,https://hh.ru/vacancy/132993766
Менеджер,132993767,"Торговый представитель (HoReCa, м. Тверская)",Integrita,Королев (Московская область),100000.0,200000.0,150000.0,RUR,True,От 1 года до 3 лет,,,2026-05-12T12:57:01+0300,https://hh.ru/vacancy/132993767
Менеджер,132993768,"Торговый представитель (HoReCa, м. Тверская)",Integrita,Люберцы  (Московская область),100000.0,200000.0,150000.0,RUR,True,От 1 года до 3 лет,,,2026-05-12T12:57:01+0300,https://hh.ru/vacancy/132993768
Менеджер,132993769,"Торговый представитель (HoReCa, м. Тверская)",Integrita,Химки (Московская область),100000.0,200000.0,150000.0,RUR,True,От 1 года до 3 лет,,,2026-05-12T12:57:01+0300,https://hh.ru/vacancy/132993769
Менеджер,132993770,"Торговый представитель (HoReCa, м. Тверская)",Integrita,Мытищи (Московская область),100000.0,200000.0,150000.0,RUR,True,От 1 года до 3 лет,,,2026-05-12T12:57:01+0300,https://hh.ru/vacancy/132993770
Менеджер,132993771,"Торговый представитель (HoReCa, м. Тверская)",Integrita,Железнодорожный  (Московская область),100000.0,200000.0,150000.0,RUR,True,От 1 года до 3 лет,,,2026-05-12T12:57:01+0300,https://hh.ru/vacancy/132993771
Менеджер,133084908,Менеджер смены ROSTIC`S / Ростикс (ТЦ Иридиум),АРТ РЕСТ,Зеленоград,95000.0,105000.0,100000.0,RUR,True,Нет опыта,,,2026-05-14T11:25:29+0300,https://hh.ru/vacancy/133084908
Менеджер,132089356,Помощник риелтора / Начинающий агент по недвижимости,МИЭЛЬ,Москва,550000.0,750000.0,650000.0,RUR,False,Нет опыта,,,2026-05-12T12:01:23+0300,https://hh.ru/vacancy/132089356
Менеджер,133038482,Менеджер смены ROSTIC`S / Ростикс Щелковская,АРТ РЕСТ,Москва,95000.0,105000.0,100000.0,RUR,True,Нет опыта,,,2026-05-13T11:39:52+0300,https://hh.ru/vacancy/133038482
Менеджер,132301834,"Продавец-консультант (Детский магазин, Барвиха Luxury Village)",Mercury,Москва,120000.0,,120000.0,RUR,False,От 1 года до 3 лет,,,2026-05-12T11:04:43+0300,https://hh.ru/vacancy/132301834
Менеджер,133126869,Менеджер смены ресторана (м Добрынинская),БУРГЕР КИНГ РОССИЯ,Москва,93130.0,106000.0,99565.0,RUR,True,От 1 года до 3 лет,,,2026-05-15T10:56:09+0300,https://hh.ru/vacancy/133126869
Менеджер,132927470,Помощник риелтора/Стажер,МИЭЛЬ,Москва,550000.0,,550000.0,RUR,False,Нет опыта,,,2026-05-08T15:03:22+0300,https://hh.ru/vacancy/132927470
Менеджер,132992599,Менеджер смены ROSTIC`S / Ростикс (Преображенская площадь),АРТ РЕСТ,Москва,95000.0,105000.0,100000.0,RUR,True,Нет опыта,,,2026-05-12T12:39:45+0300,https://hh.ru/vacancy/132992599
Менеджер,133027994,Менеджер смены ресторана,БУРГЕР КИНГ РОССИЯ,Москва,93130.0,106000.0,99565.0,RUR,True,От 1 года до 3 лет,,,2026-05-13T09:32:03+0300,https://hh.ru/vacancy/133027994
Менеджер,132935074,Продавец-консультант в бутик MUST (Outlet Архангельское),"ЦУМ, ТД",Москва,120000.0,,120000.0,RUR,True,От 1 года до 3 лет,,,2026-05-08T19:30:47+0300,https://hh.ru/vacancy/132935074
Менеджер,132893081,"Продавец-Консультант корнеровых брендов сумок ЦУМ (YSL, Bottega Veneta, Dolce & Gabbana, Valentino)","ЦУМ, ТД",Москва,100000.0,,100000.0,RUR,True,От 3 до 6 лет,,,2026-05-07T16:28:02+0300,https://hh.ru/vacancy/132893081
Менеджер,127730306,Помощник риелтора / Начинающий агент по недвижимости,МИЭЛЬ,Москва,450000.0,,450000.0,RUR,False,Нет опыта,,,2026-05-05T12:10:08+0300,https://hh.ru/vacancy/127730306
Менеджер,132890853,Менеджер смены ROSTIC`S / Ростикс (Варшавская),АРТ РЕСТ,Москва,95000.0,105000.0,100000.0,RUR,True,Нет опыта,,,2026-05-07T15:40:02+0300,https://hh.ru/vacancy/132890853
Менеджер,129753766,Менеджер смены ROSTIC`S (м. Новогиреево),АРТ РЕСТ,Москва,95000.0,105000.0,100000.0,RUR,True,Нет опыта,,,2026-05-12T11:32:37+0300,https://hh.ru/vacancy/129753766
Менеджер,129620031,Менеджер смены ROSTIC`S (м. Тульская),АРТ РЕСТ,Москва,95000.0,105000.0,100000.0,RUR,True,Нет опыта,,,2026-05-12T11:32:33+0300,https://hh.ru/vacancy/129620031
Менеджер,128475245,Помощник риелтора / Начинающий агент по недвижимости,МИЭЛЬ,Москва,450000.0,,450000.0,RUR,False,Нет опыта,,,2026-05-04T13:17:40+0300,https://hh.ru/vacancy/128475245
Менеджер,132784333,Менеджер ROSTIC`S / Ростикс (Электрозаводская),АРТ РЕСТ,Москва,95000.0,105000.0,100000.0,RUR,True,Нет опыта,,,2026-05-05T11:39:38+0300,https://hh.ru/vacancy/132784333
Менеджер,132706764,Менеджер смены ROSTIC`S / Ростикс,АРТ РЕСТ,Москва,95000.0,105000.0,100000.0,RUR,True,Нет опыта,,,2026-05-03T17:37:56+0300,https://hh.ru/vacancy/132706764
Менеджер,132619494,"Продавец-Консультант мультизоны сумок ЦУМ ( Chloe, Jacquemus, Jil Sander и др.)","ЦУМ, ТД",Москва,100000.0,,100000.0,RUR,True,От 1 года до 3 лет,,,2026-04-29T12:22:26+0300,https://hh.ru/vacancy/132619494
Менеджер,132619487,"Продавец-консультант элитных интерьерных аксессуаров (хрусталь, фарфор, Lalique, Baccarat)","ЦУМ, ТД",Москва,100000.0,,100000.0,RUR,True,От 1 года до 3 лет,,,2026-04-29T12:22:10+0300,https://hh.ru/vacancy/132619487
Менеджер,129415010,Менеджер смены ROSTIC`S (м. Митино),АРТ РЕСТ,Москва,95000.0,105000.0,100000.0,RUR,True,Нет опыта,,,2026-05-08T11:09:25+0300,https://hh.ru/vacancy/129415010
Менеджер,129414586,"Менеджер смены ROSTIC`S, м. Академическая",АРТ РЕСТ,Москва,95000.0,105000.0,100000.0,RUR,True,Нет опыта,,,2026-05-08T11:09:20+0300,https://hh.ru/vacancy/129414586
Менеджер,131046768,Менеджер смены ROSTIC`S / Ростикс м. Павелецкая,АРТ РЕСТ,Москва,95000.0,105000.0,100000.0,RUR,True,Нет опыта,,,2026-04-30T16:57:36+0300,https://hh.ru/vacancy/131046768
Менеджер,131046755,Менеджер смены ROSTIC`S / Ростикс (Крылатское),АРТ РЕСТ,Москва,95000.0,105000.0,100000.0,RUR,True,Нет опыта,,,2026-04-30T16:57:28+0300,https://hh.ru/vacancy/131046755
Менеджер,130213420,Менеджер смены ROSTIC`S / Ростикс (Фрунзенская),АРТ РЕСТ,Москва,95000.0,105000.0,100000.0,RUR,True,Нет опыта,,,2026-04-30T16:57:19+0300,https://hh.ru/vacancy/130213420
Менеджер,130213414,Менеджер смены ROSTIC`S / Ростикс Крымская,АРТ РЕСТ,Москва,95000.0,105000.0,100000.0,RUR,True,Нет опыта,,,2026-04-30T16:57:16+0300,https://hh.ru/vacancy/130213414
Менеджер,130213407,Менеджер смены в ROSTIC`S / Ростикс (МЦК Пл Гагарина),АРТ РЕСТ,Москва,95000.0,105000.0,100000.0,RUR,True,Нет опыта,,,2026-04-30T16:57:12+0300,https://hh.ru/vacancy/130213407
Менеджер,130213408,Менеджер смены ROSTIC`S / Ростикс Третьяковская,АРТ РЕСТ,Москва,95000.0,105000.0,100000.0,RUR,True,Нет опыта,,,2026-04-30T16:57:09+0300,https://hh.ru/vacancy/130213408
Менеджер,130213397,Менеджер смены ROSTIC`S / Ростикс (Митино),АРТ РЕСТ,Москва,95000.0,105000.0,100000.0,RUR,True,Нет опыта,,,2026-04-30T16:57:02+0300,https://hh.ru/vacancy/130213397
Менеджер,130213390,Менеджер смены ROSTIC`S / Ростикс (Ховрино),АРТ РЕСТ,Москва,95000.0,105000.0,100000.0,RUR,True,Нет опыта,,,2026-04-30T16:56:33+0300,https://hh.ru/vacancy/130213390
Менеджер,130213355,Менеджер смены ROSTIC`S / Ростикс (Пр-т Вернадского),АРТ РЕСТ,Москва,95000.0,105000.0,100000.0,RUR,True,Нет опыта,,,2026-04-30T16:56:27+0300,https://hh.ru/vacancy/130213355
Менеджер,130213350,Менеджер смены ROSTIC`S / Ростикс (Новогиреево),АРТ РЕСТ,Москва,95000.0,105000.0,100000.0,RUR,True,Нет опыта,,,2026-04-30T16:56:23+0300,https://hh.ru/vacancy/130213350
Менеджер,130213347,Менеджер смены ROSTIC`S / Ростикс Коломенская,АРТ РЕСТ,Москва,95000.0,105000.0,100000.0,RUR,True,Нет опыта,,,2026-04-30T16:56:17+0300,https://hh.ru/vacancy/130213347
Менеджер,130213342,Менеджер смены ROSTIC`S / Ростикс (Водный стадион),АРТ РЕСТ,Москва,95000.0,105000.0,100000.0,RUR,True,Нет опыта,,,2026-04-30T16:56:12+0300,https://hh.ru/vacancy/130213342
Менеджер,130213337,Менеджер смены ROSTIC`S / Ростикс (Тульская),АРТ РЕСТ,Москва,95000.0,105000.0,100000.0,RUR,True,Нет опыта,,,2026-04-30T16:56:07+0300,https://hh.ru/vacancy/130213337
Менеджер,130213327,Менеджер смены в ROSTIC`S / Ростикс (Парк Культуры),АРТ РЕСТ,Москва,95000.0,105000.0,100000.0,RUR,True,Нет опыта,,,2026-04-30T16:56:04+0300,https://hh.ru/vacancy/130213327
Менеджер,130213316,Менеджер смены ROSTIC`S / Ростикс Академическая,АРТ РЕСТ,Москва,95000.0,105000.0,100000.0,RUR,True,Нет опыта,,,2026-04-30T16:55:59+0300,https://hh.ru/vacancy/130213316
Менеджер,130213310,Менеджер смены ROSTIC`S / Ростикс (Профсоюзная),АРТ РЕСТ,Москва,95000.0,105000.0,100000.0,RUR,True,Нет опыта,,,2026-04-30T16:55:55+0300,https://hh.ru/vacancy/130213310
Менеджер,130213289,Менеджер смены ROSTIC`S / Ростикс (Бибирево),АРТ РЕСТ,Москва,95000.0,105000.0,100000.0,RUR,True,Нет опыта,,,2026-04-30T16:55:45+0300,https://hh.ru/vacancy/130213289
Менеджер,130213282,Менеджер смены ROSTIC`S / Ростикс Южная,АРТ РЕСТ,Москва,95000.0,105000.0,100000.0,RUR,True,Нет опыта,,,2026-04-30T16:55:42+0300,https://hh.ru/vacancy/130213282
Менеджер,130213258,Менеджер смены ROSTIC`S / Ростикс (Коломенская),АРТ РЕСТ,Москва,95000.0,105000.0,100000.0,RUR,True,Нет опыта,,,2026-04-30T16:55:30+0300,https://hh.ru/vacancy/130213258
Менеджер,132775200,Менеджер смены ROSTIC`S (м. Электрозаводская),АРТ РЕСТ,Москва,95000.0,105000.0,100000.0,RUR,True,Нет опыта,,,2026-05-05T09:31:50+0300,https://hh.ru/vacancy/132775200
Менеджер,132496006,Менеджер смены ROSTIC`S / Ростикс ЗИЛ,АРТ РЕСТ,Москва,95000.0,105000.0,100000.0,RUR,True,Нет опыта,,,2026-04-25T15:37:58+0300,https://hh.ru/vacancy/132496006
Менеджер,132495594,Менеджер смены ROSTIC`S / Ростикс Ленинский пр-т,АРТ РЕСТ,Москва,95000.0,105000.0,100000.0,RUR,True,Нет опыта,,,2026-04-25T14:37:51+0300,https://hh.ru/vacancy/132495594
Менеджер,132495591,Менеджер смены ROSTIC`S / Ростикс Фрунзенская,АРТ РЕСТ,Москва,95000.0,105000.0,100000.0,RUR,True,Нет опыта,,,2026-04-25T14:37:50+0300,https://hh.ru/vacancy/132495591
Менеджер,132495590,Менеджер смены ROSTIC`S / Ростикс (Нахимовский пр-т),АРТ РЕСТ,Москва,95000.0,105000.0,100000.0,RUR,True,Нет опыта,,,2026-04-25T14:37:48+0300,https://hh.ru/vacancy/132495590
Менеджер,132495589,Менеджер смены ROSTIC`S / Ростикс (Верхние котлы),АРТ РЕСТ,Москва,95000.0,105000.0,100000.0,RUR,True,Нет опыта,,,2026-04-25T14:37:47+0300,https://hh.ru/vacancy/132495589
Менеджер,132495588,Менеджер смены ROSTIC`S / Ростикс (Митино),АРТ РЕСТ,Москва,95000.0,105000.0,100000.0,RUR,True,Нет опыта,,,2026-04-25T14:37:46+0300,https://hh.ru/vacancy/132495588
Менеджер,132495228,Менеджер смены ROSTIC`S / Ростикс (Перово),АРТ РЕСТ,Москва,95000.0,105000.0,100000.0,RUR,True,Нет опыта,,,2026-04-25T13:37:50+0300,https://hh.ru/vacancy/132495228
Менеджер,132495227,Менеджер смены ROSTIC`S / Ростикс (Тульская),АРТ РЕСТ,Москва,95000.0,105000.0,100000.0,RUR,True,Нет опыта,,,2026-04-25T13:37:49+0300,https://hh.ru/vacancy/132495227
Менеджер,132489952,Менеджер смены ROSTIC`S / Ростикс (Новогиреево),АРТ РЕСТ,Москва,95000.0,105000.0,100000.0,RUR,True,Нет опыта,,,2026-04-24T21:43:41+0300,https://hh.ru/vacancy/132489952
Менеджер,132489233,Менеджер смены ROSTIC`S / Ростикс Технопарк,АРТ РЕСТ,Москва,95000.0,105000.0,100000.0,RUR,True,Нет опыта,,,2026-04-24T19:38:11+0300,https://hh.ru/vacancy/132489233
Менеджер,132489230,Менеджер смены ROSTIC`S / Ростикс Бирюлево,АРТ РЕСТ,Москва,95000.0,105000.0,100000.0,RUR,True,Нет опыта,,,2026-04-24T19:38:09+0300,https://hh.ru/vacancy/132489230
Менеджер,132489225,Менеджер смены ROSTIC`S / Ростикс Крылатское,АРТ РЕСТ,Москва,95000.0,105000.0,100000.0,RUR,True,Нет опыта,,,2026-04-24T19:38:06+0300,https://hh.ru/vacancy/132489225
Менеджер,132489223,Менеджер смены ROSTIC`S / Ростикс (Б-р Д. Донского),АРТ РЕСТ,Москва,95000.0,105000.0,100000.0,RUR,True,Нет опыта,,,2026-04-24T19:38:04+0300,https://hh.ru/vacancy/132489223
Менеджер,132489220,Менеджер смены ROSTIC`S / Ростикс Авиаматорная,АРТ РЕСТ,Москва,95000.0,105000.0,100000.0,RUR,True,Нет опыта,,,2026-04-24T19:38:03+0300,https://hh.ru/vacancy/132489220
Менеджер,132489216,Менеджер смены ROSTIC`S / Ростикс (Новогиреево),АРТ РЕСТ,Москва,95000.0,105000.0,100000.0,RUR,True,Нет опыта,,,2026-04-24T19:38:02+0300,https://hh.ru/vacancy/132489216
Менеджер,132489213,Менеджер смены ROSTIC`S / Ростикс Водный стадион,АРТ РЕСТ,Москва,95000.0,105000.0,100000.0,RUR,True,Нет опыта,,,2026-04-24T19:38:00+0300,https://hh.ru/vacancy/132489213
Менеджер,132489210,Менеджер смены ROSTIC`S / Ростикс Марьино,АРТ РЕСТ,Москва,95000.0,105000.0,100000.0,RUR,True,Нет опыта,,,2026-04-24T19:37:59+0300,https://hh.ru/vacancy/132489210
Менеджер,132489205,Менеджер смены ROSTIC`S / Ростикс (Парк Культуры),АРТ РЕСТ,Москва,95000.0,105000.0,100000.0,RUR,True,Нет опыта,,,2026-04-24T19:37:55+0300,https://hh.ru/vacancy/132489205
Менеджер,132489203,Менеджер смены ROSTIC`S / Ростикс Профсоюзная,АРТ РЕСТ,Москва,95000.0,105000.0,100000.0,RUR,True,Нет опыта,,,2026-04-24T19:37:53+0300,https://hh.ru/vacancy/132489203
Менеджер,132489202,Менеджер смены ROSTIC`S / Ростикс Царицыно,АРТ РЕСТ,Москва,95000.0,105000.0,100000.0,RUR,True,Нет опыта,,,2026-04-24T19:37:52+0300,https://hh.ru/vacancy/132489202
Менеджер,132489201,Менеджер смены ROSTIC`S / Ростикс Бибирево,АРТ РЕСТ,Москва,95000.0,105000.0,100000.0,RUR,True,Нет опыта,,,2026-04-24T19:37:50+0300,https://hh.ru/vacancy/132489201
Менеджер,132489199,Менеджер смены ROSTIC`S / Ростикс (Юго-Западная),АРТ РЕСТ,Москва,95000.0,105000.0,100000.0,RUR,True,Нет опыта,,,2026-04-24T19:37:48+0300,https://hh.ru/vacancy/132489199
Менеджер,132487581,Менеджер смены ROSTIC`S / Ростикс (Бирюлево),АРТ РЕСТ,Москва,95000.0,105000.0,100000.0,RUR,True,Нет опыта,,,2026-04-24T18:38:25+0300,https://hh.ru/vacancy/132487581
Менеджер,132487580,Менеджер смены ROSTIC`S / Ростикс Ховрино,АРТ РЕСТ,Москва,95000.0,105000.0,100000.0,RUR,True,Нет опыта,,,2026-04-24T18:38:22+0300,https://hh.ru/vacancy/132487580
Менеджер,132487578,Менеджер смены ROSTIC`S / Ростикс (Новогиреево),АРТ РЕСТ,Москва,95000.0,105000.0,100000.0,RUR,True,Нет опыта,,,2026-04-24T18:38:18+0300,https://hh.ru/vacancy/132487578
Менеджер,132487577,Менеджер смены ROSTIC`S / Ростикс (Пр-т Вернадского),АРТ РЕСТ,Москва,95000.0,105000.0,100000.0,RUR,True,Нет опыта,,,2026-04-24T18:38:16+0300,https://hh.ru/vacancy/132487577
Менеджер,131027352,Менеджер смены ROSTIC`S (м. Южная),АРТ РЕСТ,Москва,95000.0,105000.0,100000.0,RUR,True,Нет опыта,,,2026-04-30T16:57:24+0300,https://hh.ru/vacancy/131027352
Менеджер,132891933,Менеджер ресторана,Well-Being отель,Москва,100000.0,,100000.0,RUR,False,Нет опыта,,,2026-05-22T16:05:37+0300,https://hh.ru/vacancy/132891933
Менеджер,132606346,"Кассир в кафе ""ЛЕПИМ и ВАРИМ""",Кнодель,Москва,6000.0,,6000.0,RUR,False,Нет опыта,,,2026-05-23T08:38:38+0300,https://hh.ru/vacancy/132606346
Менеджер,131899865,Администратор проектов,НПП Доза,Зеленоград,,,,,,От 1 года до 3 лет,,,2026-05-20T08:10:47+0300,https://hh.ru/vacancy/131899865
Менеджер,133273834,Системный администратор,Коммерсантъ,Москва,,,,,,От 3 до 6 лет,,,2026-05-19T19:55:32+0300,https://hh.ru/vacancy/133273834
Менеджер,133248625,Администратор-кассир,СушиСет & Пицца №1,Москва,90000.0,130000.0,110000.0,RUR,False,Нет опыта,,,2026-05-19T12:25:51+0300,https://hh.ru/vacancy/133248625
Менеджер,133248629,Администратор СПА,Фитнес-клубы XFIT,Москва,65000.0,90000.0,77500.0,RUR,True,Нет опыта,,,2026-05-19T12:25:55+0300,https://hh.ru/vacancy/133248629
Менеджер,133292629,Администратор СУБД GreenPlum,Rubytech,Москва,,,,,,От 1 года до 3 лет,,,2026-05-20T10:50:42+0300,https://hh.ru/vacancy/133292629
Менеджер,133345626,Инженер сектора технической поддержки/ Системный администратор,ГБУЗ «Научно-практический клинический центр диагностики и телемедицинских технологий ДЗМ»,Москва,,,,,,От 1 года до 3 лет,,,2026-05-21T11:14:42+0300,https://hh.ru/vacancy/133345626
Менеджер,133237967,"Кассир в кафе ""ЛЕПИМ и ВАРИМ""",ЛЕПИМ и ВАРИМ,Москва,,,,,,Нет опыта,,,2026-05-19T10:03:56+0300,https://hh.ru/vacancy/133237967
Менеджер,133202719,Системный администратор,Старлинк,Москва,,200000.0,200000.0,RUR,False,От 3 до 6 лет,,,2026-05-18T13:13:40+0300,https://hh.ru/vacancy/133202719
Менеджер,133193314,Системный администратор\Сетевой администратор,Гринфилдс-Логистика,Москва,,,,,,От 3 до 6 лет,,,2026-05-18T11:09:10+0300,https://hh.ru/vacancy/133193314
Менеджер,132304977,Системный администратор,ОРГАНИК ГОЛЬФ,Москва,,,,,,От 1 года до 3 лет,,,2026-05-18T10:20:57+0300,https://hh.ru/vacancy/132304977
Менеджер,133110128,Администратор,БЕСТ КОНЦЕПТ РЕСТОРАНТС ГРУПП,Москва,85000.0,,85000.0,RUR,False,От 1 года до 3 лет,,,2026-05-14T21:23:11+0300,https://hh.ru/vacancy/133110128
Менеджер,133270405,Администратор на входящие звонки,СМ-Клиника,Москва,80000.0,,80000.0,RUR,True,Нет опыта,,,2026-05-19T17:22:10+0300,https://hh.ru/vacancy/133270405
Менеджер,133267709,Администратор на входящие звонки,СМ-Клиника,Москва,80000.0,,80000.0,RUR,True,Нет опыта,,,2026-05-19T16:28:16+0300,https://hh.ru/vacancy/133267709
Менеджер,133265697,Администратор базы данных/координатор проектов,АКСИОМА,Москва,100000.0,120000.0,110000.0,RUR,False,От 1 года до 3 лет,,,2026-05-19T15:56:30+0300,https://hh.ru/vacancy/133265697
Менеджер,132997861,Администратор,Talents,Москва,52000.0,,52000.0,RUR,False,Нет опыта,,,2026-05-12T13:59:05+0300,https://hh.ru/vacancy/132997861
Менеджер,132754913,Администратор-кассир в крупную ритейл-компанию,Яндекс Команда для бизнеса,Одинцово (Московская область),,96000.0,96000.0,RUR,True,От 1 года до 3 лет,,,2026-05-18T10:50:52+0300,https://hh.ru/vacancy/132754913
Менеджер,132613148,Администратор в многопрофильный медицинский центр (м. Севастопольская),СМ-Клиника,Москва,81000.0,,81000.0,RUR,True,Нет опыта,,,2026-05-18T15:19:47+0300,https://hh.ru/vacancy/132613148
Менеджер,133128807,Администратор билетных систем,Выставка достижений народного хозяйства,Москва,142700.0,156900.0,149800.0,RUR,True,От 1 года до 3 лет,,,2026-05-15T11:25:09+0300,https://hh.ru/vacancy/133128807
Менеджер,132238615,Администратор баз данных,Национальный исследовательский университет Высшая школа экономики,Москва,,,,,,От 3 до 6 лет,,,2026-05-15T10:12:11+0300,https://hh.ru/vacancy/132238615
Менеджер,132915945,Администратор,Pana Москва,Москва,53000.0,,53000.0,RUR,False,Нет опыта,,,2026-05-08T11:14:37+0300,https://hh.ru/vacancy/132915945
Менеджер,132733476,Администратор в многопрофильный медицинский центр (м. Новые Черемушки),СМ-Клиника,Москва,81000.0,,81000.0,RUR,True,От 1 года до 3 лет,,,2026-05-18T15:19:53+0300,https://hh.ru/vacancy/132733476
Менеджер,133195744,Администратор в медицинский центр аюрведы и йоги “Керала”,Центр аюрведы и йоги Керала,Москва,80000.0,120000.0,100000.0,RUR,False,От 1 года до 3 лет,,,2026-05-18T11:39:13+0300,https://hh.ru/vacancy/133195744
Менеджер,132239087,Прикладной администратор (SRE-инженер),Национальный исследовательский университет Высшая школа экономики,Москва,,,,,,От 3 до 6 лет,,,2026-05-15T10:12:07+0300,https://hh.ru/vacancy/132239087
Менеджер,133120722,Администратор проектов (Отдел продаж),Топ Системы,Москва,,,,,,От 1 года до 3 лет,,,2026-05-15T09:23:47+0300,https://hh.ru/vacancy/133120722
Менеджер,132093214,Эксперт (Системный администратор),Ассоциация НП Совет рынка,Москва,,,,,,От 3 до 6 лет,,,2026-05-13T17:34:09+0300,https://hh.ru/vacancy/132093214
Менеджер,106095747,Администратор на входящие звонки,СМ-Клиника,Москва,80000.0,,80000.0,RUR,True,Нет опыта,,,2026-05-13T10:58:48+0300,https://hh.ru/vacancy/106095747
Менеджер,133090388,Администратор в студию (на Кропоткинской),Школа искусств Kidsarts,Москва,75000.0,100000.0,87500.0,RUR,False,От 1 года до 3 лет,,,2026-05-14T12:50:33+0300,https://hh.ru/vacancy/133090388
Менеджер,133142240,Администратор-кассир в фитнес-клуб ДОНСПОРТ (Алые Паруса),ДОН Спорт,Москва,65000.0,,65000.0,RUR,True,Нет опыта,,,2026-05-15T15:02:14+0300,https://hh.ru/vacancy/133142240
Менеджер,131426397,Младший системный администратор (выезды на объекты),Авторесто,Москва,100000.0,,100000.0,RUR,False,От 1 года до 3 лет,,,2026-05-13T13:16:58+0300,https://hh.ru/vacancy/131426397
Менеджер,133008609,Администратор на ресепшн в бизнес-центр,Офис Лайн,Москва,70000.0,70000.0,70000.0,RUR,False,Нет опыта,,,2026-05-12T16:41:02+0300,https://hh.ru/vacancy/133008609
Менеджер,133011236,Администратор в фитнес-клуб ДОНСПОРТ (Шаболовская),ДОН Спорт,Москва,60000.0,80000.0,70000.0,RUR,True,Нет опыта,,,2026-05-12T17:27:42+0300,https://hh.ru/vacancy/133011236
Менеджер,131920835,Администратор информационной службы,Выставка достижений народного хозяйства,Москва,93000.0,93000.0,93000.0,RUR,False,От 1 года до 3 лет,,,2026-05-06T15:20:33+0300,https://hh.ru/vacancy/131920835
Менеджер,132916252,Администратор производственно-хозяйственного отдела,Государственное автономное учреждение культуры города Москвы Центральный парк культуры и отдыха имени М.Горького,Москва,122000.0,,122000.0,RUR,True,От 1 года до 3 лет,,,2026-05-08T11:21:15+0300,https://hh.ru/vacancy/132916252
Менеджер,132870891,Администратор-кассир медицинского центра,Нейро-Клиника,Москва,97500.0,115000.0,106250.0,RUR,False,Нет опыта,,,2026-05-07T09:57:39+0300,https://hh.ru/vacancy/132870891
Менеджер,131672705,"Администратор-кассир в центр косметологии (м. Войковская, МЦД Красный Балтиец)",СМ-Клиника,Москва,84600.0,,84600.0,RUR,True,Нет опыта,,,2026-05-13T14:38:01+0300,https://hh.ru/vacancy/131672705
Менеджер,132725348,Администратор по гостевому сервису ВДНХ,Выставка достижений народного хозяйства,Москва,82300.0,82300.0,82300.0,RUR,True,Нет опыта,,,2026-05-04T10:18:04+0300,https://hh.ru/vacancy/132725348
Менеджер,132744713,Администратор в клинику (м. Отрадное),СМ-Клиника,Москва,81000.0,,81000.0,RUR,True,Нет опыта,,,2026-05-04T13:40:15+0300,https://hh.ru/vacancy/132744713
Менеджер,132590164,Администратор спортивного центра,Теннис Фэмили Групп,Москва,60000.0,70000.0,65000.0,RUR,False,Нет опыта,,,2026-04-28T16:02:49+0300,https://hh.ru/vacancy/132590164
Менеджер,132895704,Администратор в медицинский центр йоги и аюрведы “Керала”,Центр аюрведы и йоги Керала,Москва,60000.0,120000.0,90000.0,RUR,False,От 1 года до 3 лет,,,2026-05-07T17:07:53+0300,https://hh.ru/vacancy/132895704
Менеджер,132663575,Веб разработчик администратор сайтов,ТЕХБЕНЗО,Москва,120000.0,150000.0,135000.0,RUR,False,От 1 года до 3 лет,,,2026-04-30T13:11:02+0300,https://hh.ru/vacancy/132663575
Менеджер,132763450,Администратор в Скалодром LIMESTONE и ClimbIn TOKYO,Лаймстоун,Москва,25000.0,80000.0,52500.0,RUR,True,От 1 года до 3 лет,,,2026-05-04T20:06:30+0300,https://hh.ru/vacancy/132763450
Менеджер,133403949,Инженер по виртуализации,Rubytech,Москва,,,,,,От 1 года до 3 лет,,,2026-05-22T14:56:31+0300,https://hh.ru/vacancy/133403949
Менеджер,133406505,Помощник воспитателя в частный сад,Panda Club (ИП Ким Зоя Александровна),Москва,70000.0,70000.0,70000.0,RUR,False,От 1 года до 3 лет,,,2026-05-22T15:45:25+0300,https://hh.ru/vacancy/133406505
Менеджер,132532575,Продавец-консультант (м. Деловой Центр),ФРЕШГО,Москва,,90000.0,90000.0,RUR,False,Нет опыта,,,2026-05-21T13:12:54+0300,https://hh.ru/vacancy/132532575
Менеджер,132846076,"Главный специалист отдела финансовых расчетов на РСВ, БР и в НЦЗ",Администратор торговой системы оптового рынка электроэнергии,Москва,,,,,,От 1 года до 3 лет,,,2026-05-06T14:20:06+0300,https://hh.ru/vacancy/132846076
Менеджер,132845030,Главный специалист отдела финансовых расчетов по ДПМ,Администратор торговой системы оптового рынка электроэнергии,Москва,,,,,,От 1 года до 3 лет,,,2026-05-06T14:14:20+0300,https://hh.ru/vacancy/132845030
Менеджер,133299748,Руководитель ИТ-проектов,4А.Консалтинг,Москва,,,,,,От 1 года до 3 лет,,,2026-05-20T12:20:39+0300,https://hh.ru/vacancy/133299748
Менеджер,133203160,Главный инженер ИТ-инфраструктуры,Баусервис,Москва,,,,,,Более 6 лет,,,2026-05-18T13:18:44+0300,https://hh.ru/vacancy/133203160
Менеджер,133254181,Кладовщик сборщик заказов,Дорошенко Ольга Александровна,Москва,70000.0,90000.0,80000.0,RUR,False,Нет опыта,,,2026-05-19T13:48:57+0300,https://hh.ru/vacancy/133254181
Менеджер,133217016,Вожатый,Учи.ру (ИП Попова Елизавета Николаевна),Москва,45000.0,105000.0,75000.0,RUR,False,От 1 года до 3 лет,,,2026-05-18T16:50:15+0300,https://hh.ru/vacancy/133217016
Менеджер,132536333,Официант,Сеть Кафе Сыто Пьяно,Москва,110000.0,150000.0,130000.0,RUR,False,Нет опыта,,,2026-04-27T14:08:41+0300,https://hh.ru/vacancy/132536333
Менеджер,124487103,"Ведущий специалист по ИБ ( инцинденты, КИИ)",РТ-Инвест Транспортные Системы,Москва,,,,,,От 3 до 6 лет,,,2026-05-19T11:06:43+0300,https://hh.ru/vacancy/124487103
Менеджер,132848925,Помощник повара,Солод,Москва,4000.0,,4000.0,RUR,False,Нет опыта,,,2026-05-06T15:12:19+0300,https://hh.ru/vacancy/132848925
Менеджер,132847319,Главный специалист по технической поддержке,Москва Карго,Москва,,,,,,От 3 до 6 лет,,,2026-05-15T12:34:52+0300,https://hh.ru/vacancy/132847319
Менеджер,132438590,"Монтажник слаботочных систем (СКУД, видеонаблюдение, охранные системы)",Международный аэропорт Шереметьево,Москва,120000.0,120000.0,120000.0,RUR,False,От 1 года до 3 лет,,,2026-05-14T14:23:12+0300,https://hh.ru/vacancy/132438590
Менеджер,133013173,Начальник отдела системного администрирования,Москва Карго,Москва,,,,,,От 3 до 6 лет,,,2026-05-15T12:34:52+0300,https://hh.ru/vacancy/133013173
Менеджер,132970234,Тестировщик городских локаций (отметка магазинов и культурных точек),Микушев Кирилл Витальевич,Москва,50000.0,80000.0,65000.0,RUR,True,Нет опыта,,,2026-05-12T07:32:20+0300,https://hh.ru/vacancy/132970234
Менеджер,133053270,Linux инженер (Виртуализация),Скала^р,Москва,,,,,,От 3 до 6 лет,,,2026-05-13T15:13:23+0300,https://hh.ru/vacancy/133053270
Менеджер,132813188,Официант,ШуШу́ bistro,Москва,90000.0,150000.0,120000.0,RUR,False,Нет опыта,,,2026-05-05T18:42:49+0300,https://hh.ru/vacancy/132813188
Менеджер,132714344,Тестировщик городских локаций (отметка магазинов и культурных точек),Дудка Людмила Владимировна,Москва,50000.0,80000.0,65000.0,RUR,True,Нет опыта,,,2026-05-04T07:31:45+0300,https://hh.ru/vacancy/132714344
Менеджер,132670884,Старший специалист по контролю качества клиентского сервиса,Выставка достижений народного хозяйства,Москва,119000.0,130900.0,124950.0,RUR,True,От 1 года до 3 лет,,,2026-04-30T15:12:29+0300,https://hh.ru/vacancy/132670884
Менеджер,132324677,Кассир в кафе МагБургер,Торговый Дом НЕФТЬМАГИСТРАЛЬ,Москва,80000.0,90000.0,85000.0,RUR,False,Нет опыта,,,2026-05-21T10:27:33+0300,https://hh.ru/vacancy/132324677
Менеджер,132747959,Администратор-кассир в крупную ритейл-компанию,Яндекс Команда для бизнеса,Москва,,96000.0,96000.0,RUR,True,От 1 года до 3 лет,,,2026-05-18T10:50:49+0300,https://hh.ru/vacancy/132747959
Менеджер,132881626,Администратор автосалона / Специалист Клиентской Службы (м. Чертановская),СП БИЗНЕС КАР,Москва,70000.0,70000.0,70000.0,RUR,True,Нет опыта,,,2026-05-18T11:36:54+0300,https://hh.ru/vacancy/132881626
Менеджер,132473117,Администратор в многопрофильный медицинский центр (м. Марьина Роща),СМ-Клиника,Москва,81000.0,,81000.0,RUR,True,Нет опыта,,,2026-04-24T13:20:32+0300,https://hh.ru/vacancy/132473117
Менеджер,132473071,Управляющий кофейней Lovemark в штаб-квартире Яндекса,Квантум,Москва,130000.0,150000.0,140000.0,RUR,False,От 1 года до 3 лет,,,2026-05-21T13:19:29+0300,https://hh.ru/vacancy/132473071
Менеджер,133135497,Управляющий рестораном (#FARШ ТЦ PRIME PLAZA),#FARШ,Москва,100000.0,130000.0,115000.0,RUR,False,От 1 года до 3 лет,,,2026-05-18T16:36:35+0300,https://hh.ru/vacancy/133135497
Менеджер,131545783,Заместитель управляющего сети,ХОЛДИНГ СТРОИТЕЛЬНЫЙ АЛЬЯНС,Москва,150000.0,,150000.0,RUR,False,От 3 до 6 лет,,,2026-05-15T11:23:30+0300,https://hh.ru/vacancy/131545783
Менеджер,131329816,Управляющий,Bosco di Ciliegi,Москва,,,,,,От 3 до 6 лет,,,2026-05-08T15:40:45+0300,https://hh.ru/vacancy/131329816
Менеджер,133187216,"Преподаватель ""Информационно-измерительные и управляющие системы"", ""Мехатроника и робототехника""",СИНЕРГИЯ,Москва,1740.0,2500.0,2120.0,RUR,True,От 1 года до 3 лет,,,2026-05-18T10:02:55+0300,https://hh.ru/vacancy/133187216
Менеджер,130783818,"Хостес в кафе ""Rink""",ОРГАНИК ГОЛЬФ,Москва,60000.0,,60000.0,RUR,False,Нет опыта,,,2026-05-13T16:57:24+0300,https://hh.ru/vacancy/130783818
Менеджер,133071015,Управляющий мультимедийным парком развлечения HELLO PARK,Компак,Москва,,,,,,От 1 года до 3 лет,,,2026-05-14T07:25:35+0300,https://hh.ru/vacancy/133071015
Менеджер,132748245,Управляющий рестораном,Истринская сыроварня Олега Сироты,Москва,250000.0,,250000.0,RUR,False,От 1 года до 3 лет,,,2026-05-04T14:30:02+0300,https://hh.ru/vacancy/132748245
Менеджер,132722433,Управляющий Термальным комплексом,Гремм Групп,Москва,,,,,,Более 6 лет,,,2026-05-04T09:45:58+0300,https://hh.ru/vacancy/132722433
Менеджер,132844605,Управляющий сетью розничных магазинов,Выставка достижений народного хозяйства,Москва,209400.0,209400.0,209400.0,RUR,True,От 3 до 6 лет,,,2026-05-06T14:09:22+0300,https://hh.ru/vacancy/132844605
Менеджер,132776278,Управляющий салоном керамической плитки,Баусервис,Москва,120000.0,250000.0,185000.0,RUR,False,От 1 года до 3 лет,,,2026-05-05T09:48:32+0300,https://hh.ru/vacancy/132776278
Менеджер,132381258,"Управляющий Боско Фиори (цветочный магазин), ГУМ",Bosco di Ciliegi,Москва,,,,,,От 3 до 6 лет,,,2026-05-08T15:39:05+0300,https://hh.ru/vacancy/132381258
Менеджер,132497802,Управляющий ресторанным комплексом,STROTSKIS GROUP,Москва,,,,,,Более 6 лет,,,2026-04-25T22:23:33+0300,https://hh.ru/vacancy/132497802
Менеджер,133322867,Маркетолог,ЛАО ЛИ,Москва,150000.0,,150000.0,RUR,False,От 1 года до 3 лет,,,2026-05-23T17:29:00+0300,https://hh.ru/vacancy/133322867
Менеджер,132629110,Управляющий оффлайн-пространством для гостей,A-HOUSE,Москва,,,,,,От 1 года до 3 лет,,,2026-04-29T15:36:49+0300,https://hh.ru/vacancy/132629110
Менеджер,132533429,Техник универсал,"РестПрофи, Управляющая компания",Ростов-на-Дону,75000.0,,75000.0,RUR,False,От 1 года до 3 лет,,,2026-05-19T15:31:22+0300,https://hh.ru/vacancy/132533429
Менеджер,131734426,"Хостес в кафе ""Переделкино. Дом творчества""",ОРГАНИК ГОЛЬФ,Москва,60000.0,,60000.0,RUR,False,Нет опыта,,,2026-04-26T15:42:57+0300,https://hh.ru/vacancy/131734426
Менеджер,130482275,Инженер ЦОД,Рунити,Москва,,,,,,От 1 года до 3 лет,,,2026-05-22T13:22:34+0300,https://hh.ru/vacancy/130482275
Менеджер,133362876,"Представитель правообладателей / Агент (компания ""Muzoperator"", авторское право, фоновая музыка)",Muzoperator (ООО Две Единицы),Москва,50000.0,300000.0,175000.0,RUR,False,Нет опыта,,,2026-05-21T15:11:54+0300,https://hh.ru/vacancy/133362876
Менеджер,133011213,Шеф-повар (японская-паназиатская кухня),Вне Времени,Москва,190000.0,250000.0,220000.0,RUR,False,От 3 до 6 лет,,,2026-05-21T17:26:58+0300,https://hh.ru/vacancy/133011213
Менеджер,130869517,Младший инженер ЦОД,Рунити,Москва,,90200.0,90200.0,RUR,True,Нет опыта,,,2026-05-22T13:22:39+0300,https://hh.ru/vacancy/130869517
Менеджер,132970271,Младший юрист,Иванов Николай,Москва,70000.0,90000.0,80000.0,RUR,False,От 1 года до 3 лет,,,2026-05-21T07:32:26+0300,https://hh.ru/vacancy/132970271
Менеджер,133341457,Юрист,Бендерский и партнёры,Москва,,,,,,От 1 года до 3 лет,,,2026-05-21T10:18:33+0300,https://hh.ru/vacancy/133341457
Менеджер,133211826,Куратор службы режима и НВП,СИНЕРГИЯ,Москва,160000.0,160000.0,160000.0,RUR,False,От 3 до 6 лет,,,2026-05-21T15:27:15+0300,https://hh.ru/vacancy/133211826
Менеджер,133324499,Программист 1С,Баусервис,Москва,,,,,,От 3 до 6 лет,,,2026-05-20T18:28:07+0300,https://hh.ru/vacancy/133324499
Менеджер,125089779,Аналитик по складской логистике,Мегаполис,Москва,,,,,,От 1 года до 3 лет,,,2026-05-21T15:36:05+0300,https://hh.ru/vacancy/125089779
Менеджер,131562073,Директор юридического факультета,Кадровое агентство «Синергия»,Москва,300000.0,,300000.0,RUR,False,От 3 до 6 лет,,,2026-05-21T10:23:39+0300,https://hh.ru/vacancy/131562073
Менеджер,133000215,Маркетолог (Digital + офлайн),Лазер Страйк,Москва,60000.0,70000.0,65000.0,RUR,True,От 1 года до 3 лет,,,2026-05-21T14:30:59+0300,https://hh.ru/vacancy/133000215
Менеджер,133190680,Шеф-повар,Бобби-кю,Москва,150000.0,,150000.0,RUR,False,От 3 до 6 лет,,,2026-05-18T10:37:40+0300,https://hh.ru/vacancy/133190680
Менеджер,133247473,Backend‑разработчик Python/Django (middle+/senior),ProOrder,Москва,300000.0,350000.0,325000.0,RUR,False,От 3 до 6 лет,,,2026-05-19T12:12:09+0300,https://hh.ru/vacancy/133247473
Менеджер,133263675,Заведующий производством,Группа компаний РБЕ (RBE Group),Москва,96000.0,,96000.0,RUR,True,От 1 года до 3 лет,,,2026-05-19T15:24:49+0300,https://hh.ru/vacancy/133263675
Менеджер,133320156,Руководитель отдела клиентского сервиса / Digital Group Head,Digital-агентство RTA,Москва,,,,,,От 3 до 6 лет,,,2026-05-20T16:38:00+0300,https://hh.ru/vacancy/133320156
Менеджер,132578864,"Официант (ТЦ Город, МЦК Нижегородская)",Zaмания (ООО Замания),Москва,70000.0,,70000.0,RUR,False,Нет опыта,,,2026-05-20T11:26:11+0300,https://hh.ru/vacancy/132578864
Менеджер,133348183,Архитектор по информационной безопасности,Т-Банк,Москва,,,,,,Более 6 лет,,,2026-05-21T11:29:29+0300,https://hh.ru/vacancy/133348183
Менеджер,132930581,Продавец-кассир в крупную ритейл-компанию,Яндекс Команда для бизнеса,Москва,,96000.0,96000.0,RUR,True,От 1 года до 3 лет,,,2026-05-18T10:51:01+0300,https://hh.ru/vacancy/132930581
Менеджер,132435350,Бизнес-аналитик в Т-Бизнес,Т-Банк,Москва,,,,,,От 1 года до 3 лет,,,2026-05-20T15:00:02+0300,https://hh.ru/vacancy/132435350
Менеджер,133239127,Шеф-повар (японская кухня),White Rabbit Family,Москва,300000.0,,300000.0,RUR,False,Более 6 лет,,,2026-05-19T10:19:17+0300,https://hh.ru/vacancy/133239127
Менеджер,133209636,Бухгалтер,Макаров Александр Валерьевич,Москва,100000.0,,100000.0,RUR,False,От 3 до 6 лет,,,2026-05-18T14:57:01+0300,https://hh.ru/vacancy/133209636
Менеджер,128742497,Су-шеф,Фастлэнд,Москва,,100000.0,100000.0,RUR,False,От 1 года до 3 лет,,,2026-05-18T13:01:23+0300,https://hh.ru/vacancy/128742497
Менеджер,132838494,Главный специалист/ Эксперт по развитию международного бизнеса,Гринатом,Москва,150000.0,,150000.0,RUR,False,От 3 до 6 лет,,,2026-05-19T20:09:47+0300,https://hh.ru/vacancy/132838494
Менеджер,133195201,Руководитель направления оптимизации процессов (MVNO),Альфа-Банк,Москва,,,,,,От 1 года до 3 лет,,,2026-05-18T11:32:31+0300,https://hh.ru/vacancy/133195201
Менеджер,132157371,"Директор ресторанов ""АндерCон"" (ст. м. Юго-Западная, ст. м. Коньково)",АндерСон,Москва,150000.0,150000.0,150000.0,RUR,False,От 1 года до 3 лет,,,2026-05-13T09:39:42+0300,https://hh.ru/vacancy/132157371
Менеджер,133051650,Ведущий специалист по технологии,Урбан Эксперт,Москва,,,,,,От 3 до 6 лет,,,2026-05-13T14:52:59+0300,https://hh.ru/vacancy/133051650
Менеджер,132322779,Специалист по организации мероприятий,Промышленное Строительство,Москва,164000.0,,164000.0,RUR,False,От 3 до 6 лет,,,2026-05-18T09:43:25+0300,https://hh.ru/vacancy/132322779
Менеджер,133128467,Руководитель отдела продаж,Территория Фитнеса,Москва,120000.0,180000.0,150000.0,RUR,False,От 1 года до 3 лет,,,2026-05-15T11:18:34+0300,https://hh.ru/vacancy/133128467
Менеджер,132330375,Электрик,Аэропорт Домодедово,Москва,115000.0,,115000.0,RUR,True,От 1 года до 3 лет,,,2026-05-14T08:53:47+0300,https://hh.ru/vacancy/132330375
Менеджер,132234238,DevOps-инженер,Национальный исследовательский университет Высшая школа экономики,Москва,,,,,,От 3 до 6 лет,,,2026-05-15T10:12:02+0300,https://hh.ru/vacancy/132234238
Менеджер,131238680,"Шеф-повар в ресторан ""Библиотека"" (м. Новопеределкино, При Доме Творчества писателей Переделкино)",ОРГАНИК ГОЛЬФ,Москва,400000.0,500000.0,450000.0,RUR,False,От 3 до 6 лет,,,2026-05-12T12:12:14+0300,https://hh.ru/vacancy/131238680
Менеджер,129015570,Главный технолог по эксплуатации АЭС,Гринатом,Москва,,,,,,Более 6 лет,,,2026-05-12T11:16:55+0300,https://hh.ru/vacancy/129015570
Менеджер,133063599,Линейный продюсер,Российское общество Знание,Москва,,120000.0,120000.0,RUR,False,От 3 до 6 лет,,,2026-05-13T19:09:11+0300,https://hh.ru/vacancy/133063599
Менеджер,130490827,Пресейл инженер / Pre-sale specialist (Серверное оборудование),ЛУИС+,Москва,,,,,,От 1 года до 3 лет,,,2026-05-13T11:51:50+0300,https://hh.ru/vacancy/130490827
Менеджер,132976197,Крановщик на автомобильный кран,Московская верфь,Москва,150000.0,,150000.0,RUR,False,От 3 до 6 лет,,,2026-05-12T09:22:20+0300,https://hh.ru/vacancy/132976197
Менеджер,133061877,Старший бухгалтер,Zetter,Москва,,130000.0,130000.0,RUR,False,От 1 года до 3 лет,,,2026-05-13T17:55:28+0300,https://hh.ru/vacancy/133061877
Менеджер,133036762,Начальник отдела развития кросс-блочных процессов,Альфа-Банк,Москва,,,,,,От 3 до 6 лет,,,2026-05-13T11:16:24+0300,https://hh.ru/vacancy/133036762
Менеджер,133082623,Архитектор ИБ в направление M&A,Т-Банк,Москва,,,,,,Более 6 лет,,,2026-05-14T10:49:45+0300,https://hh.ru/vacancy/133082623
Менеджер,132994892,Старший специалист по сопровождению договорных отношений,Т-Банк,Москва,,,,,,От 3 до 6 лет,,,2026-05-12T13:11:50+0300,https://hh.ru/vacancy/132994892
Менеджер,130573665,Риск-аналитик в кредитные карты,Т-Банк,Москва,,,,,,От 3 до 6 лет,,,2026-05-12T12:53:54+0300,https://hh.ru/vacancy/130573665
Менеджер,132763727,Старший пекарь,Поляков Александр Николаевич,Москва,120000.0,150000.0,135000.0,RUR,False,От 1 года до 3 лет,,,2026-05-04T20:38:49+0300,https://hh.ru/vacancy/132763727
Менеджер,132940820,Шеф-повар в сеть китайских закусочных ЧИХО,Chiho,Москва,150000.0,150000.0,150000.0,RUR,True,От 3 до 6 лет,,,2026-05-09T11:32:04+0300,https://hh.ru/vacancy/132940820
Менеджер,132833600,Руководитель по развитию привлечения премиальных клиентов,Альфа-Банк,Москва,,,,,,От 3 до 6 лет,,,2026-05-06T11:19:17+0300,https://hh.ru/vacancy/132833600
Менеджер,132889648,Руководитель направления персонализации кредитных продуктов,Альфа-Банк,Москва,,,,,,От 3 до 6 лет,,,2026-05-07T15:14:35+0300,https://hh.ru/vacancy/132889648
Менеджер,131515742,Специалист по внутренним коммуникациям,Мегаполис,Москва,,,,,,От 1 года до 3 лет,,,2026-05-07T10:39:54+0300,https://hh.ru/vacancy/131515742
Менеджер,132033950,Product manager в Т‑Бизнес,Т-Банк,Москва,,,,,,От 3 до 6 лет,,,2026-05-06T15:29:48+0300,https://hh.ru/vacancy/132033950
Менеджер,131664609,Продуктовый маркетолог,Топ Системы,Москва,,,,,,От 3 до 6 лет,,,2026-05-06T12:11:56+0300,https://hh.ru/vacancy/131664609
Менеджер,132813182,Руководитель дирекции аналитики ограничений и клиентского опыта,Альфа-Банк,Москва,,,,,,Более 6 лет,,,2026-05-05T18:42:28+0300,https://hh.ru/vacancy/132813182
Менеджер,132895616,Ассистент COO,Фитнес-клубы XFIT,Москва,100000.0,150000.0,125000.0,RUR,False,От 1 года до 3 лет,,,2026-05-07T17:06:13+0300,https://hh.ru/vacancy/132895616
Менеджер,132497185,Руководитель по маркетингу/Фудтех-компания,TalentOS,Москва,,,,,,Более 6 лет,,,2026-04-25T19:34:54+0300,https://hh.ru/vacancy/132497185
Менеджер,132898928,Медиабайер начинающий,Бонакер Александр Александрович,Москва,,,,,,Нет опыта,,,2026-05-07T19:01:48+0300,https://hh.ru/vacancy/132898928
Менеджер,132846904,Security Compliance Manager,Т-Банк,Москва,,,,,,От 1 года до 3 лет,,,2026-05-06T14:35:02+0300,https://hh.ru/vacancy/132846904
Менеджер,131983407,Директор по продажам контактного центра,СИНЕРГИЯ,Москва,,200000.0,200000.0,RUR,False,От 3 до 6 лет,,,2026-05-06T11:17:36+0300,https://hh.ru/vacancy/131983407
Менеджер,132857146,Специалист тендерного отдела,Кадровые решения (ИП Сергеев Виктор Геннадьевич),Москва,80000.0,100000.0,90000.0,RUR,False,От 1 года до 3 лет,,,2026-05-06T18:24:09+0300,https://hh.ru/vacancy/132857146
Менеджер,132854407,Руководитель отдела продаж,Фитнес-клубы XFIT,Москва,90000.0,150000.0,120000.0,RUR,False,От 3 до 6 лет,,,2026-05-06T17:03:07+0300,https://hh.ru/vacancy/132854407
Менеджер,132569942,Директор по сервису,СИНЕРГИЯ,Москва,,,,,,От 3 до 6 лет,,,2026-04-28T10:41:59+0300,https://hh.ru/vacancy/132569942
Менеджер,129146046,Портфельный аналитик (Риск-аналитик),Т-Банк,Москва,,,,,,От 1 года до 3 лет,,,2026-05-05T10:22:22+0300,https://hh.ru/vacancy/129146046
Менеджер,132676928,Ведущий юрисконсульт,СИНЕРГИЯ,Москва,170000.0,200000.0,185000.0,RUR,False,От 3 до 6 лет,,,2026-04-30T17:08:01+0300,https://hh.ru/vacancy/132676928
Менеджер,131293957,Юрисконсульт в области гражданской авиации,РУСЛЕТ,Москва,,,,,,От 3 до 6 лет,,,2026-04-27T16:44:06+0300,https://hh.ru/vacancy/131293957
Менеджер,132677488,Заведующий производством / Шеф-повар,МАНДАРИН ФУДС,Москва,130000.0,170000.0,150000.0,RUR,False,От 1 года до 3 лет,,,2026-04-30T17:18:30+0300,https://hh.ru/vacancy/132677488
Менеджер,132527260,Руководитель отдела по работе с клиентами ( Измайлово),Территория Фитнеса,Москва,115000.0,200000.0,157500.0,RUR,False,От 1 года до 3 лет,,,2026-04-27T11:57:03+0300,https://hh.ru/vacancy/132527260
Менеджер,132726855,Начальник отдела развития процессов (Дирекция аналитики ограничений и клиентского опыта),Альфа-Банк,Москва,,,,,,От 1 года до 3 лет,,,2026-05-04T10:32:55+0300,https://hh.ru/vacancy/132726855
Менеджер,131818331,Начальник Финансово-экономического управления,Промышленное Строительство,Москва,,,,,,Более 6 лет,,,2026-04-29T13:27:13+0300,https://hh.ru/vacancy/131818331
Менеджер,131691132,Руководитель отдела сопровождения клиентов (Retention & Enrollment Lead),СИНЕРГИЯ,Москва,200000.0,,200000.0,RUR,False,От 1 года до 3 лет,,,2026-04-29T13:08:32+0300,https://hh.ru/vacancy/131691132
Менеджер,132663798,Ассистент руководителя,Российское общество Знание,Москва,,140000.0,140000.0,RUR,False,От 3 до 6 лет,,,2026-04-30T13:15:49+0300,https://hh.ru/vacancy/132663798
Менеджер,132575947,Системный аналитик CRM,Альфа-Банк,Москва,,,,,,От 3 до 6 лет,,,2026-04-28T12:13:15+0300,https://hh.ru/vacancy/132575947
Менеджер,132597814,Технический писатель (ИТ-продукт CAM),Топ Системы,Москва,,,,,,От 3 до 6 лет,,,2026-04-28T18:49:35+0300,https://hh.ru/vacancy/132597814
Менеджер,132608909,Ведущий системный аналитик,РЕАЛИСТ БАНК,Москва,,,,,,От 3 до 6 лет,,,2026-04-29T09:25:24+0300,https://hh.ru/vacancy/132608909
Менеджер,132536762,CTO в команду клиентского сервиса,Т-Банк,Москва,,,,,,Более 6 лет,,,2026-04-27T14:13:12+0300,https://hh.ru/vacancy/132536762
Менеджер,132520633,Руководитель отдела по работе с партнерами,СИНЕРГИЯ,Москва,300000.0,,300000.0,RUR,False,От 3 до 6 лет,,,2026-04-27T10:18:49+0300,https://hh.ru/vacancy/132520633
Менеджер,132692750,Торговый представитель,Юзепчук Дарья Кирилловна,Москва,172400.0,228700.0,200550.0,RUR,True,От 3 до 6 лет,,,2026-05-01T21:30:30+0300,https://hh.ru/vacancy/132692750
Менеджер,132583140,Специалист по качественным исследованиям (Сегмент премиальных клиентов),Т-Банк,Москва,,,,,,От 3 до 6 лет,,,2026-04-28T14:06:07+0300,https://hh.ru/vacancy/132583140
Менеджер,132467978,Руководитель проектов (департамент стратегии),Альфа-Банк,Москва,,,,,,От 3 до 6 лет,,,2026-04-24T11:46:04+0300,https://hh.ru/vacancy/132467978
Менеджер,129953696,"Управляющий АЗС 17, 21",General Fueller,Химки (Московская область),132250.0,,132250.0,RUR,False,От 1 года до 3 лет,,,2026-05-19T15:02:50+0300,https://hh.ru/vacancy/129953696
Менеджер,129953694,"Управляющий АЗС 17, 21",General Fueller,Красногорск (Московская область),132250.0,,132250.0,RUR,False,От 1 года до 3 лет,,,2026-05-19T15:02:45+0300,https://hh.ru/vacancy/129953694
Менеджер,129953697,"Управляющий АЗС 17, 21",General Fueller,Долгопрудный (Московская область),132250.0,,132250.0,RUR,False,От 1 года до 3 лет,,,2026-05-19T15:02:41+0300,https://hh.ru/vacancy/129953697
Менеджер,129953698,"Управляющий АЗС 17, 21",General Fueller,Лобня (Московская область),132250.0,,132250.0,RUR,False,От 1 года до 3 лет,,,2026-05-19T15:02:37+0300,https://hh.ru/vacancy/129953698
Менеджер,129953695,"Управляющий АЗС 17, 21",General Fueller,Путилково (Московская область),132250.0,,132250.0,RUR,False,От 1 года до 3 лет,,,2026-05-19T15:02:32+0300,https://hh.ru/vacancy/129953695
Менеджер,131616022,Дежурный инженер ЦОД,Рунити,Москва,,,,,,От 1 года до 3 лет,,,2026-05-22T13:22:31+0300,https://hh.ru/vacancy/131616022
Менеджер,129796661,"Хостес в ресторан ""Forum""",ОРГАНИК ГОЛЬФ,Москва,60000.0,,60000.0,RUR,False,От 1 года до 3 лет,,,2026-05-21T11:42:16+0300,https://hh.ru/vacancy/129796661
Менеджер,133271758,Официант,Zaмания (ООО Замания),Москва,70000.0,,70000.0,RUR,False,Нет опыта,,,2026-05-19T17:58:48+0300,https://hh.ru/vacancy/133271758
Менеджер,132686954,"Официант (ТЦ Косино-парк, м. Лухмановская / м. Улица Дмитриевского)",Zaмания (ООО Замания),Москва,70000.0,,70000.0,RUR,False,Нет опыта,,,2026-05-19T12:24:08+0300,https://hh.ru/vacancy/132686954
Менеджер,132897079,"Официант (ТРЦ Авиапарк, м. ЦСКА)",Zaмания (ООО Замания),Москва,70000.0,,70000.0,RUR,False,Нет опыта,,,2026-05-19T12:23:48+0300,https://hh.ru/vacancy/132897079
Менеджер,133364634,Менеджер по закупкам и снабжению,Первая Чайная Группа,Москва,114900.0,149400.0,132150.0,RUR,True,От 1 года до 3 лет,,,2026-05-21T15:43:41+0300,https://hh.ru/vacancy/133364634
Менеджер,133101889,Менеджер в Cream Soda,Любинский Валерий Александрович,Москва,115000.0,,115000.0,RUR,False,От 1 года до 3 лет,,,2026-05-14T16:13:37+0300,https://hh.ru/vacancy/133101889
Менеджер,132598924,Business Development Manager,Образовательная платформа Альфа-Курс,Москва,,250000.0,250000.0,RUR,False,От 3 до 6 лет,,,2026-04-28T20:35:44+0300,https://hh.ru/vacancy/132598924
Менеджер,132083092,"Официант (м.ЗИЛ, ЖК Зиларт)",ЗДРАСТЕ,Москва,80000.0,,80000.0,RUR,False,Нет опыта,,,2026-05-18T14:17:17+0300,https://hh.ru/vacancy/132083092
Менеджер,133196003,"Официант (м. Аминьевская, ЖК Матвеевский парк)",ЗДРАСТЕ,Москва,90000.0,,90000.0,RUR,False,Нет опыта,,,2026-05-18T11:42:30+0300,https://hh.ru/vacancy/133196003
Менеджер,133224849,Упаковщик - укладчик Кофе и Какао по коробкам на склад,Вологина Анастасия Александровна (ЛИДЕР - ГРУПП),Москва,187000.0,288000.0,237500.0,RUR,False,Нет опыта,,,2026-05-19T01:04:15+0300,https://hh.ru/vacancy/133224849
Менеджер,131254230,Официант (Парк Горького),ЗДРАСТЕ,Москва,90000.0,,90000.0,RUR,False,Нет опыта,,,2026-05-13T13:52:37+0300,https://hh.ru/vacancy/131254230
Менеджер,132757323,Официант,Сеть кофеен Шоколадница,Москва,50000.0,80000.0,65000.0,RUR,False,Нет опыта,,,2026-05-04T16:33:41+0300,https://hh.ru/vacancy/132757323
Менеджер,131771035,Официант в ШОКОЛАДНИЦУ,Сеть кофеен Шоколадница,Москва,45000.0,110000.0,77500.0,RUR,False,Нет опыта,,,2026-04-29T08:47:16+0300,https://hh.ru/vacancy/131771035
Менеджер,132540989,Администратор на ресепшен,К Моторс,Москва,80000.0,,80000.0,RUR,False,От 1 года до 3 лет,,,2026-04-27T15:08:52+0300,https://hh.ru/vacancy/132540989
Менеджер,132158705,Руководитель ИТ-проекта (отель),Группа Гута,Москва,,,,,,От 3 до 6 лет,,,2026-04-28T14:50:46+0300,https://hh.ru/vacancy/132158705
Менеджер,132759682,Менеджер в Cream Soda,Любинский Валерий Александрович,Москва,115000.0,,115000.0,RUR,False,От 1 года до 3 лет,,,2026-05-04T17:17:57+0300,https://hh.ru/vacancy/132759682
Менеджер,132624807,Директор по маркетингу,Dizengof99,Москва,220000.0,,220000.0,RUR,True,От 3 до 6 лет,,,2026-05-23T14:09:03+0300,https://hh.ru/vacancy/132624807
Менеджер,132658652,Директор по электронной коммерции/Руководитель e-commerce,Pentar Corporation,Москва,,170000.0,170000.0,RUR,False,От 3 до 6 лет,,,2026-05-21T11:33:34+0300,https://hh.ru/vacancy/132658652
Менеджер,132276817,Креативный директор отдела маркетинга,STROTSKIS GROUP,Москва,,,,,,От 3 до 6 лет,,,2026-05-20T09:28:11+0300,https://hh.ru/vacancy/132276817
Менеджер,133296218,Директор по продажам / Sales Director,Qummy,Москва,,,,,,От 3 до 6 лет,,,2026-05-20T11:36:24+0300,https://hh.ru/vacancy/133296218
Менеджер,133138473,Финансовый директор (CFO),Джи Эл Эс Фармасьютикалз,Москва,,,,,,От 3 до 6 лет,,,2026-05-15T14:00:13+0300,https://hh.ru/vacancy/133138473
Менеджер,133082559,Заместитель генерального директора по ИБ в ДЗО,Т-Банк,Москва,,,,,,От 3 до 6 лет,,,2026-05-14T10:48:39+0300,https://hh.ru/vacancy/133082559
Менеджер,132727599,PR-директор,Концерн Телематика,Москва,,,,,,Более 6 лет,,,2026-05-04T10:40:34+0300,https://hh.ru/vacancy/132727599
Менеджер,132928470,"Директор по маркетингу союза ""Созвездие""",ФК ПУЛЬС,Москва,,,,,,От 3 до 6 лет,,,2026-05-08T15:20:54+0300,https://hh.ru/vacancy/132928470
Менеджер,132240154,Коммерческий Директор факультета ИТ,СИНЕРГИЯ,Москва,,,,,,От 3 до 6 лет,,,2026-05-04T09:56:09+0300,https://hh.ru/vacancy/132240154
Менеджер,132091578,Помощник Генерального директора,Парк в Орлово,Москва,100000.0,120000.0,110000.0,RUR,False,От 1 года до 3 лет,,,2026-04-29T09:04:51+0300,https://hh.ru/vacancy/132091578
Менеджер,132331534,Заместитель генерального директора,Staffline,Москва,,500000.0,500000.0,RUR,False,Более 6 лет,,,2026-04-27T16:58:05+0300,https://hh.ru/vacancy/132331534
Менеджер,130770837,Директор по закупкам и логистике,Джи Эл Эс Фармасьютикалз,Москва,,,,,,От 3 до 6 лет,,,2026-04-27T19:41:48+0300,https://hh.ru/vacancy/130770837
Менеджер,132549875,Директор по клиентскому сервису факультета (м Водный стадион),СИНЕРГИЯ,Москва,174000.0,260000.0,217000.0,RUR,False,От 1 года до 3 лет,,,2026-04-27T17:32:26+0300,https://hh.ru/vacancy/132549875
Менеджер,133298106,Бухгалтер-калькулятор в сеть караоке-клубов,Нота,Москва,130000.0,,130000.0,RUR,False,От 3 до 6 лет,,,2026-05-20T12:01:00+0300,https://hh.ru/vacancy/133298106
Менеджер,133364811,"Врач-кардиолог (г. Ковров, Владимирская область)",Первый Клинический Медицинский Центр,Москва,,,,,,От 1 года до 3 лет,,,2026-05-21T15:47:40+0300,https://hh.ru/vacancy/133364811
Менеджер,131513934,Личный помощник руководителя,Инвест Пром Групп,Москва,180000.0,180000.0,180000.0,RUR,False,От 1 года до 3 лет,,,2026-05-20T08:02:39+0300,https://hh.ru/vacancy/131513934
Менеджер,122034014,"Врач-гинеколог (г. Ковров, Владимирская область)",Первый Клинический Медицинский Центр,Москва,200000.0,,200000.0,RUR,False,От 1 года до 3 лет,,,2026-05-21T09:08:55+0300,https://hh.ru/vacancy/122034014
Менеджер,132620569,Бухгалтер по первичной документации,BIV,Москва,,,,,,От 3 до 6 лет,,,2026-05-20T11:21:42+0300,https://hh.ru/vacancy/132620569
Менеджер,125626078,"Врач-терапевт (г. Ковров, Владимирская область)",Первый Клинический Медицинский Центр,Москва,200000.0,,200000.0,RUR,False,От 3 до 6 лет,,,2026-05-20T20:40:23+0300,https://hh.ru/vacancy/125626078
Менеджер,125625644,Врач-педиатр (г. Ковров Владимирская область),Первый Клинический Медицинский Центр,Москва,200000.0,,200000.0,RUR,False,От 1 года до 3 лет,,,2026-05-20T19:57:33+0300,https://hh.ru/vacancy/125625644
Менеджер,132918037,Главный юрисконсульт,НПП Доза,Зеленоград,,,,,,От 1 года до 3 лет,,,2026-05-20T08:10:35+0300,https://hh.ru/vacancy/132918037
Менеджер,125625264,Врач стоматолог-терапевт (г. Ковров Владимирская область),Первый Клинический Медицинский Центр,Москва,200000.0,,200000.0,RUR,False,От 3 до 6 лет,,,2026-05-20T19:32:15+0300,https://hh.ru/vacancy/125625264
Менеджер,133160062,Пиццамейкер,МилАриЯ,Москва,6000.0,6000.0,6000.0,RUR,False,От 3 до 6 лет,,,2026-05-16T14:51:01+0300,https://hh.ru/vacancy/133160062
Менеджер,132135346,DATA-аналитик (middle) / BI-аналитик,White Rabbit Family,Москва,,150000.0,150000.0,RUR,False,От 1 года до 3 лет,,,2026-05-19T09:41:37+0300,https://hh.ru/vacancy/132135346
Менеджер,130540669,Врача гастроэнтеролог (г. Ковров Владимирская область),Первый Клинический Медицинский Центр,Москва,200000.0,,200000.0,RUR,False,От 1 года до 3 лет,,,2026-05-18T17:41:57+0300,https://hh.ru/vacancy/130540669
Менеджер,128905732,Врач функциональной диагностики (г. Ковров Владимирская область),Первый Клинический Медицинский Центр,Москва,200000.0,,200000.0,RUR,False,От 1 года до 3 лет,,,2026-05-18T10:03:55+0300,https://hh.ru/vacancy/128905732
Менеджер,128905719,Врач-офтальмолог/окулист (г. Ковров Владимирская область),Первый Клинический Медицинский Центр,Москва,200000.0,,200000.0,RUR,False,От 1 года до 3 лет,,,2026-05-18T10:03:21+0300,https://hh.ru/vacancy/128905719
Менеджер,128905703,Врач ультразвуковой диагностики (г. Ковров Владимирская область),Первый Клинический Медицинский Центр,Москва,200000.0,,200000.0,RUR,False,От 1 года до 3 лет,,,2026-05-18T10:02:42+0300,https://hh.ru/vacancy/128905703
Менеджер,128906415,Врач-кардиолог (г. Ковров Владимирская область),Первый Клинический Медицинский Центр,Москва,200000.0,,200000.0,RUR,False,От 1 года до 3 лет,,,2026-05-18T10:23:21+0300,https://hh.ru/vacancy/128906415
Менеджер,128906395,Врач-дерматолог (г. Ковров Владимирская область),Первый Клинический Медицинский Центр,Москва,200000.0,,200000.0,RUR,False,От 1 года до 3 лет,,,2026-05-18T10:22:41+0300,https://hh.ru/vacancy/128906395
Менеджер,128905822,"Врач-рентгенолог (г. Ковров, Владимирская область)",Первый Клинический Медицинский Центр,Москва,200000.0,,200000.0,RUR,False,От 1 года до 3 лет,,,2026-05-18T10:06:14+0300,https://hh.ru/vacancy/128905822
Менеджер,128905281,Абдоминальный онколог (г. Ковров Владимирская область),Первый Клинический Медицинский Центр,Москва,350000.0,,350000.0,RUR,False,От 3 до 6 лет,,,2026-05-18T09:53:58+0300,https://hh.ru/vacancy/128905281
Менеджер,128904490,"Врач кардиохирург, аритмолог (г. Ковров Владимирская область)",Первый Клинический Медицинский Центр,Москва,250000.0,,250000.0,RUR,False,От 3 до 6 лет,,,2026-05-18T09:35:24+0300,https://hh.ru/vacancy/128904490
Менеджер,131342047,Врач-эндокринолог (г. Ковров Владимирская область),Первый Клинический Медицинский Центр,Москва,200000.0,,200000.0,RUR,False,От 1 года до 3 лет,,,2026-05-17T13:03:45+0300,https://hh.ru/vacancy/131342047
Менеджер,128905346,Врач-невролог (г.Ковров Владимирская область),Первый Клинический Медицинский Центр,Москва,200000.0,,200000.0,RUR,False,От 1 года до 3 лет,,,2026-05-18T09:54:51+0300,https://hh.ru/vacancy/128905346
Менеджер,131342403,Врач хирург-гинеколог (г.Ковров Владимирская область),Первый Клинический Медицинский Центр,Москва,300000.0,,300000.0,RUR,False,От 1 года до 3 лет,,,2026-05-17T13:08:25+0300,https://hh.ru/vacancy/131342403
Менеджер,132188624,Врач-стоматолог хирург/челюстно-лицевой хирург/имплантолог (г. Ковров Владимирская область),Первый Клинический Медицинский Центр,Москва,300000.0,,300000.0,RUR,False,От 1 года до 3 лет,,,2026-05-16T09:32:33+0300,https://hh.ru/vacancy/132188624
Менеджер,128476903,Врач-психиатр (г. Ковров Владимирская область),Первый Клинический Медицинский Центр,Москва,200000.0,,200000.0,RUR,False,От 1 года до 3 лет,,,2026-05-14T13:05:37+0300,https://hh.ru/vacancy/128476903
Менеджер,132096587,Врач-колопроктолог (г.Ковров Владимирская область),Первый Клинический Медицинский Центр,Москва,200000.0,,200000.0,RUR,False,От 1 года до 3 лет,,,2026-05-13T19:32:36+0300,https://hh.ru/vacancy/132096587
Менеджер,131535863,Дежурный инженер,Инфосистемы Джет,Москва,,,,,,От 1 года до 3 лет,,,2026-05-14T12:19:37+0300,https://hh.ru/vacancy/131535863
Менеджер,132856278,Младший корпоративный юрист,Т-Банк,Москва,,,,,,От 1 года до 3 лет,,,2026-05-06T17:49:59+0300,https://hh.ru/vacancy/132856278
Менеджер,132871445,Руководитель направления по работе с рекламными агентствами,Альфа-Банк,Москва,,,,,,От 3 до 6 лет,,,2026-05-07T10:07:01+0300,https://hh.ru/vacancy/132871445
Менеджер,132728100,Экономист,НИЦЭВТ,Москва,,130000.0,130000.0,RUR,True,От 1 года до 3 лет,,,2026-05-04T10:47:25+0300,https://hh.ru/vacancy/132728100
Менеджер,132926777,Заместитель начальника отдела экономического планирования и анализа Института,Президентская академия ( РАНХиГС ) - Российская академия народного хозяйства и государственной службы при Президенте РФ,Москва,200000.0,,200000.0,RUR,True,От 3 до 6 лет,,,2026-05-08T14:46:03+0300,https://hh.ru/vacancy/132926777
Менеджер,130937389,"Врач-оториноларинголог/хирург (лор) (г. Ковров, Владимирская область)",Первый Клинический Медицинский Центр,Москва,250000.0,,250000.0,RUR,False,От 1 года до 3 лет,,,2026-05-02T17:10:25+0300,https://hh.ru/vacancy/130937389
Менеджер,132550545,"Врач стоматолог-ортодонт (г. Ковров, Владимирская область)",Первый Клинический Медицинский Центр,Москва,300000.0,,300000.0,RUR,False,От 3 до 6 лет,,,2026-04-27T17:54:06+0300,https://hh.ru/vacancy/132550545
Менеджер,132675527,Директор управления бизнес процессами / BPM-директор,СИНЕРГИЯ,Москва,,,,,,От 3 до 6 лет,,,2026-04-30T16:31:24+0300,https://hh.ru/vacancy/132675527
Менеджер,132550755,Врач УЗИ/УЗД (г. Ковров Владимирская область),Первый Клинический Медицинский Центр,Москва,200000.0,,200000.0,RUR,False,От 1 года до 3 лет,,,2026-04-27T18:02:58+0300,https://hh.ru/vacancy/132550755
Уборщик,127891643,Мойщик-уборщик в кофейни,Сеть кофеен Шоколадница,Москва,65000.0,110000.0,87500.0,RUR,True,Нет опыта,,,2026-05-21T23:07:46+0300,https://hh.ru/vacancy/127891643
Уборщик,131646833,Уборщица-посудомойщица/уборщик-посудомойщик в кафе,ICONFOOD,Москва,3800.0,4200.0,4000.0,RUR,False,Нет опыта,,,2026-05-21T11:00:32+0300,https://hh.ru/vacancy/131646833
Уборщик,132689792,Уборщица-посудомойщица/уборщик-посудомойщик,PhoBo,Москва,3500.0,3500.0,3500.0,RUR,False,Нет опыта,,,2026-05-22T16:31:43+0300,https://hh.ru/vacancy/132689792
Уборщик,133143056,Уборщица-посудомойщица/уборщик-посудомойщик в кафе при студии йоги,HOLI yoga&cafe,Москва,100000.0,130000.0,115000.0,RUR,False,Нет опыта,,,2026-05-21T15:14:37+0300,https://hh.ru/vacancy/133143056
Уборщик,133343758,Уборщица-мойщица/уборщик-мойщик,Печорин Групп,Москва,4000.0,,4000.0,RUR,False,Нет опыта,,,2026-05-21T10:50:54+0300,https://hh.ru/vacancy/133343758
Уборщик,132572548,Горничная/Дворецкий/Помощник по хозяйству,amoCRM,Москва,90000.0,90000.0,90000.0,RUR,False,От 3 до 6 лет,,,2026-05-22T11:19:09+0300,https://hh.ru/vacancy/132572548
Уборщик,133339408,Уборщица-посудомойщица/уборщик-посудомойщик (Котельники),ЗДРАСТЕ,Москва,4300.0,,4300.0,RUR,False,Нет опыта,,,2026-05-21T09:53:16+0300,https://hh.ru/vacancy/133339408
Уборщик,132289881,Уборщица/Уборщик,"ЦУМ, ТД",Москва,80500.0,,80500.0,RUR,True,Нет опыта,,,2026-05-19T10:28:36+0300,https://hh.ru/vacancy/132289881
Уборщик,132874479,Уборщица-посудомойщица/уборщик-посудомойщик (Парк Горького),ЗДРАСТЕ,Москва,4000.0,,4000.0,RUR,False,Нет опыта,,,2026-05-21T11:53:54+0300,https://hh.ru/vacancy/132874479
Уборщик,133339563,Уборщица-посудомойщица/Уборщик-посудомойщик (м. Жулебино),ЗДРАСТЕ,Москва,4300.0,,4300.0,RUR,False,Нет опыта,,,2026-05-21T09:55:26+0300,https://hh.ru/vacancy/133339563
Уборщик,132458440,Уборщица/Уборщик (пекарня в КП Суханово парк),ГЛАДИОЛУС,Москва,3000.0,,3000.0,RUR,False,Нет опыта,,,2026-05-21T08:43:14+0300,https://hh.ru/vacancy/132458440
Уборщик,132533341,Уборщица/уборщик,"ЦУМ, ТД",Москва,80500.0,,80500.0,RUR,True,Нет опыта,,,2026-05-18T10:13:47+0300,https://hh.ru/vacancy/132533341
Уборщик,133187323,Уборщица/уборщик,YURA Restaurant & Bar,Москва,70000.0,70000.0,70000.0,RUR,False,От 1 года до 3 лет,,,2026-05-18T10:04:26+0300,https://hh.ru/vacancy/133187323
Уборщик,132126617,Уборщик (Сколково),FreshCafe,Москва,81000.0,,81000.0,RUR,True,Нет опыта,,,2026-05-18T10:20:21+0300,https://hh.ru/vacancy/132126617
Уборщик,133262274,Уборщица / Уборщик (в офис),Русклимат,Москва,62000.0,62000.0,62000.0,RUR,False,Нет опыта,,,2026-05-19T15:08:54+0300,https://hh.ru/vacancy/133262274
Уборщик,131960668,Клинер-уборщик на кондитерскую фабрику,Maison DELLOS,Москва,,96000.0,96000.0,RUR,False,Нет опыта,,,2026-05-18T11:51:42+0300,https://hh.ru/vacancy/131960668
Уборщик,132330921,Уборщица/Уборщик (м. Кузнецкий мост),"ЦУМ, ТД",Москва,80500.0,,80500.0,RUR,True,Нет опыта,,,2026-05-18T11:37:22+0300,https://hh.ru/vacancy/132330921
Уборщик,131576112,Уборщик клиентских зон (гольф-клуб),Crocus Group,Москва,,75000.0,75000.0,RUR,False,Нет опыта,,,2026-05-18T11:36:44+0300,https://hh.ru/vacancy/131576112
Уборщик,120748035,Уборщик служебных помещений,Национальный исследовательский ядерный университет МИФИ,Москва,,,,,,Нет опыта,,,2026-05-15T11:31:17+0300,https://hh.ru/vacancy/120748035
Уборщик,132104696,Уборщик салонов самолетов,Аэропорт Домодедово,Москва,110000.0,,110000.0,RUR,True,Нет опыта,,,2026-05-14T07:38:43+0300,https://hh.ru/vacancy/132104696
Уборщик,133079900,Горничная в гостиницу,Филиал ФКП Росгосцирк Гостиница Арена,Москва,70000.0,72000.0,71000.0,RUR,False,Нет опыта,,,2026-05-14T10:11:57+0300,https://hh.ru/vacancy/133079900
Уборщик,132824696,Уборщица/уборщик,Сварщица Екатерина,Москва,50000.0,60000.0,55000.0,RUR,False,Нет опыта,,,2026-05-06T09:11:15+0300,https://hh.ru/vacancy/132824696
Уборщик,132123174,Уборщик,FreshCafe,Москва,81000.0,,81000.0,RUR,True,Нет опыта,,,2026-04-27T15:34:17+0300,https://hh.ru/vacancy/132123174
Уборщик,132499885,Уборщик,Das Brot,Москва,2000.0,2000.0,2000.0,RUR,False,Нет опыта,,,2026-04-26T08:52:11+0300,https://hh.ru/vacancy/132499885
Уборщик,132733584,Горничная,Филиал ФКП Росгосцирк Гостиница Арена,Москва,62500.0,70000.0,66250.0,RUR,False,Нет опыта,,,2026-05-04T11:43:27+0300,https://hh.ru/vacancy/132733584
Уборщик,132983591,Горничная в Отель,Филиал ФКП Росгосцирк Гостиница Арена,Москва,70000.0,72000.0,71000.0,RUR,False,Нет опыта,,,2026-05-12T11:09:39+0300,https://hh.ru/vacancy/132983591
Уборщик,132572162,Уборщик/Уборщица в кафе (г. Долгопрудный),Лампа,Долгопрудный (Московская область),95480.0,112840.0,104160.0,RUR,False,Нет опыта,,,2026-04-28T11:14:30+0300,https://hh.ru/vacancy/132572162
Уборщик,131537925,"Горничная (база отдыха ""Волга"" Тверская область)",Национальный исследовательский ядерный университет МИФИ,Москва,,,,,,Нет опыта,,,2026-05-15T11:31:48+0300,https://hh.ru/vacancy/131537925
Уборщик,132925352,Уборщица/уборщик на производство,Волконский,Москва,94500.0,,94500.0,RUR,False,Нет опыта,,,2026-05-08T14:17:25+0300,https://hh.ru/vacancy/132925352
Уборщик,132977328,Уборщик служебных помещений (ул. Приорова д. 10),ФГБУ «Национальный медицинский исследовательский центр травматологии и ортопедии имени Н.Н. Приорова» Минздрава России,Москва,,90000.0,90000.0,RUR,False,Нет опыта,,,2026-05-12T09:36:14+0300,https://hh.ru/vacancy/132977328
Уборщик,132617900,Горничная,Музей в темноте Сенсориум (ИП Тейбаш Дмитрий Анатольевич),Москва,80000.0,100000.0,90000.0,RUR,True,От 1 года до 3 лет,,,2026-04-29T11:53:57+0300,https://hh.ru/vacancy/132617900
Уборщик,132735974,Мойщик посуды / уборщица / уборщик,Филиал ФКП Росгосцирк Гостиница Арена,Москва,50000.0,55000.0,52500.0,RUR,False,Нет опыта,,,2026-05-04T12:09:56+0300,https://hh.ru/vacancy/132735974
Уборщик,132746811,Посудомойщица-уборщица/Посудомойщик-уборщик,ПАПА ДЖОНС,Зеленоград,,70000.0,70000.0,RUR,False,Нет опыта,,,2026-05-04T14:11:34+0300,https://hh.ru/vacancy/132746811
Уборщик,130038012,Уборщица/уборщик в офис (м. Павелецкая),Группа компаний РБЕ (RBE Group),Москва,65000.0,65000.0,65000.0,RUR,False,Нет опыта,,,2026-05-06T16:38:48+0300,https://hh.ru/vacancy/130038012
Уборщик,129288862,Уборщица/Уборщик в ТРК VEGAS,Crocus Group,Москва,52000.0,,52000.0,RUR,True,Нет опыта,,,2026-05-04T11:23:04+0300,https://hh.ru/vacancy/129288862
Уборщик,132752582,Горничная в Банный комплекс,Арт кафе Сахар,Москва,55000.0,70000.0,62500.0,RUR,False,Нет опыта,,,2026-05-04T15:24:43+0300,https://hh.ru/vacancy/132752582
Уборщик,131353698,Уборщица/уборщик (Технодинамика),Группа компаний РБЕ (RBE Group),Москва,65000.0,65000.0,65000.0,RUR,False,Нет опыта,,,2026-04-24T19:41:17+0300,https://hh.ru/vacancy/131353698
Уборщик,132595156,Горничная в музей,Музей в темноте Сенсориум (ИП Тейбаш Дмитрий Анатольевич),Москва,,65000.0,65000.0,RUR,True,От 1 года до 3 лет,,,2026-04-28T17:39:56+0300,https://hh.ru/vacancy/132595156
Уборщик,132485865,Супервайзер номерного фонда,Парк Тауэр Отель,Москва,80000.0,80000.0,80000.0,RUR,False,От 1 года до 3 лет,,,2026-05-21T17:23:19+0300,https://hh.ru/vacancy/132485865
Уборщик,132638218,Мойщик посуды,Кофейня Natura,Москва,70000.0,85000.0,77500.0,RUR,False,Нет опыта,,,2026-04-29T19:11:35+0300,https://hh.ru/vacancy/132638218
Уборщик,131819965,Мойщик вагонов метро ( депо Южное ),Группа компаний РБЕ (RBE Group),Москва,3500.0,3500.0,3500.0,RUR,False,Нет опыта,,,2026-05-11T13:21:01+0300,https://hh.ru/vacancy/131819965
Уборщик,129767326,Мойщик вагонов метро (Коммунарка),Группа компаний РБЕ (RBE Group),Москва,3600.0,3600.0,3600.0,RUR,False,Нет опыта,,,2026-05-05T13:34:43+0300,https://hh.ru/vacancy/129767326
Уборщик,128853718,Мойщик вагонов метро (Варшавская),Группа компаний РБЕ (RBE Group),Москва,3500.0,3500.0,3500.0,RUR,False,Нет опыта,,,2026-05-05T13:34:43+0300,https://hh.ru/vacancy/128853718
Уборщик,130171698,Специалист по чистке вагонов (Депо Замоскворецкое),Группа компаний РБЕ (RBE Group),Москва,3616.0,3616.0,3616.0,RUR,True,Нет опыта,,,2026-05-08T10:46:13+0300,https://hh.ru/vacancy/130171698
Уборщик,131741252,Мойщик/Мойщица вагонов в Депо Южное,Группа компаний РБЕ (RBE Group),Москва,3500.0,3500.0,3500.0,RUR,False,Нет опыта,,,2026-04-30T17:15:58+0300,https://hh.ru/vacancy/131741252
Уборщик,132157460,Заведующий производством в столовую (г.о. Шаховская),Группа компаний РБЕ (RBE Group),Москва,84000.0,168000.0,126000.0,RUR,False,От 1 года до 3 лет,,,2026-05-08T18:23:58+0300,https://hh.ru/vacancy/132157460
Уборщик,131099895,Мойщик/мойщица (Депо Сокол),Группа компаний РБЕ (RBE Group),Москва,3200.0,,3200.0,RUR,False,Нет опыта,,,2026-04-30T18:39:36+0300,https://hh.ru/vacancy/131099895
Уборщик,132652964,Мойщик/Мойщица вагонов в Депо Замоскворецкое,Группа компаний РБЕ (RBE Group),Москва,3600.0,3600.0,3600.0,RUR,False,Нет опыта,,,2026-04-30T09:45:54+0300,https://hh.ru/vacancy/132652964
Уборщик,132782558,Уборщик в кафе г. Москва,СИМПЛЕКС,Москва,65000.0,95000.0,80000.0,RUR,False,Нет опыта,,,2026-05-05T11:15:54+0300,https://hh.ru/vacancy/132782558
Уборщик,132614976,Уборщица/уборщик в кафе «Плейс»,ОРГАНИК ГОЛЬФ,Москва,120000.0,,120000.0,RUR,False,Нет опыта,,,2026-04-29T11:02:26+0300,https://hh.ru/vacancy/132614976
Уборщик,132387728,"Уборщик в частное кафе, г. Москва",СИМПЛЕКС,Москва,65000.0,95000.0,80000.0,RUR,False,Нет опыта,,,2026-04-28T16:34:20+0300,https://hh.ru/vacancy/132387728
Уборщик,129615669,Мойщик вагонов метро (Сокол),Группа компаний РБЕ (RBE Group),Москва,3500.0,3500.0,3500.0,RUR,False,Нет опыта,,,2026-05-05T13:34:44+0300,https://hh.ru/vacancy/129615669
Уборщик,132956448,В ресторан / Уборщица / Уборщик,Чистилёнок,Москва,104000.0,,104000.0,RUR,False,Нет опыта,,,2026-05-23T09:54:07+0300,https://hh.ru/vacancy/132956448
Уборщик,133049932,Уборщик в ресторан быстрого питания,Кадровый Компас,Москва,,105000.0,105000.0,RUR,True,Нет опыта,,,2026-05-22T14:29:34+0300,https://hh.ru/vacancy/133049932
Уборщик,131337893,Уборщица-посудомойщица/Уборщик-посудомойщик в ресторан (Аэропорт Внуково),УК Арбат 38,Москва,70000.0,,70000.0,RUR,False,Нет опыта,,,2026-05-22T16:37:46+0300,https://hh.ru/vacancy/131337893
Уборщик,132793268,Мойщица-мойщик/Уборщица-уборщик в ТОКИО-CITY,ТОКИО-CITY,Москва,62000.0,80000.0,71000.0,RUR,False,Нет опыта,,,2026-05-23T13:56:30+0300,https://hh.ru/vacancy/132793268
Уборщик,132800129,Горничная в отель 4 *,Управляющая Компания Отель,Москва,80040.0,,80040.0,RUR,False,Нет опыта,,,2026-05-23T14:51:56+0300,https://hh.ru/vacancy/132800129
Уборщик,133197635,Гладильщица-уборщица/гладильщик - уборщик в ресторан (м. Маяковская),Новиков Групп,Москва,3700.0,3700.0,3700.0,RUR,False,Нет опыта,,,2026-05-22T10:12:26+0300,https://hh.ru/vacancy/133197635
Уборщик,132832756,Посудомойщица/посудомойщик/уборщик в ресторан Кофемания,Кофемания,Москва,80000.0,100000.0,90000.0,RUR,False,Нет опыта,,,2026-05-21T11:08:11+0300,https://hh.ru/vacancy/132832756
Уборщик,132474200,Уборщица-посудомойщица/Уборщик-посудомойщик в ресторан,Пронто,Зеленоград,90000.0,,90000.0,RUR,False,Нет опыта,,,2026-05-21T10:02:34+0300,https://hh.ru/vacancy/132474200
Уборщик,133338179,Посудомойщица-уборщица/посудомойщик-уборщик в ресторан,Новый Концепт,Москва,90000.0,,90000.0,RUR,False,Нет опыта,,,2026-05-21T09:35:01+0300,https://hh.ru/vacancy/133338179
Уборщик,133323295,Посудомойщица/посудомойщик/уборщик в ресторан Кофемания,Кофемания,Москва,80000.0,100000.0,90000.0,RUR,False,Нет опыта,,,2026-05-20T17:42:19+0300,https://hh.ru/vacancy/133323295
Уборщик,133341989,Ночная посудомойщица - уборщица/ночной посудомойщик-уборщик в ресторан Magritte,Мани Групп,Москва,105000.0,,105000.0,RUR,False,От 1 года до 3 лет,,,2026-05-21T10:24:50+0300,https://hh.ru/vacancy/133341989
Уборщик,133387511,Повар ресторана Rostic's (м.Коньково),Сити Ресторантс,Москва,,105000.0,105000.0,RUR,True,Нет опыта,,,2026-05-22T10:21:37+0300,https://hh.ru/vacancy/133387511
Уборщик,133239946,Уборщик / уборщица в ресторан,Теремок,Москва,88960.0,133440.0,111200.0,RUR,False,Нет опыта,,,2026-05-19T10:29:51+0300,https://hh.ru/vacancy/133239946
Уборщик,133324449,"Уборщик в ресторан ""Абрау Дюрсо 1870 Арбат""","Абрау-Дюрсо, Русский Винный Дом",Москва,3800.0,,3800.0,RUR,False,Нет опыта,,,2026-05-20T18:24:32+0300,https://hh.ru/vacancy/133324449
Уборщик,133383541,Повар-кассир ресторана Rostic's (м. Коньково),Сити Ресторантс,Москва,,105000.0,105000.0,RUR,True,Нет опыта,,,2026-05-22T09:14:34+0300,https://hh.ru/vacancy/133383541
Уборщик,132481610,Повар горячего цеха (открытая кухня / завтраки) в ресторан Klich,KLICH,Москва,6000.0,,6000.0,RUR,False,От 3 до 6 лет,,,2026-05-22T16:04:31+0300,https://hh.ru/vacancy/132481610
Уборщик,133390484,Старший смены / Супервайзер горничных,ActivHotels,Москва,,,,,,От 1 года до 3 лет,,,2026-05-22T11:09:28+0300,https://hh.ru/vacancy/133390484
Уборщик,133340508,Уборщица/посудомойщица-Уборщик/посудомойщик,Пронто,Люберцы  (Московская область),50000.0,,50000.0,RUR,False,Нет опыта,,,2026-05-21T10:07:32+0300,https://hh.ru/vacancy/133340508
Уборщик,132124887,"Уборщик, уборщица",Премьер Консалт,Москва,3500.0,4000.0,3750.0,RUR,False,Нет опыта,,,2026-05-19T09:00:19+0300,https://hh.ru/vacancy/132124887
Уборщик,132625824,Уборщик/уборщица,Клуб-ресторан ЦДЛ,Москва,90000.0,,90000.0,RUR,False,Нет опыта,,,2026-05-18T12:17:25+0300,https://hh.ru/vacancy/132625824
Уборщик,133195130,Уборщица - уборщик в ресторан (м. Пятницкое шоссе),Joki Joya,Москва,70000.0,,70000.0,RUR,False,Нет опыта,,,2026-05-18T11:31:18+0300,https://hh.ru/vacancy/133195130
Уборщик,131732004,Уборщица / Уборщик (м. Братиславская),"Тануки, японский ресторан",Москва,,90000.0,90000.0,RUR,False,Нет опыта,,,2026-05-19T17:02:46+0300,https://hh.ru/vacancy/131732004
Уборщик,133293887,"Сотрудник ресторана ""Pivaldi"", г. Зеленоград",ПИВАЛЬДИ,Зеленоград,4000.0,,4000.0,RUR,False,Нет опыта,,,2026-05-20T11:05:15+0300,https://hh.ru/vacancy/133293887
Уборщик,132735050,Специалист по клинингу в гольф-клуб «Forest Hills»,МОСС РАЗВИТИЕ,Москва,60000.0,60000.0,60000.0,RUR,False,От 1 года до 3 лет,,,2026-05-22T12:01:36+0300,https://hh.ru/vacancy/132735050
Уборщик,133204241,Ночной уборщик кухни,Классический итальянский ресторан Due Forni,Москва,100000.0,,100000.0,RUR,False,Нет опыта,,,2026-05-18T13:36:32+0300,https://hh.ru/vacancy/133204241
Уборщик,133201411,Уборщица / уборщик (м. Отрадное),Чайхона №1,Москва,80000.0,,80000.0,RUR,False,Нет опыта,,,2026-05-18T12:55:54+0300,https://hh.ru/vacancy/133201411
Уборщик,130901083,Уборщица-посудомойщица/Уборщик-посудомойщик в ресторан (Аэропорт Внуково),УК Арбат 38,Москва,70000.0,,70000.0,RUR,True,Нет опыта,,,2026-05-15T23:15:08+0300,https://hh.ru/vacancy/130901083
Уборщик,133048947,Уборщица / Уборщик в ресторан (белая посуда),Солард,Москва,78000.0,,78000.0,RUR,False,От 1 года до 3 лет,,,2026-05-13T14:15:22+0300,https://hh.ru/vacancy/133048947
Уборщик,132291632,Уборщица / Уборщик в ресторан Каспийка (м.Солнцево),"Тануки, японский ресторан",Москва,,107000.0,107000.0,RUR,False,Нет опыта,,,2026-05-13T09:25:08+0300,https://hh.ru/vacancy/132291632
Уборщик,133051794,"Уборщик (Уборщица) / Мойщик (Мойщица) в ресторан ""DACHNIKI""",VASILCHUKI Restaurant Group,Москва,84000.0,,84000.0,RUR,False,Нет опыта,,,2026-05-13T14:55:51+0300,https://hh.ru/vacancy/133051794
Уборщик,133059507,Уборщица/уборщик-посудомойщица/посудомойщик в рестораны Lucky Group,Lucky Group,Москва,100000.0,120000.0,110000.0,RUR,False,Нет опыта,,,2026-05-13T17:03:55+0300,https://hh.ru/vacancy/133059507
Уборщик,131360101,Сотрудник ресторана (Внуково),Развитие РОСТ,Москва,100000.0,,100000.0,RUR,True,Нет опыта,,,2026-05-14T10:26:59+0300,https://hh.ru/vacancy/131360101
Уборщик,133046833,Уборщица-посудомойщица/уборщик-посудомойщик,Ресторан GEM,Москва,104000.0,108000.0,106000.0,RUR,False,От 1 года до 3 лет,,,2026-05-13T13:41:04+0300,https://hh.ru/vacancy/133046833
Уборщик,131950690,Уборщик с функцией грузчика,Росинтер Ресторантс,Москва,,100000.0,100000.0,RUR,False,Нет опыта,,,2026-05-14T16:07:53+0300,https://hh.ru/vacancy/131950690
Уборщик,132880880,Посудомойщица-уборщица/Посудомойщик-уборщик в ресторан,Кофемания,Москва,80000.0,100000.0,90000.0,RUR,True,Нет опыта,,,2026-05-07T12:52:21+0300,https://hh.ru/vacancy/132880880
Уборщик,132856891,Ночной уборщик ресторана Rostic's (м.Комсомольская),Сити Ресторантс,Москва,,105500.0,105500.0,RUR,True,Нет опыта,,,2026-05-06T18:09:49+0300,https://hh.ru/vacancy/132856891
Уборщик,132987116,Уборщик (уборщица) / посудомойщик (посудомойщица),VASILCHUKI Restaurant Group,Москва,90000.0,110000.0,100000.0,RUR,False,Нет опыта,,,2026-05-12T11:29:38+0300,https://hh.ru/vacancy/132987116
Уборщик,132889174,Уборщик/мойщик в ресторан Вкусно - и Точка,Развитие РОСТ,Москва,140000.0,,140000.0,RUR,False,Нет опыта,,,2026-05-07T15:07:41+0300,https://hh.ru/vacancy/132889174
Уборщик,132840950,Уборщица/уборщик/Горничная,Ресторан Ближний,Москва,4500.0,4500.0,4500.0,RUR,False,От 1 года до 3 лет,,,2026-05-06T13:22:17+0300,https://hh.ru/vacancy/132840950
Уборщик,132207707,Уборщица / уборщик,Классический итальянский ресторан Due Forni,Москва,4500.0,,4500.0,RUR,False,От 1 года до 3 лет,,,2026-05-06T18:05:34+0300,https://hh.ru/vacancy/132207707
Уборщик,132129474,Повар в ресторан «Вкусно и Точка»,Развитие РОСТ,Москва,110000.0,,110000.0,RUR,True,Нет опыта,,,2026-05-14T10:26:30+0300,https://hh.ru/vacancy/132129474
Уборщик,131480428,Уборщица\Уборщик в ЁРШ (м. Царицыно),"Тануки, японский ресторан",Москва,,107000.0,107000.0,RUR,False,Нет опыта,,,2026-05-13T09:24:50+0300,https://hh.ru/vacancy/131480428
Уборщик,132812410,Уборщица/Уборщик,ТОСТИ,Москва,82500.0,120000.0,101250.0,RUR,False,От 1 года до 3 лет,,,2026-05-05T18:11:15+0300,https://hh.ru/vacancy/132812410
Уборщик,133046549,Сотрудник ресторана «Вкусно и Точка» (Шереметьево),Развитие РОСТ,Москва,100000.0,,100000.0,RUR,True,Нет опыта,,,2026-05-13T13:36:42+0300,https://hh.ru/vacancy/133046549
Уборщик,132805882,Уборщик / Посудомойщик,НЕБО,Москва,90000.0,,90000.0,RUR,False,Нет опыта,,,2026-05-05T16:14:23+0300,https://hh.ru/vacancy/132805882
Уборщик,129964078,Сотрудник Ресторана Rostic's (м. Таганская),Сити Ресторантс,Москва,,105000.0,105000.0,RUR,True,Нет опыта,,,2026-05-13T08:56:15+0300,https://hh.ru/vacancy/129964078
Уборщик,133045673,"Работник в ресторан «Вкусно и Точка», Внуково",Развитие РОСТ,Москва,100000.0,,100000.0,RUR,True,Нет опыта,,,2026-05-13T13:22:05+0300,https://hh.ru/vacancy/133045673
Уборщик,131460324,Уборщица/Уборщик в ресторан,Гастробарсервис,Москва,,91000.0,91000.0,RUR,False,Нет опыта,,,2026-04-24T14:24:46+0300,https://hh.ru/vacancy/131460324
Уборщик,132207415,Продавец-кассир Ресторана Rostic's (м. Беговая),Сити Ресторантс,Москва,,105000.0,105000.0,RUR,True,Нет опыта,,,2026-05-12T12:24:03+0300,https://hh.ru/vacancy/132207415
Уборщик,132208047,Продавец кассир Ресторана Rostic's (м. ЦСКА),Сити Ресторантс,Москва,,105000.0,105000.0,RUR,True,Нет опыта,,,2026-05-12T12:24:03+0300,https://hh.ru/vacancy/132208047
Уборщик,132208374,Продавец-кассир Ресторана Rostic's (м. Семеновская),Сити Ресторантс,Москва,,105000.0,105000.0,RUR,True,Нет опыта,,,2026-05-12T12:24:03+0300,https://hh.ru/vacancy/132208374
Уборщик,132206647,Продавец кассир Ресторана Rostic's (м. Аннино),Сити Ресторантс,Москва,,105000.0,105000.0,RUR,True,Нет опыта,,,2026-05-12T12:24:02+0300,https://hh.ru/vacancy/132206647
Уборщик,132206815,Продавец-кассир Ресторана Rostic's (м. Красногвардейская),Сити Ресторантс,Москва,,105000.0,105000.0,RUR,True,Нет опыта,,,2026-05-12T12:24:02+0300,https://hh.ru/vacancy/132206815
Уборщик,132206886,Продавец кассир Ресторана Rostic's (м. Курская),Сити Ресторантс,Москва,,105000.0,105000.0,RUR,True,Нет опыта,,,2026-05-12T12:24:02+0300,https://hh.ru/vacancy/132206886
Уборщик,130155299,Продавец кассир Ресторана Rostic's (м. Савеловская),Сити Ресторантс,Москва,,105000.0,105000.0,RUR,True,Нет опыта,,,2026-05-12T12:24:01+0300,https://hh.ru/vacancy/130155299
Уборщик,132630444,"Менеджер по персоналу (аутсорсинг, общепит)",Job Person,Москва,80000.0,160000.0,120000.0,RUR,False,От 1 года до 3 лет,,,2026-05-23T16:07:09+0300,https://hh.ru/vacancy/132630444
Уборщик,132208280,Продавец кассир Ресторана Rostic's (м. Цветной бульвар),Сити Ресторантс,Москва,,105000.0,105000.0,RUR,True,Нет опыта,,,2026-05-12T12:24:03+0300,https://hh.ru/vacancy/132208280
Уборщик,132208511,Продавец-кассир Ресторана Rostic's (м. Народное ополчение),Сити Ресторантс,Москва,,105000.0,105000.0,RUR,True,Нет опыта,,,2026-05-12T12:24:03+0300,https://hh.ru/vacancy/132208511
Уборщик,132207223,Продавец-кассир Ресторана Rostic's (м. Речной Вокзал),Сити Ресторантс,Москва,,105000.0,105000.0,RUR,True,Нет опыта,,,2026-05-12T12:24:02+0300,https://hh.ru/vacancy/132207223
Уборщик,132486655,Уборщица-посудомойщица / Уборщик-посудомойщик в ресторан,Яцкова Наталия Андреевна,Москва,3500.0,,3500.0,RUR,True,Нет опыта,,,2026-04-24T17:59:19+0300,https://hh.ru/vacancy/132486655
Уборщик,132207320,Продавец кассир Ресторана Rostic's (м. Улица 1905 года),Сити Ресторантс,Москва,,105000.0,105000.0,RUR,True,Нет опыта,,,2026-05-12T12:24:02+0300,https://hh.ru/vacancy/132207320
Уборщик,132873555,Продавец-кассир ресторана Rostic's,Сити Ресторантс,Москва,,105000.0,105000.0,RUR,True,Нет опыта,,,2026-05-07T10:43:58+0300,https://hh.ru/vacancy/132873555
Уборщик,132620368,"Уборщица / уборщик / посудомойщица / посудомойщик в ресторан (Афимолл, м. Деловой центр)",Росинтер Ресторантс,Москва,3500.0,3500.0,3500.0,RUR,False,Нет опыта,,,2026-04-29T12:39:28+0300,https://hh.ru/vacancy/132620368
Уборщик,132206055,Продавец кассир Ресторана Rostic's ТЦ Витте Молл (м. Бульвар Адмирала Ушакова),Сити Ресторантс,Москва,,105000.0,105000.0,RUR,True,Нет опыта,,,2026-05-12T12:24:02+0300,https://hh.ru/vacancy/132206055
Уборщик,132547172,Уборщица/уборщик/посудомойщик,Ресторан Конг,Москва,,,,,,От 1 года до 3 лет,,,2026-04-27T16:36:19+0300,https://hh.ru/vacancy/132547172
Уборщик,132550411,Помощник в Ресторан,Поляева Елена Константиновна,Москва,95000.0,110000.0,102500.0,RUR,True,Нет опыта,,,2026-04-27T17:48:18+0300,https://hh.ru/vacancy/132550411
Уборщик,132856770,Повар-кассир ресторана Rostic's (м. Комсомольская),Сити Ресторантс,Москва,,105000.0,105000.0,RUR,True,Нет опыта,,,2026-05-06T18:06:27+0300,https://hh.ru/vacancy/132856770
Уборщик,132663457,Посудомойщица - уборщица/посудомойщик - уборщик,Архитектор,Москва,70000.0,,70000.0,RUR,False,От 1 года до 3 лет,,,2026-04-30T13:10:02+0300,https://hh.ru/vacancy/132663457
Уборщик,122860964,Продавец кассир Ресторана Rostic's (м. Молодежная),Сити Ресторантс,Москва,,105000.0,105000.0,RUR,True,Нет опыта,,,2026-05-06T09:28:54+0300,https://hh.ru/vacancy/122860964
Уборщик,132170346,Уборщица-Посудомойщица/Уборщик-Посудомойщик,Караоке Холл,Москва,65000.0,70000.0,67500.0,RUR,False,От 1 года до 3 лет,,,2026-04-27T14:14:06+0300,https://hh.ru/vacancy/132170346
Уборщик,129748551,Кухонный работник,РСК (Подразделение СВАО),Москва,45000.0,45000.0,45000.0,RUR,False,От 1 года до 3 лет,,,2026-05-21T10:23:35+0300,https://hh.ru/vacancy/129748551
Уборщик,133271828,Менеджер проекта (аутсорсинг персонала) / Burger King,МСК Эверест,Москва,90000.0,180000.0,135000.0,RUR,False,От 1 года до 3 лет,,,2026-05-22T18:02:10+0300,https://hh.ru/vacancy/133271828
Уборщик,132466164,Управляющая/управляющий по хозяйству в Частную резеденцию,"Персонал-Exclusive, Первое рекрутинговое агентство",Москва,220000.0,250000.0,235000.0,RUR,True,Более 6 лет,,,2026-05-21T11:10:17+0300,https://hh.ru/vacancy/132466164
Уборщик,133012507,Подсобный рабочий в гостиницу (Хаусмен),Управляющая Компания Отель,Москва,83000.0,,83000.0,RUR,True,Нет опыта,,,2026-05-21T18:01:24+0300,https://hh.ru/vacancy/133012507
Уборщик,132615805,Специалист по благоустройству территории в гольф-клуб «Forest Hills»,МОСС РАЗВИТИЕ,Москва,78000.0,78000.0,78000.0,RUR,False,От 1 года до 3 лет,,,2026-05-23T11:13:22+0300,https://hh.ru/vacancy/132615805
Уборщик,132828414,Руководитель SPA & Wellness проекта (запуск и последующее управление),Внуково Кантри Клуб,Москва,,,,,,Более 6 лет,,,2026-05-21T10:07:34+0300,https://hh.ru/vacancy/132828414
Уборщик,133186589,Повар универсал (ГЦ/ ХЦ/ Мангал / Выпечка),ИНВОЙС,Москва,6000.0,6000.0,6000.0,RUR,False,От 3 до 6 лет,,,2026-05-18T09:54:53+0300,https://hh.ru/vacancy/133186589
Уборщик,133173713,"Су шеф кавказская кухня, мангал, выпечка",ИНВОЙС,Москва,7000.0,7000.0,7000.0,RUR,True,От 1 года до 3 лет,,,2026-05-18T03:00:42+0300,https://hh.ru/vacancy/133173713
Уборщик,133081156,Кассир/работник кухни,Развитие РОСТ,Москва,100000.0,,100000.0,RUR,True,Нет опыта,,,2026-05-14T10:29:47+0300,https://hh.ru/vacancy/133081156
Уборщик,131709749,Менеджер клининга (Администратор),ATALIAN GLOBAL SERVICES,Москва,105000.0,105000.0,105000.0,RUR,False,От 1 года до 3 лет,,,2026-05-13T10:53:00+0300,https://hh.ru/vacancy/131709749
Уборщик,132674806,Шеф-стюард,Конгресс-отель Ареал,Москва,120000.0,,120000.0,RUR,False,От 1 года до 3 лет,,,2026-04-30T16:14:15+0300,https://hh.ru/vacancy/132674806
Уборщик,132464436,Супервайзер номерного фонда,Art Village,Москва,,,,,,От 1 года до 3 лет,,,2026-04-24T10:42:12+0300,https://hh.ru/vacancy/132464436
Уборщик,132549369,Водитель семьи,Виво Маркет,Москва,,,,,,От 3 до 6 лет,,,2026-04-27T17:18:06+0300,https://hh.ru/vacancy/132549369
Уборщик,133194027,Уборщик / уборщица ресторана,Теремок,Москва,88960.0,133440.0,111200.0,RUR,False,Нет опыта,,,2026-05-18T11:16:23+0300,https://hh.ru/vacancy/133194027
Уборщик,131413320,Уборщица / Уборщик (м. Деловой центр),"Тануки, японский ресторан",Москва,,90000.0,90000.0,RUR,False,Нет опыта,,,2026-05-19T17:08:57+0300,https://hh.ru/vacancy/131413320
Уборщик,132291429,Уборщица / Уборщик (Зеленоград),"Тануки, японский ресторан",Зеленоград,,107000.0,107000.0,RUR,False,Нет опыта,,,2026-05-15T16:07:51+0300,https://hh.ru/vacancy/132291429
Уборщик,132373049,Уборщица / Уборщик (м.Сходненская),"Тануки, японский ресторан",Москва,,107000.0,107000.0,RUR,False,Нет опыта,,,2026-05-15T16:07:51+0300,https://hh.ru/vacancy/132373049
Уборщик,131075312,Уборщица/уборщик в ресторан,Теремок,Москва,88960.0,133440.0,111200.0,RUR,False,Нет опыта,,,2026-05-09T06:02:30+0300,https://hh.ru/vacancy/131075312
Уборщик,133029027,Уборщица / Уборщик (м.ВДНХ),"Тануки, японский ресторан",Москва,,107000.0,107000.0,RUR,False,Нет опыта,,,2026-05-13T09:43:15+0300,https://hh.ru/vacancy/133029027
Уборщик,133052413,Сотрудник ресторана (Внуково),Развитие РОСТ,Москва,100000.0,,100000.0,RUR,True,Нет опыта,,,2026-05-13T15:04:48+0300,https://hh.ru/vacancy/133052413
Уборщик,132871693,Посудомойщица/посудомойщик/уборщик в ресторан Кофемания,Кофемания,Москва,80000.0,100000.0,90000.0,RUR,False,Нет опыта,,,2026-05-07T10:11:31+0300,https://hh.ru/vacancy/132871693
Уборщик,131655479,Уборщица/уборщик в ресторан,Теремок,Москва,88960.0,133440.0,111200.0,RUR,False,Нет опыта,,,2026-05-01T18:33:06+0300,https://hh.ru/vacancy/131655479
Уборщик,130476354,Посудомойщица/посудомойщик/уборщик в ресторан Кофемания,Кофемания,Москва,80000.0,100000.0,90000.0,RUR,False,Нет опыта,,,2026-05-04T09:38:12+0300,https://hh.ru/vacancy/130476354
Уборщик,133045571,Повар/Кассир в ресторан «Вкусно и Точка»,Развитие РОСТ,Москва,110000.0,,110000.0,RUR,True,Нет опыта,,,2026-05-13T13:20:14+0300,https://hh.ru/vacancy/133045571
Уборщик,131758684,"Работник в ресторан «Вкусно и Точка», Внуково",Развитие РОСТ,Москва,100000.0,,100000.0,RUR,True,Нет опыта,,,2026-04-30T17:23:24+0300,https://hh.ru/vacancy/131758684
Уборщик,129931298,Кухонный работник,РСК (Подразделение СВАО),Москва,45000.0,45000.0,45000.0,RUR,False,От 1 года до 3 лет,,,2026-05-21T10:23:35+0300,https://hh.ru/vacancy/129931298
Уборщик,133299015,Посудомойщица/посудомойщик,Завражнова Елена Викторовна,Москва,,,,,,Нет опыта,,,2026-05-23T12:11:22+0300,https://hh.ru/vacancy/133299015
Уборщик,133419792,Посудомойщица/посудомойщик,Коваль Анастасия Леонидовна,Москва,88000.0,120000.0,104000.0,RUR,False,Нет опыта,,,2026-05-23T10:35:17+0300,https://hh.ru/vacancy/133419792
Уборщик,133107748,Уборщица/уборщик посудомойщица/посудомойщик,Не Слипнется,Москва,70000.0,90000.0,80000.0,RUR,False,Нет опыта,,,2026-05-23T18:40:35+0300,https://hh.ru/vacancy/133107748
Уборщик,132658837,Мойщик посуды,ФГБУ ФЦ ИТЭП ФМБА России,Москва,110000.0,,110000.0,RUR,False,От 1 года до 3 лет,,,2026-05-23T16:04:29+0300,https://hh.ru/vacancy/132658837
Уборщик,132759136,Посудомойщица / Посудомойщик,Кулинария,Москва,65000.0,70000.0,67500.0,RUR,False,Нет опыта,,,2026-05-22T17:09:31+0300,https://hh.ru/vacancy/132759136
Уборщик,133045309,Посудомойщица/посудомойщик,Декамерон,Москва,60000.0,,60000.0,RUR,False,От 1 года до 3 лет,,,2026-05-22T13:16:41+0300,https://hh.ru/vacancy/133045309
Уборщик,133298899,Мойщица посуды/мойщик посуды,Архипенко Валентина Викторовна,Москва,73000.0,80000.0,76500.0,RUR,True,Нет опыта,,,2026-05-23T12:10:30+0300,https://hh.ru/vacancy/133298899
Уборщик,133222194,Посудомойщик / Посудомойщица,Издательство Российская Газета,Москва,50000.0,,50000.0,RUR,False,Нет опыта,,,2026-05-21T19:32:52+0300,https://hh.ru/vacancy/133222194
Уборщик,133405341,Котломойщица/Посудомойщица (Котломойщик/Посудомойщик),Рыбаков Плэйскул,Москва,,,,,,От 1 года до 3 лет,,,2026-05-22T15:20:40+0300,https://hh.ru/vacancy/133405341
Уборщик,133254544,Уборщица - посудомойщица / уборщик - посудомойщик,Красная Высотка,Москва,85000.0,,85000.0,RUR,False,Нет опыта,,,2026-05-22T13:54:43+0300,https://hh.ru/vacancy/133254544
Уборщик,133353777,Посудомойщица/Посудомойщик,Частное учреждение по Развитию Традиций Еврейской Кухни Маген Давид/Щит Давида,Москва,85000.0,85000.0,85000.0,RUR,False,От 1 года до 3 лет,,,2026-05-21T12:52:07+0300,https://hh.ru/vacancy/133353777
Уборщик,132878996,Посудомойщик / Посудомойщица (начинающий специалист),ГЕРР ШТРУДЕЛЬ,Москва,74000.0,,74000.0,RUR,False,Нет опыта,,,2026-05-22T12:13:53+0300,https://hh.ru/vacancy/132878996
Уборщик,122193936,Посудомойщица/посудомойщик,РСК (Подразделение СВАО),Долгопрудный (Московская область),45000.0,,45000.0,RUR,False,Нет опыта,,,2026-05-21T10:23:19+0300,https://hh.ru/vacancy/122193936
Уборщик,122193946,Посудомойщица/Посудомойщик,РСК (Подразделение СВАО),Москва,45000.0,,45000.0,RUR,True,Нет опыта,,,2026-05-21T10:23:19+0300,https://hh.ru/vacancy/122193946
Уборщик,132750293,Старший стюард (Старший смены посудомойщиков),"Radisson Blu Olympiyskiy Hotel, Moscow",Москва,95000.0,,95000.0,RUR,True,От 1 года до 3 лет,,,2026-05-22T15:04:40+0300,https://hh.ru/vacancy/132750293
Уборщик,133404602,Посудомойщик в столовую частной школы,НЧУ ОО СОШ Карьера,Москва,,80000.0,80000.0,RUR,False,От 1 года до 3 лет,,,2026-05-22T15:07:46+0300,https://hh.ru/vacancy/133404602
Уборщик,132756811,Посудомойщица-уборщица (Посудомойщик-уборщик) в столовую,Эмпиреи,Москва,68400.0,72400.0,70400.0,RUR,False,Нет опыта,,,2026-05-22T16:23:53+0300,https://hh.ru/vacancy/132756811
Уборщик,132290187,Мойщик посуды,ФГАОУ ВО РОССИЙСКИЙ НАЦИОНАЛЬНЫЙ ИССЛЕДОВАТЕЛЬСКИЙ МЕДИЦИНСКИЙ УНИВЕРСИТЕТ им.Н.И. ПИРОГОВА МИНИСТЕРСТВА ЗДРАВООХРАНЕНИЯ РОССИЙСКОЙ ФЕДЕРАЦИИ,Москва,64000.0,,64000.0,RUR,False,Нет опыта,,,2026-05-22T11:02:48+0300,https://hh.ru/vacancy/132290187
Уборщик,133271365,Помощник повара/посудомойщик (м. Проспект Вернадского),Автохимия-Инвест,Москва,68000.0,68000.0,68000.0,RUR,False,От 1 года до 3 лет,,,2026-05-22T16:02:47+0300,https://hh.ru/vacancy/133271365
Уборщик,133225108,Посудомойщица / котломойщица / посудомойщик / котломойщик,Хуммедов Сергей Валерьевич,Москва,4000.0,,4000.0,RUR,False,Нет опыта,,,2026-05-22T02:04:37+0300,https://hh.ru/vacancy/133225108
Уборщик,131287355,Мойщица посуды/мойщик посуды,Фастлэнд,Москва,75000.0,75000.0,75000.0,RUR,False,Нет опыта,,,2026-05-22T18:47:56+0300,https://hh.ru/vacancy/131287355
Уборщик,132547533,Котломойщица-котломойщик/посудомойщица-посудомойщик,Рыбаков Плэйскул,Москва,89600.0,,89600.0,RUR,True,От 1 года до 3 лет,,,2026-05-21T16:44:05+0300,https://hh.ru/vacancy/132547533
Уборщик,132384235,Мойщик посуды (28),Корпорация Комета,Москва,,,,,,Нет опыта,,,2026-05-22T12:53:29+0300,https://hh.ru/vacancy/132384235
Уборщик,132848036,Уборщица-посудомойщица / Уборщик-посудомойщик,Комбинат Питания,Москва,65000.0,75000.0,70000.0,RUR,False,От 1 года до 3 лет,,,2026-05-21T14:58:11+0300,https://hh.ru/vacancy/132848036
Уборщик,125856175,Мойщик посуды,Сеть кофеен Шоколадница,Москва,45000.0,125000.0,85000.0,RUR,True,Нет опыта,,,2026-05-21T23:07:48+0300,https://hh.ru/vacancy/125856175
Уборщик,132870506,Мойщица/Мойщик посуды,Вай Тай,Москва,54000.0,,54000.0,RUR,False,Нет опыта,,,2026-05-22T09:52:00+0300,https://hh.ru/vacancy/132870506
Уборщик,132549974,Мойщик посуды,Correas,Москва,75000.0,,75000.0,RUR,False,Нет опыта,,,2026-05-21T17:35:11+0300,https://hh.ru/vacancy/132549974
Уборщик,133407073,Мойщик посуды в ресторан,Kidzania,Москва,60000.0,80000.0,70000.0,RUR,False,Нет опыта,,,2026-05-22T15:58:06+0300,https://hh.ru/vacancy/133407073
Уборщик,127598074,Стюард / Мойщик посуды / Steward,Four Seasons Hotel Moscow,Москва,,,,,,Нет опыта,,,2026-05-22T14:39:09+0300,https://hh.ru/vacancy/127598074
Уборщик,133398684,Мойщик посуды (м. Царицыно),Spar,Москва,60000.0,74000.0,67000.0,RUR,False,Нет опыта,,,2026-05-22T13:18:56+0300,https://hh.ru/vacancy/133398684
Уборщик,133396154,Мойщик посуды (м. Кузьминки),Spar,Москва,60000.0,74000.0,67000.0,RUR,False,Нет опыта,,,2026-05-22T12:43:49+0300,https://hh.ru/vacancy/133396154
Уборщик,132524987,Мойщик посуды,МНИТИ,Москва,77000.0,,77000.0,RUR,False,Нет опыта,,,2026-05-21T11:22:05+0300,https://hh.ru/vacancy/132524987
Уборщик,133268677,Уборщица/мойщица (уборщик/мойщик) посуды,Шифт,Москва,70000.0,,70000.0,RUR,True,Нет опыта,,,2026-05-22T16:48:15+0300,https://hh.ru/vacancy/133268677
Уборщик,129931588,Мойщик посуды,РСК (Подразделение СВАО),Москва,45000.0,45000.0,45000.0,RUR,False,Нет опыта,,,2026-05-21T10:23:35+0300,https://hh.ru/vacancy/129931588
Уборщик,129745235,Мойщик посуды,РСК (Подразделение СВАО),Москва,45000.0,,45000.0,RUR,False,Нет опыта,,,2026-05-21T10:23:13+0300,https://hh.ru/vacancy/129745235
Уборщик,133180530,Посудомойщица/посудомойщик в корпоративную столовую гос.учреждения,Аутсорсинг Групп,Москва,52000.0,103000.0,77500.0,RUR,False,Нет опыта,,,2026-05-21T11:56:31+0300,https://hh.ru/vacancy/133180530
Уборщик,133346980,Уборщица-посудомойщица/Уборщик-посудомойщик (м. Белорусская),Печорин Групп,Москва,4000.0,,4000.0,RUR,False,Нет опыта,,,2026-05-21T11:22:58+0300,https://hh.ru/vacancy/133346980
Уборщик,131119910,Мойщик посуды (Бизнес-зал аэропорта Внуково),Международный Аэропорт Внуково,Москва,84700.0,,84700.0,RUR,True,Нет опыта,,,2026-05-22T16:06:29+0300,https://hh.ru/vacancy/131119910
Уборщик,132850677,Мойщица/мойщик посуды,"Тензо-М, Весоизмерительная компания",Москва,68000.0,,68000.0,RUR,True,Нет опыта,,,2026-05-21T15:49:04+0300,https://hh.ru/vacancy/132850677
Уборщик,132334289,Уборщик-посудомойщик,ЭФКО,Москва,,80600.0,80600.0,RUR,True,От 1 года до 3 лет,,,2026-05-18T11:18:03+0300,https://hh.ru/vacancy/132334289
Уборщик,132125884,Посудомойщик (Сколково),FreshCafe,Москва,81000.0,,81000.0,RUR,True,Нет опыта,,,2026-05-18T10:20:26+0300,https://hh.ru/vacancy/132125884
Уборщик,123208548,Мойщик посуды,ФГУП Президент-Отель,Москва,55000.0,74000.0,64500.0,RUR,True,Нет опыта,,,2026-05-20T15:47:39+0300,https://hh.ru/vacancy/123208548
Уборщик,133239947,Посудомойщик в ресторан,Теремок,Москва,88960.0,133440.0,111200.0,RUR,False,Нет опыта,,,2026-05-19T10:29:51+0300,https://hh.ru/vacancy/133239947
Уборщик,133190853,Мойщик посуды,Агентство кадрового аутсорсинга ALL HR,Москва,4070.0,4070.0,4070.0,RUR,False,Нет опыта,,,2026-05-20T13:31:02+0300,https://hh.ru/vacancy/133190853
Уборщик,126473220,Мойщик посуды,Международный Аэропорт Внуково,Москва,70000.0,,70000.0,RUR,True,Нет опыта,,,2026-05-20T11:01:56+0300,https://hh.ru/vacancy/126473220
Уборщик,133296182,Подсобный рабочий в пищеблок (посудомойщик),ФГАУ НМИЦ НЕЙРОХИРУРГИИ ИМЕНИ АКАДЕМИКА Н.Н. БУРДЕНКО МИНИСТЕРСТВА ЗДРАВООХРАНЕНИЯ РОССИЙСКОЙ ФЕДЕРАЦИИ,Москва,90000.0,90000.0,90000.0,RUR,True,Нет опыта,,,2026-05-20T11:35:51+0300,https://hh.ru/vacancy/133296182
Уборщик,131497255,Мойщик посуды,НИКИЭТ,Москва,80107.0,80107.0,80107.0,RUR,True,Нет опыта,,,2026-05-20T08:42:30+0300,https://hh.ru/vacancy/131497255
Уборщик,132955112,Посудомойщик / Посудомойщица в буфет г. Москва,СИМПЛЕКС,Москва,52000.0,103000.0,77500.0,RUR,False,Нет опыта,,,2026-05-20T11:24:29+0300,https://hh.ru/vacancy/132955112
Уборщик,130002623,Мойщик посуды (пос. Отрадное),Группа компаний МЕДСИ,Москва,65000.0,66000.0,65500.0,RUR,False,От 1 года до 3 лет,,,2026-05-21T09:37:53+0300,https://hh.ru/vacancy/130002623
Уборщик,133273626,Посудомойщица/Посудомойщик (подмосковный отель 5*),Sheraton Moscow Sheremetyevo Airport Hotel,Москва,3800.0,,3800.0,RUR,True,Нет опыта,,,2026-05-19T19:33:21+0300,https://hh.ru/vacancy/133273626
Уборщик,129869834,Посудомойщица / Посудомойщик (м. Деловой Центр),"Тануки, японский ресторан",Москва,,107000.0,107000.0,RUR,False,Нет опыта,,,2026-05-19T17:08:57+0300,https://hh.ru/vacancy/129869834
Уборщик,131037689,Мойщик посуды,Сервисная Компания Банка России,Москва,,,,,,Нет опыта,,,2026-05-19T15:16:53+0300,https://hh.ru/vacancy/131037689
Уборщик,133350207,Мойщица / мойщик посуды (ТРК Саларис),Joki Joya,Москва,101000.0,,101000.0,RUR,False,Нет опыта,,,2026-05-21T12:04:41+0300,https://hh.ru/vacancy/133350207
Уборщик,131410863,Мойщик посуды,ШЮЗ,Москва,55000.0,55000.0,55000.0,RUR,False,Нет опыта,,,2026-05-19T11:17:53+0300,https://hh.ru/vacancy/131410863
Уборщик,132122648,Посудомойщик,FreshCafe,Москва,81000.0,,81000.0,RUR,True,Нет опыта,,,2026-05-12T15:16:06+0300,https://hh.ru/vacancy/132122648
Уборщик,132271984,Посудомойщик/Кухонный сотрудник (метро Некрасовка),Контрактная закупка,Москва,70000.0,75000.0,72500.0,RUR,False,От 1 года до 3 лет,,,2026-05-19T08:08:48+0300,https://hh.ru/vacancy/132271984
Уборщик,133360206,Мойщица / мойщик посуды (м. Пятницкое шоссе),Joki Joya,Москва,100000.0,,100000.0,RUR,False,Нет опыта,,,2026-05-21T14:29:27+0300,https://hh.ru/vacancy/133360206
Уборщик,131860592,Посудомойщица/посудомойщик (в офис),Восхождение,Москва,55000.0,58000.0,56500.0,RUR,False,От 1 года до 3 лет,,,2026-05-18T09:13:35+0300,https://hh.ru/vacancy/131860592
Уборщик,128997277,Мойщик посуды (Верховный суд),ФГБУ Комбинат питания Кремлевский,Москва,50000.0,,50000.0,RUR,False,Нет опыта,,,2026-05-20T13:10:08+0300,https://hh.ru/vacancy/128997277
Уборщик,133219615,Мойщик посуды,Федеральное государственное казенное учреждение Служба Социально-Бытового Обеспечения,Москва,50000.0,50000.0,50000.0,RUR,False,Нет опыта,,,2026-05-18T17:46:35+0300,https://hh.ru/vacancy/133219615
Уборщик,133217236,Мойщик посуды,РОСКОСМОС,Москва,71000.0,,71000.0,RUR,False,Нет опыта,,,2026-05-18T16:54:51+0300,https://hh.ru/vacancy/133217236
Уборщик,133208774,Мойщик посуды,Группа Гута,Москва,60690.0,,60690.0,RUR,True,От 1 года до 3 лет,,,2026-05-18T14:42:49+0300,https://hh.ru/vacancy/133208774
Уборщик,119427070,Мойщик посуды,Центр международной торговли,Москва,90000.0,90000.0,90000.0,RUR,True,Нет опыта,,,2026-05-18T12:15:48+0300,https://hh.ru/vacancy/119427070
Уборщик,133238516,Уборщица-посудомойщица/Уборщик-посудомойщик (м. Народное ополчение),Печорин Групп,Москва,90000.0,,90000.0,RUR,False,Нет опыта,,,2026-05-19T10:10:17+0300,https://hh.ru/vacancy/133238516
Уборщик,133248489,Мойщик посуды-уборщик,Воронцов Алексей Александрович,Москва,60000.0,70000.0,65000.0,RUR,False,От 1 года до 3 лет,,,2026-05-19T12:23:02+0300,https://hh.ru/vacancy/133248489
Уборщик,131909465,Старший кухонный рабочий (мойщик посуды),ФГУП Президент-Отель,Москва,58000.0,78000.0,68000.0,RUR,True,Нет опыта,,,2026-05-20T15:47:38+0300,https://hh.ru/vacancy/131909465
Уборщик,133300024,Мойщица / мойщик посуды (ТРЦ Европейский),Joki Joya,Москва,60000.0,100000.0,80000.0,RUR,False,Нет опыта,,,2026-05-20T12:24:51+0300,https://hh.ru/vacancy/133300024
Уборщик,117959026,Мойщик/мойщица посуды,Фастлэнд,Москва,75000.0,90000.0,82500.0,RUR,False,Нет опыта,,,2026-05-18T13:01:29+0300,https://hh.ru/vacancy/117959026
Уборщик,133071203,Мойщик/ Мойщица посуды в сеть столовых (Москва),СИМПЛЕКС,Москва,52000.0,103000.0,77500.0,RUR,False,Нет опыта,,,2026-05-20T11:24:33+0300,https://hh.ru/vacancy/133071203
Уборщик,130075860,Посудомойщица/Уборщица (посудомойщик/уборщик) в корпоративную столовую,Деловой подход,Москва,74800.0,74800.0,74800.0,RUR,False,От 1 года до 3 лет,,,2026-05-18T12:30:32+0300,https://hh.ru/vacancy/130075860
Уборщик,124324294,Мойщик посуды (аэропорт Внуково),Сеть кофеен Шоколадница,Москва,60000.0,90000.0,75000.0,RUR,False,Нет опыта,,,2026-05-19T08:46:52+0300,https://hh.ru/vacancy/124324294
Уборщик,133309607,"Мойщик посуды (Москва, Комсомольский проспект, д.20)",Группа компаний РБЕ (RBE Group),Москва,,59700.0,59700.0,RUR,True,Нет опыта,,,2026-05-20T14:56:50+0300,https://hh.ru/vacancy/133309607
Уборщик,131807975,Посудомойщица/посудомойщик (м. Семеновская),"Тануки, японский ресторан",Москва,,107000.0,107000.0,RUR,False,Нет опыта,,,2026-05-15T16:07:51+0300,https://hh.ru/vacancy/131807975
Уборщик,133060187,Посудомойщик в столовую,Биф Клуб,Москва,61000.0,65000.0,63000.0,RUR,False,Нет опыта,,,2026-05-13T17:13:54+0300,https://hh.ru/vacancy/133060187
Уборщик,132405456,Мойщица/мойщик посуды зала,IN HOUSE,Бутово (Московская область),80000.0,120000.0,100000.0,RUR,False,Нет опыта,,,2026-05-18T13:35:55+0300,https://hh.ru/vacancy/132405456
Уборщик,120698632,Мойщик посуды / Кухонный рабочий,Центр международной торговли,Москва,90000.0,90000.0,90000.0,RUR,True,Нет опыта,,,2026-05-18T12:15:45+0300,https://hh.ru/vacancy/120698632
Уборщик,132304376,Мойщик посуды (м. Беговая),Группа компаний МЕДСИ,Москва,64000.0,65000.0,64500.0,RUR,False,Нет опыта,,,2026-05-18T09:04:08+0300,https://hh.ru/vacancy/132304376
Уборщик,133143886,Мойщик посуды,Мясоперерабатывающий завод РЕМИТ,Москва,90000.0,,90000.0,RUR,False,Нет опыта,,,2026-05-15T15:30:12+0300,https://hh.ru/vacancy/133143886
Уборщик,130174369,Мойщица/мойщик посуды (посудомойщица/посудомойщик),ФГБУ Транспортный комбинат Россия,Москва,60000.0,,60000.0,RUR,True,Нет опыта,,,2026-05-15T14:48:53+0300,https://hh.ru/vacancy/130174369
Уборщик,131947884,Посудомойщица/посудомойщик (м.Волгоградский проспект),"Тануки, японский ресторан",Москва,,107000.0,107000.0,RUR,True,Нет опыта,,,2026-05-14T09:22:32+0300,https://hh.ru/vacancy/131947884
Уборщик,132989923,Посудомойщик \ Посудомойщица (м.Кузьминки),"Тануки, японский ресторан",Москва,,107000.0,107000.0,RUR,True,Нет опыта,,,2026-05-12T12:05:32+0300,https://hh.ru/vacancy/132989923
Уборщик,130530831,Мойщик посуды (школа м. Беляево),ШЮЗ,Москва,45000.0,45000.0,45000.0,RUR,True,Нет опыта,,,2026-05-18T14:26:23+0300,https://hh.ru/vacancy/130530831
Уборщик,132489702,Уборщица-посудомойщица/Уборщик-посудомойщик,Глобал-Пит,Москва,70000.0,70000.0,70000.0,RUR,False,От 1 года до 3 лет,,,2026-05-13T19:03:06+0300,https://hh.ru/vacancy/132489702
Уборщик,133195897,Мойщица / мойщик посуды (м. Марьино),Joki Joya,Москва,93000.0,,93000.0,RUR,False,Нет опыта,,,2026-05-18T11:41:28+0300,https://hh.ru/vacancy/133195897
Уборщик,133194120,Мойщик посуды (котлы) в столовую,Российские железные дороги,Москва,76000.0,76000.0,76000.0,RUR,False,Нет опыта,,,2026-05-18T11:17:25+0300,https://hh.ru/vacancy/133194120
Уборщик,133100005,Мойщик посуды,ГПБ-Сервис,Москва,91900.0,,91900.0,RUR,True,От 1 года до 3 лет,,,2026-05-14T15:41:28+0300,https://hh.ru/vacancy/133100005
Уборщик,133036403,Кухонный работник (посудомойщица/посудомойщик),ХЕЛПАС,Москва,4000.0,5000.0,4500.0,RUR,False,Нет опыта,,,2026-05-13T11:12:28+0300,https://hh.ru/vacancy/133036403
Уборщик,133025037,Посудомойщик / Посудомойщица (м. Текстильщики),Зубакина Наталья Юрьевна,Москва,59500.0,,59500.0,RUR,True,Нет опыта,,,2026-05-13T08:45:13+0300,https://hh.ru/vacancy/133025037
Уборщик,132828584,Мойщик посуды,НИКА,Москва,52900.0,,52900.0,RUR,False,Нет опыта,,,2026-05-14T12:28:52+0300,https://hh.ru/vacancy/132828584
Уборщик,133081696,Мойщик посуды,ФГУП Всероссийский научно-исследовательский институт автоматики им. Н.Л. Духова ( ГК Росатом),Москва,90500.0,90500.0,90500.0,RUR,True,От 1 года до 3 лет,,,2026-05-14T10:37:55+0300,https://hh.ru/vacancy/133081696
Уборщик,132901281,Посудомойщик/посудомойщица,Парк Сказка,Москва,103448.0,,103448.0,RUR,True,Нет опыта,,,2026-05-07T22:05:02+0300,https://hh.ru/vacancy/132901281
Уборщик,131117763,Мойщик посуды в служебную столовую ЦМТ,Центр международной торговли,Москва,60000.0,,60000.0,RUR,True,Нет опыта,,,2026-05-18T12:15:50+0300,https://hh.ru/vacancy/131117763
Уборщик,131168250,Посудомойщик / Посудомойщица,Зонт Хотел Групп,Москва,60000.0,70000.0,65000.0,RUR,True,Нет опыта,,,2026-05-07T13:18:24+0300,https://hh.ru/vacancy/131168250
Уборщик,133195495,Мойщица / мойщик посуды (м. Площадь Гагарина),Joki Joya,Москва,100000.0,,100000.0,RUR,False,Нет опыта,,,2026-05-18T11:35:46+0300,https://hh.ru/vacancy/133195495
Уборщик,132978945,Посудомойщица/посудомойщик-уборщица/уборщик,Поляков Павел Иванович,Москва,70000.0,70000.0,70000.0,RUR,False,От 1 года до 3 лет,,,2026-05-12T09:55:47+0300,https://hh.ru/vacancy/132978945
Уборщик,133030487,Мойщик посуды,ГБУ г. Москвы ОКЦ ВАО,Москва,80000.0,,80000.0,RUR,False,От 1 года до 3 лет,,,2026-05-13T10:03:15+0300,https://hh.ru/vacancy/133030487
Уборщик,133028231,Мойщик посуды,НПО Алмаз,Москва,58000.0,,58000.0,RUR,False,Нет опыта,,,2026-05-13T09:33:38+0300,https://hh.ru/vacancy/133028231
Уборщик,132994850,Мойщик посуды,"Государственный исторический музей-заповедник Горки Ленинские, ФГБУК",Москва,3500.0,4000.0,3750.0,RUR,False,Нет опыта,,,2026-05-12T13:11:22+0300,https://hh.ru/vacancy/132994850
Уборщик,132980715,Мойщик посуды,Федеральное государственное казенное учреждение Служба Социально-Бытового Обеспечения,Москва,45000.0,50000.0,47500.0,RUR,False,Нет опыта,,,2026-05-12T10:16:01+0300,https://hh.ru/vacancy/132980715
Уборщик,128081733,Уборщица/посудомойщица (уборщик/посудомойщик) в корпоративную столовую,Деловой подход,Москва,68640.0,72160.0,70400.0,RUR,False,От 1 года до 3 лет,,,2026-05-14T08:52:56+0300,https://hh.ru/vacancy/128081733
Уборщик,129556058,Посудомойщик/Посудомойщица(м. Кунцевская/м. Славянский б-р),"Тануки, японский ресторан",Москва,,107000.0,107000.0,RUR,False,Нет опыта,,,2026-05-14T09:22:36+0300,https://hh.ru/vacancy/129556058
Уборщик,131377251,Посудомойщик-уборщик,ГБУ г. Москвы ОКЦ ВАО,Москва,3600.0,4000.0,3800.0,RUR,False,Нет опыта,,,2026-05-03T15:34:00+0300,https://hh.ru/vacancy/131377251
Уборщик,132955563,Посудомойщик / Посудомойщица в офисную столовую,Якимов Дмитрий Владимирович,Москва,,40000.0,40000.0,RUR,False,Нет опыта,,,2026-05-11T08:56:21+0300,https://hh.ru/vacancy/132955563
Уборщик,133049215,Мойщик посуды пищеблока,ФГБУ Клиническая больница Управления делами Президента Российской Федерации,Москва,,,,,,Нет опыта,,,2026-05-13T14:18:57+0300,https://hh.ru/vacancy/133049215
Уборщик,130926780,Посудомойщица/Посудомойщик,Кофемания,Москва,80000.0,100000.0,90000.0,RUR,False,Нет опыта,,,2026-05-02T13:55:58+0300,https://hh.ru/vacancy/130926780
Уборщик,132977838,Посудомойщик (котломойщик) в частный детский сад / школу,Международная школа Heritage,Москва,60000.0,65000.0,62500.0,RUR,False,От 1 года до 3 лет,,,2026-05-12T09:42:36+0300,https://hh.ru/vacancy/132977838
Уборщик,132917419,Посудомойщик-уборщик в столовую,United Catering Group,Москва,80000.0,,80000.0,RUR,False,От 1 года до 3 лет,,,2026-05-08T11:41:41+0300,https://hh.ru/vacancy/132917419
Уборщик,132686728,Посудомойщица/посудомойщик,Агопшук Елена,Москва,65000.0,,65000.0,RUR,False,От 1 года до 3 лет,,,2026-05-01T10:33:39+0300,https://hh.ru/vacancy/132686728
Уборщик,133003832,Уборщик-мойщик посуды,"Абрау-Дюрсо, Русский Винный Дом",Москва,4500.0,4500.0,4500.0,RUR,False,Нет опыта,,,2026-05-12T15:23:52+0300,https://hh.ru/vacancy/133003832
Уборщик,128523803,Мойщица/Мойщик посуды,Международный Аэропорт Внуково,Москва,84000.0,,84000.0,RUR,True,Нет опыта,,,2026-05-12T09:59:06+0300,https://hh.ru/vacancy/128523803
Уборщик,132109790,Мойщик посуды (Аэропорт Внуково),Международный Аэропорт Внуково,Москва,10000.0,,10000.0,RUR,False,Нет опыта,,,2026-05-13T16:50:30+0300,https://hh.ru/vacancy/132109790
Уборщик,132152644,Кухонный работник/мойщик посуды/посудомойщик/уборщик м Новаторская (ЮЗАО),ШЮЗ,Москва,45000.0,45000.0,45000.0,RUR,False,Нет опыта,,,2026-05-12T09:37:11+0300,https://hh.ru/vacancy/132152644
Уборщик,132886512,Мойщик посуды,Войсковая часть 96167,Москва,50000.0,55000.0,52500.0,RUR,False,Нет опыта,,,2026-05-07T14:21:18+0300,https://hh.ru/vacancy/132886512
Уборщик,132995397,Мойщик посуды (м. Бибирево),Spar,Москва,60000.0,84000.0,72000.0,RUR,False,Нет опыта,,,2026-05-12T13:17:46+0300,https://hh.ru/vacancy/132995397
Уборщик,127507245,Мойщик посуды (м. Южная),ШЮЗ,Москва,55000.0,55000.0,55000.0,RUR,False,Нет опыта,,,2026-05-12T12:46:02+0300,https://hh.ru/vacancy/127507245
Уборщик,126164561,Кухонный рабочий / Мойщик посуды,Safmar Hotels,Москва,65000.0,75000.0,70000.0,RUR,True,Нет опыта,,,2026-05-12T12:34:14+0300,https://hh.ru/vacancy/126164561
Уборщик,132976693,Кухонный рабочий (мойщик посуды),ФГБУ Управление служебными зданиями и материально-техническим обеспечением Министерства труда и социальной защиты Российской Федерации,Москва,60000.0,,60000.0,RUR,False,Нет опыта,,,2026-05-12T09:28:43+0300,https://hh.ru/vacancy/132976693
Уборщик,132758716,Посудомойщик - уборщик в Кулинарию,Магазины Ароматный Мир формата food & wine,Москва,,,,,,Нет опыта,,,2026-05-04T17:02:15+0300,https://hh.ru/vacancy/132758716
Уборщик,133035829,"Мойщик посуды, 2 разряд (Диксон)",Велесстрой,Москва,150000.0,,150000.0,RUR,False,От 1 года до 3 лет,,,2026-05-13T11:06:03+0300,https://hh.ru/vacancy/133035829
Уборщик,132832691,Мойщик посуды,ГБУ Научно-практический реабилитационный центр,Москва,90000.0,90000.0,90000.0,RUR,True,Нет опыта,,,2026-05-06T11:07:32+0300,https://hh.ru/vacancy/132832691
Уборщик,132225417,Посудомойщица/посудомойщик в кафе (Кунцевская),ЗДОРОВОЕ ОТНОШЕНИЕ,Москва,105000.0,110000.0,107500.0,RUR,False,Нет опыта,,,2026-05-06T10:03:48+0300,https://hh.ru/vacancy/132225417
Уборщик,132777835,Мойщик посуды,Велесстрой,Иркутск,,,,,,Нет опыта,,,2026-05-05T10:10:17+0300,https://hh.ru/vacancy/132777835
Уборщик,132639549,Посудомойщик \ посудомойщица (м.Новокосино),"Тануки, японский ресторан",Москва,50000.0,107000.0,78500.0,RUR,False,Нет опыта,,,2026-04-29T20:08:40+0300,https://hh.ru/vacancy/132639549
Уборщик,128125454,Кухонный работник/Мойщик посуды (ЮЗАО),ШЮЗ,Москва,,,,,,Нет опыта,,,2026-05-12T09:36:32+0300,https://hh.ru/vacancy/128125454
Уборщик,132831900,Посудомойщица-уборщица/Посудомойщик-уборщик в столовую,Омега,Москва,60000.0,,60000.0,RUR,False,От 1 года до 3 лет,,,2026-05-06T10:54:22+0300,https://hh.ru/vacancy/132831900
Уборщик,132346416,Мойщица посуды/мойщик,М-Би-Компани,Москва,63000.0,65000.0,64000.0,RUR,False,Нет опыта,,,2026-05-06T17:44:10+0300,https://hh.ru/vacancy/132346416
Уборщик,132496908,Мойщик посуды/котломойщик,Performance Group,Москва,57000.0,100000.0,78500.0,RUR,False,Нет опыта,,,2026-05-07T16:14:11+0300,https://hh.ru/vacancy/132496908
Уборщик,125944373,Мойщик посуды / кухонный работник (по ЮЗАО),ШЮЗ,Москва,45000.0,45000.0,45000.0,RUR,False,Нет опыта,,,2026-05-12T12:46:07+0300,https://hh.ru/vacancy/125944373
Уборщик,132150916,Мойщик/Мойщица посуды/Кухонный работник (м. Старокачаловская),ШЮЗ,Москва,45000.0,,45000.0,RUR,False,Нет опыта,,,2026-05-12T09:36:52+0300,https://hh.ru/vacancy/132150916
Уборщик,132659463,Посудомойщица (посудомойщик) / уборщица (уборщик),Омега,Москва,70000.0,,70000.0,RUR,False,От 1 года до 3 лет,,,2026-04-30T11:51:47+0300,https://hh.ru/vacancy/132659463
Уборщик,132855854,Мойщик посуды/уборщик,Шайдуллина Мария Сергеевна,Москва,4500.0,135000.0,69750.0,RUR,False,От 1 года до 3 лет,,,2026-05-06T17:35:44+0300,https://hh.ru/vacancy/132855854
Уборщик,132697762,Мойщик посуды,Глобальная Еда Мира,Москва,62400.0,78000.0,70200.0,RUR,True,Нет опыта,,,2026-05-02T13:53:39+0300,https://hh.ru/vacancy/132697762
Уборщик,132933150,Мойщик посуды (кухонный работник),ШЮЗ,Москва,60000.0,,60000.0,RUR,False,Нет опыта,,,2026-05-08T17:04:24+0300,https://hh.ru/vacancy/132933150
Уборщик,132117999,Посудомойщица - уборщица/посудомойщик - уборщик (столовая в офисе),НИМАЛ,Москва,60000.0,60000.0,60000.0,RUR,False,Нет опыта,,,2026-05-05T11:32:45+0300,https://hh.ru/vacancy/132117999
Уборщик,130801587,Котломойщик (мойщик посуды),IN HOUSE,Бутово (Московская область),130000.0,,130000.0,RUR,False,Нет опыта,,,2026-05-04T11:22:17+0300,https://hh.ru/vacancy/130801587
Уборщик,132725110,Мойщик посуды (Камчатка),Голубая лагуна,Москва,70000.0,90000.0,80000.0,RUR,False,Нет опыта,,,2026-05-04T10:15:21+0300,https://hh.ru/vacancy/132725110
Уборщик,129267924,Мойщик посуды,ФГБУ ЦКБ с поликлиникой УДП РФ,Москва,80000.0,80000.0,80000.0,RUR,True,Нет опыта,,,2026-04-29T09:35:55+0300,https://hh.ru/vacancy/129267924
Уборщик,131022119,Мойщик посуды (м. Пражская),Spar,Москва,60000.0,84000.0,72000.0,RUR,False,Нет опыта,,,2026-05-06T09:35:23+0300,https://hh.ru/vacancy/131022119
Уборщик,131025090,Мойщик посуды (м. Новаторская),Spar,Москва,60000.0,84000.0,72000.0,RUR,False,Нет опыта,,,2026-05-06T09:35:23+0300,https://hh.ru/vacancy/131025090
Уборщик,132590209,Мойщик посуды,ФГБУ Детский медицинский центр,Москва,60000.0,,60000.0,RUR,True,Нет опыта,,,2026-04-28T16:04:14+0300,https://hh.ru/vacancy/132590209
Уборщик,132579001,Мойщик посуды,НПО Базальт,Москва,60000.0,60000.0,60000.0,RUR,False,От 1 года до 3 лет,,,2026-04-28T13:05:21+0300,https://hh.ru/vacancy/132579001
Уборщик,132548031,Мойщик посуды,Технологии питания в Квадрате,Москва,,,,,,Нет опыта,,,2026-04-27T16:56:33+0300,https://hh.ru/vacancy/132548031
Уборщик,132541721,Мойщик посуды,ФГБУ Поликлиника 5 Управления делами Президента Российской Федерации,Москва,72000.0,,72000.0,RUR,False,От 1 года до 3 лет,,,2026-04-27T15:16:05+0300,https://hh.ru/vacancy/132541721
Уборщик,121716909,Старший кухонный рабочий / Мойщик посуды в гостиницу Сафмар Палас 5*,Safmar Hotels,Москва,,,,,,От 1 года до 3 лет,,,2026-05-12T12:34:15+0300,https://hh.ru/vacancy/121716909
Уборщик,131023259,Мойщик посуды (м. Теплый стан),Spar,Москва,60000.0,84000.0,72000.0,RUR,False,Нет опыта,,,2026-05-06T09:35:23+0300,https://hh.ru/vacancy/131023259
Уборщик,132891589,Мойщик посуды в ресторан при отеле,Grand Wellness,Москва,60000.0,90000.0,75000.0,RUR,True,Нет опыта,,,2026-05-07T15:57:01+0300,https://hh.ru/vacancy/132891589
Уборщик,132809921,Мойщик посуды в корпоративную столовую,ГлавУпДК при МИД России,Москва,60000.0,,60000.0,RUR,False,Нет опыта,,,2026-05-05T17:06:36+0300,https://hh.ru/vacancy/132809921
Уборщик,132488802,Посудомойщица/посудомойщик в ресторан Кофемания,Кофемания,Москва,80000.0,100000.0,90000.0,RUR,False,Нет опыта,,,2026-04-24T19:01:34+0300,https://hh.ru/vacancy/132488802
Уборщик,132463969,Мойщик посуды,Велесстрой,Уфа,,,,,,Нет опыта,,,2026-04-24T10:32:35+0300,https://hh.ru/vacancy/132463969
Уборщик,124324245,Мойщик посуды (м. Аэропорт Внуково),Сеть кофеен Шоколадница,Апрелевка (Московская область),60000.0,95000.0,77500.0,RUR,False,Нет опыта,,,2026-05-05T10:58:03+0300,https://hh.ru/vacancy/124324245
Уборщик,132739839,Мойщик посуды в Государственную Думу,ФГБУ Комбинат питания Кремлевский,Москва,50000.0,50000.0,50000.0,RUR,False,Нет опыта,,,2026-05-04T12:40:15+0300,https://hh.ru/vacancy/132739839
Уборщик,131798226,Уборщица/уборщик (посудомойщица/посудомойщик) на теплоход,УК Флотсервис,Москва,4000.0,4500.0,4250.0,RUR,False,От 1 года до 3 лет,,,2026-04-25T14:54:13+0300,https://hh.ru/vacancy/131798226
Уборщик,127859518,Мойщик посуды / кухонный работник (ЮЗАО),ШЮЗ,Москва,45000.0,45000.0,45000.0,RUR,False,Нет опыта,,,2026-05-04T08:57:00+0300,https://hh.ru/vacancy/127859518
Уборщик,131784677,Мойщик посуды (г. Одинцово),Бардасова Екатерина Максимовна,Москва,4495.0,,4495.0,RUR,False,Нет опыта,,,2026-05-01T15:02:41+0300,https://hh.ru/vacancy/131784677
Уборщик,132804855,Мойщик посуды в столовую на производство,"Ресурс, ГАП",Москва,58905.0,80000.0,69452.5,RUR,True,Нет опыта,,,2026-05-05T15:57:07+0300,https://hh.ru/vacancy/132804855
Уборщик,130958440,Мойщик посуды (м. Улица Скобелевская),ШЮЗ,Москва,,45000.0,45000.0,RUR,False,Нет опыта,,,2026-05-03T12:01:52+0300,https://hh.ru/vacancy/130958440
Уборщик,127826885,Мойщик/Мойщица посуды/Кухонный работник (Херсонская улица),ШЮЗ,Москва,45000.0,45000.0,45000.0,RUR,False,Нет опыта,,,2026-05-04T08:57:16+0300,https://hh.ru/vacancy/127826885
Уборщик,125501420,Мойщик посуды / кухонный работник (по ЮЗАО),ШЮЗ,Москва,45000.0,45000.0,45000.0,RUR,False,Нет опыта,,,2026-05-04T08:57:05+0300,https://hh.ru/vacancy/125501420
Уборщик,126527047,Мойщик посуды / кухонный работник (по ЮЗАО),ШЮЗ,Москва,45000.0,45000.0,45000.0,RUR,False,Нет опыта,,,2026-05-04T08:57:12+0300,https://hh.ru/vacancy/126527047
Уборщик,125501345,Мойщик посуды / кухонный работник (по ЮЗАО),ШЮЗ,Москва,45000.0,45000.0,45000.0,RUR,False,Нет опыта,,,2026-05-04T08:57:03+0300,https://hh.ru/vacancy/125501345
Уборщик,132620947,Мойщик посуды (м. Беляево),Spar,Москва,60000.0,84000.0,72000.0,RUR,False,Нет опыта,,,2026-04-29T12:50:45+0300,https://hh.ru/vacancy/132620947
Уборщик,132479835,Посудомойщица/уборщица (посудомойщик/уборщик) в Cream Soda,Любинский Валерий Александрович,Москва,115000.0,,115000.0,RUR,False,Нет опыта,,,2026-04-24T15:05:03+0300,https://hh.ru/vacancy/132479835
Уборщик,132090936,Мойщик посуды (ФГКОУ КК СК РФ имени А.Невского),Группа компаний РБЕ (RBE Group),Москва,68000.0,,68000.0,RUR,True,Нет опыта,,,2026-05-06T15:00:16+0300,https://hh.ru/vacancy/132090936
Уборщик,132569855,Мойщик посуды (м. Сокол),Spar,Москва,60000.0,70000.0,65000.0,RUR,False,Нет опыта,,,2026-04-28T10:39:57+0300,https://hh.ru/vacancy/132569855
Уборщик,132569756,Мойщик посуды (м. Строгино),Spar,Москва,60000.0,70000.0,65000.0,RUR,False,Нет опыта,,,2026-04-28T10:37:57+0300,https://hh.ru/vacancy/132569756
Уборщик,132569216,Мойщик посуды (м. Смоленская),Spar,Москва,60000.0,70000.0,65000.0,RUR,False,Нет опыта,,,2026-04-28T10:30:18+0300,https://hh.ru/vacancy/132569216
Уборщик,132569015,Мойщик посуды (м. Лубянка),Spar,Москва,60000.0,70000.0,65000.0,RUR,False,Нет опыта,,,2026-04-28T10:26:22+0300,https://hh.ru/vacancy/132569015
Уборщик,126186008,Мойщик посуды в школьную столовую,Верона Капитал,Москва,50000.0,,50000.0,RUR,False,Нет опыта,,,2026-04-30T15:05:18+0300,https://hh.ru/vacancy/126186008
Уборщик,131455154,"Мойщик посуды в корпоративную столовую (метро ""Алексеевская"")",Спецсвязь России,Москва,54000.0,54000.0,54000.0,RUR,False,Нет опыта,,,2026-05-04T08:49:48+0300,https://hh.ru/vacancy/131455154
Уборщик,132569637,Мойщик посуды (м. Пятницкое шоссе),Spar,Москва,60000.0,70000.0,65000.0,RUR,False,Нет опыта,,,2026-04-28T10:35:54+0300,https://hh.ru/vacancy/132569637
Уборщик,132535288,Уборщица/уборщик,Золотой Остров,Москва,100000.0,120000.0,110000.0,RUR,False,От 1 года до 3 лет,,,2026-05-21T13:56:31+0300,https://hh.ru/vacancy/132535288
Уборщик,133024307,Уборщик/уборщица в закрытый корпоративный буфет госучреждения,Аутсорсинг Групп,Москва,65000.0,95000.0,80000.0,RUR,False,Нет опыта,,,2026-05-22T10:50:43+0300,https://hh.ru/vacancy/133024307
Уборщик,132622814,Помощник повара,Северные Сети,Москва,197000.0,226000.0,211500.0,RUR,False,Нет опыта,,,2026-05-23T13:28:29+0300,https://hh.ru/vacancy/132622814
Уборщик,133164093,Кухонный работник,Северные Сети,Москва,197000.0,245000.0,221000.0,RUR,False,Нет опыта,,,2026-05-23T02:39:02+0300,https://hh.ru/vacancy/133164093
Уборщик,132955111,Уборщик / уборщица в столовую,СИМПЛЕКС,Москва,65000.0,95000.0,80000.0,RUR,False,Нет опыта,,,2026-05-21T12:09:54+0300,https://hh.ru/vacancy/132955111
Уборщик,133389256,Горничная в гостиницу (Москва),СИМПЛЕКС,Москва,3200.0,,3200.0,RUR,False,Нет опыта,,,2026-05-22T10:49:27+0300,https://hh.ru/vacancy/133389256
Уборщик,132665486,Горничная/сотрудник на уборку номеров в гостиницу,СИМПЛЕКС,Москва,3200.0,,3200.0,RUR,False,Нет опыта,,,2026-05-21T12:09:42+0300,https://hh.ru/vacancy/132665486
Уборщик,133349974,Горничная в гостиницу,Аутсорсинг Групп,Москва,3200.0,,3200.0,RUR,False,Нет опыта,,,2026-05-21T11:59:59+0300,https://hh.ru/vacancy/133349974
Уборщик,132595446,Уборщица-уборщик (домработница-домработник),Митюряев Игорь Викторович,Москва,,6500.0,6500.0,RUR,False,Нет опыта,,,2026-05-22T17:51:01+0300,https://hh.ru/vacancy/132595446
Уборщик,133295630,Горничная/уборщик номеров в гостиницу в центре Москвы,СИМПЛЕКС,Москва,3200.0,,3200.0,RUR,False,Нет опыта,,,2026-05-20T11:29:01+0300,https://hh.ru/vacancy/133295630
Уборщик,132866619,Горничная / уборщик гостевых номеров,Аутсорсинг Групп,Москва,3200.0,,3200.0,RUR,False,Нет опыта,,,2026-05-20T11:17:51+0300,https://hh.ru/vacancy/132866619
Уборщик,132653486,Помощник повара,Северные Сети,Москва,197000.0,210000.0,203500.0,RUR,False,Нет опыта,,,2026-05-21T09:55:18+0300,https://hh.ru/vacancy/132653486
Уборщик,133055509,Официант ресторана Бургер Кинг,Телеком Персонал,Москва,66000.0,95000.0,80500.0,RUR,False,Нет опыта,,,2026-05-22T15:52:20+0300,https://hh.ru/vacancy/133055509
Уборщик,133196102,Помощник повара,Лицей имени Софьи Николаевны Нюберг,Москва,70000.0,70000.0,70000.0,RUR,False,Нет опыта,,,2026-05-18T11:43:39+0300,https://hh.ru/vacancy/133196102
Уборщик,133306580,Уборщик,Орион,Москва,3500.0,,3500.0,RUR,False,От 1 года до 3 лет,,,2026-05-20T14:09:52+0300,https://hh.ru/vacancy/133306580
Уборщик,133250993,Мойщик тары/Котломойщик (м.Ховрино),Фермерский Супермаркет,Москва,121500.0,,121500.0,RUR,False,От 1 года до 3 лет,,,2026-05-19T13:03:10+0300,https://hh.ru/vacancy/133250993
Уборщик,132285201,Уборщица/Уборщик (Москва и Московская область),PIZZASUSHIWOK,Москва,60000.0,,60000.0,RUR,False,Нет опыта,,,2026-05-18T09:55:37+0300,https://hh.ru/vacancy/132285201
Уборщик,133180327,Горничная в отель (Москва),СИМПЛЕКС,Москва,3200.0,,3200.0,RUR,False,Нет опыта,,,2026-05-18T08:32:58+0300,https://hh.ru/vacancy/133180327
Уборщик,133180328,Горничная в центральный отель,СИМПЛЕКС,Москва,3200.0,,3200.0,RUR,False,Нет опыта,,,2026-05-18T08:32:58+0300,https://hh.ru/vacancy/133180328
Уборщик,133079664,Котломойщик в столовую больницы,ГК Фьюжен Менеджмент,Москва,105000.0,,105000.0,RUR,False,Нет опыта,,,2026-05-18T14:33:24+0300,https://hh.ru/vacancy/133079664
Уборщик,132943836,Уборщица / Уборщик,Бизарес,Москва,55000.0,75000.0,65000.0,RUR,False,Нет опыта,,,2026-05-09T21:25:51+0300,https://hh.ru/vacancy/132943836
Уборщик,132890883,Уборщик в парк,Fitsnab,Москва,3000.0,3500.0,3250.0,RUR,False,Нет опыта,,,2026-05-07T15:40:57+0300,https://hh.ru/vacancy/132890883
Уборщик,130713362,Шеф-повар,Восхождение,Москва,130000.0,,130000.0,RUR,False,От 1 года до 3 лет,,,2026-05-12T08:52:07+0300,https://hh.ru/vacancy/130713362
Уборщик,132264203,Помощник на производстве (мойка тары),Performance Group,Москва,57000.0,85000.0,71000.0,RUR,False,Нет опыта,,,2026-05-15T16:58:40+0300,https://hh.ru/vacancy/132264203
Уборщик,132021737,Мойщик вагонов (депо Сокол),Группа компаний РБЕ (RBE Group),Москва,3500.0,,3500.0,RUR,False,Нет опыта,,,2026-05-08T11:44:13+0300,https://hh.ru/vacancy/132021737
Уборщик,132110188,Кухонный работник (детский сад),ШЮЗ,Москва,45000.0,45000.0,45000.0,RUR,True,Нет опыта,,,2026-05-14T10:22:45+0300,https://hh.ru/vacancy/132110188
Уборщик,131140445,Сотрудник на кухню в школу 1788,Верона Капитал (ТиНАО),Москва,47000.0,53000.0,50000.0,RUR,False,Нет опыта,,,2026-05-13T13:34:59+0300,https://hh.ru/vacancy/131140445
Уборщик,133096138,Разнорабочий в столовую (пос. Мосрентген),Верона Капитал (ТиНАО),Москва,42000.0,43000.0,42500.0,RUR,True,Нет опыта,,,2026-05-14T14:35:01+0300,https://hh.ru/vacancy/133096138
Уборщик,131788432,Сотрудник на кухню в школу,Верона Капитал (ТиНАО),Москва,42000.0,50000.0,46000.0,RUR,False,Нет опыта,,,2026-05-13T13:34:59+0300,https://hh.ru/vacancy/131788432
Уборщик,131087198,"Шеф – стюард (Гостиница Рэдиссон Коллекшен, Москва 5*)","Radisson Collection Hotel, Moscow",Москва,135700.0,,135700.0,RUR,False,От 1 года до 3 лет,,,2026-05-08T14:58:13+0300,https://hh.ru/vacancy/131087198
Уборщик,132782472,Горничная в премиум-гостиницу (центр Москвы),Аутсорсинг Групп,Москва,3200.0,,3200.0,RUR,False,Нет опыта,,,2026-05-05T11:14:44+0300,https://hh.ru/vacancy/132782472
Уборщик,132999166,Мойщик/Уборщик,Кофемания,Москва,,120000.0,120000.0,RUR,False,Нет опыта,,,2026-05-12T14:15:57+0300,https://hh.ru/vacancy/132999166
Уборщик,132677766,Мойщик электровагонов (Столбово),Группа компаний РБЕ (RBE Group),Москва,3500.0,3500.0,3500.0,RUR,False,Нет опыта,,,2026-04-30T17:31:14+0300,https://hh.ru/vacancy/132677766
Уборщик,132677693,Мойщик/Мойщица электровагонов (Варшавское),Группа компаний РБЕ (RBE Group),Москва,3500.0,3500.0,3500.0,RUR,False,Нет опыта,,,2026-04-30T17:28:08+0300,https://hh.ru/vacancy/132677693
Уборщик,132677647,"Мойщик вагонов, Южное (м.Алма-Атинская)",Группа компаний РБЕ (RBE Group),Москва,3500.0,3500.0,3500.0,RUR,False,Нет опыта,,,2026-04-30T17:25:29+0300,https://hh.ru/vacancy/132677647
Уборщик,132745769,Горничная в отель Москвы на уборку номеров,Аутсорсинг Групп,Москва,3200.0,,3200.0,RUR,False,Нет опыта,,,2026-05-04T13:56:22+0300,https://hh.ru/vacancy/132745769
Уборщик,132745632,Уборщик номеров/Горничная в гостиницу города,Аутсорсинг Групп,Москва,3200.0,,3200.0,RUR,False,Нет опыта,,,2026-05-04T13:54:23+0300,https://hh.ru/vacancy/132745632
Уборщик,132741977,"Горничная в гостиницу, Москва",СИМПЛЕКС,Москва,3200.0,,3200.0,RUR,False,Нет опыта,,,2026-05-04T13:06:34+0300,https://hh.ru/vacancy/132741977
Уборщик,131096830,Мойщик вагонов (депо Фили),Группа компаний РБЕ (RBE Group),Москва,3000.0,,3000.0,RUR,False,Нет опыта,,,2026-05-08T10:45:56+0300,https://hh.ru/vacancy/131096830
Уборщик,131940307,Повар в столовую Детский сад,Верона Капитал (ТиНАО),Москва,45000.0,50000.0,47500.0,RUR,False,Нет опыта,,,2026-05-06T13:53:24+0300,https://hh.ru/vacancy/131940307
Уборщик,132592383,"Горничная в отель, г. Москва",СИМПЛЕКС,Москва,3200.0,,3200.0,RUR,False,Нет опыта,,,2026-04-28T16:37:02+0300,https://hh.ru/vacancy/132592383
Уборщик,121785623,Продавец-кассир ресторана Rostic's (м. Ленинский проспект/м. Площадь Гагарина),Сити Ресторантс,Москва,,105000.0,105000.0,RUR,True,Нет опыта,,,2026-05-07T17:49:31+0300,https://hh.ru/vacancy/121785623
Уборщик,132873514,Продавец кассир Ресторана Rostic's,Сити Ресторантс,Москва,,105000.0,105000.0,RUR,True,Нет опыта,,,2026-05-07T10:43:10+0300,https://hh.ru/vacancy/132873514
Уборщик,129644277,Мойщик вагонов в депо (Сокол),Группа компаний РБЕ (RBE Group),Москва,3616.0,3616.0,3616.0,RUR,True,Нет опыта,,,2026-05-08T11:45:44+0300,https://hh.ru/vacancy/129644277
Уборщик,128121630,Кухонный работник,ШЮЗ,Москва,45000.0,45000.0,45000.0,RUR,False,Нет опыта,,,2026-05-06T09:22:07+0300,https://hh.ru/vacancy/128121630
Уборщик,131787189,Сотрудник на кухню в школу,Верона Капитал (ТиНАО),Москва,52000.0,60000.0,56000.0,RUR,False,Нет опыта,,,2026-04-24T16:54:09+0300,https://hh.ru/vacancy/131787189
Уборщик,130864752,Сотрудник на кухню в школу 1788,Верона Капитал (ТиНАО),Москва,47000.0,53000.0,50000.0,RUR,False,Нет опыта,,,2026-04-24T16:54:08+0300,https://hh.ru/vacancy/130864752
Уборщик,130485935,Сотрудник на кухню в школу (Красная Пахра),Верона Капитал (ТиНАО),Москва,52000.0,52000.0,52000.0,RUR,False,Нет опыта,,,2026-04-24T16:54:07+0300,https://hh.ru/vacancy/130485935
Уборщик,132580876,Мойщик/Уборщик,Кофемания,Москва,,120000.0,120000.0,RUR,False,Нет опыта,,,2026-04-28T13:28:33+0300,https://hh.ru/vacancy/132580876
Уборщик,131787002,Сотрудник на кухню в школьную столовую,Верона Капитал (ТиНАО),Москва,47000.0,53000.0,50000.0,RUR,False,Нет опыта,,,2026-04-24T16:54:09+0300,https://hh.ru/vacancy/131787002
Уборщик,131787656,Сотрудник на кухню в школу,Верона Капитал (ТиНАО),Москва,52000.0,60000.0,56000.0,RUR,False,Нет опыта,,,2026-04-24T16:54:05+0300,https://hh.ru/vacancy/131787656
Уборщик,133395394,Мойщик посуды (м. Зябликово),Spar,Москва,60000.0,74000.0,67000.0,RUR,False,Нет опыта,,,2026-05-22T12:30:56+0300,https://hh.ru/vacancy/133395394
Уборщик,133394385,Мойщик посуды (м. Юго- Восточная),Spar,Москва,60000.0,74000.0,67000.0,RUR,False,Нет опыта,,,2026-05-22T12:14:15+0300,https://hh.ru/vacancy/133394385
Уборщик,132118072,Посудомойщица/посудомойщик в закрытую столовую правительственной организации,Аутсорсинг Групп,Москва,52000.0,103000.0,77500.0,RUR,False,Нет опыта,,,2026-05-21T11:56:25+0300,https://hh.ru/vacancy/132118072
Уборщик,133394946,Мойщик посуды (м. Бульвар Адмирала Ушакова),Spar,Москва,60000.0,74000.0,67000.0,RUR,False,Нет опыта,,,2026-05-22T12:23:52+0300,https://hh.ru/vacancy/133394946
Уборщик,133184640,Посудомойщик / Посудомойщица в буфет в центре Москвы,СИМПЛЕКС,Москва,52000.0,103000.0,77500.0,RUR,False,Нет опыта,,,2026-05-18T09:32:55+0300,https://hh.ru/vacancy/133184640
Уборщик,133058213,Мойщик посуды (м. Автозаводская),Spar,Москва,60000.0,74000.0,67000.0,RUR,False,Нет опыта,,,2026-05-13T16:37:19+0300,https://hh.ru/vacancy/133058213
Уборщик,132703340,Посудомойщик / Посудомойщица в буфет,СИМПЛЕКС,Москва,52000.0,103000.0,77500.0,RUR,False,Нет опыта,,,2026-05-04T13:05:23+0300,https://hh.ru/vacancy/132703340
Уборщик,132777836,Мойщик посуды,Велесстрой,Москва,,,,,,Нет опыта,,,2026-05-05T10:10:17+0300,https://hh.ru/vacancy/132777836
Уборщик,132955110,Мойщик посуды в государственную столовую,СИМПЛЕКС,Москва,52000.0,103000.0,77500.0,RUR,False,Нет опыта,,,2026-05-11T08:32:19+0300,https://hh.ru/vacancy/132955110
Уборщик,132676543,Посудомойщик \ Посудомойщица (м. Сходненская),"Тануки, японский ресторан",Москва,,107000.0,107000.0,RUR,True,Нет опыта,,,2026-04-30T16:56:28+0300,https://hh.ru/vacancy/132676543
Уборщик,132106337,Посудомойщик \ посудомойщица (м.Преображенская площадь),"Тануки, японский ресторан",Москва,50000.0,107000.0,78500.0,RUR,False,Нет опыта,,,2026-04-29T19:22:22+0300,https://hh.ru/vacancy/132106337
Уборщик,132956123,Мойщик / Мойщица посуды в сеть столовых (Москва),СИМПЛЕКС,Москва,52000.0,103000.0,77500.0,RUR,False,Нет опыта,,,2026-05-11T09:32:22+0300,https://hh.ru/vacancy/132956123
Уборщик,132463970,Мойщик посуды,Велесстрой,Москва,,,,,,Нет опыта,,,2026-04-24T10:32:35+0300,https://hh.ru/vacancy/132463970
Уборщик,126523495,Мойщик посуды / кухонный работник (по ЮЗАО),ШЮЗ,Москва,45000.0,45000.0,45000.0,RUR,False,Нет опыта,,,2026-05-04T08:57:09+0300,https://hh.ru/vacancy/126523495
Уборщик,132619790,Мойщик посуды (м. Солнцево),Spar,Москва,60000.0,84000.0,72000.0,RUR,False,Нет опыта,,,2026-04-29T12:28:28+0300,https://hh.ru/vacancy/132619790
Уборщик,132586579,Мойщик посуды (м. Орехово),Spar,Москва,60000.0,74000.0,67000.0,RUR,False,Нет опыта,,,2026-04-28T15:10:40+0300,https://hh.ru/vacancy/132586579
Уборщик,131944461,Мойщик посуды в столовую (Москва),СИМПЛЕКС,Москва,52000.0,103000.0,77500.0,RUR,False,Нет опыта,,,2026-04-29T13:52:51+0300,https://hh.ru/vacancy/131944461
Уборщик,132387759,Мойщик посуды в столовую (Москва),СИМПЛЕКС,Москва,52000.0,103000.0,77500.0,RUR,False,Нет опыта,,,2026-04-28T16:34:08+0300,https://hh.ru/vacancy/132387759
Уборщик,132623755,Мойщик посуды в сеть столовых (Москва),СИМПЛЕКС,Москва,52000.0,103000.0,77500.0,RUR,False,Нет опыта,,,2026-04-29T13:49:45+0300,https://hh.ru/vacancy/132623755
Уборщик,133389086,Горничная в отель в центре Москвы,СИМПЛЕКС,Москва,3200.0,,3200.0,RUR,False,Нет опыта,,,2026-05-22T10:46:55+0300,https://hh.ru/vacancy/133389086
Уборщик,133077100,Мойщик белой посуды в столовую (Москва),СИМПЛЕКС,Москва,52000.0,103000.0,77500.0,RUR,False,Нет опыта,,,2026-05-21T12:09:47+0300,https://hh.ru/vacancy/133077100
Уборщик,133255121,Помощник повара,Северные Сети,Москва,197000.0,226000.0,211500.0,RUR,False,Нет опыта,,,2026-05-22T14:05:02+0300,https://hh.ru/vacancy/133255121
Уборщик,133021938,Сотрудник уборки в зал столовой банка,Аутсорсинг Групп,Москва,65000.0,95000.0,80000.0,RUR,False,Нет опыта,,,2026-05-20T11:16:18+0300,https://hh.ru/vacancy/133021938
Уборщик,132665418,Уборщик номеров/горничная в отель в России,СИМПЛЕКС,Москва,3200.0,,3200.0,RUR,False,Нет опыта,,,2026-05-21T12:09:28+0300,https://hh.ru/vacancy/132665418
Уборщик,133349915,Работник по уборке номеров в гостиницу,Аутсорсинг Групп,Москва,3200.0,,3200.0,RUR,False,Нет опыта,,,2026-05-21T11:59:04+0300,https://hh.ru/vacancy/133349915
Уборщик,132869368,Горничная в гостиницу в центре Москвы,СИМПЛЕКС,Москва,3200.0,,3200.0,RUR,False,Нет опыта,,,2026-05-20T11:25:17+0300,https://hh.ru/vacancy/132869368
Уборщик,133295085,"Горничная/ сотрудник уборки номеров в центральный отель, г. Москва",Аутсорсинг Групп,Москва,3200.0,,3200.0,RUR,False,Нет опыта,,,2026-05-20T11:21:13+0300,https://hh.ru/vacancy/133295085
Уборщик,133180529,Уборщик в сеть корпоративных гос.столовых,Аутсорсинг Групп,Москва,65000.0,95000.0,80000.0,RUR,False,Нет опыта,,,2026-05-18T08:33:29+0300,https://hh.ru/vacancy/133180529
Уборщик,133180531,"Горничная в центральный отель, г. Москва",Аутсорсинг Групп,Москва,3200.0,,3200.0,RUR,False,Нет опыта,,,2026-05-18T08:33:30+0300,https://hh.ru/vacancy/133180531
Уборщик,133180532,"Горничная в гостиницу, г. Москва",Аутсорсинг Групп,Москва,3200.0,,3200.0,RUR,False,Нет опыта,,,2026-05-18T08:33:30+0300,https://hh.ru/vacancy/133180532
Уборщик,132864936,Уборщик в сеть бизнес столовых банка,Аутсорсинг Групп,Москва,65000.0,95000.0,80000.0,RUR,False,Нет опыта,,,2026-05-12T13:49:49+0300,https://hh.ru/vacancy/132864936
Уборщик,132954462,Уборщик в столовую центр Москвы,СИМПЛЕКС,Москва,65000.0,95000.0,80000.0,RUR,False,Нет опыта,,,2026-05-11T07:32:08+0300,https://hh.ru/vacancy/132954462
Уборщик,132701908,Мойщик белой посуды в сеть столовых (Москва),СИМПЛЕКС,Москва,52000.0,103000.0,77500.0,RUR,False,Нет опыта,,,2026-05-03T06:31:30+0300,https://hh.ru/vacancy/132701908
Уборщик,132866599,Горничная в гостиницу в центре Москвы,СИМПЛЕКС,Москва,3200.0,,3200.0,RUR,False,Нет опыта,,,2026-05-07T08:32:02+0300,https://hh.ru/vacancy/132866599
Уборщик,132782788,Горничная в гостиницу в центре Москвы,СИМПЛЕКС,Москва,3200.0,,3200.0,RUR,False,Нет опыта,,,2026-05-05T11:17:41+0300,https://hh.ru/vacancy/132782788
Уборщик,132782727,Горничная в отель г. Москва,СИМПЛЕКС,Москва,3200.0,,3200.0,RUR,False,Нет опыта,,,2026-05-05T11:17:01+0300,https://hh.ru/vacancy/132782727
Уборщик,132745707,Горничная на уборку номеров в бизнес-отель,Аутсорсинг Групп,Москва,3200.0,,3200.0,RUR,False,Нет опыта,,,2026-05-04T13:55:25+0300,https://hh.ru/vacancy/132745707
Уборщик,132703343,Горничная в гостиницу в центре Москвы,СИМПЛЕКС,Москва,3200.0,,3200.0,RUR,False,Нет опыта,,,2026-05-03T09:31:31+0300,https://hh.ru/vacancy/132703343
Уборщик,132703344,Горничная в отель Москва,СИМПЛЕКС,Москва,3200.0,,3200.0,RUR,False,Нет опыта,,,2026-05-03T09:31:32+0300,https://hh.ru/vacancy/132703344
Уборщик,132623785,"Горничная в гостиницу, г. Москва",СИМПЛЕКС,Москва,3200.0,,3200.0,RUR,False,Нет опыта,,,2026-04-29T13:50:36+0300,https://hh.ru/vacancy/132623785
Уборщик,132090165,Горничная в центральную гостиницу,СИМПЛЕКС,Москва,3200.0,,3200.0,RUR,False,Нет опыта,,,2026-04-28T16:36:24+0300,https://hh.ru/vacancy/132090165
Уборщик,130865166,Сотрудник на кухню в школу 109 (ул.Лобановский Лес),Верона Капитал (ТиНАО),Москва,47000.0,53000.0,50000.0,RUR,False,Нет опыта,,,2026-04-24T16:54:08+0300,https://hh.ru/vacancy/130865166
Уборщик,130291422,Мойщик столовой посуды,ФГУП Центральный научно-исследовательский институт химии и механики,Москва,58000.0,58000.0,58000.0,RUR,False,Нет опыта,,,2026-05-21T14:09:53+0300,https://hh.ru/vacancy/130291422
Уборщик,132470976,Мойщик котлов на пищеблоке,Яр,Москва,60000.0,,60000.0,RUR,False,Нет опыта,,,2026-05-21T12:47:56+0300,https://hh.ru/vacancy/132470976
Уборщик,133366186,"Мойщик котлов в Итальянский ресторан ""Trattoria Mozza""",Моцца,Москва,75000.0,80000.0,77500.0,RUR,False,Нет опыта,,,2026-05-21T16:11:52+0300,https://hh.ru/vacancy/133366186
Уборщик,133299762,Санитарка-мойщица (Санитар-мойщик),ДОКТОР Н,Москва,40000.0,40000.0,40000.0,RUR,False,Нет опыта,,,2026-05-20T12:20:55+0300,https://hh.ru/vacancy/133299762
Уборщик,131916246,Мойщик котлов,Фастлэнд,Москва,75000.0,90000.0,82500.0,RUR,False,Нет опыта,,,2026-05-18T13:01:41+0300,https://hh.ru/vacancy/131916246
Уборщик,133138868,Мойщик/мойщица сервизной посуды,«Мульти Кейтеринг»,Москва,70000.0,95000.0,82500.0,RUR,False,Нет опыта,,,2026-05-15T14:06:54+0300,https://hh.ru/vacancy/133138868
Уборщик,133127636,Мойщица/мойщик белой посуды,YURA Restaurant & Bar,Москва,70000.0,70000.0,70000.0,RUR,False,От 1 года до 3 лет,,,2026-05-15T11:08:22+0300,https://hh.ru/vacancy/133127636
Уборщик,131481039,Котломойщик\мойщик котлов (м. Братиславская),"Тануки, японский ресторан",Москва,,100000.0,100000.0,RUR,False,Нет опыта,,,2026-05-19T17:02:47+0300,https://hh.ru/vacancy/131481039
Уборщик,131037908,Машинист моечных машин (мойщик котлов),Сервисная Компания Банка России,Москва,,,,,,Нет опыта,,,2026-05-19T15:16:53+0300,https://hh.ru/vacancy/131037908
Уборщик,133222428,Мойщица-мойщик/коренщица-коренщик (Новокузнецкая),Рестлайн,Москва,80000.0,80000.0,80000.0,RUR,False,От 1 года до 3 лет,,,2026-05-18T19:56:02+0300,https://hh.ru/vacancy/133222428
Уборщик,133064999,Мойщица/мойщик,Тоноян Гарик,Москва,5000.0,,5000.0,RUR,False,Нет опыта,,,2026-05-13T21:05:21+0300,https://hh.ru/vacancy/133064999
Уборщик,133179916,Мойщица-уборщица/Мойщик-уборщик (м. Южная),Фрамбини,Москва,4500.0,,4500.0,RUR,False,Нет опыта,,,2026-05-18T08:26:07+0300,https://hh.ru/vacancy/133179916
Уборщик,133036180,Грузчик - мойщик,Тастлаб,Москва,70000.0,100000.0,85000.0,RUR,True,Нет опыта,,,2026-05-13T11:10:06+0300,https://hh.ru/vacancy/133036180
Уборщик,133011292,Мойщик/мойщица,Забыли Сахар,Москва,85000.0,,85000.0,RUR,False,Нет опыта,,,2026-05-12T17:28:46+0300,https://hh.ru/vacancy/133011292
Уборщик,133180058,Ночная Мойщица-уборщица/ночной Мойщик-уборщик (м. Южная),Фрамбини,Москва,4500.0,,4500.0,RUR,False,Нет опыта,,,2026-05-18T08:28:31+0300,https://hh.ru/vacancy/133180058
Уборщик,132986218,Мойщица-уборщица/Мойщик-уборщик,Фрамбини,Москва,,,,,,Нет опыта,,,2026-05-12T11:17:46+0300,https://hh.ru/vacancy/132986218
Уборщик,132959854,Мойщица-уборщица/Мойщик-уборщик,Фрамбини,Москва,4500.0,,4500.0,RUR,False,Нет опыта,,,2026-05-11T13:28:56+0300,https://hh.ru/vacancy/132959854
Уборщик,132757068,Мойщик-грузчик,Парк Сказка,Москва,130000.0,,130000.0,RUR,False,Нет опыта,,,2026-05-04T16:29:23+0300,https://hh.ru/vacancy/132757068
Уборщик,132986145,Ночная Мойщица-уборщица/ночной Мойщик-уборщик,Фрамбини,Москва,4500.0,,4500.0,RUR,False,Нет опыта,,,2026-05-12T11:16:26+0300,https://hh.ru/vacancy/132986145
Уборщик,132539164,Мойщик-уборщик (Мытищи),YAMI YAMI,Москва,95000.0,,95000.0,RUR,True,Нет опыта,,,2026-04-27T14:45:12+0300,https://hh.ru/vacancy/132539164
Уборщик,132781216,Мойщица/мойщик (м. ВДНХ/Ботанический сад),Joki Joya,Москва,98000.0,,98000.0,RUR,False,Нет опыта,,,2026-05-05T10:58:11+0300,https://hh.ru/vacancy/132781216
Уборщик,131839695,Кухонные работнки ( метро Калитники),Верона Капитал,Москва,70000.0,70000.0,70000.0,RUR,False,Нет опыта,,,2026-05-20T10:17:32+0300,https://hh.ru/vacancy/131839695
Уборщик,132548165,Кухонный работник (ГБУ Западный Очаково Матвеевское),Группа компаний РБЕ (RBE Group),Москва,45000.0,,45000.0,RUR,False,Нет опыта,,,2026-05-19T01:02:00+0300,https://hh.ru/vacancy/132548165
Уборщик,129008021,Котломойщик в Дом Правительства,ФГБУ Комбинат питания Кремлевский,Москва,70000.0,70000.0,70000.0,RUR,False,Нет опыта,,,2026-05-18T15:03:15+0300,https://hh.ru/vacancy/129008021
Уборщик,126319794,Кухонный работник (ГБУ СД Обручевский ф-л Тропарево),Группа компаний РБЕ (RBE Group),Москва,52000.0,,52000.0,RUR,True,Нет опыта,,,2026-05-14T16:39:20+0300,https://hh.ru/vacancy/126319794
Уборщик,133047869,Котломойщик в кафетерий,ГК Фьюжен Менеджмент,Москва,104000.0,120000.0,112000.0,RUR,False,Нет опыта,,,2026-05-13T14:00:54+0300,https://hh.ru/vacancy/133047869
Уборщик,131390897,Кухонный работник (м. Южная),ШЮЗ,Москва,55000.0,55000.0,55000.0,RUR,False,Нет опыта,,,2026-05-14T12:28:14+0300,https://hh.ru/vacancy/131390897
Уборщик,126411240,Кухонный работник (Больница им Кербикова  (НПГЦ Трофимова 26)),Группа компаний РБЕ (RBE Group),Москва,46500.0,93000.0,69750.0,RUR,True,Нет опыта,,,2026-05-06T15:00:25+0300,https://hh.ru/vacancy/126411240
Уборщик,133052136,Уборщица/уборщик в магазин,Мясницкий ряд,Москва,81000.0,,81000.0,RUR,False,Нет опыта,,,2026-05-13T15:01:18+0300,https://hh.ru/vacancy/133052136
Уборщик,126411720,Кухонный работник (Социальный дом Лосиноостровский),Группа компаний РБЕ (RBE Group),Москва,52000.0,104000.0,78000.0,RUR,True,Нет опыта,,,2026-05-06T15:00:21+0300,https://hh.ru/vacancy/126411720
Уборщик,132152582,Кухонный работник (м. Южная),ШЮЗ,Москва,55000.0,55000.0,55000.0,RUR,False,Нет опыта,,,2026-05-12T09:37:06+0300,https://hh.ru/vacancy/132152582
Уборщик,131692130,Кухонный работник (Калитники),Верона Капитал,Москва,70000.0,70000.0,70000.0,RUR,False,Нет опыта,,,2026-04-27T17:00:03+0300,https://hh.ru/vacancy/131692130
Уборщик,129290439,Котломойщик\мойщик котлов (м. Медведково),"Тануки, японский ресторан",Москва,,100000.0,100000.0,RUR,False,Нет опыта,,,2026-05-06T13:22:55+0300,https://hh.ru/vacancy/129290439
Уборщик,132539330,Мойщик-уборщик (м. Тропарево),YAMI YAMI,Москва,95000.0,,95000.0,RUR,True,Нет опыта,,,2026-04-27T14:47:11+0300,https://hh.ru/vacancy/132539330
Уборщик,132539230,Мойщик-уборщик (м. Бабушкинская),YAMI YAMI,Москва,95000.0,,95000.0,RUR,True,Нет опыта,,,2026-04-27T14:45:56+0300,https://hh.ru/vacancy/132539230
Уборщик,132583416,Котломойщик\мойщик котлов (м. Медведково),"Тануки, японский ресторан",Москва,,100000.0,100000.0,RUR,False,Нет опыта,,,2026-04-28T14:10:11+0300,https://hh.ru/vacancy/132583416
