supplier_name,source_url,product_name,category,pack_size,price_rub,product_url,source_notes
KiFood,https://kifood.ru/,Сиропы,Сиропы,,,https://kifood.ru/katalog/siropy,"Поставщик товаров для Bubble Tea: ингредиенты, топпинги, чаи, расходные материалы"
KiFood,https://kifood.ru/,Сухая смесь для пудинга со вкусом молока 1кг,Сухие смеси,1 кг,,,"Поставщик товаров для Bubble Tea: ингредиенты, топпинги, чаи, расходные материалы"
KiFood,https://kifood.ru/,Сухая смесь для пудинга со вкусом молока 1кг,Сухие смеси,1 кг,,https://kifood.ru/katalog/sukhie-smesi/sukhaya-smes-dlya-pudinga-so-vkusom-moloka-1kg,"Поставщик товаров для Bubble Tea: ингредиенты, топпинги, чаи, расходные материалы"
KiFood,https://kifood.ru/,"Сироп «Ананас» 1,6л",Сиропы,1.6 л,,,"Поставщик товаров для Bubble Tea: ингредиенты, топпинги, чаи, расходные материалы"
KiFood,https://kifood.ru/,"Сироп «Ананас» 1,6л",Сиропы,1.6 л,,https://kifood.ru/katalog/siropy/sirop-ananas-1-6l,"Поставщик товаров для Bubble Tea: ингредиенты, топпинги, чаи, расходные материалы"
KiFood,https://kifood.ru/,Сухая смесь для пудинга со вкусом карамели 1кг,Сухие смеси,1 кг,,,"Поставщик товаров для Bubble Tea: ингредиенты, топпинги, чаи, расходные материалы"
KiFood,https://kifood.ru/,Сухая смесь для пудинга со вкусом карамели 1кг,Сухие смеси,1 кг,,https://kifood.ru/katalog/sukhie-smesi/sukhaya-smes-dlya-pudinga-so-vkusom-karameli-1kg,"Поставщик товаров для Bubble Tea: ингредиенты, топпинги, чаи, расходные материалы"
KiFood,https://kifood.ru/,"Кокосовое желе со вкусом черники 2,8кг",Желе,2.8 кг,,,"Поставщик товаров для Bubble Tea: ингредиенты, топпинги, чаи, расходные материалы"
KiFood,https://kifood.ru/,"Кокосовое желе со вкусом черники 2,8кг",Желе,2.8 кг,,https://kifood.ru/katalog/toppingi/kokosovoe-zhele-so-vkusom-cherniki-2-8kg-2,"Поставщик товаров для Bubble Tea: ингредиенты, топпинги, чаи, расходные материалы"
KiFood,https://kifood.ru/,"Кокосовое желе со вкусом персика 2,8кг",Желе,2.8 кг,,,"Поставщик товаров для Bubble Tea: ингредиенты, топпинги, чаи, расходные материалы"
KiFood,https://kifood.ru/,"Кокосовое желе со вкусом персика 2,8кг",Желе,2.8 кг,,https://kifood.ru/katalog/toppingi/kokosovoe-zhele-so-vkusom-persika-2-8kg-2,"Поставщик товаров для Bubble Tea: ингредиенты, топпинги, чаи, расходные материалы"
KiFood,https://kifood.ru/,"Кокосовое желе со вкусом винограда 2,8кг",Желе,2.8 кг,,,"Поставщик товаров для Bubble Tea: ингредиенты, топпинги, чаи, расходные материалы"
KiFood,https://kifood.ru/,"Кокосовое желе со вкусом винограда 2,8кг",Желе,2.8 кг,,https://kifood.ru/katalog/toppingi/kokosovoe-zhele-so-vkusom-vinograda-2-8kg,"Поставщик товаров для Bubble Tea: ингредиенты, топпинги, чаи, расходные материалы"
KiFood,https://kifood.ru/,"Сухая смесь для молочной пенки со вкусом сыра, 1кг",Сухие смеси,1 кг,,,"Поставщик товаров для Bubble Tea: ингредиенты, топпинги, чаи, расходные материалы"
KiFood,https://kifood.ru/,"Сухая смесь для молочной пенки со вкусом сыра, 1кг",Сухие смеси,1 кг,,https://kifood.ru/katalog/sukhie-smesi/sukhaya-smes-dlya-molochnoj-penki-so-vkusom-syra-1kg,"Поставщик товаров для Bubble Tea: ингредиенты, топпинги, чаи, расходные материалы"
KiFood,https://kifood.ru/,Порошок Матча 454г,Чай,454 г,,,"Поставщик товаров для Bubble Tea: ингредиенты, топпинги, чаи, расходные материалы"
KiFood,https://kifood.ru/,Порошок Матча 454г,Чай,454 г,,https://kifood.ru/katalog/chai/poroshok-matcha-454-g,"Поставщик товаров для Bubble Tea: ингредиенты, топпинги, чаи, расходные материалы"
KiFood,https://kifood.ru/,Сироп «Ваниль» 1л,Сиропы,1 л,,,"Поставщик товаров для Bubble Tea: ингредиенты, топпинги, чаи, расходные материалы"
KiFood,https://kifood.ru/,Сироп «Ваниль» 1л,Сиропы,1 л,,https://kifood.ru/katalog/siropy/sirop-vanil-1-l,"Поставщик товаров для Bubble Tea: ингредиенты, топпинги, чаи, расходные материалы"
KiFood,https://kifood.ru/,Сироп «Карамель» 1л,Сиропы,1 л,,,"Поставщик товаров для Bubble Tea: ингредиенты, топпинги, чаи, расходные материалы"
KiFood,https://kifood.ru/,Сироп «Карамель» 1л,Сиропы,1 л,,https://kifood.ru/katalog/siropy/sirop-karamel-1-l,"Поставщик товаров для Bubble Tea: ингредиенты, топпинги, чаи, расходные материалы"
KiFood,https://kifood.ru/,Сироп «Лесной орех» 1л,Сиропы,1 л,,,"Поставщик товаров для Bubble Tea: ингредиенты, топпинги, чаи, расходные материалы"
KiFood,https://kifood.ru/,Сироп «Лесной орех» 1л,Сиропы,1 л,,https://kifood.ru/katalog/siropy/sirop-lesnoj-orekh-1-l,"Поставщик товаров для Bubble Tea: ингредиенты, топпинги, чаи, расходные материалы"
KiFood,https://kifood.ru/,Сиропы,Сиропы,,,https://kifood.ru/siropy,"Поставщик товаров для Bubble Tea: ингредиенты, топпинги, чаи, расходные материалы"
ShopBubbleTea,https://shopbubbletea.ru/,"Джус-боллы ""Личи"" 3,4 кг.",Джус-боллы,3.4 кг,,https://shopbubbletea.ru/index.php/k2-users/kategorii/item/115-shariki-s-sokom-marakujya-popping-boba-juice-balls-lichi-yoghurt-poping-boba-dzhus-bolly,Магазин ингредиентов и аксессуаров для Bubble Tea в Москве и России
ShopBubbleTea,https://shopbubbletea.ru/,Джус-боллы…,Джус-боллы,,,https://shopbubbletea.ru/index.php/k2-users/kategorii/item/115-shariki-s-sokom-marakujya-popping-boba-juice-balls-lichi-yoghurt-poping-boba-dzhus-bolly,Магазин ингредиентов и аксессуаров для Bubble Tea в Москве и России
ShopBubbleTea,https://shopbubbletea.ru/,Тапиока Чёрная Классическая 3 кг,Тапиока,3 кг,,https://shopbubbletea.ru/index.php/component/k2/item/142-bubble-tea-granuly-tapioka,Магазин ингредиентов и аксессуаров для Bubble Tea в Москве и России
ShopBubbleTea,https://shopbubbletea.ru/,Тапиока…,Тапиока,,,https://shopbubbletea.ru/index.php/component/k2/item/142-bubble-tea-granuly-tapioka,Магазин ингредиентов и аксессуаров для Bubble Tea в Москве и России
ShopBubbleTea,https://shopbubbletea.ru/,Джус боллы (5),Джус-боллы,,,https://shopbubbletea.ru/index.php/k2-users/kategorii/itemlist/category/18-shariki-s-sokom-popping-boba-poping-boba-juice-balls-dzhus-bolly-v-moskve,Магазин ингредиентов и аксессуаров для Bubble Tea в Москве и России
ShopBubbleTea,https://shopbubbletea.ru/,Тапиока (28),Тапиока,,,https://shopbubbletea.ru/index.php/component/k2/itemlist/category/100-tapioka,Магазин ингредиентов и аксессуаров для Bubble Tea в Москве и России
ShopBubbleTea,https://shopbubbletea.ru/,Желе (Кусочки Кокоса) (9),Желе,,,https://shopbubbletea.ru/index.php/component/k2/itemlist/category/25-zhele-dlya-prigotovleniya-bubble-tea-babl-tea,Магазин ингредиентов и аксессуаров для Bubble Tea в Москве и России
ShopBubbleTea,https://shopbubbletea.ru/,Сиропы (22),Сиропы,,,https://shopbubbletea.ru/index.php/component/k2/itemlist/category/24-siropy-dlya-prigotovleniya-bubble-tea-babl-tea,Магазин ингредиентов и аксессуаров для Bubble Tea в Москве и России
ShopBubbleTea,https://shopbubbletea.ru/,Чай и Кофе (16),Чай,,,https://shopbubbletea.ru/index.php/component/k2/itemlist/category/27-tapioka-bubble-tea-babl-tea,Магазин ингредиентов и аксессуаров для Bubble Tea в Москве и России
ShopBubbleTea,https://shopbubbletea.ru/,Барные сиропы и лимонад (0),Сиропы,,,https://shopbubbletea.ru/index.php/component/k2/itemlist/category/59-shariki-s-sokom-popping-boba-poping-boba-juice-balls-dzhus-bolly-v-moskve,Магазин ингредиентов и аксессуаров для Bubble Tea в Москве и России
ShopBubbleTea,https://shopbubbletea.ru/,Сиропы для лимонада (27),Сиропы,,,https://shopbubbletea.ru/index.php/component/k2/itemlist/category/102-siropy-dlya-limonada,Магазин ингредиентов и аксессуаров для Bubble Tea в Москве и России
ShopBubbleTea,https://shopbubbletea.ru/,Сиропы для молочно-фруктовых коктейлей (17),Сиропы,,,https://shopbubbletea.ru/index.php/component/k2/itemlist/category/103-siropy-dlya-molochno-fruktovykh-koktejlej,Магазин ингредиентов и аксессуаров для Bubble Tea в Москве и России
ShopBubbleTea,https://shopbubbletea.ru/,"Сиропы поливочные, наполнители и глазурь для мороженого и десертов (25)",Сиропы,,,https://shopbubbletea.ru/index.php/component/k2/itemlist/category/39-siropy-polivochnye-napolniteli-i-glazur-dlya-morozhenogo-i-desertov,Магазин ингредиентов и аксессуаров для Bubble Tea в Москве и России
ShopBubbleTea,https://shopbubbletea.ru/,"Сироп ""Маракуйя"" 2,5 кг.",Сиропы,2.5 кг,,https://shopbubbletea.ru/index.php/component/k2/item/121-sirop-marakujya-2-5-l,Магазин ингредиентов и аксессуаров для Bubble Tea в Москве и России
ShopBubbleTea,https://shopbubbletea.ru/,Сироп Карамель для лимонада 5 л.,Сиропы,5 л,,https://shopbubbletea.ru/index.php/component/k2/item/947-sirop-karamel-dlya-limonada-5-l,Магазин ингредиентов и аксессуаров для Bubble Tea в Москве и России
ShopBubbleTea,https://shopbubbletea.ru/,"НАБОР, Джус-Боллы, бабл ти, 50 гр. 6 шт Мята, зеленое яблоко; Апельсин, персик; клубника, личи",Джус-боллы,50 г,,https://shopbubbletea.ru/index.php/k2-users/kategorii/item/1179-nabor-dzhus-bolly-babl-ti-50-gr-6-sht-myata-zelenoe-yabloko-apelsin-persik-klubnika-lichi,Магазин ингредиентов и аксессуаров для Bubble Tea в Москве и России
ShopBubbleTea,https://shopbubbletea.ru/,Смесь Гонконгские вафли со шпинатом 1 кг.,Сухие смеси,1 кг,,https://shopbubbletea.ru/index.php/component/k2/item/857-smes-gonkongskie-vafli-so-shpinatom-1-kg,Магазин ингредиентов и аксессуаров для Bubble Tea в Москве и России
ShopBubbleTea,https://shopbubbletea.ru/,"Джус-боллы ""Виноград"" 3 кг",Джус-боллы,3 кг,,https://shopbubbletea.ru/index.php/k2-users/kategorii/item/1119-dzhus-bolly-vinograd-3-kg,Магазин ингредиентов и аксессуаров для Bubble Tea в Москве и России
ShopBubbleTea,https://shopbubbletea.ru/,Трубочка чёрная 210x11 мм. с заостренным окончанием,Упаковка,,,https://shopbubbletea.ru/index.php/component/k2/item/720-trubochka-chjornaya-210x11-mm-s-zaostrennym-okonchaniem,Магазин ингредиентов и аксессуаров для Bubble Tea в Москве и России
ShopBubbleTea,https://shopbubbletea.ru/,"Сухая смесь ""Ваниль"" для приготовления мягкого мороженого и молочных коктейлей, 1 кг.",Сухие смеси,1 кг,,https://shopbubbletea.ru/index.php/component/k2/item/1002-sukhaya-smes-vanil-dlya-prigotovleniya-myagkogo-morozhenogo-i-molochnykh-koktejlej-1-kg,Магазин ингредиентов и аксессуаров для Bubble Tea в Москве и России
ShopBubbleTea,https://shopbubbletea.ru/,Машинка для запечатывания стаканов пленкой MZS-129,Упаковка,,,https://shopbubbletea.ru/index.php/component/k2/item/105-mashinka-dlya-zapechatyvaniya-stakanov-plenkoj-uhs-95a-90-bubble-tea,Магазин ингредиентов и аксессуаров для Bubble Tea в Москве и России
ShopBubbleTea,https://shopbubbletea.ru/,Трубочка c изгибом черная (250 шт/уп),Упаковка,250 шт,,https://shopbubbletea.ru/index.php/component/k2/item/828-trubochka-c-izgibom-chernaya-250-sht-up,Магазин ингредиентов и аксессуаров для Bubble Tea в Москве и России
ShopBubbleTea,https://shopbubbletea.ru/,"Сито для желе D 7,5 см",Желе,,,https://shopbubbletea.ru/index.php/component/k2/item/236-sito-dlya-zhele-d-7-5-sm,Магазин ингредиентов и аксессуаров для Bubble Tea в Москве и России
ShopBubbleTea,https://shopbubbletea.ru/,Тапиока Чёрная для Bubble Tea 1 кг,Тапиока,1 кг,,https://shopbubbletea.ru/index.php/component/k2/item/906-tapioka-chjornaya-dlya-bubble-tea-1-kg,Магазин ингредиентов и аксессуаров для Bubble Tea в Москве и России
ShopBubbleTea,https://shopbubbletea.ru/,Сироп Фисташка для лимонада 5 л.,Сиропы,5 л,,https://shopbubbletea.ru/index.php/component/k2/item/931-sirop-fistashka-dlya-limonada-5-l,Магазин ингредиентов и аксессуаров для Bubble Tea в Москве и России
ShopBubbleTea,https://shopbubbletea.ru/,Сироп Корица для лимонада 5 л.,Сиропы,5 л,,https://shopbubbletea.ru/index.php/component/k2/item/943-sirop-koritsa-dlya-limonada-5-l,Магазин ингредиентов и аксессуаров для Bubble Tea в Москве и России
ShopBubbleTea,https://shopbubbletea.ru/,Смесь для маффинов Черный Бархат 1 кг.,Сухие смеси,1 кг,,https://shopbubbletea.ru/index.php/component/k2/item/801-smes-dlya-maffinov-chernyj-barkhat-1-kg,Магазин ингредиентов и аксессуаров для Bubble Tea в Москве и России
ShopBubbleTea,https://shopbubbletea.ru/,Сухая смесь Таро,Сухие смеси,,,https://shopbubbletea.ru/index.php/component/k2/item/156-sukhaya-smes-taro,Магазин ингредиентов и аксессуаров для Bubble Tea в Москве и России
ShopBubbleTea,https://shopbubbletea.ru/,"Смесь Помадка ""Клубничная"" 1 кг.",Сухие смеси,1 кг,,https://shopbubbletea.ru/index.php/component/k2/item/1059-smes-pomadka-klubnichnaya-1-kg,Магазин ингредиентов и аксессуаров для Bubble Tea в Москве и России
ShopBubbleTea,https://shopbubbletea.ru/,"""Апельсин"". Сироп поливочный.",Сиропы,,,https://shopbubbletea.ru/index.php/component/k2/item/219-apelsin-sirop-polivochnyj,Магазин ингредиентов и аксессуаров для Bubble Tea в Москве и России
BubbleJoy,https://bubblejoy.ru/,Тапиока,Тапиока,,,https://bubblejoy.ru/catalog?tfc_storepartuid[985524301]=%E2%97%8F+%D0%A8%D0%B0%D1%80%D0%B8%D0%BA%D0%B8+%D1%82%D0%B0%D0%BF%D0%B8%D0%BE%D0%BA%D0%B8&tfc_div=:::,Дистрибьютер ингредиентов для Bubble Tea в России
BubbleJoy,https://bubblejoy.ru/,Джус Боллы,Джус-боллы,,,https://bubblejoy.ru/catalog?tfc_storepartuid[985524301]=%E2%97%8F+%D0%94%D0%B6%D1%83%D1%81+%D0%91%D0%BE%D0%BB%D0%BB%D1%8B&tfc_div=:::,Дистрибьютер ингредиентов для Bubble Tea в России
BubbleJoy,https://bubblejoy.ru/,Сиропы,Сиропы,,,https://bubblejoy.ru/catalog?tfc_storepartuid[985524301]=%E2%97%8F+%D0%A1%D0%B8%D1%80%D0%BE%D0%BF%D1%8B&tfc_div=:::,Дистрибьютер ингредиентов для Bubble Tea в России
BubbleJoy,https://bubblejoy.ru/,Желейные кусочки и пудинги,Желе,,,https://bubblejoy.ru/catalog?tfc_storepartuid[985524301]=%E2%97%8F+%D0%96%D0%B5%D0%BB%D0%B5%D0%B9%D0%BD%D1%8B%D0%B5+%D0%B4%D0%BE%D0%BB%D1%8C%D0%BA%D0%B8+%D0%B8+%D0%BF%D1%83%D0%B4%D0%B8%D0%BD%D0%B3%D0%B8&tfc_div=:::,Дистрибьютер ингредиентов для Bubble Tea в России
BubbleJoy,https://bubblejoy.ru/,"Стаканчики, трубочки",Упаковка,,,"https://bubblejoy.ru/catalog?tfc_storepartuid[985524301]=%E2%97%8F+%D0%A1%D1%82%D0%B0%D0%BA%D0%B0%D0%BD%D1%8B,+%D1%82%D1%80%D1%83%D0%B1%D0%BE%D1%87%D0%BA%D0%B8,+%D0%BF%D0%BB%D0%B0%D1%81%D1%82%D0%B8%D0%BA&tfc_div=:::",Дистрибьютер ингредиентов для Bubble Tea в России
ShopBubbleTea,https://shopbubbletea.ru/index.php/component/k2/itemlist/category/100-tapioka,Тапиока Чёрная Классическая 3 кг,Тапиока,3 кг,1500.0,https://shopbubbletea.ru/index.php/component/k2/item/142-bubble-tea-granuly-tapioka,Категория ShopBubbleTea: тапиока
ShopBubbleTea,https://shopbubbletea.ru/index.php/component/k2/itemlist/category/100-tapioka,Тапиока Чёрная быстрого приготовления 1 кг для Bubble Tea,Тапиока,1 кг,1500.0,https://shopbubbletea.ru/index.php/component/k2/item/879-tapioka-chjornaya-bystrogo-prigotovleniya-1-kg-dlya-bubble-tea,Категория ShopBubbleTea: тапиока
ShopBubbleTea,https://shopbubbletea.ru/index.php/component/k2/itemlist/category/100-tapioka,Тапиока Чёрная быстрого приготовления 1 кг для Bubble Tea,Тапиока,1 кг,459.0,https://shopbubbletea.ru/index.php/component/k2/item/879-tapioka-chjornaya-bystrogo-prigotovleniya-1-kg-dlya-bubble-tea,Категория ShopBubbleTea: тапиока
ShopBubbleTea,https://shopbubbletea.ru/index.php/component/k2/itemlist/category/100-tapioka,Тапиока Розовая 0.9 кг для Bubble Tea,Тапиока,0.9 кг,1500.0,https://shopbubbletea.ru/index.php/component/k2/item/884-tapioka-rozovaya-0-9-kg-dlya-bubble-tea,Категория ShopBubbleTea: тапиока
ShopBubbleTea,https://shopbubbletea.ru/index.php/component/k2/itemlist/category/100-tapioka,Тапиока Розовая 0.9 кг для Bubble Tea,Тапиока,0.9 кг,432.0,https://shopbubbletea.ru/index.php/component/k2/item/884-tapioka-rozovaya-0-9-kg-dlya-bubble-tea,Категория ShopBubbleTea: тапиока
ShopBubbleTea,https://shopbubbletea.ru/index.php/component/k2/itemlist/category/100-tapioka,Тапиока Таро для Bubble Tea 1 кг,Тапиока,1 кг,1500.0,https://shopbubbletea.ru/index.php/component/k2/item/905-tapioka-taro-dlya-bubble-tea-1-kg,Категория ShopBubbleTea: тапиока
ShopBubbleTea,https://shopbubbletea.ru/index.php/component/k2/itemlist/category/100-tapioka,Тапиока Таро для Bubble Tea 1 кг,Тапиока,1 кг,328.0,https://shopbubbletea.ru/index.php/component/k2/item/905-tapioka-taro-dlya-bubble-tea-1-kg,Категория ShopBubbleTea: тапиока
ShopBubbleTea,https://shopbubbletea.ru/index.php/component/k2/itemlist/category/100-tapioka,Тапиока Таро (3 цвета) 1 кг,Тапиока,1 кг,1500.0,https://shopbubbletea.ru/index.php/component/k2/item/900-tapioka-taro-3-tsveta-1-kg,Категория ShopBubbleTea: тапиока
ShopBubbleTea,https://shopbubbletea.ru/index.php/component/k2/itemlist/category/100-tapioka,Тапиока Таро (3 цвета) 1 кг,Тапиока,1 кг,432.0,https://shopbubbletea.ru/index.php/component/k2/item/900-tapioka-taro-3-tsveta-1-kg,Категория ShopBubbleTea: тапиока
ShopBubbleTea,https://shopbubbletea.ru/index.php/component/k2/itemlist/category/100-tapioka,Тапиока Зелёная 0.9 кг для Bubble Tea,Тапиока,0.9 кг,1500.0,https://shopbubbletea.ru/index.php/component/k2/item/882-tapioka-zeljonaya-0-9-kg-dlya-bubble-tea,Категория ShopBubbleTea: тапиока
ShopBubbleTea,https://shopbubbletea.ru/index.php/component/k2/itemlist/category/100-tapioka,Тапиока Зелёная 0.9 кг для Bubble Tea,Тапиока,0.9 кг,432.0,https://shopbubbletea.ru/index.php/component/k2/item/882-tapioka-zeljonaya-0-9-kg-dlya-bubble-tea,Категория ShopBubbleTea: тапиока
ShopBubbleTea,https://shopbubbletea.ru/index.php/component/k2/itemlist/category/100-tapioka,Тапиока Янтарная 0.9 кг для Bubble Tea,Тапиока,0.9 кг,1500.0,https://shopbubbletea.ru/index.php/component/k2/item/885-tapioka-yantarnaya-0-9-kg-dlya-bubble-tea,Категория ShopBubbleTea: тапиока
ShopBubbleTea,https://shopbubbletea.ru/index.php/component/k2/itemlist/category/100-tapioka,Тапиока Янтарная 0.9 кг для Bubble Tea,Тапиока,0.9 кг,432.0,https://shopbubbletea.ru/index.php/component/k2/item/885-tapioka-yantarnaya-0-9-kg-dlya-bubble-tea,Категория ShopBubbleTea: тапиока
ShopBubbleTea,https://shopbubbletea.ru/index.php/component/k2/itemlist/category/100-tapioka,Тапиока Чёрная 0.9 кг для Bubble Tea,Тапиока,0.9 кг,1500.0,https://shopbubbletea.ru/index.php/component/k2/item/883-tapioka-chjornaya-0-9-kg-dlya-bubble-tea,Категория ShopBubbleTea: тапиока
ShopBubbleTea,https://shopbubbletea.ru/index.php/component/k2/itemlist/category/100-tapioka,Тапиока Чёрная 0.9 кг для Bubble Tea,Тапиока,0.9 кг,432.0,https://shopbubbletea.ru/index.php/component/k2/item/883-tapioka-chjornaya-0-9-kg-dlya-bubble-tea,Категория ShopBubbleTea: тапиока
ShopBubbleTea,https://shopbubbletea.ru/index.php/component/k2/itemlist/category/100-tapioka,Тапиока Красный Сахар 1 кг,Тапиока,1 кг,1500.0,https://shopbubbletea.ru/index.php/component/k2/item/909-tapioka-krasnyj-sakhar-1-kg,Категория ShopBubbleTea: тапиока
ShopBubbleTea,https://shopbubbletea.ru/index.php/component/k2/itemlist/category/100-tapioka,Тапиока Красный Сахар 1 кг,Тапиока,1 кг,377.0,https://shopbubbletea.ru/index.php/component/k2/item/909-tapioka-krasnyj-sakhar-1-kg,Категория ShopBubbleTea: тапиока
ShopBubbleTea,https://shopbubbletea.ru/index.php/component/k2/itemlist/category/100-tapioka,Тапиока Батат для Bubble Tea 1 кг,Тапиока,1 кг,1500.0,https://shopbubbletea.ru/index.php/component/k2/item/902-tapioka-batat-dlya-bubble-tea-1-kg,Категория ShopBubbleTea: тапиока
ShopBubbleTea,https://shopbubbletea.ru/index.php/component/k2/itemlist/category/100-tapioka,Тапиока Батат для Bubble Tea 1 кг,Тапиока,1 кг,328.0,https://shopbubbletea.ru/index.php/component/k2/item/902-tapioka-batat-dlya-bubble-tea-1-kg,Категория ShopBubbleTea: тапиока
ShopBubbleTea,https://shopbubbletea.ru/index.php/component/k2/itemlist/category/100-tapioka,Тапиока Черная 3 кг (в инд. упаковке),Тапиока,3 кг,1500.0,https://shopbubbletea.ru/index.php/component/k2/item/915-tapioka-chernaya-3-kg-v-ind-upakovke,Категория ShopBubbleTea: тапиока
ShopBubbleTea,https://shopbubbletea.ru/index.php/component/k2/itemlist/category/100-tapioka,Тапиока Янтарная быстрого приготовления 1 кг для Bubble Tea,Тапиока,1 кг,1500.0,https://shopbubbletea.ru/index.php/component/k2/item/880-tapioka-yantarnaya-bystrogo-prigotovleniya-1-kg-dlya-bubble-tea,Категория ShopBubbleTea: тапиока
ShopBubbleTea,https://shopbubbletea.ru/index.php/component/k2/itemlist/category/100-tapioka,Тапиока Янтарная быстрого приготовления 1 кг для Bubble Tea,Тапиока,1 кг,459.0,https://shopbubbletea.ru/index.php/component/k2/item/880-tapioka-yantarnaya-bystrogo-prigotovleniya-1-kg-dlya-bubble-tea,Категория ShopBubbleTea: тапиока
ShopBubbleTea,https://shopbubbletea.ru/index.php/component/k2/itemlist/category/100-tapioka,Тапиока Черника для Bubble Tea 1 кг,Тапиока,1 кг,1500.0,https://shopbubbletea.ru/index.php/component/k2/item/918-tapioka-chernika-dlya-bubble-tea-1-kg,Категория ShopBubbleTea: тапиока
ShopBubbleTea,https://shopbubbletea.ru/index.php/component/k2/itemlist/category/100-tapioka,Тапиока Черника для Bubble Tea 1 кг,Тапиока,1 кг,377.0,https://shopbubbletea.ru/index.php/component/k2/item/918-tapioka-chernika-dlya-bubble-tea-1-kg,Категория ShopBubbleTea: тапиока
ShopBubbleTea,https://shopbubbletea.ru/index.php/component/k2/itemlist/category/100-tapioka,Тапиока Белая 0.9 кг для Bubble Tea,Тапиока,0.9 кг,1500.0,https://shopbubbletea.ru/index.php/component/k2/item/881-tapioka-belaya-0-9-kg-dlya-bubble-tea,Категория ShopBubbleTea: тапиока
ShopBubbleTea,https://shopbubbletea.ru/index.php/component/k2/itemlist/category/100-tapioka,Тапиока Белая 0.9 кг для Bubble Tea,Тапиока,0.9 кг,432.0,https://shopbubbletea.ru/index.php/component/k2/item/881-tapioka-belaya-0-9-kg-dlya-bubble-tea,Категория ShopBubbleTea: тапиока
ShopBubbleTea,https://shopbubbletea.ru/index.php/component/k2/itemlist/category/100-tapioka,Тапиока Яблоко для Bubble Tea 1 кг,Тапиока,1 кг,1500.0,https://shopbubbletea.ru/index.php/component/k2/item/919-tapioka-chernika-dlya-bubble-tea-1-kg,Категория ShopBubbleTea: тапиока
ShopBubbleTea,https://shopbubbletea.ru/index.php/component/k2/itemlist/category/100-tapioka,Тапиока Яблоко для Bubble Tea 1 кг,Тапиока,1 кг,377.0,https://shopbubbletea.ru/index.php/component/k2/item/919-tapioka-chernika-dlya-bubble-tea-1-kg,Категория ShopBubbleTea: тапиока
ShopBubbleTea,https://shopbubbletea.ru/index.php/component/k2/itemlist/category/100-tapioka,Тапиока Клубника для Bubble Tea 1 кг,Тапиока,1 кг,1500.0,https://shopbubbletea.ru/index.php/component/k2/item/917-tapioka-klubnika-dlya-bubble-tea-1-kg,Категория ShopBubbleTea: тапиока
ShopBubbleTea,https://shopbubbletea.ru/index.php/component/k2/itemlist/category/100-tapioka,Тапиока Клубника для Bubble Tea 1 кг,Тапиока,1 кг,377.0,https://shopbubbletea.ru/index.php/component/k2/item/917-tapioka-klubnika-dlya-bubble-tea-1-kg,Категория ShopBubbleTea: тапиока
ShopBubbleTea,https://shopbubbletea.ru/index.php/component/k2/itemlist/category/100-tapioka,Тапиока Клубника для Bubble Tea 1 кг,Тапиока,1 кг,1500.0,https://shopbubbletea.ru/index.php/component/k2/item/903-tapioka-klubnika-dlya-bubble-tea-1-kg,Категория ShopBubbleTea: тапиока
ShopBubbleTea,https://shopbubbletea.ru/index.php/component/k2/itemlist/category/100-tapioka,Тапиока Клубника для Bubble Tea 1 кг,Тапиока,1 кг,328.0,https://shopbubbletea.ru/index.php/component/k2/item/903-tapioka-klubnika-dlya-bubble-tea-1-kg,Категория ShopBubbleTea: тапиока
ShopBubbleTea,https://shopbubbletea.ru/index.php/component/k2/itemlist/category/100-tapioka,Тапиока Янтарная 3 кг для Bubble Tea,Тапиока,3 кг,1500.0,https://shopbubbletea.ru/index.php/component/k2/item/878-tapioka-yantarnaya-3-kg-dlya-bubble-tea,Категория ShopBubbleTea: тапиока
ShopBubbleTea,https://shopbubbletea.ru/index.php/component/k2/itemlist/category/100-tapioka,Тапиока Черная 3 кг (без инд. упаковки),Тапиока,3 кг,1500.0,https://shopbubbletea.ru/index.php/component/k2/item/916-tapioka-chernaya-3-kg-bez-ind-upakovki,Категория ShopBubbleTea: тапиока
ShopBubbleTea,https://shopbubbletea.ru/index.php/component/k2/itemlist/category/100-tapioka,Тапиока Ананас для Bubble Tea 1 кг,Тапиока,1 кг,1500.0,https://shopbubbletea.ru/index.php/component/k2/item/907-tapioka-ananas-dlya-bubble-tea-1-kg,Категория ShopBubbleTea: тапиока
ShopBubbleTea,https://shopbubbletea.ru/index.php/component/k2/itemlist/category/100-tapioka,Тапиока Ананас для Bubble Tea 1 кг,Тапиока,1 кг,377.0,https://shopbubbletea.ru/index.php/component/k2/item/907-tapioka-ananas-dlya-bubble-tea-1-kg,Категория ShopBubbleTea: тапиока
ShopBubbleTea,https://shopbubbletea.ru/index.php/component/k2/itemlist/category/100-tapioka,Тапиока Персик для Bubble Tea 1 кг,Тапиока,1 кг,1500.0,https://shopbubbletea.ru/index.php/component/k2/item/913-tapioka-persik-dlya-bubble-tea-1-kg,Категория ShopBubbleTea: тапиока
ShopBubbleTea,https://shopbubbletea.ru/index.php/component/k2/itemlist/category/100-tapioka,Тапиока Персик для Bubble Tea 1 кг,Тапиока,1 кг,377.0,https://shopbubbletea.ru/index.php/component/k2/item/913-tapioka-persik-dlya-bubble-tea-1-kg,Категория ShopBubbleTea: тапиока
ShopBubbleTea,https://shopbubbletea.ru/index.php/component/k2/itemlist/category/100-tapioka,Тапиока Манго для Bubble Tea 1 кг,Тапиока,1 кг,1500.0,https://shopbubbletea.ru/index.php/component/k2/item/912-tapioka-mango-dlya-bubble-tea-1-kg,Категория ShopBubbleTea: тапиока
ShopBubbleTea,https://shopbubbletea.ru/index.php/component/k2/itemlist/category/100-tapioka,Тапиока Манго для Bubble Tea 1 кг,Тапиока,1 кг,377.0,https://shopbubbletea.ru/index.php/component/k2/item/912-tapioka-mango-dlya-bubble-tea-1-kg,Категория ShopBubbleTea: тапиока
ShopBubbleTea,https://shopbubbletea.ru/index.php/component/k2/itemlist/category/100-tapioka,Тапиока Манго для Bubble Tea 1 кг,Тапиока,1 кг,1500.0,https://shopbubbletea.ru/index.php/component/k2/item/904-tapioka-mango-dlya-bubble-tea-1-kg,Категория ShopBubbleTea: тапиока
ShopBubbleTea,https://shopbubbletea.ru/index.php/component/k2/itemlist/category/100-tapioka,Тапиока Манго для Bubble Tea 1 кг,Тапиока,1 кг,328.0,https://shopbubbletea.ru/index.php/component/k2/item/904-tapioka-mango-dlya-bubble-tea-1-kg,Категория ShopBubbleTea: тапиока
ShopBubbleTea,https://shopbubbletea.ru/index.php/component/k2/itemlist/category/100-tapioka,Тапиока Черная для Bubble Tea 1 кг,Тапиока,1 кг,1500.0,https://shopbubbletea.ru/index.php/component/k2/item/914-tapioka-chernaya-dlya-bubble-tea-1-kg,Категория ShopBubbleTea: тапиока
ShopBubbleTea,https://shopbubbletea.ru/index.php/component/k2/itemlist/category/100-tapioka,Тапиока Черная для Bubble Tea 1 кг,Тапиока,1 кг,377.0,https://shopbubbletea.ru/index.php/component/k2/item/914-tapioka-chernaya-dlya-bubble-tea-1-kg,Категория ShopBubbleTea: тапиока
ShopBubbleTea,https://shopbubbletea.ru/index.php/component/k2/itemlist/category/100-tapioka,Тапиока Личи для Bubble Tea 1 кг,Тапиока,1 кг,1500.0,https://shopbubbletea.ru/index.php/component/k2/item/911-tapioka-lichi-dlya-bubble-tea-1-kg,Категория ShopBubbleTea: тапиока
ShopBubbleTea,https://shopbubbletea.ru/index.php/component/k2/itemlist/category/100-tapioka,Тапиока Личи для Bubble Tea 1 кг,Тапиока,1 кг,377.0,https://shopbubbletea.ru/index.php/component/k2/item/911-tapioka-lichi-dlya-bubble-tea-1-kg,Категория ShopBubbleTea: тапиока
ShopBubbleTea,https://shopbubbletea.ru/index.php/component/k2/itemlist/category/100-tapioka,Тапиока Чёрная для Bubble Tea 1 кг,Тапиока,1 кг,1500.0,https://shopbubbletea.ru/index.php/component/k2/item/906-tapioka-chjornaya-dlya-bubble-tea-1-kg,Категория ShopBubbleTea: тапиока
ShopBubbleTea,https://shopbubbletea.ru/index.php/component/k2/itemlist/category/100-tapioka,Тапиока Чёрная для Bubble Tea 1 кг,Тапиока,1 кг,328.0,https://shopbubbletea.ru/index.php/component/k2/item/906-tapioka-chjornaya-dlya-bubble-tea-1-kg,Категория ShopBubbleTea: тапиока
ShopBubbleTea,https://shopbubbletea.ru/index.php/component/k2/itemlist/category/100-tapioka,Тапиока Лимон для Bubble Tea 1 кг,Тапиока,1 кг,1500.0,https://shopbubbletea.ru/index.php/component/k2/item/910-tapioka-limon-dlya-bubble-tea-1-kg,Категория ShopBubbleTea: тапиока
ShopBubbleTea,https://shopbubbletea.ru/index.php/component/k2/itemlist/category/100-tapioka,Тапиока Лимон для Bubble Tea 1 кг,Тапиока,1 кг,377.0,https://shopbubbletea.ru/index.php/component/k2/item/910-tapioka-limon-dlya-bubble-tea-1-kg,Категория ShopBubbleTea: тапиока
ShopBubbleTea,https://shopbubbletea.ru/index.php/component/k2/itemlist/category/100-tapioka,Тапиока Апельсин для Bubble Tea 1 кг,Тапиока,1 кг,1500.0,https://shopbubbletea.ru/index.php/component/k2/item/908-tapioka-apelsin-dlya-bubble-tea-1-kg,Категория ShopBubbleTea: тапиока
ShopBubbleTea,https://shopbubbletea.ru/index.php/component/k2/itemlist/category/100-tapioka,Тапиока Апельсин для Bubble Tea 1 кг,Тапиока,1 кг,377.0,https://shopbubbletea.ru/index.php/component/k2/item/908-tapioka-apelsin-dlya-bubble-tea-1-kg,Категория ShopBubbleTea: тапиока
ShopBubbleTea,https://shopbubbletea.ru/index.php/component/k2/itemlist/category/100-tapioka,Тапиока (28),Тапиока,,,,Категория ShopBubbleTea: тапиока
ShopBubbleTea,https://shopbubbletea.ru/index.php/component/k2/itemlist/category/100-tapioka,Тапиока Чёрная Классическая 3 кг,Тапиока,3 кг,,https://shopbubbletea.ru/index.php/component/k2/item/142-bubble-tea-granuly-tapioka,Категория ShopBubbleTea: тапиока
ShopBubbleTea,https://shopbubbletea.ru/index.php/component/k2/itemlist/category/100-tapioka,Тапиока Чёрная быстрого приготовления 1 кг для Bubble Tea,Тапиока,1 кг,,https://shopbubbletea.ru/index.php/component/k2/item/879-tapioka-chjornaya-bystrogo-prigotovleniya-1-kg-dlya-bubble-tea,Категория ShopBubbleTea: тапиока
ShopBubbleTea,https://shopbubbletea.ru/index.php/component/k2/itemlist/category/100-tapioka,Тапиока Розовая 0.9 кг для Bubble Tea,Тапиока,0.9 кг,,https://shopbubbletea.ru/index.php/component/k2/item/884-tapioka-rozovaya-0-9-kg-dlya-bubble-tea,Категория ShopBubbleTea: тапиока
ShopBubbleTea,https://shopbubbletea.ru/index.php/component/k2/itemlist/category/100-tapioka,Тапиока Таро для Bubble Tea 1 кг,Тапиока,1 кг,,https://shopbubbletea.ru/index.php/component/k2/item/905-tapioka-taro-dlya-bubble-tea-1-kg,Категория ShopBubbleTea: тапиока
ShopBubbleTea,https://shopbubbletea.ru/index.php/component/k2/itemlist/category/100-tapioka,Тапиока Таро (3 цвета) 1 кг,Тапиока,1 кг,,https://shopbubbletea.ru/index.php/component/k2/item/900-tapioka-taro-3-tsveta-1-kg,Категория ShopBubbleTea: тапиока
ShopBubbleTea,https://shopbubbletea.ru/index.php/component/k2/itemlist/category/100-tapioka,Тапиока Зелёная 0.9 кг для Bubble Tea,Тапиока,0.9 кг,,https://shopbubbletea.ru/index.php/component/k2/item/882-tapioka-zeljonaya-0-9-kg-dlya-bubble-tea,Категория ShopBubbleTea: тапиока
ShopBubbleTea,https://shopbubbletea.ru/index.php/component/k2/itemlist/category/100-tapioka,Тапиока Янтарная 0.9 кг для Bubble Tea,Тапиока,0.9 кг,,https://shopbubbletea.ru/index.php/component/k2/item/885-tapioka-yantarnaya-0-9-kg-dlya-bubble-tea,Категория ShopBubbleTea: тапиока
ShopBubbleTea,https://shopbubbletea.ru/index.php/component/k2/itemlist/category/100-tapioka,Тапиока Чёрная 0.9 кг для Bubble Tea,Тапиока,0.9 кг,,https://shopbubbletea.ru/index.php/component/k2/item/883-tapioka-chjornaya-0-9-kg-dlya-bubble-tea,Категория ShopBubbleTea: тапиока
ShopBubbleTea,https://shopbubbletea.ru/index.php/component/k2/itemlist/category/100-tapioka,Тапиока Красный Сахар 1 кг,Тапиока,1 кг,,https://shopbubbletea.ru/index.php/component/k2/item/909-tapioka-krasnyj-sakhar-1-kg,Категория ShopBubbleTea: тапиока
ShopBubbleTea,https://shopbubbletea.ru/index.php/component/k2/itemlist/category/100-tapioka,Тапиока Батат для Bubble Tea 1 кг,Тапиока,1 кг,,https://shopbubbletea.ru/index.php/component/k2/item/902-tapioka-batat-dlya-bubble-tea-1-kg,Категория ShopBubbleTea: тапиока
ShopBubbleTea,https://shopbubbletea.ru/index.php/component/k2/itemlist/category/100-tapioka,Тапиока Черная 3 кг (в инд. упаковке),Тапиока,3 кг,,https://shopbubbletea.ru/index.php/component/k2/item/915-tapioka-chernaya-3-kg-v-ind-upakovke,Категория ShopBubbleTea: тапиока
ShopBubbleTea,https://shopbubbletea.ru/index.php/component/k2/itemlist/category/100-tapioka,Тапиока Янтарная быстрого приготовления 1 кг для Bubble Tea,Тапиока,1 кг,,https://shopbubbletea.ru/index.php/component/k2/item/880-tapioka-yantarnaya-bystrogo-prigotovleniya-1-kg-dlya-bubble-tea,Категория ShopBubbleTea: тапиока
ShopBubbleTea,https://shopbubbletea.ru/index.php/component/k2/itemlist/category/100-tapioka,Тапиока Черника для Bubble Tea 1 кг,Тапиока,1 кг,,https://shopbubbletea.ru/index.php/component/k2/item/918-tapioka-chernika-dlya-bubble-tea-1-kg,Категория ShopBubbleTea: тапиока
ShopBubbleTea,https://shopbubbletea.ru/index.php/component/k2/itemlist/category/100-tapioka,Тапиока Белая 0.9 кг для Bubble Tea,Тапиока,0.9 кг,,https://shopbubbletea.ru/index.php/component/k2/item/881-tapioka-belaya-0-9-kg-dlya-bubble-tea,Категория ShopBubbleTea: тапиока
ShopBubbleTea,https://shopbubbletea.ru/index.php/component/k2/itemlist/category/100-tapioka,Тапиока Яблоко для Bubble Tea 1 кг,Тапиока,1 кг,,https://shopbubbletea.ru/index.php/component/k2/item/919-tapioka-chernika-dlya-bubble-tea-1-kg,Категория ShopBubbleTea: тапиока
ShopBubbleTea,https://shopbubbletea.ru/index.php/component/k2/itemlist/category/100-tapioka,Тапиока Клубника для Bubble Tea 1 кг,Тапиока,1 кг,,https://shopbubbletea.ru/index.php/component/k2/item/917-tapioka-klubnika-dlya-bubble-tea-1-kg,Категория ShopBubbleTea: тапиока
ShopBubbleTea,https://shopbubbletea.ru/index.php/component/k2/itemlist/category/100-tapioka,Тапиока Клубника для Bubble Tea 1 кг,Тапиока,1 кг,,https://shopbubbletea.ru/index.php/component/k2/item/903-tapioka-klubnika-dlya-bubble-tea-1-kg,Категория ShopBubbleTea: тапиока
ShopBubbleTea,https://shopbubbletea.ru/index.php/component/k2/itemlist/category/100-tapioka,Тапиока Янтарная 3 кг для Bubble Tea,Тапиока,3 кг,,https://shopbubbletea.ru/index.php/component/k2/item/878-tapioka-yantarnaya-3-kg-dlya-bubble-tea,Категория ShopBubbleTea: тапиока
ShopBubbleTea,https://shopbubbletea.ru/index.php/component/k2/itemlist/category/100-tapioka,Тапиока Черная 3 кг (без инд. упаковки),Тапиока,3 кг,,https://shopbubbletea.ru/index.php/component/k2/item/916-tapioka-chernaya-3-kg-bez-ind-upakovki,Категория ShopBubbleTea: тапиока
ShopBubbleTea,https://shopbubbletea.ru/index.php/component/k2/itemlist/category/100-tapioka,Тапиока Ананас для Bubble Tea 1 кг,Тапиока,1 кг,,https://shopbubbletea.ru/index.php/component/k2/item/907-tapioka-ananas-dlya-bubble-tea-1-kg,Категория ShopBubbleTea: тапиока
ShopBubbleTea,https://shopbubbletea.ru/index.php/component/k2/itemlist/category/100-tapioka,Тапиока Персик для Bubble Tea 1 кг,Тапиока,1 кг,,https://shopbubbletea.ru/index.php/component/k2/item/913-tapioka-persik-dlya-bubble-tea-1-kg,Категория ShopBubbleTea: тапиока
ShopBubbleTea,https://shopbubbletea.ru/index.php/component/k2/itemlist/category/100-tapioka,Тапиока Манго для Bubble Tea 1 кг,Тапиока,1 кг,,https://shopbubbletea.ru/index.php/component/k2/item/912-tapioka-mango-dlya-bubble-tea-1-kg,Категория ShopBubbleTea: тапиока
ShopBubbleTea,https://shopbubbletea.ru/index.php/component/k2/itemlist/category/100-tapioka,Тапиока Манго для Bubble Tea 1 кг,Тапиока,1 кг,,https://shopbubbletea.ru/index.php/component/k2/item/904-tapioka-mango-dlya-bubble-tea-1-kg,Категория ShopBubbleTea: тапиока
ShopBubbleTea,https://shopbubbletea.ru/index.php/component/k2/itemlist/category/100-tapioka,Тапиока Черная для Bubble Tea 1 кг,Тапиока,1 кг,,https://shopbubbletea.ru/index.php/component/k2/item/914-tapioka-chernaya-dlya-bubble-tea-1-kg,Категория ShopBubbleTea: тапиока
ShopBubbleTea,https://shopbubbletea.ru/index.php/component/k2/itemlist/category/100-tapioka,Тапиока Личи для Bubble Tea 1 кг,Тапиока,1 кг,,https://shopbubbletea.ru/index.php/component/k2/item/911-tapioka-lichi-dlya-bubble-tea-1-kg,Категория ShopBubbleTea: тапиока
ShopBubbleTea,https://shopbubbletea.ru/index.php/component/k2/itemlist/category/100-tapioka,Тапиока Чёрная для Bubble Tea 1 кг,Тапиока,1 кг,,https://shopbubbletea.ru/index.php/component/k2/item/906-tapioka-chjornaya-dlya-bubble-tea-1-kg,Категория ShopBubbleTea: тапиока
ShopBubbleTea,https://shopbubbletea.ru/index.php/component/k2/itemlist/category/100-tapioka,Тапиока Лимон для Bubble Tea 1 кг,Тапиока,1 кг,,https://shopbubbletea.ru/index.php/component/k2/item/910-tapioka-limon-dlya-bubble-tea-1-kg,Категория ShopBubbleTea: тапиока
ShopBubbleTea,https://shopbubbletea.ru/index.php/component/k2/itemlist/category/100-tapioka,Тапиока Апельсин для Bubble Tea 1 кг,Тапиока,1 кг,,https://shopbubbletea.ru/index.php/component/k2/item/908-tapioka-apelsin-dlya-bubble-tea-1-kg,Категория ShopBubbleTea: тапиока
ShopBubbleTea,https://shopbubbletea.ru/index.php/component/k2/itemlist/category/100-tapioka,Джус боллы (5),Джус-боллы,,,https://shopbubbletea.ru/index.php/k2-users/kategorii/itemlist/category/18-shariki-s-sokom-popping-boba-poping-boba-juice-balls-dzhus-bolly-v-moskve,Категория ShopBubbleTea: тапиока
ShopBubbleTea,https://shopbubbletea.ru/index.php/component/k2/itemlist/category/100-tapioka,Тапиока (28),Тапиока,,,https://shopbubbletea.ru/index.php/component/k2/itemlist/category/100-tapioka,Категория ShopBubbleTea: тапиока
ShopBubbleTea,https://shopbubbletea.ru/index.php/component/k2/itemlist/category/100-tapioka,Желе (Кусочки Кокоса) (9),Желе,,,https://shopbubbletea.ru/index.php/component/k2/itemlist/category/25-zhele-dlya-prigotovleniya-bubble-tea-babl-tea,Категория ShopBubbleTea: тапиока
ShopBubbleTea,https://shopbubbletea.ru/index.php/component/k2/itemlist/category/100-tapioka,Сиропы (22),Сиропы,,,https://shopbubbletea.ru/index.php/component/k2/itemlist/category/24-siropy-dlya-prigotovleniya-bubble-tea-babl-tea,Категория ShopBubbleTea: тапиока
ShopBubbleTea,https://shopbubbletea.ru/index.php/component/k2/itemlist/category/100-tapioka,Чай и Кофе (16),Чай,,,https://shopbubbletea.ru/index.php/component/k2/itemlist/category/27-tapioka-bubble-tea-babl-tea,Категория ShopBubbleTea: тапиока
ShopBubbleTea,https://shopbubbletea.ru/index.php/component/k2/itemlist/category/100-tapioka,Барные сиропы и лимонад (0),Сиропы,,,https://shopbubbletea.ru/index.php/component/k2/itemlist/category/59-shariki-s-sokom-popping-boba-poping-boba-juice-balls-dzhus-bolly-v-moskve,Категория ShopBubbleTea: тапиока
ShopBubbleTea,https://shopbubbletea.ru/index.php/component/k2/itemlist/category/100-tapioka,Сиропы для лимонада (27),Сиропы,,,https://shopbubbletea.ru/index.php/component/k2/itemlist/category/102-siropy-dlya-limonada,Категория ShopBubbleTea: тапиока
ShopBubbleTea,https://shopbubbletea.ru/index.php/component/k2/itemlist/category/100-tapioka,Сиропы для молочно-фруктовых коктейлей (17),Сиропы,,,https://shopbubbletea.ru/index.php/component/k2/itemlist/category/103-siropy-dlya-molochno-fruktovykh-koktejlej,Категория ShopBubbleTea: тапиока
ShopBubbleTea,https://shopbubbletea.ru/index.php/component/k2/itemlist/category/100-tapioka,"Сиропы поливочные, наполнители и глазурь для мороженого и десертов (25)",Сиропы,,,https://shopbubbletea.ru/index.php/component/k2/itemlist/category/39-siropy-polivochnye-napolniteli-i-glazur-dlya-morozhenogo-i-desertov,Категория ShopBubbleTea: тапиока
ShopBubbleTea,https://shopbubbletea.ru/index.php/component/k2/itemlist/category/100-tapioka,"Джус-боллы ""Лайм"" 3,4 кг.",Джус-боллы,3.4 кг,,https://shopbubbletea.ru/index.php/k2-users/kategorii/item/655-poping-boba-dzhus-bolly-shariki-s-sokom-apelsin-popping-boba-juice-balls,Категория ShopBubbleTea: тапиока
ShopBubbleTea,https://shopbubbletea.ru/index.php/component/k2/itemlist/category/100-tapioka,"Сироп ""Арбуз"" 2,5 кг.",Сиропы,2.5 кг,,https://shopbubbletea.ru/index.php/component/k2/item/658-sirop-arbuz-2-5-l,Категория ShopBubbleTea: тапиока
ShopBubbleTea,https://shopbubbletea.ru/index.php/component/k2/itemlist/category/100-tapioka,"Сироп ""Гранат"" 2,5 кг.",Сиропы,2.5 кг,,https://shopbubbletea.ru/index.php/component/k2/item/659-sirop-granat-2-5-l,Категория ShopBubbleTea: тапиока
ShopBubbleTea,https://shopbubbletea.ru/index.php/component/k2/itemlist/category/100-tapioka,"Сироп ""Манго"" 2,5 кг.",Сиропы,2.5 кг,,https://shopbubbletea.ru/index.php/component/k2/item/293-sirop-mango-2-5-l,Категория ShopBubbleTea: тапиока
ShopBubbleTea,https://shopbubbletea.ru/index.php/component/k2/itemlist/category/100-tapioka,Сухая смесь Арбуз,Сухие смеси,,,https://shopbubbletea.ru/index.php/component/k2/item/294-sukhaya-smes-arbuz,Категория ShopBubbleTea: тапиока
ShopBubbleTea,https://shopbubbletea.ru/index.php/component/k2/itemlist/category/100-tapioka,"НАБОР, Джус-Боллы, бабл ти, 50 гр. 6 шт Яблочный йогурт, зеленое яблоко; апельсин, черника; клубника, виноград",Джус-боллы,50 г,,https://shopbubbletea.ru/index.php/k2-users/kategorii/item/1177-nabor-dzhus-bolly-babl-ti-50-gr-6-sht-yablochnyj-jogurt-zelenoe-yabloko-apelsin-chernika-klubnika-vinograd,Категория ShopBubbleTea: тапиока
ShopBubbleTea,https://shopbubbletea.ru/index.php/component/k2/itemlist/category/100-tapioka,"Сироп ""Кумкват и Лимон"" 2,5 кг.",Сиропы,2.5 кг,,https://shopbubbletea.ru/index.php/component/k2/item/119-sirop-kumkvat-i-limon-2-5-l,Категория ShopBubbleTea: тапиока
ShopBubbleTea,https://shopbubbletea.ru/index.php/component/k2/itemlist/category/100-tapioka,"Сироп ""Грейпфрут"" 2,5 кг.",Сиропы,2.5 кг,,https://shopbubbletea.ru/index.php/component/k2/item/660-sirop-grejpfrut-2-5-l,Категория ShopBubbleTea: тапиока
ShopBubbleTea,https://shopbubbletea.ru/index.php/component/k2/itemlist/category/100-tapioka,"Сухая смесь ""Йогурт (Сливочная)"" для приготовления мягкого мороженого и молочных коктейлей, 1 кг.",Сухие смеси,1 кг,,https://shopbubbletea.ru/index.php/component/k2/item/1004-sukhaya-smes-jogurt-slivochnaya-dlya-prigotovleniya-myagkogo-morozhenogo-i-molochnykh-koktejlej-1-kg,Категория ShopBubbleTea: тапиока
ShopBubbleTea,https://shopbubbletea.ru/index.php/component/k2/itemlist/category/100-tapioka,Сироп Клюква для лимонада 5 л.,Сиропы,5 л,,https://shopbubbletea.ru/index.php/component/k2/item/946-sirop-klyukva-dlya-limonada-5-l,Категория ShopBubbleTea: тапиока
ShopBubbleTea,https://shopbubbletea.ru/index.php/component/k2/itemlist/category/100-tapioka,Стакан для снеков 400 мл,Упаковка,400 мл,,https://shopbubbletea.ru/index.php/component/k2/item/543-stakan-dlya-snekov-400-ml,Категория ShopBubbleTea: тапиока
ShopBubbleTea,https://shopbubbletea.ru/index.php/component/k2/itemlist/category/100-tapioka,"Джус-боллы ""Манго"" 3 кг",Джус-боллы,3 кг,,https://shopbubbletea.ru/index.php/k2-users/kategorii/item/892-dzhus-bolly-mango-3-kg,Категория ShopBubbleTea: тапиока
ShopBubbleTea,https://shopbubbletea.ru/index.php/component/k2/itemlist/category/100-tapioka,"Сироп ""Киви"" 2,5 кг.",Сиропы,2.5 кг,,https://shopbubbletea.ru/index.php/component/k2/item/661-sirop-kivi-2-5-l,Категория ShopBubbleTea: тапиока
ShopBubbleTea,https://shopbubbletea.ru/index.php/component/k2/itemlist/category/100-tapioka,Смесь для ПОПКОРНА для обычных аппаратов Арбуз 1 кг.,Сухие смеси,1 кг,,https://shopbubbletea.ru/index.php/component/k2/item/783-smes-dlya-popkorna-dlya-obychnykh-apparatov-arbuz-1-kg,Категория ShopBubbleTea: тапиока
ShopBubbleTea,https://shopbubbletea.ru/index.php/component/k2/itemlist/category/100-tapioka,"Желе ""Виноград"" 4 кг.",Желе,4 кг,,https://shopbubbletea.ru/index.php/component/k2/item/657-zhele-vinograd-4-kg,Категория ShopBubbleTea: тапиока
ShopBubbleTea,https://shopbubbletea.ru/index.php/component/k2/itemlist/category/100-tapioka,Сироп Лайм для лимонада 5 л.,Сиропы,5 л,,https://shopbubbletea.ru/index.php/component/k2/item/940-sirop-lajm-dlya-limonada-5-l,Категория ShopBubbleTea: тапиока
ShopBubbleTea,https://shopbubbletea.ru/index.php/component/k2/itemlist/category/100-tapioka,"Сироп ""Ананас"" 2,5 кг.",Сиропы,2.5 кг,,https://shopbubbletea.ru/index.php/component/k2/item/122-sirop-so-vkusom-ananasa,Категория ShopBubbleTea: тапиока
ShopBubbleTea,https://shopbubbletea.ru/index.php/component/k2/itemlist/category/24-siropy-dlya-prigotovleniya-bubble-tea-babl-tea,Фруктоза в сиропе 5 кг.,Сиропы,5 кг,2000.0,https://shopbubbletea.ru/index.php/component/k2/item/128-fruktoza-v-sirope-5-l,Категория ShopBubbleTea: сиропы для Bubble Tea
ShopBubbleTea,https://shopbubbletea.ru/index.php/component/k2/itemlist/category/24-siropy-dlya-prigotovleniya-bubble-tea-babl-tea,"Сироп ""Йогурт"" 2,5 кг.",Сиропы,2.5 кг,2000.0,https://shopbubbletea.ru/index.php/component/k2/item/229-sirop-jogurt-2-5-l,Категория ShopBubbleTea: сиропы для Bubble Tea
ShopBubbleTea,https://shopbubbletea.ru/index.php/component/k2/itemlist/category/24-siropy-dlya-prigotovleniya-bubble-tea-babl-tea,"Сироп ""Йогурт"" 2,5 кг.",Сиропы,2.5 кг,1564.0,https://shopbubbletea.ru/index.php/component/k2/item/229-sirop-jogurt-2-5-l,Категория ShopBubbleTea: сиропы для Bubble Tea
ShopBubbleTea,https://shopbubbletea.ru/index.php/component/k2/itemlist/category/24-siropy-dlya-prigotovleniya-bubble-tea-babl-tea,"Сироп ""Манго"" 2,5 кг.",Сиропы,2.5 кг,2000.0,https://shopbubbletea.ru/index.php/component/k2/item/293-sirop-mango-2-5-l,Категория ShopBubbleTea: сиропы для Bubble Tea
ShopBubbleTea,https://shopbubbletea.ru/index.php/component/k2/itemlist/category/24-siropy-dlya-prigotovleniya-bubble-tea-babl-tea,"Сироп ""Манго"" 2,5 кг.",Сиропы,2.5 кг,1564.0,https://shopbubbletea.ru/index.php/component/k2/item/293-sirop-mango-2-5-l,Категория ShopBubbleTea: сиропы для Bubble Tea
ShopBubbleTea,https://shopbubbletea.ru/index.php/component/k2/itemlist/category/24-siropy-dlya-prigotovleniya-bubble-tea-babl-tea,"Сироп ""Маракуйя"" 2,5 кг.",Сиропы,2.5 кг,2000.0,https://shopbubbletea.ru/index.php/component/k2/item/121-sirop-marakujya-2-5-l,Категория ShopBubbleTea: сиропы для Bubble Tea
ShopBubbleTea,https://shopbubbletea.ru/index.php/component/k2/itemlist/category/24-siropy-dlya-prigotovleniya-bubble-tea-babl-tea,"Сироп ""Маракуйя"" 2,5 кг.",Сиропы,2.5 кг,1564.0,https://shopbubbletea.ru/index.php/component/k2/item/121-sirop-marakujya-2-5-l,Категория ShopBubbleTea: сиропы для Bubble Tea
ShopBubbleTea,https://shopbubbletea.ru/index.php/component/k2/itemlist/category/24-siropy-dlya-prigotovleniya-bubble-tea-babl-tea,"Сироп ""Черника"" 2,5 кг.",Сиропы,2.5 кг,2000.0,https://shopbubbletea.ru/index.php/component/k2/item/124-sirop-chernika-2-5-l,Категория ShopBubbleTea: сиропы для Bubble Tea
ShopBubbleTea,https://shopbubbletea.ru/index.php/component/k2/itemlist/category/24-siropy-dlya-prigotovleniya-bubble-tea-babl-tea,"Сироп ""Черника"" 2,5 кг.",Сиропы,2.5 кг,1564.0,https://shopbubbletea.ru/index.php/component/k2/item/124-sirop-chernika-2-5-l,Категория ShopBubbleTea: сиропы для Bubble Tea
ShopBubbleTea,https://shopbubbletea.ru/index.php/component/k2/itemlist/category/24-siropy-dlya-prigotovleniya-bubble-tea-babl-tea,"Сироп ""Дыня"" 2,5 кг.",Сиропы,2.5 кг,2000.0,https://shopbubbletea.ru/index.php/component/k2/item/227-sirop-dynya-2-5-l,Категория ShopBubbleTea: сиропы для Bubble Tea
ShopBubbleTea,https://shopbubbletea.ru/index.php/component/k2/itemlist/category/24-siropy-dlya-prigotovleniya-bubble-tea-babl-tea,"Сироп ""Дыня"" 2,5 кг.",Сиропы,2.5 кг,1564.0,https://shopbubbletea.ru/index.php/component/k2/item/227-sirop-dynya-2-5-l,Категория ShopBubbleTea: сиропы для Bubble Tea
ShopBubbleTea,https://shopbubbletea.ru/index.php/component/k2/itemlist/category/24-siropy-dlya-prigotovleniya-bubble-tea-babl-tea,"Сироп ""Ананас"" 2,5 кг.",Сиропы,2.5 кг,2000.0,https://shopbubbletea.ru/index.php/component/k2/item/122-sirop-so-vkusom-ananasa,Категория ShopBubbleTea: сиропы для Bubble Tea
ShopBubbleTea,https://shopbubbletea.ru/index.php/component/k2/itemlist/category/24-siropy-dlya-prigotovleniya-bubble-tea-babl-tea,"Сироп ""Ананас"" 2,5 кг.",Сиропы,2.5 кг,1564.0,https://shopbubbletea.ru/index.php/component/k2/item/122-sirop-so-vkusom-ananasa,Категория ShopBubbleTea: сиропы для Bubble Tea
ShopBubbleTea,https://shopbubbletea.ru/index.php/component/k2/itemlist/category/24-siropy-dlya-prigotovleniya-bubble-tea-babl-tea,"Сироп ""Апельсин"" 2,5 кг.",Сиропы,2.5 кг,2000.0,https://shopbubbletea.ru/index.php/component/k2/item/120-sirop-apelsin-2-5-l,Категория ShopBubbleTea: сиропы для Bubble Tea
ShopBubbleTea,https://shopbubbletea.ru/index.php/component/k2/itemlist/category/24-siropy-dlya-prigotovleniya-bubble-tea-babl-tea,"Сироп ""Апельсин"" 2,5 кг.",Сиропы,2.5 кг,1564.0,https://shopbubbletea.ru/index.php/component/k2/item/120-sirop-apelsin-2-5-l,Категория ShopBubbleTea: сиропы для Bubble Tea
ShopBubbleTea,https://shopbubbletea.ru/index.php/component/k2/itemlist/category/24-siropy-dlya-prigotovleniya-bubble-tea-babl-tea,"Сироп ""Малина"" 2,5 кг.",Сиропы,2.5 кг,2000.0,https://shopbubbletea.ru/index.php/component/k2/item/123-sirop-malina-2-5-l,Категория ShopBubbleTea: сиропы для Bubble Tea
ShopBubbleTea,https://shopbubbletea.ru/index.php/component/k2/itemlist/category/24-siropy-dlya-prigotovleniya-bubble-tea-babl-tea,"Сироп ""Малина"" 2,5 кг.",Сиропы,2.5 кг,1564.0,https://shopbubbletea.ru/index.php/component/k2/item/123-sirop-malina-2-5-l,Категория ShopBubbleTea: сиропы для Bubble Tea
ShopBubbleTea,https://shopbubbletea.ru/index.php/component/k2/itemlist/category/24-siropy-dlya-prigotovleniya-bubble-tea-babl-tea,"Сироп ""Виноград"" 2,5 кг.",Сиропы,2.5 кг,2000.0,https://shopbubbletea.ru/index.php/component/k2/item/127-sirop-vinograd-2-5-l,Категория ShopBubbleTea: сиропы для Bubble Tea
ShopBubbleTea,https://shopbubbletea.ru/index.php/component/k2/itemlist/category/24-siropy-dlya-prigotovleniya-bubble-tea-babl-tea,"Сироп ""Виноград"" 2,5 кг.",Сиропы,2.5 кг,1564.0,https://shopbubbletea.ru/index.php/component/k2/item/127-sirop-vinograd-2-5-l,Категория ShopBubbleTea: сиропы для Bubble Tea
ShopBubbleTea,https://shopbubbletea.ru/index.php/component/k2/itemlist/category/24-siropy-dlya-prigotovleniya-bubble-tea-babl-tea,"Сироп ""Гуава"" 2,5 кг.",Сиропы,2.5 кг,2000.0,https://shopbubbletea.ru/index.php/component/k2/item/125-sirop-guava-2-5-l,Категория ShopBubbleTea: сиропы для Bubble Tea
ShopBubbleTea,https://shopbubbletea.ru/index.php/component/k2/itemlist/category/24-siropy-dlya-prigotovleniya-bubble-tea-babl-tea,"Сироп ""Гуава"" 2,5 кг.",Сиропы,2.5 кг,1564.0,https://shopbubbletea.ru/index.php/component/k2/item/125-sirop-guava-2-5-l,Категория ShopBubbleTea: сиропы для Bubble Tea
ShopBubbleTea,https://shopbubbletea.ru/index.php/component/k2/itemlist/category/24-siropy-dlya-prigotovleniya-bubble-tea-babl-tea,"Сироп ""Личи"" 2,5 кг.",Сиропы,2.5 кг,2000.0,https://shopbubbletea.ru/index.php/component/k2/item/228-sirop-lichi-2-5-l,Категория ShopBubbleTea: сиропы для Bubble Tea
ShopBubbleTea,https://shopbubbletea.ru/index.php/component/k2/itemlist/category/24-siropy-dlya-prigotovleniya-bubble-tea-babl-tea,"Сироп ""Личи"" 2,5 кг.",Сиропы,2.5 кг,1564.0,https://shopbubbletea.ru/index.php/component/k2/item/228-sirop-lichi-2-5-l,Категория ShopBubbleTea: сиропы для Bubble Tea
ShopBubbleTea,https://shopbubbletea.ru/index.php/component/k2/itemlist/category/24-siropy-dlya-prigotovleniya-bubble-tea-babl-tea,"Сироп ""Кумкват и Лимон"" 2,5 кг.",Сиропы,2.5 кг,2000.0,https://shopbubbletea.ru/index.php/component/k2/item/119-sirop-kumkvat-i-limon-2-5-l,Категория ShopBubbleTea: сиропы для Bubble Tea
ShopBubbleTea,https://shopbubbletea.ru/index.php/component/k2/itemlist/category/24-siropy-dlya-prigotovleniya-bubble-tea-babl-tea,"Сироп ""Кумкват и Лимон"" 2,5 кг.",Сиропы,2.5 кг,1564.0,https://shopbubbletea.ru/index.php/component/k2/item/119-sirop-kumkvat-i-limon-2-5-l,Категория ShopBubbleTea: сиропы для Bubble Tea
ShopBubbleTea,https://shopbubbletea.ru/index.php/component/k2/itemlist/category/24-siropy-dlya-prigotovleniya-bubble-tea-babl-tea,"Сироп ""Яблоко"" 2,5 кг.",Сиропы,2.5 кг,2000.0,https://shopbubbletea.ru/index.php/component/k2/item/117-sirop-yabloko-2-5-l,Категория ShopBubbleTea: сиропы для Bubble Tea
ShopBubbleTea,https://shopbubbletea.ru/index.php/component/k2/itemlist/category/24-siropy-dlya-prigotovleniya-bubble-tea-babl-tea,"Сироп ""Яблоко"" 2,5 кг.",Сиропы,2.5 кг,1564.0,https://shopbubbletea.ru/index.php/component/k2/item/117-sirop-yabloko-2-5-l,Категория ShopBubbleTea: сиропы для Bubble Tea
ShopBubbleTea,https://shopbubbletea.ru/index.php/component/k2/itemlist/category/24-siropy-dlya-prigotovleniya-bubble-tea-babl-tea,"Сироп ""Клубника"" 2,5 кг.",Сиропы,2.5 кг,2000.0,https://shopbubbletea.ru/index.php/component/k2/item/116-sirop-so-vkusom-klubniki,Категория ShopBubbleTea: сиропы для Bubble Tea
ShopBubbleTea,https://shopbubbletea.ru/index.php/component/k2/itemlist/category/24-siropy-dlya-prigotovleniya-bubble-tea-babl-tea,"Сироп ""Клубника"" 2,5 кг.",Сиропы,2.5 кг,1564.0,https://shopbubbletea.ru/index.php/component/k2/item/116-sirop-so-vkusom-klubniki,Категория ShopBubbleTea: сиропы для Bubble Tea
ShopBubbleTea,https://shopbubbletea.ru/index.php/component/k2/itemlist/category/24-siropy-dlya-prigotovleniya-bubble-tea-babl-tea,"Сироп ""Персик"" 2,5 кг.",Сиропы,2.5 кг,2000.0,https://shopbubbletea.ru/index.php/component/k2/item/118-sirop-so-vkusom-persika,Категория ShopBubbleTea: сиропы для Bubble Tea
ShopBubbleTea,https://shopbubbletea.ru/index.php/component/k2/itemlist/category/24-siropy-dlya-prigotovleniya-bubble-tea-babl-tea,"Сироп ""Персик"" 2,5 кг.",Сиропы,2.5 кг,1564.0,https://shopbubbletea.ru/index.php/component/k2/item/118-sirop-so-vkusom-persika,Категория ShopBubbleTea: сиропы для Bubble Tea
ShopBubbleTea,https://shopbubbletea.ru/index.php/component/k2/itemlist/category/24-siropy-dlya-prigotovleniya-bubble-tea-babl-tea,"Сироп ""Ваниль"" 1,2 кг.",Сиропы,1.2 кг,2000.0,https://shopbubbletea.ru/index.php/component/k2/item/245-sirop-vanil-1-2-l,Категория ShopBubbleTea: сиропы для Bubble Tea
ShopBubbleTea,https://shopbubbletea.ru/index.php/component/k2/itemlist/category/24-siropy-dlya-prigotovleniya-bubble-tea-babl-tea,"Сироп ""Ваниль"" 1,2 кг.",Сиропы,1.2 кг,1564.0,https://shopbubbletea.ru/index.php/component/k2/item/245-sirop-vanil-1-2-l,Категория ShopBubbleTea: сиропы для Bubble Tea
ShopBubbleTea,https://shopbubbletea.ru/index.php/component/k2/itemlist/category/24-siropy-dlya-prigotovleniya-bubble-tea-babl-tea,"Сироп ""Тутовника (Шелковицы)"" 2,5 кг.",Сиропы,2.5 кг,2000.0,https://shopbubbletea.ru/index.php/component/k2/item/662-sirop-tutovnika-shelkovitsy-2-5-l,Категория ShopBubbleTea: сиропы для Bubble Tea
ShopBubbleTea,https://shopbubbletea.ru/index.php/component/k2/itemlist/category/24-siropy-dlya-prigotovleniya-bubble-tea-babl-tea,"Сироп ""Тутовника (Шелковицы)"" 2,5 кг.",Сиропы,2.5 кг,1564.0,https://shopbubbletea.ru/index.php/component/k2/item/662-sirop-tutovnika-shelkovitsy-2-5-l,Категория ShopBubbleTea: сиропы для Bubble Tea
ShopBubbleTea,https://shopbubbletea.ru/index.php/component/k2/itemlist/category/24-siropy-dlya-prigotovleniya-bubble-tea-babl-tea,"Сироп ""Гранат"" 2,5 кг.",Сиропы,2.5 кг,2000.0,https://shopbubbletea.ru/index.php/component/k2/item/659-sirop-granat-2-5-l,Категория ShopBubbleTea: сиропы для Bubble Tea
ShopBubbleTea,https://shopbubbletea.ru/index.php/component/k2/itemlist/category/24-siropy-dlya-prigotovleniya-bubble-tea-babl-tea,"Сироп ""Гранат"" 2,5 кг.",Сиропы,2.5 кг,1564.0,https://shopbubbletea.ru/index.php/component/k2/item/659-sirop-granat-2-5-l,Категория ShopBubbleTea: сиропы для Bubble Tea
ShopBubbleTea,https://shopbubbletea.ru/index.php/component/k2/itemlist/category/24-siropy-dlya-prigotovleniya-bubble-tea-babl-tea,"Сироп ""Киви"" 2,5 кг.",Сиропы,2.5 кг,2000.0,https://shopbubbletea.ru/index.php/component/k2/item/661-sirop-kivi-2-5-l,Категория ShopBubbleTea: сиропы для Bubble Tea
ShopBubbleTea,https://shopbubbletea.ru/index.php/component/k2/itemlist/category/24-siropy-dlya-prigotovleniya-bubble-tea-babl-tea,"Сироп ""Киви"" 2,5 кг.",Сиропы,2.5 кг,1564.0,https://shopbubbletea.ru/index.php/component/k2/item/661-sirop-kivi-2-5-l,Категория ShopBubbleTea: сиропы для Bubble Tea
ShopBubbleTea,https://shopbubbletea.ru/index.php/component/k2/itemlist/category/24-siropy-dlya-prigotovleniya-bubble-tea-babl-tea,"Сироп ""Грейпфрут"" 2,5 кг.",Сиропы,2.5 кг,2000.0,https://shopbubbletea.ru/index.php/component/k2/item/660-sirop-grejpfrut-2-5-l,Категория ShopBubbleTea: сиропы для Bubble Tea
ShopBubbleTea,https://shopbubbletea.ru/index.php/component/k2/itemlist/category/24-siropy-dlya-prigotovleniya-bubble-tea-babl-tea,"Сироп ""Грейпфрут"" 2,5 кг.",Сиропы,2.5 кг,1564.0,https://shopbubbletea.ru/index.php/component/k2/item/660-sirop-grejpfrut-2-5-l,Категория ShopBubbleTea: сиропы для Bubble Tea
ShopBubbleTea,https://shopbubbletea.ru/index.php/component/k2/itemlist/category/24-siropy-dlya-prigotovleniya-bubble-tea-babl-tea,"Сироп ""Арбуз"" 2,5 кг.",Сиропы,2.5 кг,2000.0,https://shopbubbletea.ru/index.php/component/k2/item/658-sirop-arbuz-2-5-l,Категория ShopBubbleTea: сиропы для Bubble Tea
ShopBubbleTea,https://shopbubbletea.ru/index.php/component/k2/itemlist/category/24-siropy-dlya-prigotovleniya-bubble-tea-babl-tea,"Сироп ""Арбуз"" 2,5 кг.",Сиропы,2.5 кг,1564.0,https://shopbubbletea.ru/index.php/component/k2/item/658-sirop-arbuz-2-5-l,Категория ShopBubbleTea: сиропы для Bubble Tea
ShopBubbleTea,https://shopbubbletea.ru/index.php/component/k2/itemlist/category/24-siropy-dlya-prigotovleniya-bubble-tea-babl-tea,Сиропы (22),Сиропы,,,,Категория ShopBubbleTea: сиропы для Bubble Tea
ShopBubbleTea,https://shopbubbletea.ru/index.php/component/k2/itemlist/category/24-siropy-dlya-prigotovleniya-bubble-tea-babl-tea,Фруктоза в сиропе 5 кг.,Сиропы,5 кг,,https://shopbubbletea.ru/index.php/component/k2/item/128-fruktoza-v-sirope-5-l,Категория ShopBubbleTea: сиропы для Bubble Tea
ShopBubbleTea,https://shopbubbletea.ru/index.php/component/k2/itemlist/category/24-siropy-dlya-prigotovleniya-bubble-tea-babl-tea,"Сироп &quot;Йогурт&quot; 2,5 кг.",Сиропы,2.5 кг,,https://shopbubbletea.ru/index.php/component/k2/item/229-sirop-jogurt-2-5-l,Категория ShopBubbleTea: сиропы для Bubble Tea
ShopBubbleTea,https://shopbubbletea.ru/index.php/component/k2/itemlist/category/24-siropy-dlya-prigotovleniya-bubble-tea-babl-tea,"Сироп &quot;Манго&quot; 2,5 кг.",Сиропы,2.5 кг,,https://shopbubbletea.ru/index.php/component/k2/item/293-sirop-mango-2-5-l,Категория ShopBubbleTea: сиропы для Bubble Tea
ShopBubbleTea,https://shopbubbletea.ru/index.php/component/k2/itemlist/category/24-siropy-dlya-prigotovleniya-bubble-tea-babl-tea,"Сироп &quot;Маракуйя&quot; 2,5 кг.",Сиропы,2.5 кг,,https://shopbubbletea.ru/index.php/component/k2/item/121-sirop-marakujya-2-5-l,Категория ShopBubbleTea: сиропы для Bubble Tea
ShopBubbleTea,https://shopbubbletea.ru/index.php/component/k2/itemlist/category/24-siropy-dlya-prigotovleniya-bubble-tea-babl-tea,"Сироп &quot;Черника&quot; 2,5 кг.",Сиропы,2.5 кг,,https://shopbubbletea.ru/index.php/component/k2/item/124-sirop-chernika-2-5-l,Категория ShopBubbleTea: сиропы для Bubble Tea
ShopBubbleTea,https://shopbubbletea.ru/index.php/component/k2/itemlist/category/24-siropy-dlya-prigotovleniya-bubble-tea-babl-tea,"Сироп &quot;Дыня&quot; 2,5 кг.",Сиропы,2.5 кг,,https://shopbubbletea.ru/index.php/component/k2/item/227-sirop-dynya-2-5-l,Категория ShopBubbleTea: сиропы для Bubble Tea
ShopBubbleTea,https://shopbubbletea.ru/index.php/component/k2/itemlist/category/24-siropy-dlya-prigotovleniya-bubble-tea-babl-tea,"Сироп &quot;Ананас&quot; 2,5 кг.",Сиропы,2.5 кг,,https://shopbubbletea.ru/index.php/component/k2/item/122-sirop-so-vkusom-ananasa,Категория ShopBubbleTea: сиропы для Bubble Tea
ShopBubbleTea,https://shopbubbletea.ru/index.php/component/k2/itemlist/category/24-siropy-dlya-prigotovleniya-bubble-tea-babl-tea,"Сироп &quot;Апельсин&quot; 2,5 кг.",Сиропы,2.5 кг,,https://shopbubbletea.ru/index.php/component/k2/item/120-sirop-apelsin-2-5-l,Категория ShopBubbleTea: сиропы для Bubble Tea
ShopBubbleTea,https://shopbubbletea.ru/index.php/component/k2/itemlist/category/24-siropy-dlya-prigotovleniya-bubble-tea-babl-tea,"Сироп &quot;Малина&quot; 2,5 кг.",Сиропы,2.5 кг,,https://shopbubbletea.ru/index.php/component/k2/item/123-sirop-malina-2-5-l,Категория ShopBubbleTea: сиропы для Bubble Tea
ShopBubbleTea,https://shopbubbletea.ru/index.php/component/k2/itemlist/category/24-siropy-dlya-prigotovleniya-bubble-tea-babl-tea,"Сироп &quot;Виноград&quot; 2,5 кг.",Сиропы,2.5 кг,,https://shopbubbletea.ru/index.php/component/k2/item/127-sirop-vinograd-2-5-l,Категория ShopBubbleTea: сиропы для Bubble Tea
ShopBubbleTea,https://shopbubbletea.ru/index.php/component/k2/itemlist/category/24-siropy-dlya-prigotovleniya-bubble-tea-babl-tea,"Сироп &quot;Гуава&quot; 2,5 кг.",Сиропы,2.5 кг,,https://shopbubbletea.ru/index.php/component/k2/item/125-sirop-guava-2-5-l,Категория ShopBubbleTea: сиропы для Bubble Tea
ShopBubbleTea,https://shopbubbletea.ru/index.php/component/k2/itemlist/category/24-siropy-dlya-prigotovleniya-bubble-tea-babl-tea,"Сироп &quot;Личи&quot; 2,5 кг.",Сиропы,2.5 кг,,https://shopbubbletea.ru/index.php/component/k2/item/228-sirop-lichi-2-5-l,Категория ShopBubbleTea: сиропы для Bubble Tea
ShopBubbleTea,https://shopbubbletea.ru/index.php/component/k2/itemlist/category/24-siropy-dlya-prigotovleniya-bubble-tea-babl-tea,"Сироп &quot;Кумкват и Лимон&quot; 2,5 кг.",Сиропы,2.5 кг,,https://shopbubbletea.ru/index.php/component/k2/item/119-sirop-kumkvat-i-limon-2-5-l,Категория ShopBubbleTea: сиропы для Bubble Tea
ShopBubbleTea,https://shopbubbletea.ru/index.php/component/k2/itemlist/category/24-siropy-dlya-prigotovleniya-bubble-tea-babl-tea,"Сироп &quot;Яблоко&quot; 2,5 кг.",Сиропы,2.5 кг,,https://shopbubbletea.ru/index.php/component/k2/item/117-sirop-yabloko-2-5-l,Категория ShopBubbleTea: сиропы для Bubble Tea
ShopBubbleTea,https://shopbubbletea.ru/index.php/component/k2/itemlist/category/24-siropy-dlya-prigotovleniya-bubble-tea-babl-tea,"Сироп &quot;Клубника&quot; 2,5 кг.",Сиропы,2.5 кг,,https://shopbubbletea.ru/index.php/component/k2/item/116-sirop-so-vkusom-klubniki,Категория ShopBubbleTea: сиропы для Bubble Tea
ShopBubbleTea,https://shopbubbletea.ru/index.php/component/k2/itemlist/category/24-siropy-dlya-prigotovleniya-bubble-tea-babl-tea,"Сироп &quot;Персик&quot; 2,5 кг.",Сиропы,2.5 кг,,https://shopbubbletea.ru/index.php/component/k2/item/118-sirop-so-vkusom-persika,Категория ShopBubbleTea: сиропы для Bubble Tea
ShopBubbleTea,https://shopbubbletea.ru/index.php/component/k2/itemlist/category/24-siropy-dlya-prigotovleniya-bubble-tea-babl-tea,"Сироп &quot;Ваниль&quot; 1,2 кг.",Сиропы,1.2 кг,,https://shopbubbletea.ru/index.php/component/k2/item/245-sirop-vanil-1-2-l,Категория ShopBubbleTea: сиропы для Bubble Tea
ShopBubbleTea,https://shopbubbletea.ru/index.php/component/k2/itemlist/category/24-siropy-dlya-prigotovleniya-bubble-tea-babl-tea,"Сироп &quot;Тутовника (Шелковицы)&quot; 2,5 кг.",Сиропы,2.5 кг,,https://shopbubbletea.ru/index.php/component/k2/item/662-sirop-tutovnika-shelkovitsy-2-5-l,Категория ShopBubbleTea: сиропы для Bubble Tea
ShopBubbleTea,https://shopbubbletea.ru/index.php/component/k2/itemlist/category/24-siropy-dlya-prigotovleniya-bubble-tea-babl-tea,"Сироп &quot;Гранат&quot; 2,5 кг.",Сиропы,2.5 кг,,https://shopbubbletea.ru/index.php/component/k2/item/659-sirop-granat-2-5-l,Категория ShopBubbleTea: сиропы для Bubble Tea
ShopBubbleTea,https://shopbubbletea.ru/index.php/component/k2/itemlist/category/24-siropy-dlya-prigotovleniya-bubble-tea-babl-tea,"Сироп &quot;Киви&quot; 2,5 кг.",Сиропы,2.5 кг,,https://shopbubbletea.ru/index.php/component/k2/item/661-sirop-kivi-2-5-l,Категория ShopBubbleTea: сиропы для Bubble Tea
ShopBubbleTea,https://shopbubbletea.ru/index.php/component/k2/itemlist/category/24-siropy-dlya-prigotovleniya-bubble-tea-babl-tea,"Сироп &quot;Грейпфрут&quot; 2,5 кг.",Сиропы,2.5 кг,,https://shopbubbletea.ru/index.php/component/k2/item/660-sirop-grejpfrut-2-5-l,Категория ShopBubbleTea: сиропы для Bubble Tea
ShopBubbleTea,https://shopbubbletea.ru/index.php/component/k2/itemlist/category/24-siropy-dlya-prigotovleniya-bubble-tea-babl-tea,"Сироп &quot;Арбуз&quot; 2,5 кг.",Сиропы,2.5 кг,,https://shopbubbletea.ru/index.php/component/k2/item/658-sirop-arbuz-2-5-l,Категория ShopBubbleTea: сиропы для Bubble Tea
ShopBubbleTea,https://shopbubbletea.ru/index.php/component/k2/itemlist/category/24-siropy-dlya-prigotovleniya-bubble-tea-babl-tea,Джус боллы (5),Джус-боллы,,,https://shopbubbletea.ru/index.php/k2-users/kategorii/itemlist/category/18-shariki-s-sokom-popping-boba-poping-boba-juice-balls-dzhus-bolly-v-moskve,Категория ShopBubbleTea: сиропы для Bubble Tea
ShopBubbleTea,https://shopbubbletea.ru/index.php/component/k2/itemlist/category/24-siropy-dlya-prigotovleniya-bubble-tea-babl-tea,Тапиока (28),Тапиока,,,https://shopbubbletea.ru/index.php/component/k2/itemlist/category/100-tapioka,Категория ShopBubbleTea: сиропы для Bubble Tea
ShopBubbleTea,https://shopbubbletea.ru/index.php/component/k2/itemlist/category/24-siropy-dlya-prigotovleniya-bubble-tea-babl-tea,Желе (Кусочки Кокоса) (9),Желе,,,https://shopbubbletea.ru/index.php/component/k2/itemlist/category/25-zhele-dlya-prigotovleniya-bubble-tea-babl-tea,Категория ShopBubbleTea: сиропы для Bubble Tea
ShopBubbleTea,https://shopbubbletea.ru/index.php/component/k2/itemlist/category/24-siropy-dlya-prigotovleniya-bubble-tea-babl-tea,Сиропы (22),Сиропы,,,https://shopbubbletea.ru/index.php/component/k2/itemlist/category/24-siropy-dlya-prigotovleniya-bubble-tea-babl-tea,Категория ShopBubbleTea: сиропы для Bubble Tea
ShopBubbleTea,https://shopbubbletea.ru/index.php/component/k2/itemlist/category/24-siropy-dlya-prigotovleniya-bubble-tea-babl-tea,Чай и Кофе (16),Чай,,,https://shopbubbletea.ru/index.php/component/k2/itemlist/category/27-tapioka-bubble-tea-babl-tea,Категория ShopBubbleTea: сиропы для Bubble Tea
ShopBubbleTea,https://shopbubbletea.ru/index.php/component/k2/itemlist/category/24-siropy-dlya-prigotovleniya-bubble-tea-babl-tea,Барные сиропы и лимонад (0),Сиропы,,,https://shopbubbletea.ru/index.php/component/k2/itemlist/category/59-shariki-s-sokom-popping-boba-poping-boba-juice-balls-dzhus-bolly-v-moskve,Категория ShopBubbleTea: сиропы для Bubble Tea
ShopBubbleTea,https://shopbubbletea.ru/index.php/component/k2/itemlist/category/24-siropy-dlya-prigotovleniya-bubble-tea-babl-tea,Сиропы для лимонада (27),Сиропы,,,https://shopbubbletea.ru/index.php/component/k2/itemlist/category/102-siropy-dlya-limonada,Категория ShopBubbleTea: сиропы для Bubble Tea
ShopBubbleTea,https://shopbubbletea.ru/index.php/component/k2/itemlist/category/24-siropy-dlya-prigotovleniya-bubble-tea-babl-tea,Сиропы для молочно-фруктовых коктейлей (17),Сиропы,,,https://shopbubbletea.ru/index.php/component/k2/itemlist/category/103-siropy-dlya-molochno-fruktovykh-koktejlej,Категория ShopBubbleTea: сиропы для Bubble Tea
ShopBubbleTea,https://shopbubbletea.ru/index.php/component/k2/itemlist/category/24-siropy-dlya-prigotovleniya-bubble-tea-babl-tea,"Сиропы поливочные, наполнители и глазурь для мороженого и десертов (25)",Сиропы,,,https://shopbubbletea.ru/index.php/component/k2/itemlist/category/39-siropy-polivochnye-napolniteli-i-glazur-dlya-morozhenogo-i-desertov,Категория ShopBubbleTea: сиропы для Bubble Tea
ShopBubbleTea,https://shopbubbletea.ru/index.php/component/k2/itemlist/category/24-siropy-dlya-prigotovleniya-bubble-tea-babl-tea,"Сироп ""Киви"" для фруктовых и молочно-фруктовых коктейлей 2,7 кг.",Сиропы,2.7 кг,,https://shopbubbletea.ru/index.php/component/k2/item/693-sirop-kivi-dlya-fruktovykh-i-molochno-fruktovykh-koktejlej-2-7-kg,Категория ShopBubbleTea: сиропы для Bubble Tea
ShopBubbleTea,https://shopbubbletea.ru/index.php/component/k2/itemlist/category/24-siropy-dlya-prigotovleniya-bubble-tea-babl-tea,"Джус-боллы ""Мята"" 1.25 кг",Джус-боллы,1.25 кг,,https://shopbubbletea.ru/index.php/k2-users/kategorii/item/899-dzhus-bolly-myata-1-25-kg,Категория ShopBubbleTea: сиропы для Bubble Tea
ShopBubbleTea,https://shopbubbletea.ru/index.php/component/k2/itemlist/category/24-siropy-dlya-prigotovleniya-bubble-tea-babl-tea,"Желе ""Манго"" 4 кг.",Желе,4 кг,,https://shopbubbletea.ru/index.php/component/k2/item/134-mango-zhele-topping,Категория ShopBubbleTea: сиропы для Bubble Tea
ShopBubbleTea,https://shopbubbletea.ru/index.php/component/k2/itemlist/category/24-siropy-dlya-prigotovleniya-bubble-tea-babl-tea,"Смесь Помадка ""Шоколадная"" 1 кг.",Сухие смеси,1 кг,,https://shopbubbletea.ru/index.php/component/k2/item/1061-smes-pomadka-shokoladnaya-1-kg,Категория ShopBubbleTea: сиропы для Bubble Tea
ShopBubbleTea,https://shopbubbletea.ru/index.php/component/k2/itemlist/category/24-siropy-dlya-prigotovleniya-bubble-tea-babl-tea,Плёнка для запечатывания стаканов,Упаковка,,,https://shopbubbletea.ru/index.php/component/k2/item/102-pljonka-dlya-zapechatyvaniya-stakanov,Категория ShopBubbleTea: сиропы для Bubble Tea
ShopBubbleTea,https://shopbubbletea.ru/index.php/component/k2/itemlist/category/24-siropy-dlya-prigotovleniya-bubble-tea-babl-tea,"Джус-боллы ""Клюква"" 3,4 кг.",Джус-боллы,3.4 кг,,https://shopbubbletea.ru/index.php/k2-users/kategorii/item/654-shariki-s-sokom-vishnya-popping-boba-juice-balls-lichi-yoghurt-poping-boba-dzhus-bolly,Категория ShopBubbleTea: сиропы для Bubble Tea
ShopBubbleTea,https://shopbubbletea.ru/index.php/component/k2/itemlist/category/24-siropy-dlya-prigotovleniya-bubble-tea-babl-tea,"Сироп ""Йогурт"" 2,5 кг.",Сиропы,2.5 кг,,https://shopbubbletea.ru/index.php/component/k2/item/229-sirop-jogurt-2-5-l,Категория ShopBubbleTea: сиропы для Bubble Tea
ShopBubbleTea,https://shopbubbletea.ru/index.php/component/k2/itemlist/category/24-siropy-dlya-prigotovleniya-bubble-tea-babl-tea,"Джус-боллы ""Яблоко"" 450 гр.",Джус-боллы,450 г,,https://shopbubbletea.ru/index.php/k2-users/kategorii/item/792-dzhus-bolly-yabloko-450-gr,Категория ShopBubbleTea: сиропы для Bubble Tea
ShopBubbleTea,https://shopbubbletea.ru/index.php/component/k2/itemlist/category/24-siropy-dlya-prigotovleniya-bubble-tea-babl-tea,Смесь для корн-догов с паприкой 1 кг,Сухие смеси,1 кг,,https://shopbubbletea.ru/index.php/component/k2/item/923-smes-dlya-korn-dogov-s-paprikoj-1-kg,Категория ShopBubbleTea: сиропы для Bubble Tea
ShopBubbleTea,https://shopbubbletea.ru/index.php/component/k2/itemlist/category/24-siropy-dlya-prigotovleniya-bubble-tea-babl-tea,"Сухая смесь ""Йогурт (Сливочная)"" для приготовления мягкого мороженого и молочных коктейлей, 1 кг.",Сухие смеси,1 кг,,https://shopbubbletea.ru/index.php/component/k2/item/1004-sukhaya-smes-jogurt-slivochnaya-dlya-prigotovleniya-myagkogo-morozhenogo-i-molochnykh-koktejlej-1-kg,Категория ShopBubbleTea: сиропы для Bubble Tea
ShopBubbleTea,https://shopbubbletea.ru/index.php/component/k2/itemlist/category/24-siropy-dlya-prigotovleniya-bubble-tea-babl-tea,Плёнка прозрачная для запечатывания стакана,Упаковка,,,https://shopbubbletea.ru/index.php/component/k2/item/671-pljonka-prozrachnaya-dlya-zapechatyvaniya-stakana,Категория ShopBubbleTea: сиропы для Bubble Tea
ShopBubbleTea,https://shopbubbletea.ru/index.php/component/k2/itemlist/category/24-siropy-dlya-prigotovleniya-bubble-tea-babl-tea,Стакан двуслойный для горячих напитков в ассортименте (Кофе),Упаковка,,,https://shopbubbletea.ru/index.php/component/k2/item/532-stakan-dvuslojnyj-dlya-goryachikh-napitkov-v-assortimente-kofe,Категория ShopBubbleTea: сиропы для Bubble Tea
ShopBubbleTea,https://shopbubbletea.ru/index.php/component/k2/itemlist/category/24-siropy-dlya-prigotovleniya-bubble-tea-babl-tea,"Сироп ""Яблоко"" 2,5 кг.",Сиропы,2.5 кг,,https://shopbubbletea.ru/index.php/component/k2/item/117-sirop-yabloko-2-5-l,Категория ShopBubbleTea: сиропы для Bubble Tea
ShopBubbleTea,https://shopbubbletea.ru/index.php/component/k2/itemlist/category/24-siropy-dlya-prigotovleniya-bubble-tea-babl-tea,"Сито для джус-боллов D 6,5 см",Джус-боллы,,,https://shopbubbletea.ru/index.php/component/k2/item/235-sito-dlya-dzhus-bollov-d-6-5-sm,Категория ShopBubbleTea: сиропы для Bubble Tea
ShopBubbleTea,https://shopbubbletea.ru/index.php/component/k2/itemlist/category/24-siropy-dlya-prigotovleniya-bubble-tea-babl-tea,Сироп Тархун для лимонада 5 л.,Сиропы,5 л,,https://shopbubbletea.ru/index.php/component/k2/item/933-sirop-tarkhun-dlya-limonada-5-l,Категория ShopBubbleTea: сиропы для Bubble Tea
ShopBubbleTea,https://shopbubbletea.ru/index.php/component/k2/itemlist/category/24-siropy-dlya-prigotovleniya-bubble-tea-babl-tea,"Чай Улун МАНГО 0,5 кг.",Чай,0.5 кг,,https://shopbubbletea.ru/index.php/component/k2/item/777-chaj-ulun-mango-0-5-kg,Категория ShopBubbleTea: сиропы для Bubble Tea
ShopBubbleTea,https://shopbubbletea.ru/index.php/component/k2/itemlist/category/24-siropy-dlya-prigotovleniya-bubble-tea-babl-tea,"Джус-боллы ""Яблочный Йогурт"" 1.25 кг",Джус-боллы,1.25 кг,,https://shopbubbletea.ru/index.php/k2-users/kategorii/item/877-dzhus-bolly-yablochnyj-jogurt-1-25-kg,Категория ShopBubbleTea: сиропы для Bubble Tea
ShopBubbleTea,https://shopbubbletea.ru/index.php/component/k2/itemlist/category/24-siropy-dlya-prigotovleniya-bubble-tea-babl-tea,"Сироп ""Баббл Гам"" для фруктовых и молочно-фруктовых коктейлей 2,7 кг.",Сиропы,2.7 кг,,https://shopbubbletea.ru/index.php/component/k2/item/968-sirop-babbl-gam-dlya-fruktovykh-i-molochno-fruktovykh-koktejlej-2-7-kg,Категория ShopBubbleTea: сиропы для Bubble Tea
ShopBubbleTea,https://shopbubbletea.ru/index.php/component/k2/itemlist/category/24-siropy-dlya-prigotovleniya-bubble-tea-babl-tea,Стакан однослойный для горячих и холодных напитков в ассортименте (детский Кошки),Упаковка,,,https://shopbubbletea.ru/index.php/component/k2/item/528-stakan-odnoslojnyj-dlya-goryachikh-i-kholodnykh-napitkov-v-assortimente-detskij-koshki,Категория ShopBubbleTea: сиропы для Bubble Tea
ShopBubbleTea,https://shopbubbletea.ru/index.php/component/k2/itemlist/category/24-siropy-dlya-prigotovleniya-bubble-tea-babl-tea,Трубочка чёрная 210x11 мм. с заостренным окончанием,Упаковка,,,https://shopbubbletea.ru/index.php/component/k2/item/720-trubochka-chjornaya-210x11-mm-s-zaostrennym-okonchaniem,Категория ShopBubbleTea: сиропы для Bubble Tea
ShopBubbleTea,https://shopbubbletea.ru/index.php/component/k2/itemlist/category/27-tapioka-bubble-tea-babl-tea,"Чай Зеленый 0,5 кг.",Чай,0.5 кг,650.0,https://shopbubbletea.ru/index.php/component/k2/item/255-chaj-zelenyj-0-5-kg,Категория ShopBubbleTea: чай и кофе
ShopBubbleTea,https://shopbubbletea.ru/index.php/component/k2/itemlist/category/27-tapioka-bubble-tea-babl-tea,"Чай Улун 0,5 кг",Чай,0.5 кг,650.0,https://shopbubbletea.ru/index.php/component/k2/item/256-chaj-ulun-0-5-kg,Категория ShopBubbleTea: чай и кофе
ShopBubbleTea,https://shopbubbletea.ru/index.php/component/k2/itemlist/category/27-tapioka-bubble-tea-babl-tea,"Чай Улун 0,5 кг",Чай,0.5 кг,510.0,https://shopbubbletea.ru/index.php/component/k2/item/256-chaj-ulun-0-5-kg,Категория ShopBubbleTea: чай и кофе
ShopBubbleTea,https://shopbubbletea.ru/index.php/component/k2/itemlist/category/27-tapioka-bubble-tea-babl-tea,"Чай Черный Эрл Грей 0,5 кг.",Чай,0.5 кг,650.0,https://shopbubbletea.ru/index.php/component/k2/item/257-chaj-chernyj-erl-grej-0-5-kg,Категория ShopBubbleTea: чай и кофе
ShopBubbleTea,https://shopbubbletea.ru/index.php/component/k2/itemlist/category/27-tapioka-bubble-tea-babl-tea,"Чай Черный Эрл Грей 0,5 кг.",Чай,0.5 кг,600.0,https://shopbubbletea.ru/index.php/component/k2/item/257-chaj-chernyj-erl-grej-0-5-kg,Категория ShopBubbleTea: чай и кофе
ShopBubbleTea,https://shopbubbletea.ru/index.php/component/k2/itemlist/category/27-tapioka-bubble-tea-babl-tea,"Чай Жасминовый 0,5 кг.",Чай,0.5 кг,650.0,https://shopbubbletea.ru/index.php/component/k2/item/666-chaj-zhasminovyj-0-5-kg,Категория ShopBubbleTea: чай и кофе
ShopBubbleTea,https://shopbubbletea.ru/index.php/component/k2/itemlist/category/27-tapioka-bubble-tea-babl-tea,"Чай Жасминовый 0,5 кг.",Чай,0.5 кг,510.0,https://shopbubbletea.ru/index.php/component/k2/item/666-chaj-zhasminovyj-0-5-kg,Категория ShopBubbleTea: чай и кофе
ShopBubbleTea,https://shopbubbletea.ru/index.php/component/k2/itemlist/category/27-tapioka-bubble-tea-babl-tea,"Чай Тайский Синий Анчан, 0,25 кг.",Чай,0.25 кг,650.0,https://shopbubbletea.ru/index.php/component/k2/item/775-chaj-tajskij-sinij-anchan-0-25-kg,Категория ShopBubbleTea: чай и кофе
ShopBubbleTea,https://shopbubbletea.ru/index.php/component/k2/itemlist/category/27-tapioka-bubble-tea-babl-tea,"Чай Тайский Синий Анчан, 0,25 кг.",Чай,0.25 кг,820.0,https://shopbubbletea.ru/index.php/component/k2/item/775-chaj-tajskij-sinij-anchan-0-25-kg,Категория ShopBubbleTea: чай и кофе
ShopBubbleTea,https://shopbubbletea.ru/index.php/component/k2/itemlist/category/27-tapioka-bubble-tea-babl-tea,"Чай Матча (фиол.) Порошок Батата 0,5 кг.",Чай,0.5 кг,650.0,https://shopbubbletea.ru/index.php/component/k2/item/886-chaj-matcha-fiol-poroshok-batata-0-5-kg,Категория ShopBubbleTea: чай и кофе
ShopBubbleTea,https://shopbubbletea.ru/index.php/component/k2/itemlist/category/27-tapioka-bubble-tea-babl-tea,"Чай Матча (фиол.) Порошок Батата 0,5 кг.",Чай,0.5 кг,810.0,https://shopbubbletea.ru/index.php/component/k2/item/886-chaj-matcha-fiol-poroshok-batata-0-5-kg,Категория ShopBubbleTea: чай и кофе
ShopBubbleTea,https://shopbubbletea.ru/index.php/component/k2/itemlist/category/27-tapioka-bubble-tea-babl-tea,Церемониальный японский порошковый зеленый чай матча 100 гр,Чай,100 г,650.0,https://shopbubbletea.ru/index.php/component/k2/item/794-tseremonialnyj-yaponskij-poroshkovyj-zelenyj-chaj-matcha-100-gr,Категория ShopBubbleTea: чай и кофе
ShopBubbleTea,https://shopbubbletea.ru/index.php/component/k2/itemlist/category/27-tapioka-bubble-tea-babl-tea,Церемониальный японский порошковый зеленый чай матча 100 гр,Чай,100 г,1880.0,https://shopbubbletea.ru/index.php/component/k2/item/794-tseremonialnyj-yaponskij-poroshkovyj-zelenyj-chaj-matcha-100-gr,Категория ShopBubbleTea: чай и кофе
ShopBubbleTea,https://shopbubbletea.ru/index.php/component/k2/itemlist/category/27-tapioka-bubble-tea-babl-tea,"Чай Улун ДЫНЯ 0,5 кг.",Чай,0.5 кг,650.0,https://shopbubbletea.ru/index.php/component/k2/item/776-chaj-ulun-dynya-0-5-kg,Категория ShopBubbleTea: чай и кофе
ShopBubbleTea,https://shopbubbletea.ru/index.php/component/k2/itemlist/category/27-tapioka-bubble-tea-babl-tea,"Чай Улун ДЫНЯ 0,5 кг.",Чай,0.5 кг,510.0,https://shopbubbletea.ru/index.php/component/k2/item/776-chaj-ulun-dynya-0-5-kg,Категория ShopBubbleTea: чай и кофе
ShopBubbleTea,https://shopbubbletea.ru/index.php/component/k2/itemlist/category/27-tapioka-bubble-tea-babl-tea,"Чай Улун ПЕРСИК 0,5 кг.",Чай,0.5 кг,650.0,https://shopbubbletea.ru/index.php/component/k2/item/778-chaj-ulun-persik-0-5-kg,Категория ShopBubbleTea: чай и кофе
ShopBubbleTea,https://shopbubbletea.ru/index.php/component/k2/itemlist/category/27-tapioka-bubble-tea-babl-tea,"Чай Улун ПЕРСИК 0,5 кг.",Чай,0.5 кг,670.0,https://shopbubbletea.ru/index.php/component/k2/item/778-chaj-ulun-persik-0-5-kg,Категория ShopBubbleTea: чай и кофе
ShopBubbleTea,https://shopbubbletea.ru/index.php/component/k2/itemlist/category/27-tapioka-bubble-tea-babl-tea,"Чай Улун ЯГОДНОЕ ЛУКОШКО 0,5 кг.",Чай,0.5 кг,650.0,https://shopbubbletea.ru/index.php/component/k2/item/779-chaj-ulun-yagodnoe-lukoshko-0-5-kg,Категория ShopBubbleTea: чай и кофе
ShopBubbleTea,https://shopbubbletea.ru/index.php/component/k2/itemlist/category/27-tapioka-bubble-tea-babl-tea,"Чай Улун ЯГОДНОЕ ЛУКОШКО 0,5 кг.",Чай,0.5 кг,940.0,https://shopbubbletea.ru/index.php/component/k2/item/779-chaj-ulun-yagodnoe-lukoshko-0-5-kg,Категория ShopBubbleTea: чай и кофе
ShopBubbleTea,https://shopbubbletea.ru/index.php/component/k2/itemlist/category/27-tapioka-bubble-tea-babl-tea,"Чай Матча (черн.) Порошок Бамбукового Угля 0,5 кг.",Чай,0.5 кг,650.0,https://shopbubbletea.ru/index.php/component/k2/item/888-chaj-matcha-chern-poroshok-bambukovogo-uglya-0-5-kg,Категория ShopBubbleTea: чай и кофе
ShopBubbleTea,https://shopbubbletea.ru/index.php/component/k2/itemlist/category/27-tapioka-bubble-tea-babl-tea,"Чай Матча (черн.) Порошок Бамбукового Угля 0,5 кг.",Чай,0.5 кг,464.0,https://shopbubbletea.ru/index.php/component/k2/item/888-chaj-matcha-chern-poroshok-bambukovogo-uglya-0-5-kg,Категория ShopBubbleTea: чай и кофе
ShopBubbleTea,https://shopbubbletea.ru/index.php/component/k2/itemlist/category/27-tapioka-bubble-tea-babl-tea,"Чай Улун МАНГО 0,5 кг.",Чай,0.5 кг,650.0,https://shopbubbletea.ru/index.php/component/k2/item/777-chaj-ulun-mango-0-5-kg,Категория ShopBubbleTea: чай и кофе
ShopBubbleTea,https://shopbubbletea.ru/index.php/component/k2/itemlist/category/27-tapioka-bubble-tea-babl-tea,"Чай Улун МАНГО 0,5 кг.",Чай,0.5 кг,690.0,https://shopbubbletea.ru/index.php/component/k2/item/777-chaj-ulun-mango-0-5-kg,Категория ShopBubbleTea: чай и кофе
ShopBubbleTea,https://shopbubbletea.ru/index.php/component/k2/itemlist/category/27-tapioka-bubble-tea-babl-tea,"Чай Матча (оранж.) Порошок Манго 0,5 кг.",Чай,0.5 кг,650.0,https://shopbubbletea.ru/index.php/component/k2/item/887-chaj-matcha-oranzh-poroshok-mango-0-5-kg,Категория ShopBubbleTea: чай и кофе
ShopBubbleTea,https://shopbubbletea.ru/index.php/component/k2/itemlist/category/27-tapioka-bubble-tea-babl-tea,"Чай Матча (оранж.) Порошок Манго 0,5 кг.",Чай,0.5 кг,240.0,https://shopbubbletea.ru/index.php/component/k2/item/887-chaj-matcha-oranzh-poroshok-mango-0-5-kg,Категория ShopBubbleTea: чай и кофе
ShopBubbleTea,https://shopbubbletea.ru/index.php/component/k2/itemlist/category/27-tapioka-bubble-tea-babl-tea,Чай и Кофе (16),Чай,,,,Категория ShopBubbleTea: чай и кофе
ShopBubbleTea,https://shopbubbletea.ru/index.php/component/k2/itemlist/category/27-tapioka-bubble-tea-babl-tea,"Чай Зеленый 0,5 кг.",Чай,0.5 кг,,https://shopbubbletea.ru/index.php/component/k2/item/255-chaj-zelenyj-0-5-kg,Категория ShopBubbleTea: чай и кофе
ShopBubbleTea,https://shopbubbletea.ru/index.php/component/k2/itemlist/category/27-tapioka-bubble-tea-babl-tea,"Чай Улун 0,5 кг",Чай,0.5 кг,,https://shopbubbletea.ru/index.php/component/k2/item/256-chaj-ulun-0-5-kg,Категория ShopBubbleTea: чай и кофе
ShopBubbleTea,https://shopbubbletea.ru/index.php/component/k2/itemlist/category/27-tapioka-bubble-tea-babl-tea,"Чай Черный Эрл Грей 0,5 кг.",Чай,0.5 кг,,https://shopbubbletea.ru/index.php/component/k2/item/257-chaj-chernyj-erl-grej-0-5-kg,Категория ShopBubbleTea: чай и кофе
ShopBubbleTea,https://shopbubbletea.ru/index.php/component/k2/itemlist/category/27-tapioka-bubble-tea-babl-tea,"Чай Жасминовый 0,5 кг.",Чай,0.5 кг,,https://shopbubbletea.ru/index.php/component/k2/item/666-chaj-zhasminovyj-0-5-kg,Категория ShopBubbleTea: чай и кофе
ShopBubbleTea,https://shopbubbletea.ru/index.php/component/k2/itemlist/category/27-tapioka-bubble-tea-babl-tea,"Чай Тайский Синий Анчан, 0,25 кг.",Чай,0.25 кг,,https://shopbubbletea.ru/index.php/component/k2/item/775-chaj-tajskij-sinij-anchan-0-25-kg,Категория ShopBubbleTea: чай и кофе
ShopBubbleTea,https://shopbubbletea.ru/index.php/component/k2/itemlist/category/27-tapioka-bubble-tea-babl-tea,"Чай Матча (фиол.) Порошок Батата 0,5 кг.",Чай,0.5 кг,,https://shopbubbletea.ru/index.php/component/k2/item/886-chaj-matcha-fiol-poroshok-batata-0-5-kg,Категория ShopBubbleTea: чай и кофе
ShopBubbleTea,https://shopbubbletea.ru/index.php/component/k2/itemlist/category/27-tapioka-bubble-tea-babl-tea,Церемониальный японский порошковый зеленый чай матча 100 гр,Чай,100 г,,https://shopbubbletea.ru/index.php/component/k2/item/794-tseremonialnyj-yaponskij-poroshkovyj-zelenyj-chaj-matcha-100-gr,Категория ShopBubbleTea: чай и кофе
ShopBubbleTea,https://shopbubbletea.ru/index.php/component/k2/itemlist/category/27-tapioka-bubble-tea-babl-tea,"Чай Улун ДЫНЯ 0,5 кг.",Чай,0.5 кг,,https://shopbubbletea.ru/index.php/component/k2/item/776-chaj-ulun-dynya-0-5-kg,Категория ShopBubbleTea: чай и кофе
ShopBubbleTea,https://shopbubbletea.ru/index.php/component/k2/itemlist/category/27-tapioka-bubble-tea-babl-tea,"Чай Улун ПЕРСИК 0,5 кг.",Чай,0.5 кг,,https://shopbubbletea.ru/index.php/component/k2/item/778-chaj-ulun-persik-0-5-kg,Категория ShopBubbleTea: чай и кофе
ShopBubbleTea,https://shopbubbletea.ru/index.php/component/k2/itemlist/category/27-tapioka-bubble-tea-babl-tea,"Чай Улун ЯГОДНОЕ ЛУКОШКО 0,5 кг.",Чай,0.5 кг,,https://shopbubbletea.ru/index.php/component/k2/item/779-chaj-ulun-yagodnoe-lukoshko-0-5-kg,Категория ShopBubbleTea: чай и кофе
ShopBubbleTea,https://shopbubbletea.ru/index.php/component/k2/itemlist/category/27-tapioka-bubble-tea-babl-tea,"Чай Матча (черн.) Порошок Бамбукового Угля 0,5 кг.",Чай,0.5 кг,,https://shopbubbletea.ru/index.php/component/k2/item/888-chaj-matcha-chern-poroshok-bambukovogo-uglya-0-5-kg,Категория ShopBubbleTea: чай и кофе
ShopBubbleTea,https://shopbubbletea.ru/index.php/component/k2/itemlist/category/27-tapioka-bubble-tea-babl-tea,"Чай Улун МАНГО 0,5 кг.",Чай,0.5 кг,,https://shopbubbletea.ru/index.php/component/k2/item/777-chaj-ulun-mango-0-5-kg,Категория ShopBubbleTea: чай и кофе
ShopBubbleTea,https://shopbubbletea.ru/index.php/component/k2/itemlist/category/27-tapioka-bubble-tea-babl-tea,"Чай Матча (оранж.) Порошок Манго 0,5 кг.",Чай,0.5 кг,,https://shopbubbletea.ru/index.php/component/k2/item/887-chaj-matcha-oranzh-poroshok-mango-0-5-kg,Категория ShopBubbleTea: чай и кофе
ShopBubbleTea,https://shopbubbletea.ru/index.php/component/k2/itemlist/category/27-tapioka-bubble-tea-babl-tea,Джус боллы (5),Джус-боллы,,,https://shopbubbletea.ru/index.php/k2-users/kategorii/itemlist/category/18-shariki-s-sokom-popping-boba-poping-boba-juice-balls-dzhus-bolly-v-moskve,Категория ShopBubbleTea: чай и кофе
ShopBubbleTea,https://shopbubbletea.ru/index.php/component/k2/itemlist/category/27-tapioka-bubble-tea-babl-tea,Тапиока (28),Тапиока,,,https://shopbubbletea.ru/index.php/component/k2/itemlist/category/100-tapioka,Категория ShopBubbleTea: чай и кофе
ShopBubbleTea,https://shopbubbletea.ru/index.php/component/k2/itemlist/category/27-tapioka-bubble-tea-babl-tea,Желе (Кусочки Кокоса) (9),Желе,,,https://shopbubbletea.ru/index.php/component/k2/itemlist/category/25-zhele-dlya-prigotovleniya-bubble-tea-babl-tea,Категория ShopBubbleTea: чай и кофе
ShopBubbleTea,https://shopbubbletea.ru/index.php/component/k2/itemlist/category/27-tapioka-bubble-tea-babl-tea,Сиропы (22),Сиропы,,,https://shopbubbletea.ru/index.php/component/k2/itemlist/category/24-siropy-dlya-prigotovleniya-bubble-tea-babl-tea,Категория ShopBubbleTea: чай и кофе
ShopBubbleTea,https://shopbubbletea.ru/index.php/component/k2/itemlist/category/27-tapioka-bubble-tea-babl-tea,Чай и Кофе (16),Чай,,,https://shopbubbletea.ru/index.php/component/k2/itemlist/category/27-tapioka-bubble-tea-babl-tea,Категория ShopBubbleTea: чай и кофе
ShopBubbleTea,https://shopbubbletea.ru/index.php/component/k2/itemlist/category/27-tapioka-bubble-tea-babl-tea,Барные сиропы и лимонад (0),Сиропы,,,https://shopbubbletea.ru/index.php/component/k2/itemlist/category/59-shariki-s-sokom-popping-boba-poping-boba-juice-balls-dzhus-bolly-v-moskve,Категория ShopBubbleTea: чай и кофе
ShopBubbleTea,https://shopbubbletea.ru/index.php/component/k2/itemlist/category/27-tapioka-bubble-tea-babl-tea,Сиропы для лимонада (27),Сиропы,,,https://shopbubbletea.ru/index.php/component/k2/itemlist/category/102-siropy-dlya-limonada,Категория ShopBubbleTea: чай и кофе
ShopBubbleTea,https://shopbubbletea.ru/index.php/component/k2/itemlist/category/27-tapioka-bubble-tea-babl-tea,Сиропы для молочно-фруктовых коктейлей (17),Сиропы,,,https://shopbubbletea.ru/index.php/component/k2/itemlist/category/103-siropy-dlya-molochno-fruktovykh-koktejlej,Категория ShopBubbleTea: чай и кофе
ShopBubbleTea,https://shopbubbletea.ru/index.php/component/k2/itemlist/category/27-tapioka-bubble-tea-babl-tea,"Сиропы поливочные, наполнители и глазурь для мороженого и десертов (25)",Сиропы,,,https://shopbubbletea.ru/index.php/component/k2/itemlist/category/39-siropy-polivochnye-napolniteli-i-glazur-dlya-morozhenogo-i-desertov,Категория ShopBubbleTea: чай и кофе
ShopBubbleTea,https://shopbubbletea.ru/index.php/component/k2/itemlist/category/27-tapioka-bubble-tea-babl-tea,Тапиока Таро (3 цвета) 1 кг,Тапиока,1 кг,,https://shopbubbletea.ru/index.php/component/k2/item/900-tapioka-taro-3-tsveta-1-kg,Категория ShopBubbleTea: чай и кофе
ShopBubbleTea,https://shopbubbletea.ru/index.php/component/k2/itemlist/category/27-tapioka-bubble-tea-babl-tea,Тапиока Ананас для Bubble Tea 1 кг,Тапиока,1 кг,,https://shopbubbletea.ru/index.php/component/k2/item/907-tapioka-ananas-dlya-bubble-tea-1-kg,Категория ShopBubbleTea: чай и кофе
ShopBubbleTea,https://shopbubbletea.ru/index.php/component/k2/itemlist/category/27-tapioka-bubble-tea-babl-tea,Сироп Баббл Гам для лимонада 5 л.,Сиропы,5 л,,https://shopbubbletea.ru/index.php/component/k2/item/954-sirop-babbl-gam-dlya-limonada-5-l,Категория ShopBubbleTea: чай и кофе
ShopBubbleTea,https://shopbubbletea.ru/index.php/component/k2/itemlist/category/27-tapioka-bubble-tea-babl-tea,Смесь Гонконгские вафли Розовые 1 кг.,Сухие смеси,1 кг,,https://shopbubbletea.ru/index.php/component/k2/item/754-smes-gonkongskie-vafli-rozovye-1-kg,Категория ShopBubbleTea: чай и кофе
ShopBubbleTea,https://shopbubbletea.ru/index.php/component/k2/itemlist/category/27-tapioka-bubble-tea-babl-tea,"Набор из 6 силиконовых форм для маффинов и желе ""Сердце"". Размер 7х6см, высота 3см.",Желе,,,https://shopbubbletea.ru/index.php/component/k2/item/768-nabor-iz-6-silikonovykh-form-dlya-maffinov-i-zhele-serdtse-razmer-7kh6sm-vysota-3sm,Категория ShopBubbleTea: чай и кофе
ShopBubbleTea,https://shopbubbletea.ru/index.php/component/k2/itemlist/category/27-tapioka-bubble-tea-babl-tea,Смесь Гонконгские вафли Шоколад 1 кг.,Сухие смеси,1 кг,,https://shopbubbletea.ru/index.php/component/k2/item/492-smes-gonkongskie-vafli-shokolad-1-kg,Категория ShopBubbleTea: чай и кофе
ShopBubbleTea,https://shopbubbletea.ru/index.php/component/k2/itemlist/category/27-tapioka-bubble-tea-babl-tea,"Джус-боллы ""Шоколад"" 3,4 кг.",Джус-боллы,3.4 кг,,https://shopbubbletea.ru/index.php/k2-users/kategorii/item/851-dzhus-bolly-shokolad,Категория ShopBubbleTea: чай и кофе
ShopBubbleTea,https://shopbubbletea.ru/index.php/component/k2/itemlist/category/27-tapioka-bubble-tea-babl-tea,"Джус-боллы ""Кокос"" 3,4 кг.",Джус-боллы,3.4 кг,,https://shopbubbletea.ru/index.php/k2-users/kategorii/item/848-dzhus-bolly-kokos,Категория ShopBubbleTea: чай и кофе
ShopBubbleTea,https://shopbubbletea.ru/index.php/component/k2/itemlist/category/27-tapioka-bubble-tea-babl-tea,Сироп Фисташка для лимонада 5 л.,Сиропы,5 л,,https://shopbubbletea.ru/index.php/component/k2/item/931-sirop-fistashka-dlya-limonada-5-l,Категория ShopBubbleTea: чай и кофе
ShopBubbleTea,https://shopbubbletea.ru/index.php/component/k2/itemlist/category/27-tapioka-bubble-tea-babl-tea,"Смесь Помадка ""Клубничная"" 1 кг.",Сухие смеси,1 кг,,https://shopbubbletea.ru/index.php/component/k2/item/1059-smes-pomadka-klubnichnaya-1-kg,Категория ShopBubbleTea: чай и кофе
ShopBubbleTea,https://shopbubbletea.ru/index.php/component/k2/itemlist/category/27-tapioka-bubble-tea-babl-tea,"Сироп ""Клубника"" для фруктовых и молочно-фруктовых коктейлей 2,7 кг.",Сиропы,2.7 кг,,https://shopbubbletea.ru/index.php/component/k2/item/961-sirop-klubnika-dlya-fruktovykh-i-molochno-fruktovykh-koktejlej-2-7-kg,Категория ShopBubbleTea: чай и кофе
ShopBubbleTea,https://shopbubbletea.ru/index.php/component/k2/itemlist/category/27-tapioka-bubble-tea-babl-tea,Сухая смесь Миндаль,Сухие смеси,,,https://shopbubbletea.ru/index.php/component/k2/item/162-sukhaya-smes-mindal,Категория ShopBubbleTea: чай и кофе
ShopBubbleTea,https://shopbubbletea.ru/index.php/component/k2/itemlist/category/27-tapioka-bubble-tea-babl-tea,"Джус-боллы ""Черника"" 450 гр.",Джус-боллы,450 г,,https://shopbubbletea.ru/index.php/k2-users/kategorii/item/791-dzhus-bolly-chernika-450-gr,Категория ShopBubbleTea: чай и кофе
ShopBubbleTea,https://shopbubbletea.ru/index.php/component/k2/itemlist/category/27-tapioka-bubble-tea-babl-tea,"Сухая смесь ""Шоколад"" для щербета, граниты, фруктового снега, слаша, 1 кг.",Сухие смеси,1 кг,,https://shopbubbletea.ru/index.php/component/k2/item/692-sukhaya-smes-shokolad-dlya-shcherbeta-granity-fruktovogo-snega-slasha-1-kg,Категория ShopBubbleTea: чай и кофе
ShopBubbleTea,https://shopbubbletea.ru/index.php/component/k2/itemlist/category/25-zhele-dlya-prigotovleniya-bubble-tea-babl-tea,"Желе ""Смесь"" 4 кг.",Желе,4 кг,1500.0,https://shopbubbletea.ru/index.php/component/k2/item/136-zhele-smes-4-kg,Категория ShopBubbleTea: желе
ShopBubbleTea,https://shopbubbletea.ru/index.php/component/k2/itemlist/category/25-zhele-dlya-prigotovleniya-bubble-tea-babl-tea,"Желе ""Личи"" 4 кг.",Желе,4 кг,1500.0,https://shopbubbletea.ru/index.php/component/k2/item/137-zhele-lichi-4-kg,Категория ShopBubbleTea: желе
ShopBubbleTea,https://shopbubbletea.ru/index.php/component/k2/itemlist/category/25-zhele-dlya-prigotovleniya-bubble-tea-babl-tea,"Желе ""Ананас"" 4 кг.",Желе,4 кг,1500.0,https://shopbubbletea.ru/index.php/component/k2/item/230-zhele-ananas-4-kg,Категория ShopBubbleTea: желе
ShopBubbleTea,https://shopbubbletea.ru/index.php/component/k2/itemlist/category/25-zhele-dlya-prigotovleniya-bubble-tea-babl-tea,"Желе ""Маракуйя"" 4 кг.",Желе,4 кг,1500.0,https://shopbubbletea.ru/index.php/component/k2/item/135-zhele-marakujya-4-kg,Категория ShopBubbleTea: желе
ShopBubbleTea,https://shopbubbletea.ru/index.php/component/k2/itemlist/category/25-zhele-dlya-prigotovleniya-bubble-tea-babl-tea,"Желе ""Кофе"" 4 кг.",Желе,4 кг,1500.0,https://shopbubbletea.ru/index.php/component/k2/item/132-zelennoe-yabloko-zhele-topping,Категория ShopBubbleTea: желе
ShopBubbleTea,https://shopbubbletea.ru/index.php/component/k2/itemlist/category/25-zhele-dlya-prigotovleniya-bubble-tea-babl-tea,"Желе ""Клубника"" 4 кг.",Желе,4 кг,1500.0,https://shopbubbletea.ru/index.php/component/k2/item/129-zhele-klubnika-4-kg,Категория ShopBubbleTea: желе
ShopBubbleTea,https://shopbubbletea.ru/index.php/component/k2/itemlist/category/25-zhele-dlya-prigotovleniya-bubble-tea-babl-tea,"Желе ""Яблоко"" 4 кг.",Желе,4 кг,1500.0,https://shopbubbletea.ru/index.php/component/k2/item/131-zelennoe-yabloko-zhele-topping,Категория ShopBubbleTea: желе
ShopBubbleTea,https://shopbubbletea.ru/index.php/component/k2/itemlist/category/25-zhele-dlya-prigotovleniya-bubble-tea-babl-tea,"Желе ""Манго"" 4 кг.",Желе,4 кг,1500.0,https://shopbubbletea.ru/index.php/component/k2/item/134-mango-zhele-topping,Категория ShopBubbleTea: желе
ShopBubbleTea,https://shopbubbletea.ru/index.php/component/k2/itemlist/category/25-zhele-dlya-prigotovleniya-bubble-tea-babl-tea,"Желе ""Виноград"" 4 кг.",Желе,4 кг,1500.0,https://shopbubbletea.ru/index.php/component/k2/item/657-zhele-vinograd-4-kg,Категория ShopBubbleTea: желе
ShopBubbleTea,https://shopbubbletea.ru/index.php/component/k2/itemlist/category/25-zhele-dlya-prigotovleniya-bubble-tea-babl-tea,Желе (Кусочки Кокоса) (9),Желе,,,,Категория ShopBubbleTea: желе
ShopBubbleTea,https://shopbubbletea.ru/index.php/component/k2/itemlist/category/25-zhele-dlya-prigotovleniya-bubble-tea-babl-tea,Желе &quot;Смесь&quot; 4 кг.,Желе,4 кг,,https://shopbubbletea.ru/index.php/component/k2/item/136-zhele-smes-4-kg,Категория ShopBubbleTea: желе
ShopBubbleTea,https://shopbubbletea.ru/index.php/component/k2/itemlist/category/25-zhele-dlya-prigotovleniya-bubble-tea-babl-tea,Желе &quot;Личи&quot; 4 кг.,Желе,4 кг,,https://shopbubbletea.ru/index.php/component/k2/item/137-zhele-lichi-4-kg,Категория ShopBubbleTea: желе
ShopBubbleTea,https://shopbubbletea.ru/index.php/component/k2/itemlist/category/25-zhele-dlya-prigotovleniya-bubble-tea-babl-tea,Желе &quot;Ананас&quot; 4 кг.,Желе,4 кг,,https://shopbubbletea.ru/index.php/component/k2/item/230-zhele-ananas-4-kg,Категория ShopBubbleTea: желе
ShopBubbleTea,https://shopbubbletea.ru/index.php/component/k2/itemlist/category/25-zhele-dlya-prigotovleniya-bubble-tea-babl-tea,Желе &quot;Маракуйя&quot; 4 кг.,Желе,4 кг,,https://shopbubbletea.ru/index.php/component/k2/item/135-zhele-marakujya-4-kg,Категория ShopBubbleTea: желе
ShopBubbleTea,https://shopbubbletea.ru/index.php/component/k2/itemlist/category/25-zhele-dlya-prigotovleniya-bubble-tea-babl-tea,Желе &quot;Кофе&quot; 4 кг.,Желе,4 кг,,https://shopbubbletea.ru/index.php/component/k2/item/132-zelennoe-yabloko-zhele-topping,Категория ShopBubbleTea: желе
ShopBubbleTea,https://shopbubbletea.ru/index.php/component/k2/itemlist/category/25-zhele-dlya-prigotovleniya-bubble-tea-babl-tea,Желе &quot;Клубника&quot; 4 кг.,Желе,4 кг,,https://shopbubbletea.ru/index.php/component/k2/item/129-zhele-klubnika-4-kg,Категория ShopBubbleTea: желе
ShopBubbleTea,https://shopbubbletea.ru/index.php/component/k2/itemlist/category/25-zhele-dlya-prigotovleniya-bubble-tea-babl-tea,Желе &quot;Яблоко&quot; 4 кг.,Желе,4 кг,,https://shopbubbletea.ru/index.php/component/k2/item/131-zelennoe-yabloko-zhele-topping,Категория ShopBubbleTea: желе
ShopBubbleTea,https://shopbubbletea.ru/index.php/component/k2/itemlist/category/25-zhele-dlya-prigotovleniya-bubble-tea-babl-tea,Желе &quot;Манго&quot; 4 кг.,Желе,4 кг,,https://shopbubbletea.ru/index.php/component/k2/item/134-mango-zhele-topping,Категория ShopBubbleTea: желе
ShopBubbleTea,https://shopbubbletea.ru/index.php/component/k2/itemlist/category/25-zhele-dlya-prigotovleniya-bubble-tea-babl-tea,Желе &quot;Виноград&quot; 4 кг.,Желе,4 кг,,https://shopbubbletea.ru/index.php/component/k2/item/657-zhele-vinograd-4-kg,Категория ShopBubbleTea: желе
ShopBubbleTea,https://shopbubbletea.ru/index.php/component/k2/itemlist/category/25-zhele-dlya-prigotovleniya-bubble-tea-babl-tea,Джус боллы (5),Джус-боллы,,,https://shopbubbletea.ru/index.php/k2-users/kategorii/itemlist/category/18-shariki-s-sokom-popping-boba-poping-boba-juice-balls-dzhus-bolly-v-moskve,Категория ShopBubbleTea: желе
ShopBubbleTea,https://shopbubbletea.ru/index.php/component/k2/itemlist/category/25-zhele-dlya-prigotovleniya-bubble-tea-babl-tea,Тапиока (28),Тапиока,,,https://shopbubbletea.ru/index.php/component/k2/itemlist/category/100-tapioka,Категория ShopBubbleTea: желе
ShopBubbleTea,https://shopbubbletea.ru/index.php/component/k2/itemlist/category/25-zhele-dlya-prigotovleniya-bubble-tea-babl-tea,Желе (Кусочки Кокоса) (9),Желе,,,https://shopbubbletea.ru/index.php/component/k2/itemlist/category/25-zhele-dlya-prigotovleniya-bubble-tea-babl-tea,Категория ShopBubbleTea: желе
ShopBubbleTea,https://shopbubbletea.ru/index.php/component/k2/itemlist/category/25-zhele-dlya-prigotovleniya-bubble-tea-babl-tea,Сиропы (22),Сиропы,,,https://shopbubbletea.ru/index.php/component/k2/itemlist/category/24-siropy-dlya-prigotovleniya-bubble-tea-babl-tea,Категория ShopBubbleTea: желе
ShopBubbleTea,https://shopbubbletea.ru/index.php/component/k2/itemlist/category/25-zhele-dlya-prigotovleniya-bubble-tea-babl-tea,Чай и Кофе (16),Чай,,,https://shopbubbletea.ru/index.php/component/k2/itemlist/category/27-tapioka-bubble-tea-babl-tea,Категория ShopBubbleTea: желе
ShopBubbleTea,https://shopbubbletea.ru/index.php/component/k2/itemlist/category/25-zhele-dlya-prigotovleniya-bubble-tea-babl-tea,Барные сиропы и лимонад (0),Сиропы,,,https://shopbubbletea.ru/index.php/component/k2/itemlist/category/59-shariki-s-sokom-popping-boba-poping-boba-juice-balls-dzhus-bolly-v-moskve,Категория ShopBubbleTea: желе
ShopBubbleTea,https://shopbubbletea.ru/index.php/component/k2/itemlist/category/25-zhele-dlya-prigotovleniya-bubble-tea-babl-tea,Сиропы для лимонада (27),Сиропы,,,https://shopbubbletea.ru/index.php/component/k2/itemlist/category/102-siropy-dlya-limonada,Категория ShopBubbleTea: желе
ShopBubbleTea,https://shopbubbletea.ru/index.php/component/k2/itemlist/category/25-zhele-dlya-prigotovleniya-bubble-tea-babl-tea,Сиропы для молочно-фруктовых коктейлей (17),Сиропы,,,https://shopbubbletea.ru/index.php/component/k2/itemlist/category/103-siropy-dlya-molochno-fruktovykh-koktejlej,Категория ShopBubbleTea: желе
ShopBubbleTea,https://shopbubbletea.ru/index.php/component/k2/itemlist/category/25-zhele-dlya-prigotovleniya-bubble-tea-babl-tea,"Сиропы поливочные, наполнители и глазурь для мороженого и десертов (25)",Сиропы,,,https://shopbubbletea.ru/index.php/component/k2/itemlist/category/39-siropy-polivochnye-napolniteli-i-glazur-dlya-morozhenogo-i-desertov,Категория ShopBubbleTea: желе
ShopBubbleTea,https://shopbubbletea.ru/index.php/component/k2/itemlist/category/25-zhele-dlya-prigotovleniya-bubble-tea-babl-tea,Сухая смесь Миндаль,Сухие смеси,,,https://shopbubbletea.ru/index.php/component/k2/item/162-sukhaya-smes-mindal,Категория ShopBubbleTea: желе
ShopBubbleTea,https://shopbubbletea.ru/index.php/component/k2/itemlist/category/25-zhele-dlya-prigotovleniya-bubble-tea-babl-tea,"Сироп ""Банан"" для фруктовых и молочно-фруктовых коктейлей 2,7 кг.",Сиропы,2.7 кг,,https://shopbubbletea.ru/index.php/component/k2/item/967-sirop-banan-dlya-fruktovykh-i-molochno-fruktovykh-koktejlej-2-7-kg,Категория ShopBubbleTea: желе
ShopBubbleTea,https://shopbubbletea.ru/index.php/component/k2/itemlist/category/25-zhele-dlya-prigotovleniya-bubble-tea-babl-tea,Сироп Глинтвейн для лимонада 5 л.,Сиропы,5 л,,https://shopbubbletea.ru/index.php/component/k2/item/951-sirop-glintvejn-dlya-limonada-5-l,Категория ShopBubbleTea: желе
ShopBubbleTea,https://shopbubbletea.ru/index.php/component/k2/itemlist/category/25-zhele-dlya-prigotovleniya-bubble-tea-babl-tea,Сироп Клюква для лимонада 5 л.,Сиропы,5 л,,https://shopbubbletea.ru/index.php/component/k2/item/946-sirop-klyukva-dlya-limonada-5-l,Категория ShopBubbleTea: желе
ShopBubbleTea,https://shopbubbletea.ru/index.php/component/k2/itemlist/category/25-zhele-dlya-prigotovleniya-bubble-tea-babl-tea,Тапиока Клубника для Bubble Tea 1 кг,Тапиока,1 кг,,https://shopbubbletea.ru/index.php/component/k2/item/917-tapioka-klubnika-dlya-bubble-tea-1-kg,Категория ShopBubbleTea: желе
ShopBubbleTea,https://shopbubbletea.ru/index.php/component/k2/itemlist/category/25-zhele-dlya-prigotovleniya-bubble-tea-babl-tea,"Джус-боллы ""Мята"" 3 кг",Джус-боллы,3 кг,,https://shopbubbletea.ru/index.php/k2-users/kategorii/item/1120-dzhus-bolly-myata-3-kg,Категория ShopBubbleTea: желе
ShopBubbleTea,https://shopbubbletea.ru/index.php/component/k2/itemlist/category/25-zhele-dlya-prigotovleniya-bubble-tea-babl-tea,"Термопот 10.8 л, термос-кипятильник, электрический чайник",Чай,10.8 л,,https://shopbubbletea.ru/index.php/component/k2/item/148-kipyatilnik-serebristyj-metalicheskij-10-l,Категория ShopBubbleTea: желе
ShopBubbleTea,https://shopbubbletea.ru/index.php/component/k2/itemlist/category/25-zhele-dlya-prigotovleniya-bubble-tea-babl-tea,"Желе ""Кофе"" 4 кг.",Желе,4 кг,,https://shopbubbletea.ru/index.php/component/k2/item/132-zelennoe-yabloko-zhele-topping,Категория ShopBubbleTea: желе
ShopBubbleTea,https://shopbubbletea.ru/index.php/component/k2/itemlist/category/25-zhele-dlya-prigotovleniya-bubble-tea-babl-tea,Смесь для чизкейков 1 кг.,Сухие смеси,1 кг,,https://shopbubbletea.ru/index.php/component/k2/item/677-smes-dlya-chizkejkov-1-kg,Категория ShopBubbleTea: желе
ShopBubbleTea,https://shopbubbletea.ru/index.php/component/k2/itemlist/category/25-zhele-dlya-prigotovleniya-bubble-tea-babl-tea,"НАБОР, Джус-Боллы, бабл ти, 50 гр. 6 шт Яблочный йогурт, мята; Маракуйя, черника; клубника, виноград",Джус-боллы,50 г,,https://shopbubbletea.ru/index.php/k2-users/kategorii/item/1176-nabor-dzhus-bolly-babl-ti-50-gr-6-sht,Категория ShopBubbleTea: желе
ShopBubbleTea,https://shopbubbletea.ru/index.php/component/k2/itemlist/category/25-zhele-dlya-prigotovleniya-bubble-tea-babl-tea,Смесь Гонконгские вафли Шоколад 1 кг.,Сухие смеси,1 кг,,https://shopbubbletea.ru/index.php/component/k2/item/492-smes-gonkongskie-vafli-shokolad-1-kg,Категория ShopBubbleTea: желе
ShopBubbleTea,https://shopbubbletea.ru/index.php/component/k2/itemlist/category/25-zhele-dlya-prigotovleniya-bubble-tea-babl-tea,Сироп Корица для лимонада 5 л.,Сиропы,5 л,,https://shopbubbletea.ru/index.php/component/k2/item/943-sirop-koritsa-dlya-limonada-5-l,Категория ShopBubbleTea: желе
ShopBubbleTea,https://shopbubbletea.ru/index.php/component/k2/itemlist/category/25-zhele-dlya-prigotovleniya-bubble-tea-babl-tea,"Сухая смесь ""Йогурт (Черная смородина)"" для приготовления мягкого мороженого и молочных коктейлей, 1 кг.",Сухие смеси,1 кг,,https://shopbubbletea.ru/index.php/component/k2/item/1005-sukhaya-smes-jogurt-chernaya-smorodina-dlya-prigotovleniya-myagkogo-morozhenogo-i-molochnykh-koktejlej-1-kg,Категория ShopBubbleTea: желе
ShopBubbleTea,https://shopbubbletea.ru/index.php/component/k2/itemlist/category/25-zhele-dlya-prigotovleniya-bubble-tea-babl-tea,"Сито для желе D 7,5 см",Желе,,,https://shopbubbletea.ru/index.php/component/k2/item/236-sito-dlya-zhele-d-7-5-sm,Категория ShopBubbleTea: желе
ShopBubbleTea,https://shopbubbletea.ru/index.php/component/k2/itemlist/category/25-zhele-dlya-prigotovleniya-bubble-tea-babl-tea,Сироп Амаретто для лимонада 5 л.,Сиропы,5 л,,https://shopbubbletea.ru/index.php/component/k2/item/941-sirop-amaretto-dlya-limonada-5-l,Категория ShopBubbleTea: желе
ShopBubbleTea,https://shopbubbletea.ru/index.php/component/k2/itemlist/category/25-zhele-dlya-prigotovleniya-bubble-tea-babl-tea,"Джус-боллы ""Малина"" 3,4 кг.",Джус-боллы,3.4 кг,,https://shopbubbletea.ru/index.php/k2-users/kategorii/item/656-poping-boba-dzhus-bolly-shariki-s-sokom-marakujya-popping-boba-juice-balls-strawberry-klubnika,Категория ShopBubbleTea: желе
ShopBubbleTea,https://shopbubbletea.ru/index.php/component/k2/itemlist/category/25-zhele-dlya-prigotovleniya-bubble-tea-babl-tea,"Сироп ""Яблоко"" 2,5 кг.",Сиропы,2.5 кг,,https://shopbubbletea.ru/index.php/component/k2/item/117-sirop-yabloko-2-5-l,Категория ShopBubbleTea: желе
ShopBubbleTea,https://shopbubbletea.ru/index.php/component/k2/itemlist/category/25-zhele-dlya-prigotovleniya-bubble-tea-babl-tea,Фруктоза в сиропе 5 кг.,Сиропы,5 кг,,https://shopbubbletea.ru/index.php/component/k2/item/128-fruktoza-v-sirope-5-l,Категория ShopBubbleTea: желе
ShopBubbleTea,https://shopbubbletea.ru/index.php/component/k2/itemlist/category/25-zhele-dlya-prigotovleniya-bubble-tea-babl-tea,Сироп Облепиха для лимонада 5 л.,Сиропы,5 л,,https://shopbubbletea.ru/index.php/component/k2/item/935-sirop-oblepikha-5-l-dlya-limonada,Категория ShopBubbleTea: желе
ShopBubbleTea,https://shopbubbletea.ru/index.php/component/k2/itemlist/category/25-zhele-dlya-prigotovleniya-bubble-tea-babl-tea,Стакан двуслойный для горячих напитков в ассортименте (Столицы),Упаковка,,,https://shopbubbletea.ru/index.php/component/k2/item/558-stakan-dvuslojnyj-dlya-goryachikh-napitkov-v-assortimente-stolitsy,Категория ShopBubbleTea: желе
ShopBubbleTea,https://shopbubbletea.ru/index.php/component/k2/itemlist/category/25-zhele-dlya-prigotovleniya-bubble-tea-babl-tea,Смесь для пончиков (донатов) и берлинеров 1 кг.,Сухие смеси,1 кг,,https://shopbubbletea.ru/index.php/component/k2/item/482-smes-dlya-ponchikov-donatov-i-berlinerov-1-kg,Категория ShopBubbleTea: желе
ShopBubbleTea,https://shopbubbletea.ru/index.php/component/k2/itemlist/category/25-zhele-dlya-prigotovleniya-bubble-tea-babl-tea,"Сухая смесь ""Шоколад"" для щербета, граниты, фруктового снега, слаша, 1 кг.",Сухие смеси,1 кг,,https://shopbubbletea.ru/index.php/component/k2/item/692-sukhaya-smes-shokolad-dlya-shcherbeta-granity-fruktovogo-snega-slasha-1-kg,Категория ShopBubbleTea: желе
ShopBubbleTea,https://shopbubbletea.ru/index.php/k2-users/kategorii/itemlist/category/18-shariki-s-sokom-popping-boba-poping-boba-juice-balls-dzhus-bolly-v-moskve,"НАБОР, Джус-Боллы, бабл ти, 50 гр. 6 шт Маракуйя, Манго; черника, апельсин; клубника, мята",Джус-боллы,50 г,800.0,https://shopbubbletea.ru/index.php/k2-users/kategorii/item/1178-nabor-dzhus-bolly-babl-ti-50-gr-6-sht-marakujya-mango-chernika-apelsin-klubnika-myata,Категория ShopBubbleTea: джус-боллы
ShopBubbleTea,https://shopbubbletea.ru/index.php/k2-users/kategorii/itemlist/category/18-shariki-s-sokom-popping-boba-poping-boba-juice-balls-dzhus-bolly-v-moskve,"НАБОР, Джус-Боллы, бабл ти, 50 гр. 6 шт Яблочный йогурт, мята; Маракуйя, черника; клубника, виноград",Джус-боллы,50 г,800.0,https://shopbubbletea.ru/index.php/k2-users/kategorii/item/1176-nabor-dzhus-bolly-babl-ti-50-gr-6-sht,Категория ShopBubbleTea: джус-боллы
ShopBubbleTea,https://shopbubbletea.ru/index.php/k2-users/kategorii/itemlist/category/18-shariki-s-sokom-popping-boba-poping-boba-juice-balls-dzhus-bolly-v-moskve,"НАБОР, Джус-Боллы, бабл ти, 50 гр. 6 шт Яблочный йогурт, зеленое яблоко; апельсин, черника; клубника, виноград",Джус-боллы,50 г,800.0,https://shopbubbletea.ru/index.php/k2-users/kategorii/item/1177-nabor-dzhus-bolly-babl-ti-50-gr-6-sht-yablochnyj-jogurt-zelenoe-yabloko-apelsin-chernika-klubnika-vinograd,Категория ShopBubbleTea: джус-боллы
ShopBubbleTea,https://shopbubbletea.ru/index.php/k2-users/kategorii/itemlist/category/18-shariki-s-sokom-popping-boba-poping-boba-juice-balls-dzhus-bolly-v-moskve,"НАБОР, Джус-Боллы, бабл ти, 50 гр. 6 шт Маракуйя, Манго; черника, персик; клубника, личи",Джус-боллы,50 г,800.0,https://shopbubbletea.ru/index.php/k2-users/kategorii/item/1180-nabor-dzhus-bolly-babl-ti-50-gr-6-sht-marakujya-mango-chernika-persik-klubnika-lichi,Категория ShopBubbleTea: джус-боллы
ShopBubbleTea,https://shopbubbletea.ru/index.php/k2-users/kategorii/itemlist/category/18-shariki-s-sokom-popping-boba-poping-boba-juice-balls-dzhus-bolly-v-moskve,"НАБОР, Джус-Боллы, бабл ти, 50 гр. 6 шт Мята, зеленое яблоко; Апельсин, персик; клубника, личи",Джус-боллы,50 г,800.0,https://shopbubbletea.ru/index.php/k2-users/kategorii/item/1179-nabor-dzhus-bolly-babl-ti-50-gr-6-sht-myata-zelenoe-yabloko-apelsin-persik-klubnika-lichi,Категория ShopBubbleTea: джус-боллы
ShopBubbleTea,https://shopbubbletea.ru/index.php/k2-users/kategorii/itemlist/category/18-shariki-s-sokom-popping-boba-poping-boba-juice-balls-dzhus-bolly-v-moskve,Джус боллы (5),Джус-боллы,,,,Категория ShopBubbleTea: джус-боллы
ShopBubbleTea,https://shopbubbletea.ru/index.php/k2-users/kategorii/itemlist/category/18-shariki-s-sokom-popping-boba-poping-boba-juice-balls-dzhus-bolly-v-moskve,"НАБОР, Джус-Боллы, бабл ти, 50 гр. 6 шт Маракуйя, Манго; черника, апельсин; клубника, мята",Джус-боллы,50 г,,https://shopbubbletea.ru/index.php/k2-users/kategorii/item/1178-nabor-dzhus-bolly-babl-ti-50-gr-6-sht-marakujya-mango-chernika-apelsin-klubnika-myata,Категория ShopBubbleTea: джус-боллы
ShopBubbleTea,https://shopbubbletea.ru/index.php/k2-users/kategorii/itemlist/category/18-shariki-s-sokom-popping-boba-poping-boba-juice-balls-dzhus-bolly-v-moskve,"НАБОР, Джус-Боллы, бабл ти, 50 гр. 6 шт Яблочный йогурт, мята; Маракуйя, черника; клубника, виноград",Джус-боллы,50 г,,https://shopbubbletea.ru/index.php/k2-users/kategorii/item/1176-nabor-dzhus-bolly-babl-ti-50-gr-6-sht,Категория ShopBubbleTea: джус-боллы
ShopBubbleTea,https://shopbubbletea.ru/index.php/k2-users/kategorii/itemlist/category/18-shariki-s-sokom-popping-boba-poping-boba-juice-balls-dzhus-bolly-v-moskve,"НАБОР, Джус-Боллы, бабл ти, 50 гр. 6 шт Яблочный йогурт, зеленое яблоко; апельсин, черника; клубника, виноград",Джус-боллы,50 г,,https://shopbubbletea.ru/index.php/k2-users/kategorii/item/1177-nabor-dzhus-bolly-babl-ti-50-gr-6-sht-yablochnyj-jogurt-zelenoe-yabloko-apelsin-chernika-klubnika-vinograd,Категория ShopBubbleTea: джус-боллы
ShopBubbleTea,https://shopbubbletea.ru/index.php/k2-users/kategorii/itemlist/category/18-shariki-s-sokom-popping-boba-poping-boba-juice-balls-dzhus-bolly-v-moskve,"НАБОР, Джус-Боллы, бабл ти, 50 гр. 6 шт Маракуйя, Манго; черника, персик; клубника, личи",Джус-боллы,50 г,,https://shopbubbletea.ru/index.php/k2-users/kategorii/item/1180-nabor-dzhus-bolly-babl-ti-50-gr-6-sht-marakujya-mango-chernika-persik-klubnika-lichi,Категория ShopBubbleTea: джус-боллы
ShopBubbleTea,https://shopbubbletea.ru/index.php/k2-users/kategorii/itemlist/category/18-shariki-s-sokom-popping-boba-poping-boba-juice-balls-dzhus-bolly-v-moskve,"НАБОР, Джус-Боллы, бабл ти, 50 гр. 6 шт Мята, зеленое яблоко; Апельсин, персик; клубника, личи",Джус-боллы,50 г,,https://shopbubbletea.ru/index.php/k2-users/kategorii/item/1179-nabor-dzhus-bolly-babl-ti-50-gr-6-sht-myata-zelenoe-yabloko-apelsin-persik-klubnika-lichi,Категория ShopBubbleTea: джус-боллы
ShopBubbleTea,https://shopbubbletea.ru/index.php/k2-users/kategorii/itemlist/category/18-shariki-s-sokom-popping-boba-poping-boba-juice-balls-dzhus-bolly-v-moskve,Джус боллы (5),Джус-боллы,,,https://shopbubbletea.ru/index.php/k2-users/kategorii/itemlist/category/18-shariki-s-sokom-popping-boba-poping-boba-juice-balls-dzhus-bolly-v-moskve,Категория ShopBubbleTea: джус-боллы
ShopBubbleTea,https://shopbubbletea.ru/index.php/k2-users/kategorii/itemlist/category/18-shariki-s-sokom-popping-boba-poping-boba-juice-balls-dzhus-bolly-v-moskve,Тапиока (28),Тапиока,,,https://shopbubbletea.ru/index.php/k2-users/kategorii/itemlist/category/100-tapioka,Категория ShopBubbleTea: джус-боллы
ShopBubbleTea,https://shopbubbletea.ru/index.php/k2-users/kategorii/itemlist/category/18-shariki-s-sokom-popping-boba-poping-boba-juice-balls-dzhus-bolly-v-moskve,Желе (Кусочки Кокоса) (9),Желе,,,https://shopbubbletea.ru/index.php/k2-users/kategorii/itemlist/category/25-zhele-dlya-prigotovleniya-bubble-tea-babl-tea,Категория ShopBubbleTea: джус-боллы
ShopBubbleTea,https://shopbubbletea.ru/index.php/k2-users/kategorii/itemlist/category/18-shariki-s-sokom-popping-boba-poping-boba-juice-balls-dzhus-bolly-v-moskve,Сиропы (22),Сиропы,,,https://shopbubbletea.ru/index.php/k2-users/kategorii/itemlist/category/24-siropy-dlya-prigotovleniya-bubble-tea-babl-tea,Категория ShopBubbleTea: джус-боллы
ShopBubbleTea,https://shopbubbletea.ru/index.php/k2-users/kategorii/itemlist/category/18-shariki-s-sokom-popping-boba-poping-boba-juice-balls-dzhus-bolly-v-moskve,Чай и Кофе (16),Чай,,,https://shopbubbletea.ru/index.php/k2-users/kategorii/itemlist/category/27-tapioka-bubble-tea-babl-tea,Категория ShopBubbleTea: джус-боллы
ShopBubbleTea,https://shopbubbletea.ru/index.php/k2-users/kategorii/itemlist/category/18-shariki-s-sokom-popping-boba-poping-boba-juice-balls-dzhus-bolly-v-moskve,Барные сиропы и лимонад (0),Сиропы,,,https://shopbubbletea.ru/index.php/k2-users/kategorii/itemlist/category/59-shariki-s-sokom-popping-boba-poping-boba-juice-balls-dzhus-bolly-v-moskve,Категория ShopBubbleTea: джус-боллы
ShopBubbleTea,https://shopbubbletea.ru/index.php/k2-users/kategorii/itemlist/category/18-shariki-s-sokom-popping-boba-poping-boba-juice-balls-dzhus-bolly-v-moskve,Сиропы для лимонада (27),Сиропы,,,https://shopbubbletea.ru/index.php/k2-users/kategorii/itemlist/category/102-siropy-dlya-limonada,Категория ShopBubbleTea: джус-боллы
ShopBubbleTea,https://shopbubbletea.ru/index.php/k2-users/kategorii/itemlist/category/18-shariki-s-sokom-popping-boba-poping-boba-juice-balls-dzhus-bolly-v-moskve,Сиропы для молочно-фруктовых коктейлей (17),Сиропы,,,https://shopbubbletea.ru/index.php/k2-users/kategorii/itemlist/category/103-siropy-dlya-molochno-fruktovykh-koktejlej,Категория ShopBubbleTea: джус-боллы
ShopBubbleTea,https://shopbubbletea.ru/index.php/k2-users/kategorii/itemlist/category/18-shariki-s-sokom-popping-boba-poping-boba-juice-balls-dzhus-bolly-v-moskve,"Сиропы поливочные, наполнители и глазурь для мороженого и десертов (25)",Сиропы,,,https://shopbubbletea.ru/index.php/k2-users/kategorii/itemlist/category/39-siropy-polivochnye-napolniteli-i-glazur-dlya-morozhenogo-i-desertov,Категория ShopBubbleTea: джус-боллы
ShopBubbleTea,https://shopbubbletea.ru/index.php/k2-users/kategorii/itemlist/category/18-shariki-s-sokom-popping-boba-poping-boba-juice-balls-dzhus-bolly-v-moskve,Сироп Абрикос для лимонада 5 л.,Сиропы,5 л,,https://shopbubbletea.ru/index.php/k2-users/kategorii/item/519-sirop-abrikos-dlya-limonada-5-l,Категория ShopBubbleTea: джус-боллы
ShopBubbleTea,https://shopbubbletea.ru/index.php/k2-users/kategorii/itemlist/category/18-shariki-s-sokom-popping-boba-poping-boba-juice-balls-dzhus-bolly-v-moskve,Смесь для Панакоты Шоколад 1 кг. (Panna Cotta),Сухие смеси,1 кг,,https://shopbubbletea.ru/index.php/k2-users/kategorii/item/926-smes-dlya-panakoty-shokolad-1-kg-panna-cotta,Категория ShopBubbleTea: джус-боллы
ShopBubbleTea,https://shopbubbletea.ru/index.php/k2-users/kategorii/itemlist/category/18-shariki-s-sokom-popping-boba-poping-boba-juice-balls-dzhus-bolly-v-moskve,Сироп Лесная ягода для лимонада 5 л.,Сиропы,5 л,,https://shopbubbletea.ru/index.php/k2-users/kategorii/item/939-sirop-lesnaya-yagoda-dlya-limonada-5-l,Категория ShopBubbleTea: джус-боллы
ShopBubbleTea,https://shopbubbletea.ru/index.php/k2-users/kategorii/itemlist/category/18-shariki-s-sokom-popping-boba-poping-boba-juice-balls-dzhus-bolly-v-moskve,"Джус-боллы ""Маракуйя"" 950 гр.",Джус-боллы,950 г,,https://shopbubbletea.ru/index.php/k2-users/kategorii/item/866-dzhus-bolly-marakujya-950-gr,Категория ShopBubbleTea: джус-боллы
ShopBubbleTea,https://shopbubbletea.ru/index.php/k2-users/kategorii/itemlist/category/18-shariki-s-sokom-popping-boba-poping-boba-juice-balls-dzhus-bolly-v-moskve,"Джус-боллы ""Лаванда"" 3,4 кг.",Джус-боллы,3.4 кг,,https://shopbubbletea.ru/index.php/k2-users/kategorii/item/849-dzhus-bolly-lavanda,Категория ShopBubbleTea: джус-боллы
ShopBubbleTea,https://shopbubbletea.ru/index.php/k2-users/kategorii/itemlist/category/18-shariki-s-sokom-popping-boba-poping-boba-juice-balls-dzhus-bolly-v-moskve,"Сухая смесь ""Бабл Гам"" для щербета, граниты, фруктового снега, слаша, 1 кг.",Сухие смеси,1 кг,,https://shopbubbletea.ru/index.php/k2-users/kategorii/item/376-sukhaya-smes-babl-gam-dlya-shcherbeta-granity-fruktovogo-snega-slasha-1-kg,Категория ShopBubbleTea: джус-боллы
ShopBubbleTea,https://shopbubbletea.ru/index.php/k2-users/kategorii/itemlist/category/18-shariki-s-sokom-popping-boba-poping-boba-juice-balls-dzhus-bolly-v-moskve,Церемониальный японский порошковый зеленый чай матча 100 гр,Чай,100 г,,https://shopbubbletea.ru/index.php/k2-users/kategorii/item/794-tseremonialnyj-yaponskij-poroshkovyj-zelenyj-chaj-matcha-100-gr,Категория ShopBubbleTea: джус-боллы
ShopBubbleTea,https://shopbubbletea.ru/index.php/k2-users/kategorii/itemlist/category/18-shariki-s-sokom-popping-boba-poping-boba-juice-balls-dzhus-bolly-v-moskve,Сироп Ирландский Крем для лимонада 5 л.,Сиропы,5 л,,https://shopbubbletea.ru/index.php/k2-users/kategorii/item/948-sirop-irlandskij-krem-dlya-limonada-5-l,Категория ShopBubbleTea: джус-боллы
ShopBubbleTea,https://shopbubbletea.ru/index.php/k2-users/kategorii/itemlist/category/18-shariki-s-sokom-popping-boba-poping-boba-juice-balls-dzhus-bolly-v-moskve,"Набор из 6 силиконовых форм для маффинов и желе ""Овал"". Размер 7,5х5,5см, высота 3см",Желе,,,https://shopbubbletea.ru/index.php/k2-users/kategorii/item/766-nabor-iz-6-silikonovykh-form-dlya-maffinov-i-zhele-oval-razmer-7-5kh5-5sm-vysota-3sm,Категория ShopBubbleTea: джус-боллы
ShopBubbleTea,https://shopbubbletea.ru/index.php/k2-users/kategorii/itemlist/category/18-shariki-s-sokom-popping-boba-poping-boba-juice-balls-dzhus-bolly-v-moskve,"Джус-боллы ""Апельсин"" 1.25 кг",Джус-боллы,1.25 кг,,https://shopbubbletea.ru/index.php/k2-users/kategorii/item/869-dzhus-bolly-apelsin-1-25-kg,Категория ShopBubbleTea: джус-боллы
ShopBubbleTea,https://shopbubbletea.ru/index.php/k2-users/kategorii/itemlist/category/18-shariki-s-sokom-popping-boba-poping-boba-juice-balls-dzhus-bolly-v-moskve,"Джус-боллы ""Мята"" 3 кг",Джус-боллы,3 кг,,https://shopbubbletea.ru/index.php/k2-users/kategorii/item/1120-dzhus-bolly-myata-3-kg,Категория ShopBubbleTea: джус-боллы
ShopBubbleTea,https://shopbubbletea.ru/index.php/k2-users/kategorii/itemlist/category/18-shariki-s-sokom-popping-boba-poping-boba-juice-balls-dzhus-bolly-v-moskve,Смесь Гонконгские вафли Розовые 1 кг.,Сухие смеси,1 кг,,https://shopbubbletea.ru/index.php/k2-users/kategorii/item/754-smes-gonkongskie-vafli-rozovye-1-kg,Категория ShopBubbleTea: джус-боллы
ShopBubbleTea,https://shopbubbletea.ru/index.php/k2-users/kategorii/itemlist/category/18-shariki-s-sokom-popping-boba-poping-boba-juice-balls-dzhus-bolly-v-moskve,Сироп Шоколад для лимонада 5 л.,Сиропы,5 л,,https://shopbubbletea.ru/index.php/k2-users/kategorii/item/929-sirop-shokolad-dlya-limonada-5-l,Категория ShopBubbleTea: джус-боллы
ShopBubbleTea,https://shopbubbletea.ru/index.php/k2-users/kategorii/itemlist/category/18-shariki-s-sokom-popping-boba-poping-boba-juice-balls-dzhus-bolly-v-moskve,"""Шоколад"". Сироп поливочный.",Сиропы,,,https://shopbubbletea.ru/index.php/k2-users/kategorii/item/215-shokolad-sirop-polivochnyj,Категория ShopBubbleTea: джус-боллы
ShopBubbleTea,https://shopbubbletea.ru/index.php/k2-users/kategorii/itemlist/category/18-shariki-s-sokom-popping-boba-poping-boba-juice-balls-dzhus-bolly-v-moskve,"Сухая смесь ""Глинтвейн"" для щербета, граниты, фруктового снега, слаша, 1 кг.",Сухие смеси,1 кг,,https://shopbubbletea.ru/index.php/k2-users/kategorii/item/688-sukhaya-smes-glintvejn-dlya-shcherbeta-granity-fruktovogo-snega-slasha-1-kg,Категория ShopBubbleTea: джус-боллы
ShopBubbleTea,https://shopbubbletea.ru/index.php/prajs/itemlist/category/101-posuda-i-aksessuary,Трубочка цветная заостренная 210x12 мм. (каждая трубочка упакована),Упаковка,,3.0,https://shopbubbletea.ru/index.php/prajs/item/163-solominki-dlya-koktejlej-bubble-tea-210x12mm,Категория ShopBubbleTea: посуда и аксессуары
ShopBubbleTea,https://shopbubbletea.ru/index.php/prajs/itemlist/category/101-posuda-i-aksessuary,Плёнка для запечатывания стаканов,Упаковка,,3.0,https://shopbubbletea.ru/index.php/prajs/item/102-pljonka-dlya-zapechatyvaniya-stakanov,Категория ShopBubbleTea: посуда и аксессуары
ShopBubbleTea,https://shopbubbletea.ru/index.php/prajs/itemlist/category/101-posuda-i-aksessuary,Плёнка для запечатывания стаканов,Упаковка,,2800.0,https://shopbubbletea.ru/index.php/prajs/item/102-pljonka-dlya-zapechatyvaniya-stakanov,Категория ShopBubbleTea: посуда и аксессуары
ShopBubbleTea,https://shopbubbletea.ru/index.php/prajs/itemlist/category/101-posuda-i-aksessuary,Стакан мягкий (7 гр.) пластиковый прозрачный без рисунка 500 мл,Упаковка,7 г,3.0,https://shopbubbletea.ru/index.php/prajs/item/248-stakan-plastikovyj-s-risunkom-possmei-500-ml,Категория ShopBubbleTea: посуда и аксессуары
ShopBubbleTea,https://shopbubbletea.ru/index.php/prajs/itemlist/category/101-posuda-i-aksessuary,Стакан мягкий (7 гр.) пластиковый прозрачный без рисунка 500 мл,Упаковка,7 г,5.0,https://shopbubbletea.ru/index.php/prajs/item/248-stakan-plastikovyj-s-risunkom-possmei-500-ml,Категория ShopBubbleTea: посуда и аксессуары
ShopBubbleTea,https://shopbubbletea.ru/index.php/prajs/itemlist/category/101-posuda-i-aksessuary,Ложка для выкладки джус-боллов и желе,Джус-боллы,,3.0,https://shopbubbletea.ru/index.php/prajs/item/150-lozhka-dlya-vykladki-dzhus-bollov-i-zhele,Категория ShopBubbleTea: посуда и аксессуары
ShopBubbleTea,https://shopbubbletea.ru/index.php/prajs/itemlist/category/101-posuda-i-aksessuary,Ложка для выкладки джус-боллов и желе,Джус-боллы,,400.0,https://shopbubbletea.ru/index.php/prajs/item/150-lozhka-dlya-vykladki-dzhus-bollov-i-zhele,Категория ShopBubbleTea: посуда и аксессуары
ShopBubbleTea,https://shopbubbletea.ru/index.php/prajs/itemlist/category/101-posuda-i-aksessuary,"Помпа-дозатор для сиропа, доза 30 мл",Сиропы,30 мл,3.0,https://shopbubbletea.ru/index.php/prajs/item/243-pompa-dozator-dlya-siropa-doza-30-ml,Категория ShopBubbleTea: посуда и аксессуары
ShopBubbleTea,https://shopbubbletea.ru/index.php/prajs/itemlist/category/101-posuda-i-aksessuary,"Помпа-дозатор для сиропа, доза 30 мл",Сиропы,30 мл,650.0,https://shopbubbletea.ru/index.php/prajs/item/243-pompa-dozator-dlya-siropa-doza-30-ml,Категория ShopBubbleTea: посуда и аксессуары
ShopBubbleTea,https://shopbubbletea.ru/index.php/prajs/itemlist/category/101-posuda-i-aksessuary,Ложка-шумовка для джус-боллов и желе,Джус-боллы,,3.0,https://shopbubbletea.ru/index.php/prajs/item/149-lozhka-shumovka,Категория ShopBubbleTea: посуда и аксессуары
ShopBubbleTea,https://shopbubbletea.ru/index.php/prajs/itemlist/category/101-posuda-i-aksessuary,Ложка-шумовка для джус-боллов и желе,Джус-боллы,,400.0,https://shopbubbletea.ru/index.php/prajs/item/149-lozhka-shumovka,Категория ShopBubbleTea: посуда и аксессуары
ShopBubbleTea,https://shopbubbletea.ru/index.php/prajs/itemlist/category/101-posuda-i-aksessuary,"Сито для джус-боллов D 6,5 см",Джус-боллы,,3.0,https://shopbubbletea.ru/index.php/prajs/item/235-sito-dlya-dzhus-bollov-d-6-5-sm,Категория ShopBubbleTea: посуда и аксессуары
ShopBubbleTea,https://shopbubbletea.ru/index.php/prajs/itemlist/category/101-posuda-i-aksessuary,"Сито для джус-боллов D 6,5 см",Джус-боллы,,200.0,https://shopbubbletea.ru/index.php/prajs/item/235-sito-dlya-dzhus-bollov-d-6-5-sm,Категория ShopBubbleTea: посуда и аксессуары
ShopBubbleTea,https://shopbubbletea.ru/index.php/prajs/itemlist/category/101-posuda-i-aksessuary,Ложка-шумовка с зубьями для джус-боллов и желе,Джус-боллы,,3.0,https://shopbubbletea.ru/index.php/prajs/item/234-lozhka-shumovka-s-zubyami-dlya-dzhus-bollov-i-zhele,Категория ShopBubbleTea: посуда и аксессуары
ShopBubbleTea,https://shopbubbletea.ru/index.php/prajs/itemlist/category/101-posuda-i-aksessuary,Ложка-шумовка с зубьями для джус-боллов и желе,Джус-боллы,,529.0,https://shopbubbletea.ru/index.php/prajs/item/234-lozhka-shumovka-s-zubyami-dlya-dzhus-bollov-i-zhele,Категория ShopBubbleTea: посуда и аксессуары
ShopBubbleTea,https://shopbubbletea.ru/index.php/prajs/itemlist/category/101-posuda-i-aksessuary,"Сито для желе D 7,5 см",Желе,,3.0,https://shopbubbletea.ru/index.php/prajs/item/236-sito-dlya-zhele-d-7-5-sm,Категория ShopBubbleTea: посуда и аксессуары
ShopBubbleTea,https://shopbubbletea.ru/index.php/prajs/itemlist/category/101-posuda-i-aksessuary,"Сито для желе D 7,5 см",Желе,,220.0,https://shopbubbletea.ru/index.php/prajs/item/236-sito-dlya-zhele-d-7-5-sm,Категория ShopBubbleTea: посуда и аксессуары
ShopBubbleTea,https://shopbubbletea.ru/index.php/prajs/itemlist/category/101-posuda-i-aksessuary,Стакан плотный (10 гр.) пластиковый прозрачный без рисунка 500 мл.,Упаковка,10 г,3.0,https://shopbubbletea.ru/index.php/prajs/item/626-stakan-plastikovyj-prozrachnyj-bez-risunka-700-ml,Категория ShopBubbleTea: посуда и аксессуары
ShopBubbleTea,https://shopbubbletea.ru/index.php/prajs/itemlist/category/101-posuda-i-aksessuary,Стакан плотный (10 гр.) пластиковый прозрачный без рисунка 500 мл.,Упаковка,10 г,12.0,https://shopbubbletea.ru/index.php/prajs/item/626-stakan-plastikovyj-prozrachnyj-bez-risunka-700-ml,Категория ShopBubbleTea: посуда и аксессуары
ShopBubbleTea,https://shopbubbletea.ru/index.php/prajs/itemlist/category/101-posuda-i-aksessuary,Стакан спаренный плотный (45 гр.) пластиковый прозрачный без рисунка 700 мл.,Упаковка,45 г,3.0,https://shopbubbletea.ru/index.php/prajs/item/670-stakan-sparennyj-plotnyj-45-gr-plastikovyj-prozrachnyj-bez-risunka-700-ml,Категория ShopBubbleTea: посуда и аксессуары
ShopBubbleTea,https://shopbubbletea.ru/index.php/prajs/itemlist/category/101-posuda-i-aksessuary,Стакан спаренный плотный (45 гр.) пластиковый прозрачный без рисунка 700 мл.,Упаковка,45 г,21.0,https://shopbubbletea.ru/index.php/prajs/item/670-stakan-sparennyj-plotnyj-45-gr-plastikovyj-prozrachnyj-bez-risunka-700-ml,Категория ShopBubbleTea: посуда и аксессуары
ShopBubbleTea,https://shopbubbletea.ru/index.php/prajs/itemlist/category/101-posuda-i-aksessuary,Плёнка прозрачная для запечатывания стакана,Упаковка,,3.0,https://shopbubbletea.ru/index.php/prajs/item/671-pljonka-prozrachnaya-dlya-zapechatyvaniya-stakana,Категория ShopBubbleTea: посуда и аксессуары
ShopBubbleTea,https://shopbubbletea.ru/index.php/prajs/itemlist/category/101-posuda-i-aksessuary,Плёнка прозрачная для запечатывания стакана,Упаковка,,2500.0,https://shopbubbletea.ru/index.php/prajs/item/671-pljonka-prozrachnaya-dlya-zapechatyvaniya-stakana,Категория ShopBubbleTea: посуда и аксессуары
ShopBubbleTea,https://shopbubbletea.ru/index.php/prajs/itemlist/category/101-posuda-i-aksessuary,Купольная крышка под плотные стаканы 500 мл. и 650 мл.,Упаковка,500 мл,3.0,https://shopbubbletea.ru/index.php/prajs/item/669-kupolnaya-kryshka-pod-plotnye-stakany-500-ml-i-650-ml,Категория ShopBubbleTea: посуда и аксессуары
ShopBubbleTea,https://shopbubbletea.ru/index.php/prajs/itemlist/category/101-posuda-i-aksessuary,Купольная крышка под плотные стаканы 500 мл. и 650 мл.,Упаковка,500 мл,5.0,https://shopbubbletea.ru/index.php/prajs/item/669-kupolnaya-kryshka-pod-plotnye-stakany-500-ml-i-650-ml,Категория ShopBubbleTea: посуда и аксессуары
ShopBubbleTea,https://shopbubbletea.ru/index.php/prajs/itemlist/category/101-posuda-i-aksessuary,Трубочка чёрная 210x11 мм. с заостренным окончанием,Упаковка,,3.0,https://shopbubbletea.ru/index.php/prajs/item/720-trubochka-chjornaya-210x11-mm-s-zaostrennym-okonchaniem,Категория ShopBubbleTea: посуда и аксессуары
ShopBubbleTea,https://shopbubbletea.ru/index.php/prajs/itemlist/category/101-posuda-i-aksessuary,Стакан пластиковый плотный (12 гр.) прозрачный без рисунка 650 мл.,Упаковка,12 г,3.0,https://shopbubbletea.ru/index.php/prajs/item/668-stakan-plastikovyj-s-risunkom-possmei-500-ml,Категория ShopBubbleTea: посуда и аксессуары
ShopBubbleTea,https://shopbubbletea.ru/index.php/prajs/itemlist/category/101-posuda-i-aksessuary,Стакан пластиковый плотный (12 гр.) прозрачный без рисунка 650 мл.,Упаковка,12 г,13.0,https://shopbubbletea.ru/index.php/prajs/item/668-stakan-plastikovyj-s-risunkom-possmei-500-ml,Категория ShopBubbleTea: посуда и аксессуары
ShopBubbleTea,https://shopbubbletea.ru/index.php/prajs/itemlist/category/101-posuda-i-aksessuary,"Дозатор канистровый для сиропов для лимонада 5 л., длина трубки 250 мм.",Сиропы,5 л,3.0,https://shopbubbletea.ru/index.php/prajs/item/717-dozator-kanistrovyj-dlya-siropov-dlya-limonada-5-l-dlina-trubki-250-mm,Категория ShopBubbleTea: посуда и аксессуары
ShopBubbleTea,https://shopbubbletea.ru/index.php/prajs/itemlist/category/101-posuda-i-aksessuary,"Дозатор канистровый для сиропов для лимонада 5 л., длина трубки 250 мм.",Сиропы,5 л,500.0,https://shopbubbletea.ru/index.php/prajs/item/717-dozator-kanistrovyj-dlya-siropov-dlya-limonada-5-l-dlina-trubki-250-mm,Категория ShopBubbleTea: посуда и аксессуары
ShopBubbleTea,https://shopbubbletea.ru/index.php/prajs/itemlist/category/101-posuda-i-aksessuary,Трубочка цветная заостренная 210x12 мм. (каждая трубочка упакована),Упаковка,,,https://shopbubbletea.ru/index.php/prajs/item/163-solominki-dlya-koktejlej-bubble-tea-210x12mm,Категория ShopBubbleTea: посуда и аксессуары
ShopBubbleTea,https://shopbubbletea.ru/index.php/prajs/itemlist/category/101-posuda-i-aksessuary,Стакан мягкий (7 гр.) пластиковый прозрачный без рисунка 500 мл,Упаковка,7 г,,https://shopbubbletea.ru/index.php/prajs/item/248-stakan-plastikovyj-s-risunkom-possmei-500-ml,Категория ShopBubbleTea: посуда и аксессуары
ShopBubbleTea,https://shopbubbletea.ru/index.php/prajs/itemlist/category/101-posuda-i-aksessuary,Ложка для выкладки джус-боллов и желе,Джус-боллы,,,https://shopbubbletea.ru/index.php/prajs/item/150-lozhka-dlya-vykladki-dzhus-bollov-i-zhele,Категория ShopBubbleTea: посуда и аксессуары
ShopBubbleTea,https://shopbubbletea.ru/index.php/prajs/itemlist/category/101-posuda-i-aksessuary,"Помпа-дозатор для сиропа, доза 30 мл",Сиропы,30 мл,,https://shopbubbletea.ru/index.php/prajs/item/243-pompa-dozator-dlya-siropa-doza-30-ml,Категория ShopBubbleTea: посуда и аксессуары
ShopBubbleTea,https://shopbubbletea.ru/index.php/prajs/itemlist/category/101-posuda-i-aksessuary,Ложка-шумовка для джус-боллов и желе,Джус-боллы,,,https://shopbubbletea.ru/index.php/prajs/item/149-lozhka-shumovka,Категория ShopBubbleTea: посуда и аксессуары
ShopBubbleTea,https://shopbubbletea.ru/index.php/prajs/itemlist/category/101-posuda-i-aksessuary,"Сито для джус-боллов D 6,5 см",Джус-боллы,,,https://shopbubbletea.ru/index.php/prajs/item/235-sito-dlya-dzhus-bollov-d-6-5-sm,Категория ShopBubbleTea: посуда и аксессуары
ShopBubbleTea,https://shopbubbletea.ru/index.php/prajs/itemlist/category/101-posuda-i-aksessuary,Ложка-шумовка с зубьями для джус-боллов и желе,Джус-боллы,,,https://shopbubbletea.ru/index.php/prajs/item/234-lozhka-shumovka-s-zubyami-dlya-dzhus-bollov-i-zhele,Категория ShopBubbleTea: посуда и аксессуары
ShopBubbleTea,https://shopbubbletea.ru/index.php/prajs/itemlist/category/101-posuda-i-aksessuary,"Сито для желе D 7,5 см",Желе,,,https://shopbubbletea.ru/index.php/prajs/item/236-sito-dlya-zhele-d-7-5-sm,Категория ShopBubbleTea: посуда и аксессуары
ShopBubbleTea,https://shopbubbletea.ru/index.php/prajs/itemlist/category/101-posuda-i-aksessuary,Стакан плотный (10 гр.) пластиковый прозрачный без рисунка 500 мл.,Упаковка,10 г,,https://shopbubbletea.ru/index.php/prajs/item/626-stakan-plastikovyj-prozrachnyj-bez-risunka-700-ml,Категория ShopBubbleTea: посуда и аксессуары
ShopBubbleTea,https://shopbubbletea.ru/index.php/prajs/itemlist/category/101-posuda-i-aksessuary,Стакан спаренный плотный (45 гр.) пластиковый прозрачный без рисунка 700 мл.,Упаковка,45 г,,https://shopbubbletea.ru/index.php/prajs/item/670-stakan-sparennyj-plotnyj-45-gr-plastikovyj-prozrachnyj-bez-risunka-700-ml,Категория ShopBubbleTea: посуда и аксессуары
ShopBubbleTea,https://shopbubbletea.ru/index.php/prajs/itemlist/category/101-posuda-i-aksessuary,Купольная крышка под плотные стаканы 500 мл. и 650 мл.,Упаковка,500 мл,,https://shopbubbletea.ru/index.php/prajs/item/669-kupolnaya-kryshka-pod-plotnye-stakany-500-ml-i-650-ml,Категория ShopBubbleTea: посуда и аксессуары
ShopBubbleTea,https://shopbubbletea.ru/index.php/prajs/itemlist/category/101-posuda-i-aksessuary,Трубочка чёрная 210x11 мм. с заостренным окончанием,Упаковка,,,https://shopbubbletea.ru/index.php/prajs/item/720-trubochka-chjornaya-210x11-mm-s-zaostrennym-okonchaniem,Категория ShopBubbleTea: посуда и аксессуары
ShopBubbleTea,https://shopbubbletea.ru/index.php/prajs/itemlist/category/101-posuda-i-aksessuary,Стакан пластиковый плотный (12 гр.) прозрачный без рисунка 650 мл.,Упаковка,12 г,,https://shopbubbletea.ru/index.php/prajs/item/668-stakan-plastikovyj-s-risunkom-possmei-500-ml,Категория ShopBubbleTea: посуда и аксессуары
ShopBubbleTea,https://shopbubbletea.ru/index.php/prajs/itemlist/category/101-posuda-i-aksessuary,"Дозатор канистровый для сиропов для лимонада 5 л., длина трубки 250 мм.",Сиропы,5 л,,https://shopbubbletea.ru/index.php/prajs/item/717-dozator-kanistrovyj-dlya-siropov-dlya-limonada-5-l-dlina-trubki-250-mm,Категория ShopBubbleTea: посуда и аксессуары
ShopBubbleTea,https://shopbubbletea.ru/index.php/prajs/itemlist/category/101-posuda-i-aksessuary,Джус боллы (5),Джус-боллы,,,https://shopbubbletea.ru/index.php/k2-users/kategorii/itemlist/category/18-shariki-s-sokom-popping-boba-poping-boba-juice-balls-dzhus-bolly-v-moskve,Категория ShopBubbleTea: посуда и аксессуары
ShopBubbleTea,https://shopbubbletea.ru/index.php/prajs/itemlist/category/101-posuda-i-aksessuary,Тапиока (28),Тапиока,,,https://shopbubbletea.ru/index.php/prajs/itemlist/category/100-tapioka,Категория ShopBubbleTea: посуда и аксессуары
ShopBubbleTea,https://shopbubbletea.ru/index.php/prajs/itemlist/category/101-posuda-i-aksessuary,Желе (Кусочки Кокоса) (9),Желе,,,https://shopbubbletea.ru/index.php/prajs/itemlist/category/25-zhele-dlya-prigotovleniya-bubble-tea-babl-tea,Категория ShopBubbleTea: посуда и аксессуары
ShopBubbleTea,https://shopbubbletea.ru/index.php/prajs/itemlist/category/101-posuda-i-aksessuary,Сиропы (22),Сиропы,,,https://shopbubbletea.ru/index.php/prajs/itemlist/category/24-siropy-dlya-prigotovleniya-bubble-tea-babl-tea,Категория ShopBubbleTea: посуда и аксессуары
ShopBubbleTea,https://shopbubbletea.ru/index.php/prajs/itemlist/category/101-posuda-i-aksessuary,Чай и Кофе (16),Чай,,,https://shopbubbletea.ru/index.php/prajs/itemlist/category/27-tapioka-bubble-tea-babl-tea,Категория ShopBubbleTea: посуда и аксессуары
ShopBubbleTea,https://shopbubbletea.ru/index.php/prajs/itemlist/category/101-posuda-i-aksessuary,Барные сиропы и лимонад (0),Сиропы,,,https://shopbubbletea.ru/index.php/prajs/itemlist/category/59-shariki-s-sokom-popping-boba-poping-boba-juice-balls-dzhus-bolly-v-moskve,Категория ShopBubbleTea: посуда и аксессуары
ShopBubbleTea,https://shopbubbletea.ru/index.php/prajs/itemlist/category/101-posuda-i-aksessuary,Сиропы для лимонада (27),Сиропы,,,https://shopbubbletea.ru/index.php/prajs/itemlist/category/102-siropy-dlya-limonada,Категория ShopBubbleTea: посуда и аксессуары
ShopBubbleTea,https://shopbubbletea.ru/index.php/prajs/itemlist/category/101-posuda-i-aksessuary,Сиропы для молочно-фруктовых коктейлей (17),Сиропы,,,https://shopbubbletea.ru/index.php/prajs/itemlist/category/103-siropy-dlya-molochno-fruktovykh-koktejlej,Категория ShopBubbleTea: посуда и аксессуары
ShopBubbleTea,https://shopbubbletea.ru/index.php/prajs/itemlist/category/101-posuda-i-aksessuary,"Сиропы поливочные, наполнители и глазурь для мороженого и десертов (25)",Сиропы,,,https://shopbubbletea.ru/index.php/prajs/itemlist/category/39-siropy-polivochnye-napolniteli-i-glazur-dlya-morozhenogo-i-desertov,Категория ShopBubbleTea: посуда и аксессуары
ShopBubbleTea,https://shopbubbletea.ru/index.php/prajs/itemlist/category/101-posuda-i-aksessuary,"Джус-боллы ""Ананас"" 3,4 кг.",Джус-боллы,3.4 кг,,https://shopbubbletea.ru/index.php/k2-users/kategorii/item/653-poping-boba-dzhus-bolly-shariki-s-sokom-apelsin-popping-boba-juice-balls,Категория ShopBubbleTea: посуда и аксессуары
ShopBubbleTea,https://shopbubbletea.ru/index.php/prajs/itemlist/category/101-posuda-i-aksessuary,"Джус-боллы ""Гранат"" 3,4 кг.",Джус-боллы,3.4 кг,,https://shopbubbletea.ru/index.php/k2-users/kategorii/item/110-poping-boba-dzhus-bolly-shariki-s-sokom-sliva-popping-boba-juice-balls,Категория ShopBubbleTea: посуда и аксессуары
ShopBubbleTea,https://shopbubbletea.ru/index.php/prajs/itemlist/category/101-posuda-i-aksessuary,Сироп Сливочный для лимонада 5 л.,Сиропы,5 л,,https://shopbubbletea.ru/index.php/prajs/item/934-sirop-slivochnyj-dlya-limonada-5-l,Категория ShopBubbleTea: посуда и аксессуары
ShopBubbleTea,https://shopbubbletea.ru/index.php/prajs/itemlist/category/101-posuda-i-aksessuary,Сироп Барбарис для лимонада 5 л.,Сиропы,5 л,,https://shopbubbletea.ru/index.php/prajs/item/953-sirop-barbaris-dlya-limonada-5-l,Категория ShopBubbleTea: посуда и аксессуары
ShopBubbleTea,https://shopbubbletea.ru/index.php/prajs/itemlist/category/101-posuda-i-aksessuary,"Сироп ""Клубника"" для фруктовых и молочно-фруктовых коктейлей 2,7 кг.",Сиропы,2.7 кг,,https://shopbubbletea.ru/index.php/prajs/item/961-sirop-klubnika-dlya-fruktovykh-i-molochno-fruktovykh-koktejlej-2-7-kg,Категория ShopBubbleTea: посуда и аксессуары
ShopBubbleTea,https://shopbubbletea.ru/index.php/prajs/itemlist/category/101-posuda-i-aksessuary,"Джус-боллы ""Апельсин"" 1.25 кг",Джус-боллы,1.25 кг,,https://shopbubbletea.ru/index.php/k2-users/kategorii/item/869-dzhus-bolly-apelsin-1-25-kg,Категория ShopBubbleTea: посуда и аксессуары
ShopBubbleTea,https://shopbubbletea.ru/index.php/prajs/itemlist/category/101-posuda-i-aksessuary,"Сухая смесь для коктейля 1,5 кг. СССР",Сухие смеси,1.5 кг,,https://shopbubbletea.ru/index.php/prajs/item/1019-sukhaya-smes-dlya-koktejlya-1-5-kg-sssr,Категория ShopBubbleTea: посуда и аксессуары
ShopBubbleTea,https://shopbubbletea.ru/index.php/prajs/itemlist/category/101-posuda-i-aksessuary,"Сироп ""Лесная Ягода"" для фруктовых и молочно-фруктовых коктейлей 2,7 кг.",Сиропы,2.7 кг,,https://shopbubbletea.ru/index.php/prajs/item/959-sirop-lesnaya-yagoda-dlya-fruktovykh-i-molochno-fruktovykh-koktejlej-2-7-kg,Категория ShopBubbleTea: посуда и аксессуары
ShopBubbleTea,https://shopbubbletea.ru/index.php/prajs/itemlist/category/101-posuda-i-aksessuary,"Желе ""Яблоко"" 4 кг.",Желе,4 кг,,https://shopbubbletea.ru/index.php/prajs/item/131-zelennoe-yabloko-zhele-topping,Категория ShopBubbleTea: посуда и аксессуары
ShopBubbleTea,https://shopbubbletea.ru/index.php/prajs/itemlist/category/101-posuda-i-aksessuary,"Набор из 6 силиконовых форм для маффинов и желе ""Роза"". Размер 7,5х5см, высота 3см.",Желе,,,https://shopbubbletea.ru/index.php/prajs/item/767-nabor-iz-6-silikonovykh-form-dlya-maffinov-i-zhele-roza-razmer-7-5kh5sm-vysota-3sm,Категория ShopBubbleTea: посуда и аксессуары
ShopBubbleTea,https://shopbubbletea.ru/index.php/prajs/itemlist/category/101-posuda-i-aksessuary,Стакан однослойный для холодных напитков в асссортименте (Волны),Упаковка,,,https://shopbubbletea.ru/index.php/prajs/item/557-stakan-odnoslojnyj-dlya-kholodnykh-napitkov-v-asssortimente-volny,Категория ShopBubbleTea: посуда и аксессуары
ShopBubbleTea,https://shopbubbletea.ru/index.php/prajs/itemlist/category/101-posuda-i-aksessuary,"Сухая смесь ""Мохито"" для щербета, граниты, фруктового снега, слаша, 1 кг.",Сухие смеси,1 кг,,https://shopbubbletea.ru/index.php/prajs/item/689-sukhaya-smes-mokhito-dlya-shcherbeta-granity-fruktovogo-snega-slasha-1-kg,Категория ShopBubbleTea: посуда и аксессуары
ShopBubbleTea,https://shopbubbletea.ru/index.php/prajs/itemlist/category/101-posuda-i-aksessuary,Стакан двуслойный для горячих напитков в ассортименте (Города),Упаковка,,,https://shopbubbletea.ru/index.php/prajs/item/533-stakan-dvuslojnyj-dlya-goryachikh-napitkov-v-assortimente-goroda,Категория ShopBubbleTea: посуда и аксессуары
ShopBubbleTea,https://shopbubbletea.ru/index.php/prajs/itemlist/category/101-posuda-i-aksessuary,Смесь Гонконгские вафли Шоколад 1 кг.,Сухие смеси,1 кг,,https://shopbubbletea.ru/index.php/prajs/item/492-smes-gonkongskie-vafli-shokolad-1-kg,Категория ShopBubbleTea: посуда и аксессуары
ShopBubbleTea,https://shopbubbletea.ru/index.php/prajs/itemlist/category/101-posuda-i-aksessuary,"Джус-боллы ""Апельсин"" 3 кг",Джус-боллы,3 кг,,https://shopbubbletea.ru/index.php/k2-users/kategorii/item/889-dzhus-bolly-apelsin-3-kg,Категория ShopBubbleTea: посуда и аксессуары
ShopBubbleTea,https://shopbubbletea.ru/index.php/prajs/itemlist/category/101-posuda-i-aksessuary,"Сироп ""Персик"" для фруктовых и молочно-фруктовых коктейлей 2,7 кг.",Сиропы,2.7 кг,,https://shopbubbletea.ru/index.php/prajs/item/957-sirop-persik-dlya-fruktovykh-i-molochno-fruktovykh-koktejlej-2-7-kg,Категория ShopBubbleTea: посуда и аксессуары
ShopBubbleTea,https://shopbubbletea.ru/index.php/prajs/itemlist/category/101-posuda-i-aksessuary,Сироп инвертный 72% 1 кг.,Сиропы,1 кг,,https://shopbubbletea.ru/index.php/prajs/item/827-sirop-invertnyj-72-1-kg,Категория ShopBubbleTea: посуда и аксессуары
BubbleHome,https://bubble-home.ru/,Джус-боллы (шарики с соком),Джус-боллы,,,https://bubble-home.ru/catalog?tfc_quantity[1117848461]=y&tfc_storepartuid[1117848461]=Джус-боллы+(Popping+boba)&tfc_div=:::,Поставщик ингредиентов BubbleHome
BubbleHome,https://bubble-home.ru/,Тапиока,Тапиока,,,https://bubble-home.ru/catalog?tfc_quantity[1117848461]=y&tfc_storepartuid[1117848461]=Тапиока&tfc_div=:::,Поставщик ингредиентов BubbleHome
BubbleHome,https://bubble-home.ru/,Желе,Желе,,,https://bubble-home.ru/catalog?tfc_quantity[1117848461]=y&tfc_storepartuid[1117848461]=Желе&tfc_div=:::,Поставщик ингредиентов BubbleHome
BubbleHome,https://bubble-home.ru/,Желейные шарики (Crystal boba),Желе,,,https://bubble-home.ru/catalog?tfc_quantity[1117848461]=y&tfc_storepartuid[1117848461]=Желейные+шарики+(Crystal+boba)&tfc_div=:::,Поставщик ингредиентов BubbleHome
BubbleHome,https://bubble-home.ru/,Сиропы и Джемы,Сиропы,,,https://bubble-home.ru/catalog?tfc_quantity[1117848461]=y&tfc_storepartuid[1117848461]=Сиропы+и+Джемы&tfc_div=:::,Поставщик ингредиентов BubbleHome
BubbleHome,https://bubble-home.ru/,Чай,Чай,,,https://bubble-home.ru/catalog?tfc_quantity[1117848461]=y&tfc_storepartuid[1117848461]=Чай&tfc_div=:::,Поставщик ингредиентов BubbleHome
BubbleHome,https://bubble-home.ru/,Джус-боллы (Popping boba),Джус-боллы,,,https://bubble-home.ru/catalog?tfc_quantity[1117848461]=y&tfc_storepartuid[1117848461]=Джус-боллы+(Popping+boba)&tfc_div=:::,Поставщик ингредиентов BubbleHome
BubbleHome,https://bubble-home.ru/,Джус-боллы (Popping boba),Джус-боллы,,,https://bubble-home.ru/catalog?tfc_quantity[828999279]=y&tfc_storepartuid[828999279]=Джус-боллы+(Popping+boba)&tfc_div=:::,Поставщик ингредиентов BubbleHome
BubbleHome,https://bubble-home.ru/,Тапиока,Тапиока,,,https://bubble-home.ru/catalog?tfc_quantity[828999279]=y&tfc_storepartuid[828999279]=Тапиока&tfc_div=:::,Поставщик ингредиентов BubbleHome
BubbleHome,https://bubble-home.ru/,Желе,Желе,,,https://bubble-home.ru/catalog?tfc_quantity[828999279]=y&tfc_storepartuid[828999279]=Желе&tfc_div=:::,Поставщик ингредиентов BubbleHome
BubbleHome,https://bubble-home.ru/,Желейные шарики (Crystal boba),Желе,,,https://bubble-home.ru/catalog?tfc_quantity[828999279]=y&tfc_storepartuid[828999279]=Желейный+шарики+(Crystal+boba)&tfc_div=:::,Поставщик ингредиентов BubbleHome
BubbleHome,https://bubble-home.ru/,Сиропы и Джемы,Сиропы,,,https://bubble-home.ru/catalog?tfc_quantity[828999279]=y&tfc_storepartuid[828999279]=Сиропы&tfc_div=:::,Поставщик ингредиентов BubbleHome
BubbleHome,https://bubble-home.ru/,Чай,Чай,,,https://bubble-home.ru/catalog?tfc_quantity[828999279]=y&tfc_storepartuid[828999279]=Чай&tfc_div=:::,Поставщик ингредиентов BubbleHome
BubbleHome,https://bubble-home.ru/catalog?tfc_quantity[1117848461]=y&tfc_storepartuid[1117848461]=Тапиока&tfc_div=:::,Джус-боллы (шарики с соком),Джус-боллы,,,https://bubble-home.ru/catalog?tfc_quantity[1117848461]=y&tfc_storepartuid[1117848461]=Джус-боллы+(Popping+boba)&tfc_div=:::,Категория BubbleHome: тапиока
BubbleHome,https://bubble-home.ru/catalog?tfc_quantity[1117848461]=y&tfc_storepartuid[1117848461]=Тапиока&tfc_div=:::,Тапиока,Тапиока,,,https://bubble-home.ru/catalog?tfc_quantity[1117848461]=y&tfc_storepartuid[1117848461]=Тапиока&tfc_div=:::,Категория BubbleHome: тапиока
BubbleHome,https://bubble-home.ru/catalog?tfc_quantity[1117848461]=y&tfc_storepartuid[1117848461]=Тапиока&tfc_div=:::,Желе,Желе,,,https://bubble-home.ru/catalog?tfc_quantity[1117848461]=y&tfc_storepartuid[1117848461]=Желе&tfc_div=:::,Категория BubbleHome: тапиока
BubbleHome,https://bubble-home.ru/catalog?tfc_quantity[1117848461]=y&tfc_storepartuid[1117848461]=Тапиока&tfc_div=:::,Желейные шарики (Crystal boba),Желе,,,https://bubble-home.ru/catalog?tfc_quantity[1117848461]=y&tfc_storepartuid[1117848461]=Желейные+шарики+(Crystal+boba)&tfc_div=:::,Категория BubbleHome: тапиока
BubbleHome,https://bubble-home.ru/catalog?tfc_quantity[1117848461]=y&tfc_storepartuid[1117848461]=Тапиока&tfc_div=:::,Сиропы и Джемы,Сиропы,,,https://bubble-home.ru/catalog?tfc_quantity[1117848461]=y&tfc_storepartuid[1117848461]=Сиропы+и+Джемы&tfc_div=:::,Категория BubbleHome: тапиока
BubbleHome,https://bubble-home.ru/catalog?tfc_quantity[1117848461]=y&tfc_storepartuid[1117848461]=Тапиока&tfc_div=:::,Чай,Чай,,,https://bubble-home.ru/catalog?tfc_quantity[1117848461]=y&tfc_storepartuid[1117848461]=Чай&tfc_div=:::,Категория BubbleHome: тапиока
BubbleHome,https://bubble-home.ru/catalog?tfc_quantity[1117848461]=y&tfc_storepartuid[1117848461]=Тапиока&tfc_div=:::,Джус-боллы (Popping boba),Джус-боллы,,,https://bubble-home.ru/catalog?tfc_quantity[1117848461]=y&tfc_storepartuid[1117848461]=Джус-боллы+(Popping+boba)&tfc_div=:::,Категория BubbleHome: тапиока
BubbleHome,https://bubble-home.ru/catalog?tfc_quantity[1117848461]=y&tfc_storepartuid[1117848461]=Сиропы+и+Джемы&tfc_div=:::,Джус-боллы (шарики с соком),Джус-боллы,,,https://bubble-home.ru/catalog?tfc_quantity[1117848461]=y&tfc_storepartuid[1117848461]=Джус-боллы+(Popping+boba)&tfc_div=:::,Категория BubbleHome: сиропы
BubbleHome,https://bubble-home.ru/catalog?tfc_quantity[1117848461]=y&tfc_storepartuid[1117848461]=Сиропы+и+Джемы&tfc_div=:::,Тапиока,Тапиока,,,https://bubble-home.ru/catalog?tfc_quantity[1117848461]=y&tfc_storepartuid[1117848461]=Тапиока&tfc_div=:::,Категория BubbleHome: сиропы
BubbleHome,https://bubble-home.ru/catalog?tfc_quantity[1117848461]=y&tfc_storepartuid[1117848461]=Сиропы+и+Джемы&tfc_div=:::,Желе,Желе,,,https://bubble-home.ru/catalog?tfc_quantity[1117848461]=y&tfc_storepartuid[1117848461]=Желе&tfc_div=:::,Категория BubbleHome: сиропы
BubbleHome,https://bubble-home.ru/catalog?tfc_quantity[1117848461]=y&tfc_storepartuid[1117848461]=Сиропы+и+Джемы&tfc_div=:::,Желейные шарики (Crystal boba),Желе,,,https://bubble-home.ru/catalog?tfc_quantity[1117848461]=y&tfc_storepartuid[1117848461]=Желейные+шарики+(Crystal+boba)&tfc_div=:::,Категория BubbleHome: сиропы
BubbleHome,https://bubble-home.ru/catalog?tfc_quantity[1117848461]=y&tfc_storepartuid[1117848461]=Сиропы+и+Джемы&tfc_div=:::,Сиропы и Джемы,Сиропы,,,https://bubble-home.ru/catalog?tfc_quantity[1117848461]=y&tfc_storepartuid[1117848461]=Сиропы+и+Джемы&tfc_div=:::,Категория BubbleHome: сиропы
BubbleHome,https://bubble-home.ru/catalog?tfc_quantity[1117848461]=y&tfc_storepartuid[1117848461]=Сиропы+и+Джемы&tfc_div=:::,Чай,Чай,,,https://bubble-home.ru/catalog?tfc_quantity[1117848461]=y&tfc_storepartuid[1117848461]=Чай&tfc_div=:::,Категория BubbleHome: сиропы
BubbleHome,https://bubble-home.ru/catalog?tfc_quantity[1117848461]=y&tfc_storepartuid[1117848461]=Сиропы+и+Джемы&tfc_div=:::,Джус-боллы (Popping boba),Джус-боллы,,,https://bubble-home.ru/catalog?tfc_quantity[1117848461]=y&tfc_storepartuid[1117848461]=Джус-боллы+(Popping+boba)&tfc_div=:::,Категория BubbleHome: сиропы
Bosmos,https://bosmosbubbletea.ru/,кокосовое желе,Желе,,,,Поставщик ингредиентов Bosmos Bubble Tea
Bosmos,https://bosmosbubbletea.ru/,джус-боллы,Джус-боллы,,,,Поставщик ингредиентов Bosmos Bubble Tea
Bosmos,https://bosmosbubbletea.ru/,сиропы,Сиропы,,,,Поставщик ингредиентов Bosmos Bubble Tea
Bosmos,https://bosmosbubbletea.ru/,тапиока,Тапиока,,,,Поставщик ингредиентов Bosmos Bubble Tea
Bosmos,https://bosmosbubbletea.ru/,Тапиока,Тапиока,,,https://bosmosbubbletea.ru/tapioca,Поставщик ингредиентов Bosmos Bubble Tea
Bosmos,https://bosmosbubbletea.ru/,Джус-боллы,Джус-боллы,,,https://bosmosbubbletea.ru/juice-balls,Поставщик ингредиентов Bosmos Bubble Tea
Bosmos,https://bosmosbubbletea.ru/,Кокосовое желе,Желе,,,https://bosmosbubbletea.ru/coconut-jelly,Поставщик ингредиентов Bosmos Bubble Tea
Bosmos,https://bosmosbubbletea.ru/,Сиропы,Сиропы,,,https://bosmosbubbletea.ru/syrups,Поставщик ингредиентов Bosmos Bubble Tea
WonderfulFoods,https://wonderful-foods.ru/,Тапиока премиум черная жемчужина для бабл ти 3 кг,Тапиока,3 кг,1090.0,https://wonderful-foods.ru/products/tapioka-premium-chernaya-jemchujina-dlya-babl-ti-3-kg-0-100032,Поставщик ингредиентов Wonderful Foods
WonderfulFoods,https://wonderful-foods.ru/,Тапиока премиум Золотая жемчужина для бабл ти 1 кг,Тапиока,1 кг,1090.0,https://wonderful-foods.ru/products/tapioka-premium-zolotaya-jemchujina-dlya-babl-ti-1-kg-0-100034,Поставщик ингредиентов Wonderful Foods
WonderfulFoods,https://wonderful-foods.ru/,Сироп Премиум Кумкват (ингредиент для бабл ти),Сиропы,,1440.0,https://wonderful-foods.ru/products/sirop-premium-kumkvat-ingredient-dlya-babl-ti-100023,Поставщик ингредиентов Wonderful Foods
WonderfulFoods,https://wonderful-foods.ru/,Сироп Премиум Коричневый сахар (ингредиент для бабл ти),Сиропы,,1440.0,https://wonderful-foods.ru/products/sirop-premium-korichnevyiy-sahar-ingredient-dlya-babl-ti-100019,Поставщик ингредиентов Wonderful Foods
WonderfulFoods,https://wonderful-foods.ru/,Тапиока премиум черная жемчужина для бабл ти 3 кг 1,Тапиока,3 кг,,https://wonderful-foods.ru/products/tapioka-premium-chernaya-jemchujina-dlya-babl-ti-3-kg-0-100032,Поставщик ингредиентов Wonderful Foods
WonderfulFoods,https://wonderful-foods.ru/,Тапиока премиум черная жемчужина для бабл ти 3 кг 2,Тапиока,3 кг,,https://wonderful-foods.ru/products/tapioka-premium-chernaya-jemchujina-dlya-babl-ti-3-kg-0-100032,Поставщик ингредиентов Wonderful Foods
WonderfulFoods,https://wonderful-foods.ru/,Тапиока премиум черная жемчужина для бабл ти 3 кг 3,Тапиока,3 кг,,https://wonderful-foods.ru/products/tapioka-premium-chernaya-jemchujina-dlya-babl-ti-3-kg-0-100032,Поставщик ингредиентов Wonderful Foods
WonderfulFoods,https://wonderful-foods.ru/,Тапиока премиум черная жемчужина для бабл ти 3 кг 4,Тапиока,3 кг,,https://wonderful-foods.ru/products/tapioka-premium-chernaya-jemchujina-dlya-babl-ti-3-kg-0-100032,Поставщик ингредиентов Wonderful Foods
WonderfulFoods,https://wonderful-foods.ru/,1 090 ₽ 1 900 ₽ − 43 % Тапиока премиум черная жемчужина для бабл ти 3 кг,Тапиока,3 кг,1090.0,https://wonderful-foods.ru/products/tapioka-premium-chernaya-jemchujina-dlya-babl-ti-3-kg-0-100032,Поставщик ингредиентов Wonderful Foods
WonderfulFoods,https://wonderful-foods.ru/,Тапиока премиум Золотая жемчужина для бабл ти 1 кг 1,Тапиока,1 кг,,https://wonderful-foods.ru/products/tapioka-premium-zolotaya-jemchujina-dlya-babl-ti-1-kg-0-100034,Поставщик ингредиентов Wonderful Foods
WonderfulFoods,https://wonderful-foods.ru/,Тапиока премиум Золотая жемчужина для бабл ти 1 кг 2,Тапиока,1 кг,,https://wonderful-foods.ru/products/tapioka-premium-zolotaya-jemchujina-dlya-babl-ti-1-kg-0-100034,Поставщик ингредиентов Wonderful Foods
WonderfulFoods,https://wonderful-foods.ru/,Тапиока премиум Золотая жемчужина для бабл ти 1 кг 3,Тапиока,1 кг,,https://wonderful-foods.ru/products/tapioka-premium-zolotaya-jemchujina-dlya-babl-ti-1-kg-0-100034,Поставщик ингредиентов Wonderful Foods
WonderfulFoods,https://wonderful-foods.ru/,Тапиока премиум Золотая жемчужина для бабл ти 1 кг 4,Тапиока,1 кг,,https://wonderful-foods.ru/products/tapioka-premium-zolotaya-jemchujina-dlya-babl-ti-1-kg-0-100034,Поставщик ингредиентов Wonderful Foods
WonderfulFoods,https://wonderful-foods.ru/,Тапиока премиум Золотая жемчужина для бабл ти 1 кг 5,Тапиока,1 кг,,https://wonderful-foods.ru/products/tapioka-premium-zolotaya-jemchujina-dlya-babl-ti-1-kg-0-100034,Поставщик ингредиентов Wonderful Foods
WonderfulFoods,https://wonderful-foods.ru/,450 ₽ 600 ₽ − 25 % Тапиока премиум Золотая жемчужина для бабл ти 1 кг,Тапиока,1 кг,450.0,https://wonderful-foods.ru/products/tapioka-premium-zolotaya-jemchujina-dlya-babl-ti-1-kg-0-100034,Поставщик ингредиентов Wonderful Foods
WonderfulFoods,https://wonderful-foods.ru/,Сироп Премиум Кумкват (ингредиент для бабл ти) 2,Сиропы,,,https://wonderful-foods.ru/products/sirop-premium-kumkvat-ingredient-dlya-babl-ti-100023,Поставщик ингредиентов Wonderful Foods
WonderfulFoods,https://wonderful-foods.ru/,Сироп Премиум Кумкват (ингредиент для бабл ти) 3,Сиропы,,,https://wonderful-foods.ru/products/sirop-premium-kumkvat-ingredient-dlya-babl-ti-100023,Поставщик ингредиентов Wonderful Foods
WonderfulFoods,https://wonderful-foods.ru/,Сироп Премиум Кумкват (ингредиент для бабл ти) 4,Сиропы,,,https://wonderful-foods.ru/products/sirop-premium-kumkvat-ingredient-dlya-babl-ti-100023,Поставщик ингредиентов Wonderful Foods
WonderfulFoods,https://wonderful-foods.ru/,Сироп Премиум Кумкват (ингредиент для бабл ти) 5,Сиропы,,,https://wonderful-foods.ru/products/sirop-premium-kumkvat-ingredient-dlya-babl-ti-100023,Поставщик ингредиентов Wonderful Foods
WonderfulFoods,https://wonderful-foods.ru/,Сироп Премиум Кумкват (ингредиент для бабл ти) 6,Сиропы,,,https://wonderful-foods.ru/products/sirop-premium-kumkvat-ingredient-dlya-babl-ti-100023,Поставщик ингредиентов Wonderful Foods
WonderfulFoods,https://wonderful-foods.ru/,1 350 ₽ 1 500 ₽ − 10 % Сироп Премиум Кумкват (ингредиент для бабл ти),Сиропы,,1350.0,https://wonderful-foods.ru/products/sirop-premium-kumkvat-ingredient-dlya-babl-ti-100023,Поставщик ингредиентов Wonderful Foods
WonderfulFoods,https://wonderful-foods.ru/,Сироп Премиум Коричневый сахар (ингредиент для бабл ти) 2,Сиропы,,,https://wonderful-foods.ru/products/sirop-premium-korichnevyiy-sahar-ingredient-dlya-babl-ti-100019,Поставщик ингредиентов Wonderful Foods
WonderfulFoods,https://wonderful-foods.ru/,Сироп Премиум Коричневый сахар (ингредиент для бабл ти) 3,Сиропы,,,https://wonderful-foods.ru/products/sirop-premium-korichnevyiy-sahar-ingredient-dlya-babl-ti-100019,Поставщик ингредиентов Wonderful Foods
WonderfulFoods,https://wonderful-foods.ru/,Сироп Премиум Коричневый сахар (ингредиент для бабл ти) 4,Сиропы,,,https://wonderful-foods.ru/products/sirop-premium-korichnevyiy-sahar-ingredient-dlya-babl-ti-100019,Поставщик ингредиентов Wonderful Foods
WonderfulFoods,https://wonderful-foods.ru/,Сироп Премиум Коричневый сахар (ингредиент для бабл ти) 5,Сиропы,,,https://wonderful-foods.ru/products/sirop-premium-korichnevyiy-sahar-ingredient-dlya-babl-ti-100019,Поставщик ингредиентов Wonderful Foods
WonderfulFoods,https://wonderful-foods.ru/,2 070 ₽ 2 300 ₽ − 10 % Сироп Премиум Коричневый сахар (ингредиент для бабл ти),Сиропы,,2070.0,https://wonderful-foods.ru/products/sirop-premium-korichnevyiy-sahar-ingredient-dlya-babl-ti-100019,Поставщик ингредиентов Wonderful Foods
