target_position,vacancy_id,job_name,company_name,company_inn,region_name,salary_text,salary_min,salary_max,schedule,qualification,creation_date,date_modify,vacancy_url,source
Бариста,a86f6830-335b-11f1-995d-8b241e048e4b,Бариста,ИНДИВИДУАЛЬНЫЙ ПРЕДПРИНИМАТЕЛЬ КОФАНОВ ДМИТРИЙ СЕРГЕЕВИЧ,7709969870,Город Москва,от 60500,60500,77500,Сменная работа,,2026-04-08,2026-05-02T00:00:10+0300,https://trudvsem.ru/vacancy/card/5147746474134/a86f6830-335b-11f1-995d-8b241e048e4b,Вакансия интернет ресурса
Бариста,d94f7154-3fec-11f1-bf9b-d5761c894a61,Бариста,Перекресток,7702319337,Город Москва,от 70000,70000,80000,Полный рабочий день,,2026-04-24,2026-04-24T17:49:52+0300,https://trudvsem.ru/vacancy/card/1027700404797/d94f7154-3fec-11f1-bf9b-d5761c894a61,Вакансия интернет ресурса
Бариста,d0981ab4-5024-11f1-97c4-9bd84db2b971,Бариста,Перекресток,7702319337,Город Москва,от 79100,79100,82600,Неполный рабочий день/неполная рабочая неделя,,2026-05-15,2026-05-15T09:10:48+0300,https://trudvsem.ru/vacancy/card/1027700404797/d0981ab4-5024-11f1-97c4-9bd84db2b971,Вакансия интернет ресурса
Бариста,eae1c224-4f5e-11f1-9259-7b514442a263,Бариста,Перекресток,7702319337,Город Москва,от 61700,61700,65000,Неполный рабочий день/неполная рабочая неделя,,2026-05-14,2026-05-14T09:34:12+0300,https://trudvsem.ru/vacancy/card/1027700404797/eae1c224-4f5e-11f1-9259-7b514442a263,Вакансия интернет ресурса
Бариста,e5ff25e4-4f5e-11f1-a1d9-b5efdd8f67a5,Бариста,Перекресток,7702319337,Город Москва,от 70000,70000,80000,Неполный рабочий день/неполная рабочая неделя,,2026-05-14,2026-05-14T09:34:03+0300,https://trudvsem.ru/vacancy/card/1027700404797/e5ff25e4-4f5e-11f1-a1d9-b5efdd8f67a5,Вакансия интернет ресурса
Бариста,ddb346f4-4f5e-11f1-97c4-9bd84db2b971,Бариста,Перекресток,7702319337,Город Москва,от 75000,75000,90000,Неполный рабочий день/неполная рабочая неделя,,2026-05-14,2026-05-14T09:33:49+0300,https://trudvsem.ru/vacancy/card/1027700404797/ddb346f4-4f5e-11f1-97c4-9bd84db2b971,Вакансия интернет ресурса
Бариста,9dac2224-4f5e-11f1-a1d9-b5efdd8f67a5,Бариста,Перекресток,7702319337,Город Москва,от 59000,59000,82600,Неполный рабочий день/неполная рабочая неделя,,2026-05-14,2026-05-14T09:32:02+0300,https://trudvsem.ru/vacancy/card/1027700404797/9dac2224-4f5e-11f1-a1d9-b5efdd8f67a5,Вакансия интернет ресурса
Бариста,69e58b84-4f5d-11f1-ba3f-0559e6c0e4c3,Бариста,Перекресток,7702319337,Город Москва,от 81400,81400,85100,Неполный рабочий день/неполная рабочая неделя,,2026-05-14,2026-05-14T09:23:26+0300,https://trudvsem.ru/vacancy/card/1027700404797/69e58b84-4f5d-11f1-ba3f-0559e6c0e4c3,Вакансия интернет ресурса
Бариста,16e67d64-4dcb-11f1-a33c-8730bb28edc7,Бариста,Перекресток,7702319337,Город Москва,от 78600,78600,82100,Неполный рабочий день/неполная рабочая неделя,,2026-05-12,2026-05-12T09:23:29+0300,https://trudvsem.ru/vacancy/card/1027700404797/16e67d64-4dcb-11f1-a33c-8730bb28edc7,Вакансия интернет ресурса
Бариста,fe5a0144-4dca-11f1-999a-b7410820bc57,Бариста,Перекресток,7702319337,Город Москва,от 70000,70000,75000,Неполный рабочий день/неполная рабочая неделя,,2026-05-12,2026-05-12T09:22:48+0300,https://trudvsem.ru/vacancy/card/1027700404797/fe5a0144-4dca-11f1-999a-b7410820bc57,Вакансия интернет ресурса
Бариста,f89fa2a4-4dca-11f1-8e76-174f1d09c67b,Бариста,Перекресток,7702319337,Город Москва,от 79500,79500,83100,Неполный рабочий день/неполная рабочая неделя,,2026-05-12,2026-05-12T09:22:38+0300,https://trudvsem.ru/vacancy/card/1027700404797/f89fa2a4-4dca-11f1-8e76-174f1d09c67b,Вакансия интернет ресурса
Бариста,e3cb7390-4dca-11f1-8e76-174f1d09c67b,Бариста,Перекресток,7702319337,Город Москва,от 81000,81000,84600,Неполный рабочий день/неполная рабочая неделя,,2026-05-12,2026-05-12T09:22:03+0300,https://trudvsem.ru/vacancy/card/1027700404797/e3cb7390-4dca-11f1-8e76-174f1d09c67b,Вакансия интернет ресурса
Бариста,d867cd54-4dca-11f1-8e76-174f1d09c67b,Бариста,Перекресток,7702319337,Город Москва,от 81000,81000,84600,Неполный рабочий день/неполная рабочая неделя,,2026-05-12,2026-05-12T09:21:44+0300,https://trudvsem.ru/vacancy/card/1027700404797/d867cd54-4dca-11f1-8e76-174f1d09c67b,Вакансия интернет ресурса
Бариста,cecab644-4dca-11f1-95c9-25915aa800c6,Бариста,Перекресток,7702319337,Город Москва,от 70000,70000,80000,Неполный рабочий день/неполная рабочая неделя,,2026-05-12,2026-05-12T09:21:28+0300,https://trudvsem.ru/vacancy/card/1027700404797/cecab644-4dca-11f1-95c9-25915aa800c6,Вакансия интернет ресурса
Бариста,c73dba80-4dca-11f1-999a-b7410820bc57,Бариста,Перекресток,7702319337,Город Москва,от 80000,80000,84000,Неполный рабочий день/неполная рабочая неделя,,2026-05-12,2026-05-12T09:21:15+0300,https://trudvsem.ru/vacancy/card/1027700404797/c73dba80-4dca-11f1-999a-b7410820bc57,Вакансия интернет ресурса
Бариста,b7fb2c64-4dca-11f1-95c9-25915aa800c6,Бариста,Перекресток,7702319337,Город Москва,от 79100,79100,82600,Неполный рабочий день/неполная рабочая неделя,,2026-05-12,2026-05-12T09:20:49+0300,https://trudvsem.ru/vacancy/card/1027700404797/b7fb2c64-4dca-11f1-95c9-25915aa800c6,Вакансия интернет ресурса
Бариста,7a70dba4-49de-11f1-aff5-fda69a5c8381,Бариста,Перекресток,7702319337,Город Москва,от 81000,81000,84600,Неполный рабочий день/неполная рабочая неделя,,2026-05-07,2026-05-07T09:32:11+0300,https://trudvsem.ru/vacancy/card/1027700404797/7a70dba4-49de-11f1-aff5-fda69a5c8381,Вакансия интернет ресурса
Бариста,76e8c654-49de-11f1-80cf-b52e2bd53d54,Бариста,Перекресток,7702319337,Город Москва,от 80000,80000,83600,Неполный рабочий день/неполная рабочая неделя,,2026-05-07,2026-05-07T09:32:06+0300,https://trudvsem.ru/vacancy/card/1027700404797/76e8c654-49de-11f1-80cf-b52e2bd53d54,Вакансия интернет ресурса
Бариста,75443e14-49de-11f1-80cf-b52e2bd53d54,Бариста,Перекресток,7702319337,Город Москва,от 88000,88000,92000,Неполный рабочий день/неполная рабочая неделя,,2026-05-07,2026-05-07T09:32:03+0300,https://trudvsem.ru/vacancy/card/1027700404797/75443e14-49de-11f1-80cf-b52e2bd53d54,Вакансия интернет ресурса
Бариста,738a5914-49de-11f1-aff5-fda69a5c8381,Бариста,Перекресток,7702319337,Город Москва,от 81000,81000,85000,Неполный рабочий день/неполная рабочая неделя,,2026-05-07,2026-05-07T09:32:00+0300,https://trudvsem.ru/vacancy/card/1027700404797/738a5914-49de-11f1-aff5-fda69a5c8381,Вакансия интернет ресурса
Бариста,71681550-49de-11f1-905d-bdc0ab7ceef5,Бариста,Перекресток,7702319337,Город Москва,от 81000,81000,85000,Неполный рабочий день/неполная рабочая неделя,,2026-05-07,2026-05-07T09:31:56+0300,https://trudvsem.ru/vacancy/card/1027700404797/71681550-49de-11f1-905d-bdc0ab7ceef5,Вакансия интернет ресурса
Бариста,6a476ff4-49de-11f1-80cf-b52e2bd53d54,Бариста,Перекресток,7702319337,Город Москва,от 80000,80000,83000,Неполный рабочий день/неполная рабочая неделя,,2026-05-07,2026-05-07T09:31:44+0300,https://trudvsem.ru/vacancy/card/1027700404797/6a476ff4-49de-11f1-80cf-b52e2bd53d54,Вакансия интернет ресурса
Бариста,57d0dff4-49de-11f1-80cf-b52e2bd53d54,Бариста,Перекресток,7702319337,Город Москва,от 81000,81000,85000,Неполный рабочий день/неполная рабочая неделя,,2026-05-07,2026-05-07T09:31:13+0300,https://trudvsem.ru/vacancy/card/1027700404797/57d0dff4-49de-11f1-80cf-b52e2bd53d54,Вакансия интернет ресурса
Бариста,523ad234-49de-11f1-b588-0bfc9ef93258,Бариста,Перекресток,7702319337,Город Москва,от 70000,70000,80000,Неполный рабочий день/неполная рабочая неделя,,2026-05-07,2026-05-07T09:31:04+0300,https://trudvsem.ru/vacancy/card/1027700404797/523ad234-49de-11f1-b588-0bfc9ef93258,Вакансия интернет ресурса
Бариста,4cda7a74-49de-11f1-905d-bdc0ab7ceef5,Бариста,Перекресток,7702319337,Город Москва,от 80000,80000,85000,Неполный рабочий день/неполная рабочая неделя,,2026-05-07,2026-05-07T09:30:55+0300,https://trudvsem.ru/vacancy/card/1027700404797/4cda7a74-49de-11f1-905d-bdc0ab7ceef5,Вакансия интернет ресурса
Бариста,403262c0-49dd-11f1-b25c-e3f0fb441b9d,Бариста,Перекресток,7702319337,Город Москва,от 80000,80000,90000,Неполный рабочий день/неполная рабочая неделя,,2026-05-07,2026-05-07T09:23:24+0300,https://trudvsem.ru/vacancy/card/1027700404797/403262c0-49dd-11f1-b25c-e3f0fb441b9d,Вакансия интернет ресурса
Бариста,d936b534-49dc-11f1-80cf-b52e2bd53d54,Бариста,Перекресток,7702319337,Город Москва,от 82400,82400,86100,Неполный рабочий день/неполная рабочая неделя,,2026-05-07,2026-05-07T09:20:32+0300,https://trudvsem.ru/vacancy/card/1027700404797/d936b534-49dc-11f1-80cf-b52e2bd53d54,Вакансия интернет ресурса
Бариста,33f94b84-4916-11f1-9bdb-550718aca3ff,Бариста,Перекресток,7702319337,Город Москва,от 80000,80000,85000,Неполный рабочий день/неполная рабочая неделя,,2026-05-06,2026-05-06T09:38:34+0300,https://trudvsem.ru/vacancy/card/1027700404797/33f94b84-4916-11f1-9bdb-550718aca3ff,Вакансия интернет ресурса
Бариста,31e3d900-4916-11f1-9bdb-550718aca3ff,Бариста,Перекресток,7702319337,Город Москва,от 80000,80000,85000,Неполный рабочий день/неполная рабочая неделя,,2026-05-06,2026-05-06T09:38:31+0300,https://trudvsem.ru/vacancy/card/1027700404797/31e3d900-4916-11f1-9bdb-550718aca3ff,Вакансия интернет ресурса
Бариста,22cb6820-4916-11f1-acb6-c3c15cb64fea,Бариста,Перекресток,7702319337,Город Москва,от 70000,70000,80000,Неполный рабочий день/неполная рабочая неделя,,2026-05-06,2026-05-06T09:38:05+0300,https://trudvsem.ru/vacancy/card/1027700404797/22cb6820-4916-11f1-acb6-c3c15cb64fea,Вакансия интернет ресурса
Бариста,1ca94704-4916-11f1-8297-871736ac4017,Бариста,Перекресток,7702319337,Город Москва,от 70000,70000,80000,Неполный рабочий день/неполная рабочая неделя,,2026-05-06,2026-05-06T09:37:55+0300,https://trudvsem.ru/vacancy/card/1027700404797/1ca94704-4916-11f1-8297-871736ac4017,Вакансия интернет ресурса
Бариста,1864e694-4916-11f1-8297-871736ac4017,Бариста,Перекресток,7702319337,Город Москва,от 82900,82900,86600,Неполный рабочий день/неполная рабочая неделя,,2026-05-06,2026-05-06T09:37:48+0300,https://trudvsem.ru/vacancy/card/1027700404797/1864e694-4916-11f1-8297-871736ac4017,Вакансия интернет ресурса
Бариста,113d8a74-4916-11f1-a4d8-2703234eb817,Бариста,Перекресток,7702319337,Город Москва,от 81000,81000,85000,Неполный рабочий день/неполная рабочая неделя,,2026-05-06,2026-05-06T09:37:36+0300,https://trudvsem.ru/vacancy/card/1027700404797/113d8a74-4916-11f1-a4d8-2703234eb817,Вакансия интернет ресурса
Бариста,db7477a4-4915-11f1-8297-871736ac4017,Бариста,Перекресток,7702319337,Город Москва,от 79500,79500,83100,Неполный рабочий день/неполная рабочая неделя,,2026-05-06,2026-05-06T09:36:05+0300,https://trudvsem.ru/vacancy/card/1027700404797/db7477a4-4915-11f1-8297-871736ac4017,Вакансия интернет ресурса
Бариста,d61e5910-4915-11f1-a4d8-2703234eb817,Бариста,Перекресток,7702319337,Город Москва,от 80500,80500,84100,Неполный рабочий день/неполная рабочая неделя,,2026-05-06,2026-05-06T09:35:56+0300,https://trudvsem.ru/vacancy/card/1027700404797/d61e5910-4915-11f1-a4d8-2703234eb817,Вакансия интернет ресурса
Бариста,cc17d1d4-4915-11f1-8297-871736ac4017,Бариста,Перекресток,7702319337,Город Москва,от 80500,80500,84100,Неполный рабочий день/неполная рабочая неделя,,2026-05-06,2026-05-06T09:35:40+0300,https://trudvsem.ru/vacancy/card/1027700404797/cc17d1d4-4915-11f1-8297-871736ac4017,Вакансия интернет ресурса
Бариста,c63837f0-4915-11f1-a4d8-2703234eb817,Бариста,Перекресток,7702319337,Город Москва,от 80000,80000,83600,Неполный рабочий день/неполная рабочая неделя,,2026-05-06,2026-05-06T09:35:30+0300,https://trudvsem.ru/vacancy/card/1027700404797/c63837f0-4915-11f1-a4d8-2703234eb817,Вакансия интернет ресурса
Бариста,bbb4b884-4915-11f1-9bdb-550718aca3ff,Бариста,Перекресток,7702319337,Город Москва,от 81400,81400,85100,Неполный рабочий день/неполная рабочая неделя,,2026-05-06,2026-05-06T09:35:12+0300,https://trudvsem.ru/vacancy/card/1027700404797/bbb4b884-4915-11f1-9bdb-550718aca3ff,Вакансия интернет ресурса
Бариста,b4636634-4915-11f1-b083-d3994b776f2a,Бариста,Перекресток,7702319337,Город Москва,от 82900,82900,86600,Неполный рабочий день/неполная рабочая неделя,,2026-05-06,2026-05-06T09:35:00+0300,https://trudvsem.ru/vacancy/card/1027700404797/b4636634-4915-11f1-b083-d3994b776f2a,Вакансия интернет ресурса
Бариста,b0d2c562-4915-11f1-acb6-c3c15cb64fea,Бариста,Перекресток,7702319337,Город Москва,от 80000,80000,83000,Неполный рабочий день/неполная рабочая неделя,,2026-05-06,2026-05-06T09:34:54+0300,https://trudvsem.ru/vacancy/card/1027700404797/b0d2c562-4915-11f1-acb6-c3c15cb64fea,Вакансия интернет ресурса
Бариста,a361c2f4-4915-11f1-acb6-c3c15cb64fea,Бариста,Перекресток,7702319337,Город Москва,от 82900,82900,86600,Неполный рабочий день/неполная рабочая неделя,,2026-05-06,2026-05-06T09:34:31+0300,https://trudvsem.ru/vacancy/card/1027700404797/a361c2f4-4915-11f1-acb6-c3c15cb64fea,Вакансия интернет ресурса
Бариста,9db56e10-4915-11f1-a4d8-2703234eb817,Бариста,Перекресток,7702319337,Город Москва,от 80000,80000,83000,Неполный рабочий день/неполная рабочая неделя,,2026-05-06,2026-05-06T09:34:22+0300,https://trudvsem.ru/vacancy/card/1027700404797/9db56e10-4915-11f1-a4d8-2703234eb817,Вакансия интернет ресурса
Бариста,95b0f864-4915-11f1-9bdb-550718aca3ff,Бариста,Перекресток,7702319337,Город Москва,от 81000,81000,85000,Неполный рабочий день/неполная рабочая неделя,,2026-05-06,2026-05-06T09:34:08+0300,https://trudvsem.ru/vacancy/card/1027700404797/95b0f864-4915-11f1-9bdb-550718aca3ff,Вакансия интернет ресурса
Бариста,8c3a5514-4915-11f1-acb6-c3c15cb64fea,Бариста,Перекресток,7702319337,Город Москва,от 81000,81000,85000,Неполный рабочий день/неполная рабочая неделя,,2026-05-06,2026-05-06T09:33:52+0300,https://trudvsem.ru/vacancy/card/1027700404797/8c3a5514-4915-11f1-acb6-c3c15cb64fea,Вакансия интернет ресурса
Бариста,8503ddc4-4915-11f1-b083-d3994b776f2a,Бариста,Перекресток,7702319337,Город Москва,от 78600,78600,82100,Неполный рабочий день/неполная рабочая неделя,,2026-05-06,2026-05-06T09:33:40+0300,https://trudvsem.ru/vacancy/card/1027700404797/8503ddc4-4915-11f1-b083-d3994b776f2a,Вакансия интернет ресурса
Бариста,56649814-4915-11f1-9bdb-550718aca3ff,Бариста,Перекресток,7702319337,Город Москва,от 79500,79500,83100,Неполный рабочий день/неполная рабочая неделя,,2026-05-06,2026-05-06T09:32:22+0300,https://trudvsem.ru/vacancy/card/1027700404797/56649814-4915-11f1-9bdb-550718aca3ff,Вакансия интернет ресурса
Бариста,500287c4-4915-11f1-b0a5-e5f4a56febf4,Бариста,Перекресток,7702319337,Город Москва,от 81400,81400,85100,Неполный рабочий день/неполная рабочая неделя,,2026-05-06,2026-05-06T09:32:12+0300,https://trudvsem.ru/vacancy/card/1027700404797/500287c4-4915-11f1-b0a5-e5f4a56febf4,Вакансия интернет ресурса
Бариста,43757cb4-4915-11f1-acb6-c3c15cb64fea,Бариста,Перекресток,7702319337,Город Москва,от 80000,80000,85000,Неполный рабочий день/неполная рабочая неделя,,2026-05-06,2026-05-06T09:31:50+0300,https://trudvsem.ru/vacancy/card/1027700404797/43757cb4-4915-11f1-acb6-c3c15cb64fea,Вакансия интернет ресурса
Бариста,3dcbe6f4-4915-11f1-a4d8-2703234eb817,Бариста,Перекресток,7702319337,Город Москва,от 81000,81000,85000,Неполный рабочий день/неполная рабочая неделя,,2026-05-06,2026-05-06T09:31:41+0300,https://trudvsem.ru/vacancy/card/1027700404797/3dcbe6f4-4915-11f1-a4d8-2703234eb817,Вакансия интернет ресурса
Бариста,076c7d04-4914-11f1-a4d8-2703234eb817,Бариста,Перекресток,7702319337,Город Москва,от 81000,81000,85000,Неполный рабочий день/неполная рабочая неделя,,2026-05-06,2026-05-06T09:23:00+0300,https://trudvsem.ru/vacancy/card/1027700404797/076c7d04-4914-11f1-a4d8-2703234eb817,Вакансия интернет ресурса
Бариста,88849084-494b-11f1-905d-bdc0ab7ceef5,Бариста,"ООО ""Джейкет.ру""",7709969870,Город Москва,от 90000,90000,0,Сменная работа,,2026-05-06,2026-05-06T16:00:18+0300,https://trudvsem.ru/vacancy/card/5147746474134/88849084-494b-11f1-905d-bdc0ab7ceef5,Вакансия интернет ресурса
Бариста,a7568f21-20d7-11ef-a6fb-25abf1fceba2,Бариста,ИНДИВИДУАЛЬНЫЙ ПРЕДПРИНИМАТЕЛЬ ПЕТРОПАВЛОВСКАЯ НАТАЛЬЯ АЛЕКСАНДРОВНА,7709969870,Город Москва,от 75000,75000,80000,Сменная работа,,2024-06-02,2026-04-23T20:00:10+0300,https://trudvsem.ru/vacancy/card/5147746474134/a7568f21-20d7-11ef-a6fb-25abf1fceba2,Вакансия интернет ресурса
Бариста,a04bf0e4-4dca-11f1-8e76-174f1d09c67b,Ночной бариста,Перекресток,7702319337,Город Москва,от 80000,80000,90000,Полный рабочий день,,2026-05-12,2026-05-12T09:20:10+0300,https://trudvsem.ru/vacancy/card/1027700404797/a04bf0e4-4dca-11f1-8e76-174f1d09c67b,Вакансия интернет ресурса
Бариста,f62acd35-4c79-11f1-a33c-8730bb28edc7,Бариста-кондитер,Mumbl,7702319337,Город Москва,от 105000,105000,109200,Полный рабочий день,,2026-05-10,2026-05-10T17:10:13+0300,https://trudvsem.ru/vacancy/card/1027700404797/f62acd35-4c79-11f1-a33c-8730bb28edc7,Вакансия интернет ресурса
Бариста,3f6a21d5-3d89-11f1-9d32-75a87083884d,Бариста,ВкусВилл,7702319337,Город Москва,от 80000,80000,100000,Полный рабочий день,,2026-04-21,2026-04-22T16:55:43+0300,https://trudvsem.ru/vacancy/card/1027700404797/3f6a21d5-3d89-11f1-9d32-75a87083884d,Вакансия интернет ресурса
Бариста,649ec494-49de-11f1-aff5-fda69a5c8381,Мобильный бариста,Перекресток,7702319337,Город Москва,от 85000,85000,90000,Полный рабочий день,,2026-05-07,2026-05-07T09:31:35+0300,https://trudvsem.ru/vacancy/card/1027700404797/649ec494-49de-11f1-aff5-fda69a5c8381,Вакансия интернет ресурса
Бариста,62ce2344-49de-11f1-9515-675f9983b1ea,Мобильный бариста,Перекресток,7702319337,Город Москва,от 85000,85000,90000,Полный рабочий день,,2026-05-07,2026-05-07T09:31:32+0300,https://trudvsem.ru/vacancy/card/1027700404797/62ce2344-49de-11f1-9515-675f9983b1ea,Вакансия интернет ресурса
Бариста,5f5e29d3-49de-11f1-b588-0bfc9ef93258,Мобильный бариста,Перекресток,7702319337,Город Москва,от 85000,85000,90000,Полный рабочий день,,2026-05-07,2026-05-07T09:31:26+0300,https://trudvsem.ru/vacancy/card/1027700404797/5f5e29d3-49de-11f1-b588-0bfc9ef93258,Вакансия интернет ресурса
Бариста,5d80b744-49de-11f1-b25c-e3f0fb441b9d,Мобильный бариста,Перекресток,7702319337,Город Москва,от 85000,85000,90000,Полный рабочий день,,2026-05-07,2026-05-07T09:31:23+0300,https://trudvsem.ru/vacancy/card/1027700404797/5d80b744-49de-11f1-b25c-e3f0fb441b9d,Вакансия интернет ресурса
Бариста,59937784-49de-11f1-905d-bdc0ab7ceef5,Мобильный бариста,Перекресток,7702319337,Город Москва,от 75000,75000,85000,Полный рабочий день,,2026-05-07,2026-05-07T09:31:16+0300,https://trudvsem.ru/vacancy/card/1027700404797/59937784-49de-11f1-905d-bdc0ab7ceef5,Вакансия интернет ресурса
Бариста,f3c39534-49dc-11f1-80cf-b52e2bd53d54,Мобильный бариста,Перекресток,7702319337,Город Москва,от 82400,82400,86100,Полный рабочий день,,2026-05-07,2026-05-07T09:21:16+0300,https://trudvsem.ru/vacancy/card/1027700404797/f3c39534-49dc-11f1-80cf-b52e2bd53d54,Вакансия интернет ресурса
Бариста,5811ecf5-3d6f-11f1-8765-075a6f662d9e,Бариста (Московский),ВкусВилл,7702319337,Город Москва,от 65000,65000,80000,Полный рабочий день,,2026-04-21,2026-04-21T14:05:42+0300,https://trudvsem.ru/vacancy/card/1027700404797/5811ecf5-3d6f-11f1-8765-075a6f662d9e,Вакансия интернет ресурса
Бариста,aa830680-3d8e-11f1-971a-a3a869922a76,Бариста (м. Тропарёво),ВкусВилл,7702319337,Город Москва,от 75000,75000,100000,Сменная работа,,2026-04-21,2026-04-22T10:22:30+0300,https://trudvsem.ru/vacancy/card/1027700404797/aa830680-3d8e-11f1-971a-a3a869922a76,Вакансия интернет ресурса
Бариста,1b2edbc5-3d80-11f1-8186-8d00a11f2a9b,Бариста (м. Зорге),ВкусВилл,7702319337,Город Москва,от 70000,70000,90000,Полный рабочий день,,2026-04-21,2026-04-21T16:21:17+0300,https://trudvsem.ru/vacancy/card/1027700404797/1b2edbc5-3d80-11f1-8186-8d00a11f2a9b,Вакансия интернет ресурса
Бариста,5cb306d5-3d84-11f1-8186-8d00a11f2a9b,Бариста (м. Аэропорт),ВкусВилл,7702319337,Город Москва,от 75000,75000,100000,Полный рабочий день,,2026-04-21,2026-04-21T16:16:53+0300,https://trudvsem.ru/vacancy/card/1027700404797/5cb306d5-3d84-11f1-8186-8d00a11f2a9b,Вакансия интернет ресурса
Бариста,5ae301c5-3d84-11f1-9d32-75a87083884d,Бариста (м. Щукинская),ВкусВилл,7702319337,Город Москва,от 75000,75000,95000,Полный рабочий день,,2026-04-21,2026-04-21T16:16:50+0300,https://trudvsem.ru/vacancy/card/1027700404797/5ae301c5-3d84-11f1-9d32-75a87083884d,Вакансия интернет ресурса
Бариста,592c7825-3d84-11f1-8779-1bf8478b2bcf,Бариста (м. Динамо),ВкусВилл,7702319337,Город Москва,от 80000,80000,100000,Полный рабочий день,,2026-04-21,2026-04-21T16:16:47+0300,https://trudvsem.ru/vacancy/card/1027700404797/592c7825-3d84-11f1-8779-1bf8478b2bcf,Вакансия интернет ресурса
Бариста,46069555-3d84-11f1-adfa-f5089ce3a7d3,Бариста (м. Баррикадная),ВкусВилл,7702319337,Город Москва,от 70000,70000,90000,Полный рабочий день,,2026-04-21,2026-04-21T16:16:15+0300,https://trudvsem.ru/vacancy/card/1027700404797/46069555-3d84-11f1-adfa-f5089ce3a7d3,Вакансия интернет ресурса
Бариста,5cbe36f5-3d6f-11f1-8765-075a6f662d9e,Бариста (м. Говорово),ВкусВилл,7702319337,Город Москва,от 80000,80000,100000,Полный рабочий день,,2026-04-21,2026-04-21T14:05:52+0300,https://trudvsem.ru/vacancy/card/1027700404797/5cbe36f5-3d6f-11f1-8765-075a6f662d9e,Вакансия интернет ресурса
Бариста,54ee3ec5-3d6f-11f1-8765-075a6f662d9e,Бариста (м. Полянка),ВкусВилл,7702319337,Город Москва,от 75000,75000,100000,Полный рабочий день,,2026-04-21,2026-04-21T14:05:34+0300,https://trudvsem.ru/vacancy/card/1027700404797/54ee3ec5-3d6f-11f1-8765-075a6f662d9e,Вакансия интернет ресурса
Бариста,535cf065-3d6f-11f1-90e2-95c82e29c396,Бариста (м. Серпуховская),ВкусВилл,7702319337,Город Москва,от 0,0,0,Полный рабочий день,,2026-04-21,2026-04-21T14:05:31+0300,https://trudvsem.ru/vacancy/card/1027700404797/535cf065-3d6f-11f1-90e2-95c82e29c396,Вакансия интернет ресурса
Бариста,51c9cd45-3d6f-11f1-bde7-dff7fce858f9,Бариста (м. Фрунзенская),ВкусВилл,7702319337,Город Москва,от 65000,65000,80000,Полный рабочий день,,2026-04-21,2026-04-21T14:05:27+0300,https://trudvsem.ru/vacancy/card/1027700404797/51c9cd45-3d6f-11f1-bde7-dff7fce858f9,Вакансия интернет ресурса
Бариста,ac02c8b5-3d8e-11f1-8186-8d00a11f2a9b,Бариста (м. Юго-Западная),ВкусВилл,7702319337,Город Москва,от 75000,75000,100000,Сменная работа,,2026-04-21,2026-04-22T10:22:43+0300,https://trudvsem.ru/vacancy/card/1027700404797/ac02c8b5-3d8e-11f1-8186-8d00a11f2a9b,Вакансия интернет ресурса
Бариста,a8e2eb15-3d8e-11f1-971a-a3a869922a76,Бариста (м. Новые Черёмушки),ВкусВилл,7702319337,Город Москва,от 75000,75000,100000,Сменная работа,,2026-04-21,2026-04-22T10:12:10+0300,https://trudvsem.ru/vacancy/card/1027700404797/a8e2eb15-3d8e-11f1-971a-a3a869922a76,Вакансия интернет ресурса
Бариста,702beba5-3d84-11f1-9d32-75a87083884d,"Бариста (Красногорск, Липовой рощи)",ВкусВилл,7702319337,Город Москва,от 75000,75000,95000,Полный рабочий день,,2026-04-21,2026-04-21T16:17:26+0300,https://trudvsem.ru/vacancy/card/1027700404797/702beba5-3d84-11f1-9d32-75a87083884d,Вакансия интернет ресурса
Бариста,5b34d7d0-3d6f-11f1-9310-bfc61bc7c1b3,Бариста (м. Ленинский проспект),ВкусВилл,7702319337,Город Москва,от 70000,70000,90000,Полный рабочий день,,2026-04-21,2026-04-21T14:05:49+0300,https://trudvsem.ru/vacancy/card/1027700404797/5b34d7d0-3d6f-11f1-9310-bfc61bc7c1b3,Вакансия интернет ресурса
Бариста,59a6bdc5-3d6f-11f1-bde7-dff7fce858f9,Бариста (м. Москва-Сити),ВкусВилл,7702319337,Город Москва,от 80000,80000,100000,Полный рабочий день,,2026-04-21,2026-04-21T14:05:45+0300,https://trudvsem.ru/vacancy/card/1027700404797/59a6bdc5-3d6f-11f1-bde7-dff7fce858f9,Вакансия интернет ресурса
Бариста,56877c65-3d6f-11f1-90e2-95c82e29c396,Бариста (м. Парк культуры),ВкусВилл,7702319337,Город Москва,от 75000,75000,95000,Полный рабочий день,,2026-04-21,2026-04-21T14:05:38+0300,https://trudvsem.ru/vacancy/card/1027700404797/56877c65-3d6f-11f1-90e2-95c82e29c396,Вакансия интернет ресурса
Бариста,8ee70e05-3d6e-11f1-90e2-95c82e29c396,Пекарь-бариста,ВкусВилл,7702319337,Город Москва,от 75000,75000,130000,Полный рабочий день,,2026-04-21,2026-04-21T16:12:12+0300,https://trudvsem.ru/vacancy/card/1027700404797/8ee70e05-3d6e-11f1-90e2-95c82e29c396,Вакансия интернет ресурса
Бариста,13aa4e10-3a57-11f1-b0cf-43916b484a0d,Бариста (обучение),Консул медиа,7702319337,Город Москва,от 100000,100000,110000,Полный рабочий день,,2026-04-17,2026-04-17T17:06:21+0300,https://trudvsem.ru/vacancy/card/1027700404797/13aa4e10-3a57-11f1-b0cf-43916b484a0d,Вакансия интернет ресурса
Бариста,54742035-3d84-11f1-971a-a3a869922a76,"Бариста (м. ЦСКА, ул. Гризодубовой)",ВкусВилл,7702319337,Город Москва,от 80000,80000,100000,Полный рабочий день,,2026-04-21,2026-04-22T10:26:56+0300,https://trudvsem.ru/vacancy/card/1027700404797/54742035-3d84-11f1-971a-a3a869922a76,Вакансия интернет ресурса
Бариста,739d92c5-3d84-11f1-971a-a3a869922a76,"Бариста (м. ЦСКА, ТЦ Авиапарк)",ВкусВилл,7702319337,Город Москва,от 80000,80000,100000,Полный рабочий день,,2026-04-21,2026-04-21T16:17:31+0300,https://trudvsem.ru/vacancy/card/1027700404797/739d92c5-3d84-11f1-971a-a3a869922a76,Вакансия интернет ресурса
Бариста,245c4775-3d88-11f1-9fc2-79078d06dad0,"Бариста (м. Белокаменная, 1-я Мясниковская, 2)",ВкусВилл,7702319337,Город Москва,от 80000,80000,80000,Сменная работа,,2026-04-21,2026-04-22T10:22:40+0300,https://trudvsem.ru/vacancy/card/1027700404797/245c4775-3d88-11f1-9fc2-79078d06dad0,Вакансия интернет ресурса
Бариста,31cdc015-3d7d-11f1-9d32-75a87083884d,Бариста (м. Ростокино),ВкусВилл,7702319337,Город Москва,от 72000,72000,72000,Полный рабочий день,,2026-04-21,2026-04-22T16:40:28+0300,https://trudvsem.ru/vacancy/card/1027700404797/31cdc015-3d7d-11f1-9d32-75a87083884d,Вакансия интернет ресурса
Бариста,e8baf955-3d7d-11f1-8186-8d00a11f2a9b,Бариста (м. ВДНХ),ВкусВилл,7702319337,Город Москва,от 82000,82000,90000,Полный рабочий день,,2026-04-21,2026-04-22T09:30:26+0300,https://trudvsem.ru/vacancy/card/1027700404797/e8baf955-3d7d-11f1-8186-8d00a11f2a9b,Вакансия интернет ресурса
Бариста,69c60ac5-3d84-11f1-9d32-75a87083884d,Бариста (м. Белорусская),ВкусВилл,7702319337,Город Москва,от 52000,52000,52000,Полный рабочий день,,2026-04-21,2026-04-21T16:17:15+0300,https://trudvsem.ru/vacancy/card/1027700404797/69c60ac5-3d84-11f1-9d32-75a87083884d,Вакансия интернет ресурса
Бариста,4e442095-3d7d-11f1-9fc2-79078d06dad0,Бариста (м. Свиблово),ВкусВилл,7702319337,Город Москва,от 60000,60000,80000,Полный рабочий день,,2026-04-21,2026-04-21T15:38:52+0300,https://trudvsem.ru/vacancy/card/1027700404797/4e442095-3d7d-11f1-9fc2-79078d06dad0,Вакансия интернет ресурса
Бариста,a0dbf8a5-3d73-11f1-adfa-f5089ce3a7d3,Бариста (Псковская 9к1),ВкусВилл,7702319337,Город Москва,от 70000,70000,90000,Полный рабочий день,,2026-04-21,2026-04-21T14:17:06+0300,https://trudvsem.ru/vacancy/card/1027700404797/a0dbf8a5-3d73-11f1-adfa-f5089ce3a7d3,Вакансия интернет ресурса
Бариста,36a9d830-3d73-11f1-9d32-75a87083884d,Бариста (м. Аэропорт),ВкусВилл,7702319337,Город Москва,от 67000,67000,97000,Полный рабочий день,,2026-04-21,2026-04-21T14:14:08+0300,https://trudvsem.ru/vacancy/card/1027700404797/36a9d830-3d73-11f1-9d32-75a87083884d,Вакансия интернет ресурса
Бариста,ccfb8135-3d87-11f1-971a-a3a869922a76,"Бариста (м. Улица Дмитриевского, ул. Святоозёрская, 1а)",ВкусВилл,7702319337,Город Москва,от 67000,67000,67000,Полный рабочий день,,2026-04-21,2026-04-21T16:41:30+0300,https://trudvsem.ru/vacancy/card/1027700404797/ccfb8135-3d87-11f1-971a-a3a869922a76,Вакансия интернет ресурса
Бариста,a89ef885-3d73-11f1-9fc2-79078d06dad0,"Бариста (Софьи Ковалевской, 4)",ВкусВилл,7702319337,Город Москва,от 75000,75000,100000,Полный рабочий день,,2026-04-21,2026-04-21T14:17:19+0300,https://trudvsem.ru/vacancy/card/1027700404797/a89ef885-3d73-11f1-9fc2-79078d06dad0,Вакансия интернет ресурса
Бариста,a6d4e6e5-3d73-11f1-971a-a3a869922a76,"Бариста (Римского-Корсакова, 11к5)",ВкусВилл,7702319337,Город Москва,от 70000,70000,90000,Полный рабочий день,,2026-04-21,2026-04-21T14:17:16+0300,https://trudvsem.ru/vacancy/card/1027700404797/a6d4e6e5-3d73-11f1-971a-a3a869922a76,Вакансия интернет ресурса
Бариста,a47d8960-3d73-11f1-8779-1bf8478b2bcf,Бариста (м. Верхние Лихоборы),ВкусВилл,7702319337,Город Москва,от 70000,70000,90000,Полный рабочий день,,2026-04-21,2026-04-21T14:17:13+0300,https://trudvsem.ru/vacancy/card/1027700404797/a47d8960-3d73-11f1-8779-1bf8478b2bcf,Вакансия интернет ресурса
Бариста,a2ef6f55-3d73-11f1-adfa-f5089ce3a7d3,"Бариста (Полковника Романова, 11)",ВкусВилл,7702319337,Город Москва,от 0,0,0,Полный рабочий день,,2026-04-21,2026-04-21T14:17:09+0300,https://trudvsem.ru/vacancy/card/1027700404797/a2ef6f55-3d73-11f1-adfa-f5089ce3a7d3,Вакансия интернет ресурса
Бариста,ace98cc5-3d6e-11f1-90e2-95c82e29c396,Пекарь бариста (м. Кунцевская),ВкусВилл,7702319337,Город Москва,от 75000,75000,130000,Полный рабочий день,,2026-04-21,2026-04-21T13:41:38+0300,https://trudvsem.ru/vacancy/card/1027700404797/ace98cc5-3d6e-11f1-90e2-95c82e29c396,Вакансия интернет ресурса
Бариста,3e9283c0-d681-11f0-87da-afa2c9107639,Менеджер кафетерия / Бариста (м. Шелепиха),Азбука вкуса,7702319337,Город Москва,от 115500,115500,115500,Сменная работа,,2025-12-11,2026-05-15T14:45:12+0300,https://trudvsem.ru/vacancy/card/1027700404797/3e9283c0-d681-11f0-87da-afa2c9107639,Вакансия интернет ресурса
Бариста,2ce15fd5-3d7d-11f1-8779-1bf8478b2bcf,"Бариста (м. Бибирево Полярная, 27)",ВкусВилл,7702319337,Город Москва,от 60000,60000,80000,Полный рабочий день,,2026-04-21,2026-04-22T16:30:15+0300,https://trudvsem.ru/vacancy/card/1027700404797/2ce15fd5-3d7d-11f1-8779-1bf8478b2bcf,Вакансия интернет ресурса
Бариста,857ce575-3d7c-11f1-adfa-f5089ce3a7d3,"Бариста (м. Бабушкинская, Менжинского 23)",ВкусВилл,7702319337,Город Москва,от 75000,75000,80000,Полный рабочий день,,2026-04-21,2026-04-21T15:37:57+0300,https://trudvsem.ru/vacancy/card/1027700404797/857ce575-3d7c-11f1-adfa-f5089ce3a7d3,Вакансия интернет ресурса
Бариста,47cf72a5-3d7d-11f1-adfa-f5089ce3a7d3,"Бариста (м. ВДНХ, Кибальчича 4)",ВкусВилл,7702319337,Город Москва,от 67000,67000,102000,Полный рабочий день,,2026-04-21,2026-04-21T15:37:41+0300,https://trudvsem.ru/vacancy/card/1027700404797/47cf72a5-3d7d-11f1-adfa-f5089ce3a7d3,Вакансия интернет ресурса
Бариста,9f31cb15-3d73-11f1-8779-1bf8478b2bcf,Бариста-пекарь (м. Петровско-Разумовская),ВкусВилл,7702319337,Город Москва,от 66000,66000,66000,Полный рабочий день,,2026-04-21,2026-04-21T14:17:03+0300,https://trudvsem.ru/vacancy/card/1027700404797/9f31cb15-3d73-11f1-8779-1bf8478b2bcf,Вакансия интернет ресурса
Кассир,07030b04-494f-11f1-9515-675f9983b1ea,Бармен-кассир в кафе,Клиент №4966764,7702319337,Город Москва,от 60480,60480,60480,Режим гибкого рабочего времени,,2026-05-06,2026-05-06T16:25:20+0300,https://trudvsem.ru/vacancy/card/1027700404797/07030b04-494f-11f1-9515-675f9983b1ea,Вакансия интернет ресурса
Кассир,a04bf0e4-4dca-11f1-8e76-174f1d09c67b,Ночной бариста,Перекресток,7702319337,Город Москва,от 80000,80000,90000,Полный рабочий день,,2026-05-12,2026-05-12T09:20:10+0300,https://trudvsem.ru/vacancy/card/1027700404797/a04bf0e4-4dca-11f1-8e76-174f1d09c67b,Вакансия интернет ресурса
Кассир,e8082a54-5024-11f1-b0ba-8f8b6802ecb0,Менеджер кафе,Перекресток,7702319337,Город Москва,от 90600,90600,94500,Полный рабочий день,,2026-05-15,2026-05-15T09:11:27+0300,https://trudvsem.ru/vacancy/card/1027700404797/e8082a54-5024-11f1-b0ba-8f8b6802ecb0,Вакансия интернет ресурса
Кассир,d9e6c3a4-5024-11f1-a1d9-b5efdd8f67a5,Менеджер кафе,Перекресток,7702319337,Город Москва,от 88700,88700,92500,Полный рабочий день,,2026-05-15,2026-05-15T09:11:03+0300,https://trudvsem.ru/vacancy/card/1027700404797/d9e6c3a4-5024-11f1-a1d9-b5efdd8f67a5,Вакансия интернет ресурса
Кассир,ee38dc64-4f5e-11f1-9259-7b514442a263,Менеджер кафе,Перекресток,7702319337,Город Москва,от 80000,80000,90000,Полный рабочий день,,2026-05-14,2026-05-14T09:34:17+0300,https://trudvsem.ru/vacancy/card/1027700404797/ee38dc64-4f5e-11f1-9259-7b514442a263,Вакансия интернет ресурса
Кассир,a3f4de14-4f5e-11f1-b0ba-8f8b6802ecb0,Менеджер кафе,Перекресток,7702319337,Город Москва,от 66000,66000,92400,Полный рабочий день,,2026-05-14,2026-05-14T09:32:12+0300,https://trudvsem.ru/vacancy/card/1027700404797/a3f4de14-4f5e-11f1-b0ba-8f8b6802ecb0,Вакансия интернет ресурса
Кассир,d30db721-4dca-11f1-95c9-25915aa800c6,Менеджер кафе,Перекресток,7702319337,Город Москва,от 80000,80000,90000,Полный рабочий день,,2026-05-12,2026-05-12T09:21:35+0300,https://trudvsem.ru/vacancy/card/1027700404797/d30db721-4dca-11f1-95c9-25915aa800c6,Вакансия интернет ресурса
Кассир,6bece294-49de-11f1-b588-0bfc9ef93258,Менеджер кафе,Перекресток,7702319337,Город Москва,от 89000,89000,93000,Полный рабочий день,,2026-05-07,2026-05-07T09:31:47+0300,https://trudvsem.ru/vacancy/card/1027700404797/6bece294-49de-11f1-b588-0bfc9ef93258,Вакансия интернет ресурса
Кассир,50749124-49de-11f1-b588-0bfc9ef93258,Менеджер кафе,Перекресток,7702319337,Город Москва,от 89200,89200,93000,Полный рабочий день,,2026-05-07,2026-05-07T09:31:01+0300,https://trudvsem.ru/vacancy/card/1027700404797/50749124-49de-11f1-b588-0bfc9ef93258,Вакансия интернет ресурса
Кассир,7ed22f64-49dd-11f1-b588-0bfc9ef93258,Менеджер кафе,Перекресток,7702319337,Город Москва,от 90000,90000,94000,Полный рабочий день,,2026-05-07,2026-05-07T09:25:09+0300,https://trudvsem.ru/vacancy/card/1027700404797/7ed22f64-49dd-11f1-b588-0bfc9ef93258,Вакансия интернет ресурса
Кассир,9f35d714-4916-11f1-b0a5-e5f4a56febf4,Менеджер кафе,Перекресток,7702319337,Город Москва,от 89700,89700,93500,Полный рабочий день,,2026-05-06,2026-05-06T09:41:34+0300,https://trudvsem.ru/vacancy/card/1027700404797/9f35d714-4916-11f1-b0a5-e5f4a56febf4,Вакансия интернет ресурса
Кассир,bf60a980-4915-11f1-b0a5-e5f4a56febf4,Менеджер кафе,Перекресток,7702319337,Город Москва,от 80000,80000,90000,Полный рабочий день,,2026-05-06,2026-05-06T09:35:18+0300,https://trudvsem.ru/vacancy/card/1027700404797/bf60a980-4915-11f1-b0a5-e5f4a56febf4,Вакансия интернет ресурса
Кассир,aed17724-4915-11f1-b0a5-e5f4a56febf4,Менеджер кафе,Перекресток,7702319337,Город Москва,от 91000,91000,95000,Полный рабочий день,,2026-05-06,2026-05-06T09:34:51+0300,https://trudvsem.ru/vacancy/card/1027700404797/aed17724-4915-11f1-b0a5-e5f4a56febf4,Вакансия интернет ресурса
Кассир,7700d484-4915-11f1-b083-d3994b776f2a,Менеджер кафе,Перекресток,7702319337,Город Москва,от 90000,90000,95000,Полный рабочий день,,2026-05-06,2026-05-06T09:33:17+0300,https://trudvsem.ru/vacancy/card/1027700404797/7700d484-4915-11f1-b083-d3994b776f2a,Вакансия интернет ресурса
Кассир,d94f7154-3fec-11f1-bf9b-d5761c894a61,Бариста,Перекресток,7702319337,Город Москва,от 70000,70000,80000,Полный рабочий день,,2026-04-24,2026-04-24T17:49:52+0300,https://trudvsem.ru/vacancy/card/1027700404797/d94f7154-3fec-11f1-bf9b-d5761c894a61,Вакансия интернет ресурса
Кассир,d0981ab4-5024-11f1-97c4-9bd84db2b971,Бариста,Перекресток,7702319337,Город Москва,от 79100,79100,82600,Неполный рабочий день/неполная рабочая неделя,,2026-05-15,2026-05-15T09:10:48+0300,https://trudvsem.ru/vacancy/card/1027700404797/d0981ab4-5024-11f1-97c4-9bd84db2b971,Вакансия интернет ресурса
Кассир,eae1c224-4f5e-11f1-9259-7b514442a263,Бариста,Перекресток,7702319337,Город Москва,от 61700,61700,65000,Неполный рабочий день/неполная рабочая неделя,,2026-05-14,2026-05-14T09:34:12+0300,https://trudvsem.ru/vacancy/card/1027700404797/eae1c224-4f5e-11f1-9259-7b514442a263,Вакансия интернет ресурса
Кассир,e5ff25e4-4f5e-11f1-a1d9-b5efdd8f67a5,Бариста,Перекресток,7702319337,Город Москва,от 70000,70000,80000,Неполный рабочий день/неполная рабочая неделя,,2026-05-14,2026-05-14T09:34:03+0300,https://trudvsem.ru/vacancy/card/1027700404797/e5ff25e4-4f5e-11f1-a1d9-b5efdd8f67a5,Вакансия интернет ресурса
Кассир,ddb346f4-4f5e-11f1-97c4-9bd84db2b971,Бариста,Перекресток,7702319337,Город Москва,от 75000,75000,90000,Неполный рабочий день/неполная рабочая неделя,,2026-05-14,2026-05-14T09:33:49+0300,https://trudvsem.ru/vacancy/card/1027700404797/ddb346f4-4f5e-11f1-97c4-9bd84db2b971,Вакансия интернет ресурса
Кассир,9dac2224-4f5e-11f1-a1d9-b5efdd8f67a5,Бариста,Перекресток,7702319337,Город Москва,от 59000,59000,82600,Неполный рабочий день/неполная рабочая неделя,,2026-05-14,2026-05-14T09:32:02+0300,https://trudvsem.ru/vacancy/card/1027700404797/9dac2224-4f5e-11f1-a1d9-b5efdd8f67a5,Вакансия интернет ресурса
Кассир,69e58b84-4f5d-11f1-ba3f-0559e6c0e4c3,Бариста,Перекресток,7702319337,Город Москва,от 81400,81400,85100,Неполный рабочий день/неполная рабочая неделя,,2026-05-14,2026-05-14T09:23:26+0300,https://trudvsem.ru/vacancy/card/1027700404797/69e58b84-4f5d-11f1-ba3f-0559e6c0e4c3,Вакансия интернет ресурса
Кассир,16e67d64-4dcb-11f1-a33c-8730bb28edc7,Бариста,Перекресток,7702319337,Город Москва,от 78600,78600,82100,Неполный рабочий день/неполная рабочая неделя,,2026-05-12,2026-05-12T09:23:29+0300,https://trudvsem.ru/vacancy/card/1027700404797/16e67d64-4dcb-11f1-a33c-8730bb28edc7,Вакансия интернет ресурса
Кассир,fe5a0144-4dca-11f1-999a-b7410820bc57,Бариста,Перекресток,7702319337,Город Москва,от 70000,70000,75000,Неполный рабочий день/неполная рабочая неделя,,2026-05-12,2026-05-12T09:22:48+0300,https://trudvsem.ru/vacancy/card/1027700404797/fe5a0144-4dca-11f1-999a-b7410820bc57,Вакансия интернет ресурса
Кассир,f89fa2a4-4dca-11f1-8e76-174f1d09c67b,Бариста,Перекресток,7702319337,Город Москва,от 79500,79500,83100,Неполный рабочий день/неполная рабочая неделя,,2026-05-12,2026-05-12T09:22:38+0300,https://trudvsem.ru/vacancy/card/1027700404797/f89fa2a4-4dca-11f1-8e76-174f1d09c67b,Вакансия интернет ресурса
Кассир,e3cb7390-4dca-11f1-8e76-174f1d09c67b,Бариста,Перекресток,7702319337,Город Москва,от 81000,81000,84600,Неполный рабочий день/неполная рабочая неделя,,2026-05-12,2026-05-12T09:22:03+0300,https://trudvsem.ru/vacancy/card/1027700404797/e3cb7390-4dca-11f1-8e76-174f1d09c67b,Вакансия интернет ресурса
Кассир,d867cd54-4dca-11f1-8e76-174f1d09c67b,Бариста,Перекресток,7702319337,Город Москва,от 81000,81000,84600,Неполный рабочий день/неполная рабочая неделя,,2026-05-12,2026-05-12T09:21:44+0300,https://trudvsem.ru/vacancy/card/1027700404797/d867cd54-4dca-11f1-8e76-174f1d09c67b,Вакансия интернет ресурса
Кассир,cecab644-4dca-11f1-95c9-25915aa800c6,Бариста,Перекресток,7702319337,Город Москва,от 70000,70000,80000,Неполный рабочий день/неполная рабочая неделя,,2026-05-12,2026-05-12T09:21:28+0300,https://trudvsem.ru/vacancy/card/1027700404797/cecab644-4dca-11f1-95c9-25915aa800c6,Вакансия интернет ресурса
Кассир,c73dba80-4dca-11f1-999a-b7410820bc57,Бариста,Перекресток,7702319337,Город Москва,от 80000,80000,84000,Неполный рабочий день/неполная рабочая неделя,,2026-05-12,2026-05-12T09:21:15+0300,https://trudvsem.ru/vacancy/card/1027700404797/c73dba80-4dca-11f1-999a-b7410820bc57,Вакансия интернет ресурса
Кассир,b7fb2c64-4dca-11f1-95c9-25915aa800c6,Бариста,Перекресток,7702319337,Город Москва,от 79100,79100,82600,Неполный рабочий день/неполная рабочая неделя,,2026-05-12,2026-05-12T09:20:49+0300,https://trudvsem.ru/vacancy/card/1027700404797/b7fb2c64-4dca-11f1-95c9-25915aa800c6,Вакансия интернет ресурса
Кассир,7a70dba4-49de-11f1-aff5-fda69a5c8381,Бариста,Перекресток,7702319337,Город Москва,от 81000,81000,84600,Неполный рабочий день/неполная рабочая неделя,,2026-05-07,2026-05-07T09:32:11+0300,https://trudvsem.ru/vacancy/card/1027700404797/7a70dba4-49de-11f1-aff5-fda69a5c8381,Вакансия интернет ресурса
Кассир,76e8c654-49de-11f1-80cf-b52e2bd53d54,Бариста,Перекресток,7702319337,Город Москва,от 80000,80000,83600,Неполный рабочий день/неполная рабочая неделя,,2026-05-07,2026-05-07T09:32:06+0300,https://trudvsem.ru/vacancy/card/1027700404797/76e8c654-49de-11f1-80cf-b52e2bd53d54,Вакансия интернет ресурса
Кассир,75443e14-49de-11f1-80cf-b52e2bd53d54,Бариста,Перекресток,7702319337,Город Москва,от 88000,88000,92000,Неполный рабочий день/неполная рабочая неделя,,2026-05-07,2026-05-07T09:32:03+0300,https://trudvsem.ru/vacancy/card/1027700404797/75443e14-49de-11f1-80cf-b52e2bd53d54,Вакансия интернет ресурса
Кассир,738a5914-49de-11f1-aff5-fda69a5c8381,Бариста,Перекресток,7702319337,Город Москва,от 81000,81000,85000,Неполный рабочий день/неполная рабочая неделя,,2026-05-07,2026-05-07T09:32:00+0300,https://trudvsem.ru/vacancy/card/1027700404797/738a5914-49de-11f1-aff5-fda69a5c8381,Вакансия интернет ресурса
Кассир,71681550-49de-11f1-905d-bdc0ab7ceef5,Бариста,Перекресток,7702319337,Город Москва,от 81000,81000,85000,Неполный рабочий день/неполная рабочая неделя,,2026-05-07,2026-05-07T09:31:56+0300,https://trudvsem.ru/vacancy/card/1027700404797/71681550-49de-11f1-905d-bdc0ab7ceef5,Вакансия интернет ресурса
Кассир,6a476ff4-49de-11f1-80cf-b52e2bd53d54,Бариста,Перекресток,7702319337,Город Москва,от 80000,80000,83000,Неполный рабочий день/неполная рабочая неделя,,2026-05-07,2026-05-07T09:31:44+0300,https://trudvsem.ru/vacancy/card/1027700404797/6a476ff4-49de-11f1-80cf-b52e2bd53d54,Вакансия интернет ресурса
Кассир,57d0dff4-49de-11f1-80cf-b52e2bd53d54,Бариста,Перекресток,7702319337,Город Москва,от 81000,81000,85000,Неполный рабочий день/неполная рабочая неделя,,2026-05-07,2026-05-07T09:31:13+0300,https://trudvsem.ru/vacancy/card/1027700404797/57d0dff4-49de-11f1-80cf-b52e2bd53d54,Вакансия интернет ресурса
Кассир,523ad234-49de-11f1-b588-0bfc9ef93258,Бариста,Перекресток,7702319337,Город Москва,от 70000,70000,80000,Неполный рабочий день/неполная рабочая неделя,,2026-05-07,2026-05-07T09:31:04+0300,https://trudvsem.ru/vacancy/card/1027700404797/523ad234-49de-11f1-b588-0bfc9ef93258,Вакансия интернет ресурса
Кассир,4cda7a74-49de-11f1-905d-bdc0ab7ceef5,Бариста,Перекресток,7702319337,Город Москва,от 80000,80000,85000,Неполный рабочий день/неполная рабочая неделя,,2026-05-07,2026-05-07T09:30:55+0300,https://trudvsem.ru/vacancy/card/1027700404797/4cda7a74-49de-11f1-905d-bdc0ab7ceef5,Вакансия интернет ресурса
Кассир,403262c0-49dd-11f1-b25c-e3f0fb441b9d,Бариста,Перекресток,7702319337,Город Москва,от 80000,80000,90000,Неполный рабочий день/неполная рабочая неделя,,2026-05-07,2026-05-07T09:23:24+0300,https://trudvsem.ru/vacancy/card/1027700404797/403262c0-49dd-11f1-b25c-e3f0fb441b9d,Вакансия интернет ресурса
Кассир,d936b534-49dc-11f1-80cf-b52e2bd53d54,Бариста,Перекресток,7702319337,Город Москва,от 82400,82400,86100,Неполный рабочий день/неполная рабочая неделя,,2026-05-07,2026-05-07T09:20:32+0300,https://trudvsem.ru/vacancy/card/1027700404797/d936b534-49dc-11f1-80cf-b52e2bd53d54,Вакансия интернет ресурса
Кассир,33f94b84-4916-11f1-9bdb-550718aca3ff,Бариста,Перекресток,7702319337,Город Москва,от 80000,80000,85000,Неполный рабочий день/неполная рабочая неделя,,2026-05-06,2026-05-06T09:38:34+0300,https://trudvsem.ru/vacancy/card/1027700404797/33f94b84-4916-11f1-9bdb-550718aca3ff,Вакансия интернет ресурса
Кассир,31e3d900-4916-11f1-9bdb-550718aca3ff,Бариста,Перекресток,7702319337,Город Москва,от 80000,80000,85000,Неполный рабочий день/неполная рабочая неделя,,2026-05-06,2026-05-06T09:38:31+0300,https://trudvsem.ru/vacancy/card/1027700404797/31e3d900-4916-11f1-9bdb-550718aca3ff,Вакансия интернет ресурса
Кассир,22cb6820-4916-11f1-acb6-c3c15cb64fea,Бариста,Перекресток,7702319337,Город Москва,от 70000,70000,80000,Неполный рабочий день/неполная рабочая неделя,,2026-05-06,2026-05-06T09:38:05+0300,https://trudvsem.ru/vacancy/card/1027700404797/22cb6820-4916-11f1-acb6-c3c15cb64fea,Вакансия интернет ресурса
Кассир,1ca94704-4916-11f1-8297-871736ac4017,Бариста,Перекресток,7702319337,Город Москва,от 70000,70000,80000,Неполный рабочий день/неполная рабочая неделя,,2026-05-06,2026-05-06T09:37:55+0300,https://trudvsem.ru/vacancy/card/1027700404797/1ca94704-4916-11f1-8297-871736ac4017,Вакансия интернет ресурса
Кассир,1864e694-4916-11f1-8297-871736ac4017,Бариста,Перекресток,7702319337,Город Москва,от 82900,82900,86600,Неполный рабочий день/неполная рабочая неделя,,2026-05-06,2026-05-06T09:37:48+0300,https://trudvsem.ru/vacancy/card/1027700404797/1864e694-4916-11f1-8297-871736ac4017,Вакансия интернет ресурса
Кассир,113d8a74-4916-11f1-a4d8-2703234eb817,Бариста,Перекресток,7702319337,Город Москва,от 81000,81000,85000,Неполный рабочий день/неполная рабочая неделя,,2026-05-06,2026-05-06T09:37:36+0300,https://trudvsem.ru/vacancy/card/1027700404797/113d8a74-4916-11f1-a4d8-2703234eb817,Вакансия интернет ресурса
Кассир,db7477a4-4915-11f1-8297-871736ac4017,Бариста,Перекресток,7702319337,Город Москва,от 79500,79500,83100,Неполный рабочий день/неполная рабочая неделя,,2026-05-06,2026-05-06T09:36:05+0300,https://trudvsem.ru/vacancy/card/1027700404797/db7477a4-4915-11f1-8297-871736ac4017,Вакансия интернет ресурса
Кассир,d61e5910-4915-11f1-a4d8-2703234eb817,Бариста,Перекресток,7702319337,Город Москва,от 80500,80500,84100,Неполный рабочий день/неполная рабочая неделя,,2026-05-06,2026-05-06T09:35:56+0300,https://trudvsem.ru/vacancy/card/1027700404797/d61e5910-4915-11f1-a4d8-2703234eb817,Вакансия интернет ресурса
Кассир,cc17d1d4-4915-11f1-8297-871736ac4017,Бариста,Перекресток,7702319337,Город Москва,от 80500,80500,84100,Неполный рабочий день/неполная рабочая неделя,,2026-05-06,2026-05-06T09:35:40+0300,https://trudvsem.ru/vacancy/card/1027700404797/cc17d1d4-4915-11f1-8297-871736ac4017,Вакансия интернет ресурса
Кассир,c63837f0-4915-11f1-a4d8-2703234eb817,Бариста,Перекресток,7702319337,Город Москва,от 80000,80000,83600,Неполный рабочий день/неполная рабочая неделя,,2026-05-06,2026-05-06T09:35:30+0300,https://trudvsem.ru/vacancy/card/1027700404797/c63837f0-4915-11f1-a4d8-2703234eb817,Вакансия интернет ресурса
Кассир,bbb4b884-4915-11f1-9bdb-550718aca3ff,Бариста,Перекресток,7702319337,Город Москва,от 81400,81400,85100,Неполный рабочий день/неполная рабочая неделя,,2026-05-06,2026-05-06T09:35:12+0300,https://trudvsem.ru/vacancy/card/1027700404797/bbb4b884-4915-11f1-9bdb-550718aca3ff,Вакансия интернет ресурса
Кассир,b4636634-4915-11f1-b083-d3994b776f2a,Бариста,Перекресток,7702319337,Город Москва,от 82900,82900,86600,Неполный рабочий день/неполная рабочая неделя,,2026-05-06,2026-05-06T09:35:00+0300,https://trudvsem.ru/vacancy/card/1027700404797/b4636634-4915-11f1-b083-d3994b776f2a,Вакансия интернет ресурса
Кассир,b0d2c562-4915-11f1-acb6-c3c15cb64fea,Бариста,Перекресток,7702319337,Город Москва,от 80000,80000,83000,Неполный рабочий день/неполная рабочая неделя,,2026-05-06,2026-05-06T09:34:54+0300,https://trudvsem.ru/vacancy/card/1027700404797/b0d2c562-4915-11f1-acb6-c3c15cb64fea,Вакансия интернет ресурса
Кассир,a361c2f4-4915-11f1-acb6-c3c15cb64fea,Бариста,Перекресток,7702319337,Город Москва,от 82900,82900,86600,Неполный рабочий день/неполная рабочая неделя,,2026-05-06,2026-05-06T09:34:31+0300,https://trudvsem.ru/vacancy/card/1027700404797/a361c2f4-4915-11f1-acb6-c3c15cb64fea,Вакансия интернет ресурса
Кассир,9db56e10-4915-11f1-a4d8-2703234eb817,Бариста,Перекресток,7702319337,Город Москва,от 80000,80000,83000,Неполный рабочий день/неполная рабочая неделя,,2026-05-06,2026-05-06T09:34:22+0300,https://trudvsem.ru/vacancy/card/1027700404797/9db56e10-4915-11f1-a4d8-2703234eb817,Вакансия интернет ресурса
Кассир,95b0f864-4915-11f1-9bdb-550718aca3ff,Бариста,Перекресток,7702319337,Город Москва,от 81000,81000,85000,Неполный рабочий день/неполная рабочая неделя,,2026-05-06,2026-05-06T09:34:08+0300,https://trudvsem.ru/vacancy/card/1027700404797/95b0f864-4915-11f1-9bdb-550718aca3ff,Вакансия интернет ресурса
Кассир,8c3a5514-4915-11f1-acb6-c3c15cb64fea,Бариста,Перекресток,7702319337,Город Москва,от 81000,81000,85000,Неполный рабочий день/неполная рабочая неделя,,2026-05-06,2026-05-06T09:33:52+0300,https://trudvsem.ru/vacancy/card/1027700404797/8c3a5514-4915-11f1-acb6-c3c15cb64fea,Вакансия интернет ресурса
Кассир,8503ddc4-4915-11f1-b083-d3994b776f2a,Бариста,Перекресток,7702319337,Город Москва,от 78600,78600,82100,Неполный рабочий день/неполная рабочая неделя,,2026-05-06,2026-05-06T09:33:40+0300,https://trudvsem.ru/vacancy/card/1027700404797/8503ddc4-4915-11f1-b083-d3994b776f2a,Вакансия интернет ресурса
Кассир,56649814-4915-11f1-9bdb-550718aca3ff,Бариста,Перекресток,7702319337,Город Москва,от 79500,79500,83100,Неполный рабочий день/неполная рабочая неделя,,2026-05-06,2026-05-06T09:32:22+0300,https://trudvsem.ru/vacancy/card/1027700404797/56649814-4915-11f1-9bdb-550718aca3ff,Вакансия интернет ресурса
Кассир,500287c4-4915-11f1-b0a5-e5f4a56febf4,Бариста,Перекресток,7702319337,Город Москва,от 81400,81400,85100,Неполный рабочий день/неполная рабочая неделя,,2026-05-06,2026-05-06T09:32:12+0300,https://trudvsem.ru/vacancy/card/1027700404797/500287c4-4915-11f1-b0a5-e5f4a56febf4,Вакансия интернет ресурса
Кассир,43757cb4-4915-11f1-acb6-c3c15cb64fea,Бариста,Перекресток,7702319337,Город Москва,от 80000,80000,85000,Неполный рабочий день/неполная рабочая неделя,,2026-05-06,2026-05-06T09:31:50+0300,https://trudvsem.ru/vacancy/card/1027700404797/43757cb4-4915-11f1-acb6-c3c15cb64fea,Вакансия интернет ресурса
Кассир,3dcbe6f4-4915-11f1-a4d8-2703234eb817,Бариста,Перекресток,7702319337,Город Москва,от 81000,81000,85000,Неполный рабочий день/неполная рабочая неделя,,2026-05-06,2026-05-06T09:31:41+0300,https://trudvsem.ru/vacancy/card/1027700404797/3dcbe6f4-4915-11f1-a4d8-2703234eb817,Вакансия интернет ресурса
Кассир,076c7d04-4914-11f1-a4d8-2703234eb817,Бариста,Перекресток,7702319337,Город Москва,от 81000,81000,85000,Неполный рабочий день/неполная рабочая неделя,,2026-05-06,2026-05-06T09:23:00+0300,https://trudvsem.ru/vacancy/card/1027700404797/076c7d04-4914-11f1-a4d8-2703234eb817,Вакансия интернет ресурса
Кассир,e5a88f74-5024-11f1-ba3f-0559e6c0e4c3,Мобильный менеджер кафе,Перекресток,7702319337,Город Москва,от 85000,85000,95000,Полный рабочий день,,2026-05-15,2026-05-15T09:11:23+0300,https://trudvsem.ru/vacancy/card/1027700404797/e5a88f74-5024-11f1-ba3f-0559e6c0e4c3,Вакансия интернет ресурса
Кассир,03c24764-49dd-11f1-b588-0bfc9ef93258,Мобильный менеджер кафе,Перекресток,7702319337,Город Москва,от 90000,90000,95000,Полный рабочий день,,2026-05-07,2026-05-07T09:21:43+0300,https://trudvsem.ru/vacancy/card/1027700404797/03c24764-49dd-11f1-b588-0bfc9ef93258,Вакансия интернет ресурса
Кассир,649ec494-49de-11f1-aff5-fda69a5c8381,Мобильный бариста,Перекресток,7702319337,Город Москва,от 85000,85000,90000,Полный рабочий день,,2026-05-07,2026-05-07T09:31:35+0300,https://trudvsem.ru/vacancy/card/1027700404797/649ec494-49de-11f1-aff5-fda69a5c8381,Вакансия интернет ресурса
Кассир,62ce2344-49de-11f1-9515-675f9983b1ea,Мобильный бариста,Перекресток,7702319337,Город Москва,от 85000,85000,90000,Полный рабочий день,,2026-05-07,2026-05-07T09:31:32+0300,https://trudvsem.ru/vacancy/card/1027700404797/62ce2344-49de-11f1-9515-675f9983b1ea,Вакансия интернет ресурса
Кассир,5f5e29d3-49de-11f1-b588-0bfc9ef93258,Мобильный бариста,Перекресток,7702319337,Город Москва,от 85000,85000,90000,Полный рабочий день,,2026-05-07,2026-05-07T09:31:26+0300,https://trudvsem.ru/vacancy/card/1027700404797/5f5e29d3-49de-11f1-b588-0bfc9ef93258,Вакансия интернет ресурса
Кассир,5d80b744-49de-11f1-b25c-e3f0fb441b9d,Мобильный бариста,Перекресток,7702319337,Город Москва,от 85000,85000,90000,Полный рабочий день,,2026-05-07,2026-05-07T09:31:23+0300,https://trudvsem.ru/vacancy/card/1027700404797/5d80b744-49de-11f1-b25c-e3f0fb441b9d,Вакансия интернет ресурса
Кассир,59937784-49de-11f1-905d-bdc0ab7ceef5,Мобильный бариста,Перекресток,7702319337,Город Москва,от 75000,75000,85000,Полный рабочий день,,2026-05-07,2026-05-07T09:31:16+0300,https://trudvsem.ru/vacancy/card/1027700404797/59937784-49de-11f1-905d-bdc0ab7ceef5,Вакансия интернет ресурса
Кассир,f3c39534-49dc-11f1-80cf-b52e2bd53d54,Мобильный бариста,Перекресток,7702319337,Город Москва,от 82400,82400,86100,Полный рабочий день,,2026-05-07,2026-05-07T09:21:16+0300,https://trudvsem.ru/vacancy/card/1027700404797/f3c39534-49dc-11f1-80cf-b52e2bd53d54,Вакансия интернет ресурса
Кассир,31a70c10-4f82-11f1-9259-7b514442a263,Повар в магазин,"Магнит, Розничная сеть",7702319337,Город Москва,от 83600,83600,106100,Сменная работа,,2026-05-14,2026-05-14T13:46:43+0300,https://trudvsem.ru/vacancy/card/1027700404797/31a70c10-4f82-11f1-9259-7b514442a263,Вакансия интернет ресурса
Кассир,3f04fbf5-4a01-11f1-8623-e10279f764f4,Повар в магазин,"Магнит, Розничная сеть",7702319337,Город Москва,от 91100,91100,119700,Сменная работа,,2026-05-07,2026-05-13T09:15:51+0300,https://trudvsem.ru/vacancy/card/1027700404797/3f04fbf5-4a01-11f1-8623-e10279f764f4,Вакансия интернет ресурса
Кассир,00f94ee5-3d51-11f1-90e2-95c82e29c396,Продавец кафе в Гипермаркет,"Магнит, Розничная сеть",7702319337,Город Москва,от 72700,72700,119100,Полный рабочий день,,2026-04-21,2026-04-21T10:09:15+0300,https://trudvsem.ru/vacancy/card/1027700404797/00f94ee5-3d51-11f1-90e2-95c82e29c396,Вакансия интернет ресурса
Администратор,4a600ef8-fb41-11ef-8ade-e7d0d2cf29b1,Уборщик помещений,"ООО ""ВИТО-1""",7704167591,Город Москва,от 55000,55000,55000,Сменная работа,без квалификации,2025-03-07,2026-05-08T08:12:05+0300,https://trudvsem.ru/vacancy/card/1027700064534/4a600ef8-fb41-11ef-8ade-e7d0d2cf29b1,Работодатель
Администратор,31a70c10-4f82-11f1-9259-7b514442a263,Повар в магазин,"Магнит, Розничная сеть",7702319337,Город Москва,от 83600,83600,106100,Сменная работа,,2026-05-14,2026-05-14T13:46:43+0300,https://trudvsem.ru/vacancy/card/1027700404797/31a70c10-4f82-11f1-9259-7b514442a263,Вакансия интернет ресурса
Администратор,3f04fbf5-4a01-11f1-8623-e10279f764f4,Повар в магазин,"Магнит, Розничная сеть",7702319337,Город Москва,от 91100,91100,119700,Сменная работа,,2026-05-07,2026-05-13T09:15:51+0300,https://trudvsem.ru/vacancy/card/1027700404797/3f04fbf5-4a01-11f1-8623-e10279f764f4,Вакансия интернет ресурса
Управляющий,5180bab8-2794-11f1-8d48-d52d8860c0e6,"Директор (начальник, управляющий) предприятия",ИП ДИНЬ Т.,971300935359,Город Москва,от 55000,55000,65000,Полный рабочий день,-,2026-03-24,2026-04-24T12:04:45+0300,https://trudvsem.ru/vacancy/card/324774600148811/5180bab8-2794-11f1-8d48-d52d8860c0e6,Работодатель
Управляющий,4a600ef8-fb41-11ef-8ade-e7d0d2cf29b1,Уборщик помещений,"ООО ""ВИТО-1""",7704167591,Город Москва,от 55000,55000,55000,Сменная работа,без квалификации,2025-03-07,2026-05-08T08:12:05+0300,https://trudvsem.ru/vacancy/card/1027700064534/4a600ef8-fb41-11ef-8ade-e7d0d2cf29b1,Работодатель
Управляющий,e8082a54-5024-11f1-b0ba-8f8b6802ecb0,Менеджер кафе,Перекресток,7702319337,Город Москва,от 90600,90600,94500,Полный рабочий день,,2026-05-15,2026-05-15T09:11:27+0300,https://trudvsem.ru/vacancy/card/1027700404797/e8082a54-5024-11f1-b0ba-8f8b6802ecb0,Вакансия интернет ресурса
Управляющий,d9e6c3a4-5024-11f1-a1d9-b5efdd8f67a5,Менеджер кафе,Перекресток,7702319337,Город Москва,от 88700,88700,92500,Полный рабочий день,,2026-05-15,2026-05-15T09:11:03+0300,https://trudvsem.ru/vacancy/card/1027700404797/d9e6c3a4-5024-11f1-a1d9-b5efdd8f67a5,Вакансия интернет ресурса
Управляющий,ee38dc64-4f5e-11f1-9259-7b514442a263,Менеджер кафе,Перекресток,7702319337,Город Москва,от 80000,80000,90000,Полный рабочий день,,2026-05-14,2026-05-14T09:34:17+0300,https://trudvsem.ru/vacancy/card/1027700404797/ee38dc64-4f5e-11f1-9259-7b514442a263,Вакансия интернет ресурса
Управляющий,a3f4de14-4f5e-11f1-b0ba-8f8b6802ecb0,Менеджер кафе,Перекресток,7702319337,Город Москва,от 66000,66000,92400,Полный рабочий день,,2026-05-14,2026-05-14T09:32:12+0300,https://trudvsem.ru/vacancy/card/1027700404797/a3f4de14-4f5e-11f1-b0ba-8f8b6802ecb0,Вакансия интернет ресурса
Управляющий,d30db721-4dca-11f1-95c9-25915aa800c6,Менеджер кафе,Перекресток,7702319337,Город Москва,от 80000,80000,90000,Полный рабочий день,,2026-05-12,2026-05-12T09:21:35+0300,https://trudvsem.ru/vacancy/card/1027700404797/d30db721-4dca-11f1-95c9-25915aa800c6,Вакансия интернет ресурса
Управляющий,6bece294-49de-11f1-b588-0bfc9ef93258,Менеджер кафе,Перекресток,7702319337,Город Москва,от 89000,89000,93000,Полный рабочий день,,2026-05-07,2026-05-07T09:31:47+0300,https://trudvsem.ru/vacancy/card/1027700404797/6bece294-49de-11f1-b588-0bfc9ef93258,Вакансия интернет ресурса
Управляющий,50749124-49de-11f1-b588-0bfc9ef93258,Менеджер кафе,Перекресток,7702319337,Город Москва,от 89200,89200,93000,Полный рабочий день,,2026-05-07,2026-05-07T09:31:01+0300,https://trudvsem.ru/vacancy/card/1027700404797/50749124-49de-11f1-b588-0bfc9ef93258,Вакансия интернет ресурса
Управляющий,7ed22f64-49dd-11f1-b588-0bfc9ef93258,Менеджер кафе,Перекресток,7702319337,Город Москва,от 90000,90000,94000,Полный рабочий день,,2026-05-07,2026-05-07T09:25:09+0300,https://trudvsem.ru/vacancy/card/1027700404797/7ed22f64-49dd-11f1-b588-0bfc9ef93258,Вакансия интернет ресурса
Управляющий,9f35d714-4916-11f1-b0a5-e5f4a56febf4,Менеджер кафе,Перекресток,7702319337,Город Москва,от 89700,89700,93500,Полный рабочий день,,2026-05-06,2026-05-06T09:41:34+0300,https://trudvsem.ru/vacancy/card/1027700404797/9f35d714-4916-11f1-b0a5-e5f4a56febf4,Вакансия интернет ресурса
Управляющий,bf60a980-4915-11f1-b0a5-e5f4a56febf4,Менеджер кафе,Перекресток,7702319337,Город Москва,от 80000,80000,90000,Полный рабочий день,,2026-05-06,2026-05-06T09:35:18+0300,https://trudvsem.ru/vacancy/card/1027700404797/bf60a980-4915-11f1-b0a5-e5f4a56febf4,Вакансия интернет ресурса
Управляющий,aed17724-4915-11f1-b0a5-e5f4a56febf4,Менеджер кафе,Перекресток,7702319337,Город Москва,от 91000,91000,95000,Полный рабочий день,,2026-05-06,2026-05-06T09:34:51+0300,https://trudvsem.ru/vacancy/card/1027700404797/aed17724-4915-11f1-b0a5-e5f4a56febf4,Вакансия интернет ресурса
Управляющий,7700d484-4915-11f1-b083-d3994b776f2a,Менеджер кафе,Перекресток,7702319337,Город Москва,от 90000,90000,95000,Полный рабочий день,,2026-05-06,2026-05-06T09:33:17+0300,https://trudvsem.ru/vacancy/card/1027700404797/7700d484-4915-11f1-b083-d3994b776f2a,Вакансия интернет ресурса
Управляющий,e5a88f74-5024-11f1-ba3f-0559e6c0e4c3,Мобильный менеджер кафе,Перекресток,7702319337,Город Москва,от 85000,85000,95000,Полный рабочий день,,2026-05-15,2026-05-15T09:11:23+0300,https://trudvsem.ru/vacancy/card/1027700404797/e5a88f74-5024-11f1-ba3f-0559e6c0e4c3,Вакансия интернет ресурса
Управляющий,03c24764-49dd-11f1-b588-0bfc9ef93258,Мобильный менеджер кафе,Перекресток,7702319337,Город Москва,от 90000,90000,95000,Полный рабочий день,,2026-05-07,2026-05-07T09:21:43+0300,https://trudvsem.ru/vacancy/card/1027700404797/03c24764-49dd-11f1-b588-0bfc9ef93258,Вакансия интернет ресурса
Продавец-кассир,5bdf8d90-2f07-11f1-b490-3993130dc743,Продавец-кассир,Пятёрочка,7702319337,Город Москва,от 80000,80000,100000,Режим гибкого рабочего времени,,2026-04-03,2026-05-15T22:51:44+0300,https://trudvsem.ru/vacancy/card/1027700404797/5bdf8d90-2f07-11f1-b490-3993130dc743,Вакансия интернет ресурса
Продавец-кассир,f02fb5a4-2143-11f1-b26c-af1153b4c800,Продавец-кассир,Пятёрочка,7702319337,Город Москва,от 80000,80000,100000,Режим гибкого рабочего времени,,2026-03-16,2026-05-15T22:51:39+0300,https://trudvsem.ru/vacancy/card/1027700404797/f02fb5a4-2143-11f1-b26c-af1153b4c800,Вакансия интернет ресурса
Продавец-кассир,2a0a0d04-4509-11f1-bb7b-cf0cb3805771,Продавец-кассир,Пятёрочка,7702319337,Город Москва,от 80000,80000,100000,Режим гибкого рабочего времени,,2026-05-01,2026-05-15T22:51:36+0300,https://trudvsem.ru/vacancy/card/1027700404797/2a0a0d04-4509-11f1-bb7b-cf0cb3805771,Вакансия интернет ресурса
Продавец-кассир,436a23c0-28e4-11f1-8206-e54588f3ef06,Продавец-кассир,Пятёрочка,7702319337,Город Москва,от 80000,80000,100000,Режим гибкого рабочего времени,,2026-03-26,2026-05-15T22:51:24+0300,https://trudvsem.ru/vacancy/card/1027700404797/436a23c0-28e4-11f1-8206-e54588f3ef06,Вакансия интернет ресурса
Продавец-кассир,6fd91ca4-4517-11f1-8aac-851cbdec40ae,Продавец-кассир,Пятёрочка,7702319337,Город Москва,от 80000,80000,100000,Режим гибкого рабочего времени,,2026-05-01,2026-05-15T22:51:19+0300,https://trudvsem.ru/vacancy/card/1027700404797/6fd91ca4-4517-11f1-8aac-851cbdec40ae,Вакансия интернет ресурса
Продавец-кассир,e4a23be0-2125-11f1-b26c-af1153b4c800,Продавец-кассир,Пятёрочка,7702319337,Город Москва,от 80000,80000,100000,Режим гибкого рабочего времени,,2026-03-16,2026-05-15T22:41:01+0300,https://trudvsem.ru/vacancy/card/1027700404797/e4a23be0-2125-11f1-b26c-af1153b4c800,Вакансия интернет ресурса
Продавец-кассир,f566f0b4-4515-11f1-8999-dbf068bda0fd,Продавец-кассир,Пятёрочка,7702319337,Город Москва,от 80000,80000,100000,Режим гибкого рабочего времени,,2026-05-01,2026-05-15T22:40:13+0300,https://trudvsem.ru/vacancy/card/1027700404797/f566f0b4-4515-11f1-8999-dbf068bda0fd,Вакансия интернет ресурса
Продавец-кассир,86f200c0-2116-11f1-82ef-d9ccb3d1ca6b,Продавец-кассир,Пятёрочка,7702319337,Город Москва,от 67320,67320,91341,Режим гибкого рабочего времени,,2026-03-16,2026-05-15T22:30:37+0300,https://trudvsem.ru/vacancy/card/1027700404797/86f200c0-2116-11f1-82ef-d9ccb3d1ca6b,Вакансия интернет ресурса
Продавец-кассир,b460e3d0-02b9-11f1-b136-49080bfc952b,Продавец-кассир,Пятёрочка,7702319337,Город Москва,от 67320,67320,91341,Режим гибкого рабочего времени,,2026-02-05,2026-05-14T19:40:06+0300,https://trudvsem.ru/vacancy/card/1027700404797/b460e3d0-02b9-11f1-b136-49080bfc952b,Вакансия интернет ресурса
Продавец-кассир,f23e1444-21e8-11f1-b26c-af1153b4c800,Продавец-кассир,Пятёрочка,7702319337,Город Москва,от 90000,90000,110000,Режим гибкого рабочего времени,,2026-03-17,2026-05-11T08:00:09+0300,https://trudvsem.ru/vacancy/card/1027700404797/f23e1444-21e8-11f1-b26c-af1153b4c800,Вакансия интернет ресурса
Продавец-кассир,2aaa1754-4379-11f1-8999-dbf068bda0fd,Продавец-кассир,Пятёрочка,7702319337,Город Москва,от 90000,90000,110000,Режим гибкого рабочего времени,,2026-04-29,2026-05-08T08:12:07+0300,https://trudvsem.ru/vacancy/card/1027700404797/2aaa1754-4379-11f1-8999-dbf068bda0fd,Вакансия интернет ресурса
Продавец-кассир,5dd37d60-2d9e-11f1-a41d-3b16496f93bc,Продавец-кассир,Пятёрочка,7702319337,Город Москва,от 80000,80000,100000,Режим гибкого рабочего времени,,2026-04-01,2026-05-05T10:05:05+0300,https://trudvsem.ru/vacancy/card/1027700404797/5dd37d60-2d9e-11f1-a41d-3b16496f93bc,Вакансия интернет ресурса
Продавец-кассир,13c16fe4-484a-11f1-b4b9-53857b216dd1,Продавец-кассир,Пятёрочка,7702319337,Город Москва,от 80000,80000,100000,Режим гибкого рабочего времени,,2026-05-05,2026-05-05T09:17:23+0300,https://trudvsem.ru/vacancy/card/1027700404797/13c16fe4-484a-11f1-b4b9-53857b216dd1,Вакансия интернет ресурса
Продавец-кассир,90415814-4849-11f1-8883-375152d8aadd,Продавец-кассир,Пятёрочка,7702319337,Город Москва,от 67000,67000,86000,Режим гибкого рабочего времени,,2026-05-05,2026-05-05T09:13:42+0300,https://trudvsem.ru/vacancy/card/1027700404797/90415814-4849-11f1-8883-375152d8aadd,Вакансия интернет ресурса
Продавец-кассир,2d1177d4-395c-11f1-9e5a-3771c9cd58f8,Продавец-кассир,Пятёрочка,7702319337,Город Москва,от 80000,80000,100000,Режим гибкого рабочего времени,,2026-04-16,2026-05-03T08:35:55+0300,https://trudvsem.ru/vacancy/card/1027700404797/2d1177d4-395c-11f1-9e5a-3771c9cd58f8,Вакансия интернет ресурса
Продавец-кассир,295fe184-395c-11f1-9849-1d0d749f5be2,Продавец-кассир,Пятёрочка,7702319337,Город Москва,от 80000,80000,100000,Режим гибкого рабочего времени,,2026-04-16,2026-05-03T08:35:40+0300,https://trudvsem.ru/vacancy/card/1027700404797/295fe184-395c-11f1-9849-1d0d749f5be2,Вакансия интернет ресурса
Продавец-кассир,ff00fb74-45ce-11f1-a570-eb46ee62d598,Продавец-кассир,Пятёрочка,7702319337,Город Москва,от 80000,80000,100000,Режим гибкого рабочего времени,,2026-05-02,2026-05-03T08:35:12+0300,https://trudvsem.ru/vacancy/card/1027700404797/ff00fb74-45ce-11f1-a570-eb46ee62d598,Вакансия интернет ресурса
Продавец-кассир,0a4e81c4-4447-11f1-8d10-2fa629538e1e,Продавец-кассир,Пятёрочка,7702319337,Город Москва,от 80000,80000,100000,Режим гибкого рабочего времени,,2026-04-30,2026-05-03T08:35:09+0300,https://trudvsem.ru/vacancy/card/1027700404797/0a4e81c4-4447-11f1-8d10-2fa629538e1e,Вакансия интернет ресурса
Продавец-кассир,07827284-395c-11f1-80ef-236abd1412e6,Продавец-кассир,Пятёрочка,7702319337,Город Москва,от 80000,80000,100000,Режим гибкого рабочего времени,,2026-04-16,2026-05-03T08:21:05+0300,https://trudvsem.ru/vacancy/card/1027700404797/07827284-395c-11f1-80ef-236abd1412e6,Вакансия интернет ресурса
Продавец-кассир,02625814-395c-11f1-ac51-0bf2331a4446,Продавец-кассир,Пятёрочка,7702319337,Город Москва,от 80000,80000,100000,Режим гибкого рабочего времени,,2026-04-16,2026-05-03T08:20:41+0300,https://trudvsem.ru/vacancy/card/1027700404797/02625814-395c-11f1-ac51-0bf2331a4446,Вакансия интернет ресурса
Продавец-кассир,00c1a064-395c-11f1-a3aa-77d7858f7197,Продавец-кассир,Пятёрочка,7702319337,Город Москва,от 80000,80000,100000,Режим гибкого рабочего времени,,2026-04-16,2026-05-03T08:20:38+0300,https://trudvsem.ru/vacancy/card/1027700404797/00c1a064-395c-11f1-a3aa-77d7858f7197,Вакансия интернет ресурса
Продавец-кассир,c5d9d654-451a-11f1-a570-eb46ee62d598,Продавец-кассир,Пятёрочка,7702319337,Город Москва,от 80000,80000,100000,Неполный рабочий день/неполная рабочая неделя,,2026-05-01,2026-05-01T08:01:12+0300,https://trudvsem.ru/vacancy/card/1027700404797/c5d9d654-451a-11f1-a570-eb46ee62d598,Вакансия интернет ресурса
Продавец-кассир,692b8ef2-4518-11f1-8248-9b65cb7be12e,Продавец-кассир,Пятёрочка,7702319337,Город Москва,от 80000,80000,100000,Неполный рабочий день/неполная рабочая неделя,,2026-05-01,2026-05-01T07:44:17+0300,https://trudvsem.ru/vacancy/card/1027700404797/692b8ef2-4518-11f1-8248-9b65cb7be12e,Вакансия интернет ресурса
Продавец-кассир,3a515894-4517-11f1-a570-eb46ee62d598,Продавец-кассир,Пятёрочка,7702319337,Город Москва,от 80000,80000,100000,Неполный рабочий день/неполная рабочая неделя,,2026-05-01,2026-05-01T07:35:49+0300,https://trudvsem.ru/vacancy/card/1027700404797/3a515894-4517-11f1-a570-eb46ee62d598,Вакансия интернет ресурса
Продавец-кассир,9768cf70-32f9-11f1-a636-275eadfba00c,Продавец-кассир,Пятёрочка,7702319337,Город Москва,от 80000,80000,100000,Режим гибкого рабочего времени,,2026-04-08,2026-04-30T20:31:06+0300,https://trudvsem.ru/vacancy/card/1027700404797/9768cf70-32f9-11f1-a636-275eadfba00c,Вакансия интернет ресурса
Продавец-кассир,5ad880a4-44ba-11f1-8d10-2fa629538e1e,Продавец-кассир,Пятёрочка,7702319337,Город Москва,от 80000,80000,100000,Режим гибкого рабочего времени,,2026-04-30,2026-04-30T20:31:01+0300,https://trudvsem.ru/vacancy/card/1027700404797/5ad880a4-44ba-11f1-8d10-2fa629538e1e,Вакансия интернет ресурса
Продавец-кассир,da462064-3928-11f1-80ef-236abd1412e6,Продавец-кассир,Пятёрочка,7702319337,Город Москва,от 80000,80000,100000,Режим гибкого рабочего времени,,2026-04-16,2026-04-30T20:27:25+0300,https://trudvsem.ru/vacancy/card/1027700404797/da462064-3928-11f1-80ef-236abd1412e6,Вакансия интернет ресурса
Продавец-кассир,f533cf84-0179-11f1-a602-a1f96c235ac9,Продавец-кассир,Пятёрочка,7702319337,Город Москва,от 80000,80000,100000,Режим гибкого рабочего времени,,2026-02-04,2026-04-30T20:17:01+0300,https://trudvsem.ru/vacancy/card/1027700404797/f533cf84-0179-11f1-a602-a1f96c235ac9,Вакансия интернет ресурса
Продавец-кассир,d1499104-2da1-11f1-aa9c-c5b78c2d6776,Продавец-кассир,Пятёрочка,7702319337,Город Москва,от 80000,80000,100000,Режим гибкого рабочего времени,,2026-04-01,2026-04-30T20:16:58+0300,https://trudvsem.ru/vacancy/card/1027700404797/d1499104-2da1-11f1-aa9c-c5b78c2d6776,Вакансия интернет ресурса
Продавец-кассир,4f0b15e4-33c0-11f1-b6d5-af15e644cbd8,Продавец-кассир,Пятёрочка,7702319337,Город Москва,от 80000,80000,100000,Режим гибкого рабочего времени,,2026-04-09,2026-04-30T20:10:24+0300,https://trudvsem.ru/vacancy/card/1027700404797/4f0b15e4-33c0-11f1-b6d5-af15e644cbd8,Вакансия интернет ресурса
Продавец-кассир,55a8b9d4-437d-11f1-8aac-851cbdec40ae,Продавец-кассир,Пятёрочка,7702319337,Город Москва,от 80000,80000,100000,Режим гибкого рабочего времени,,2026-04-29,2026-04-30T08:45:15+0300,https://trudvsem.ru/vacancy/card/1027700404797/55a8b9d4-437d-11f1-8aac-851cbdec40ae,Вакансия интернет ресурса
Продавец-кассир,71639634-3fd2-11f1-bf9b-d5761c894a61,Продавец-кассир,Пятёрочка,7702319337,Город Москва,от 80000,80000,100000,Неполный рабочий день/неполная рабочая неделя,,2026-04-24,2026-04-30T03:20:43+0300,https://trudvsem.ru/vacancy/card/1027700404797/71639634-3fd2-11f1-bf9b-d5761c894a61,Вакансия интернет ресурса
Продавец-кассир,3e7257d0-437d-11f1-8248-9b65cb7be12e,Продавец-кассир,Пятёрочка,7702319337,Город Москва,от 80000,80000,100000,Неполный рабочий день/неполная рабочая неделя,,2026-04-29,2026-04-29T06:41:03+0300,https://trudvsem.ru/vacancy/card/1027700404797/3e7257d0-437d-11f1-8248-9b65cb7be12e,Вакансия интернет ресурса
Продавец-кассир,6d1eeb54-437a-11f1-8aac-851cbdec40ae,Продавец-кассир,Пятёрочка,7702319337,Город Москва,от 80000,80000,100000,Неполный рабочий день/неполная рабочая неделя,,2026-04-29,2026-04-29T06:20:52+0300,https://trudvsem.ru/vacancy/card/1027700404797/6d1eeb54-437a-11f1-8aac-851cbdec40ae,Вакансия интернет ресурса
Продавец-кассир,7280efd4-4050-11f1-96dc-47f3cf110ece,Продавец-кассир,Пятёрочка,7702319337,Город Москва,от 80000,80000,100000,Режим гибкого рабочего времени,,2026-04-25,2026-04-28T08:00:41+0300,https://trudvsem.ru/vacancy/card/1027700404797/7280efd4-4050-11f1-96dc-47f3cf110ece,Вакансия интернет ресурса
Продавец-кассир,28cf3404-21d3-11f1-ba01-93fa0c220573,Продавец-кассир,Пятёрочка,7702319337,Город Москва,от 67320,67320,91341,Режим гибкого рабочего времени,,2026-03-17,2026-04-28T07:45:21+0300,https://trudvsem.ru/vacancy/card/1027700404797/28cf3404-21d3-11f1-ba01-93fa0c220573,Вакансия интернет ресурса
Продавец-кассир,544add14-3c62-11f1-b0cf-43916b484a0d,Продавец-кассир,Пятёрочка,7702319337,Город Москва,от 80000,80000,100000,Режим гибкого рабочего времени,,2026-04-20,2026-04-27T19:41:15+0300,https://trudvsem.ru/vacancy/card/1027700404797/544add14-3c62-11f1-b0cf-43916b484a0d,Вакансия интернет ресурса
Продавец-кассир,703f8b90-3acf-11f1-abaa-ff68216c5da2,Продавец-кассир,Пятёрочка,7702319337,Город Москва,от 80000,80000,100000,Режим гибкого рабочего времени,,2026-04-18,2026-04-27T19:40:38+0300,https://trudvsem.ru/vacancy/card/1027700404797/703f8b90-3acf-11f1-abaa-ff68216c5da2,Вакансия интернет ресурса
Продавец-кассир,b262de90-144c-11f1-91ea-37e1a4ac1e59,Продавец-кассир,Пятёрочка,7702319337,Город Москва,от 60984,60984,82744,Режим гибкого рабочего времени,,2026-02-28,2026-04-27T16:40:27+0300,https://trudvsem.ru/vacancy/card/1027700404797/b262de90-144c-11f1-91ea-37e1a4ac1e59,Вакансия интернет ресурса
Продавец-кассир,508f7564-21cc-11f1-ba01-93fa0c220573,Продавец-кассир,Пятёрочка,7702319337,Город Москва,от 67320,67320,91341,Режим гибкого рабочего времени,,2026-03-17,2026-04-25T16:50:23+0300,https://trudvsem.ru/vacancy/card/1027700404797/508f7564-21cc-11f1-ba01-93fa0c220573,Вакансия интернет ресурса
Продавец-кассир,35eb63b4-0bae-11f1-a9fd-8f44615531e6,Продавец-кассир,Пятёрочка,7702319337,Город Москва,от 80000,80000,100000,Режим гибкого рабочего времени,,2026-02-17,2026-04-25T16:40:32+0300,https://trudvsem.ru/vacancy/card/1027700404797/35eb63b4-0bae-11f1-a9fd-8f44615531e6,Вакансия интернет ресурса
Продавец-кассир,96599304-1173-11f1-986e-ff19fadaa085,Продавец-кассир,Пятёрочка,7702319337,Город Москва,от 80000,80000,100000,Режим гибкого рабочего времени,,2026-02-24,2026-04-25T04:45:17+0300,https://trudvsem.ru/vacancy/card/1027700404797/96599304-1173-11f1-986e-ff19fadaa085,Вакансия интернет ресурса
Продавец-кассир,9147a964-1173-11f1-9d02-33e440901f06,Продавец-кассир,Пятёрочка,7702319337,Город Москва,от 80000,80000,100000,Режим гибкого рабочего времени,,2026-02-24,2026-04-25T04:45:08+0300,https://trudvsem.ru/vacancy/card/1027700404797/9147a964-1173-11f1-9d02-33e440901f06,Вакансия интернет ресурса
Продавец-кассир,8ec8edc4-1173-11f1-8475-e303fa25dfc3,Продавец-кассир,Пятёрочка,7702319337,Город Москва,от 80000,80000,100000,Режим гибкого рабочего времени,,2026-02-24,2026-04-25T04:45:05+0300,https://trudvsem.ru/vacancy/card/1027700404797/8ec8edc4-1173-11f1-8475-e303fa25dfc3,Вакансия интернет ресурса
Продавец-кассир,c1eea350-22f5-11f1-80ad-f50257abed6e,Продавец-кассир,Пятёрочка,7702319337,Город Москва,от 60984,60984,82744,Режим гибкого рабочего времени,,2026-03-18,2026-04-24T16:40:11+0300,https://trudvsem.ru/vacancy/card/1027700404797/c1eea350-22f5-11f1-80ad-f50257abed6e,Вакансия интернет ресурса
Продавец-кассир,a42315b4-3fd6-11f1-96dc-47f3cf110ece,Продавец-кассир,Пятёрочка,7702319337,Город Москва,от 80000,80000,100000,Полный рабочий день,,2026-04-24,2026-04-24T15:10:54+0300,https://trudvsem.ru/vacancy/card/1027700404797/a42315b4-3fd6-11f1-96dc-47f3cf110ece,Вакансия интернет ресурса
Продавец-кассир,a08d6bd0-3fd6-11f1-96dc-47f3cf110ece,Продавец-кассир,Пятёрочка,7702319337,Город Москва,от 80000,80000,100000,Полный рабочий день,,2026-04-24,2026-04-24T15:10:48+0300,https://trudvsem.ru/vacancy/card/1027700404797/a08d6bd0-3fd6-11f1-96dc-47f3cf110ece,Вакансия интернет ресурса
Продавец-кассир,7776ff64-3fd4-11f1-8479-27fced5cafa4,Продавец-кассир,Пятёрочка,7702319337,Город Москва,от 80000,80000,100000,Полный рабочий день,,2026-04-24,2026-04-24T14:55:20+0300,https://trudvsem.ru/vacancy/card/1027700404797/7776ff64-3fd4-11f1-8479-27fced5cafa4,Вакансия интернет ресурса
Продавец-кассир,68faa4f4-2da0-11f1-a41d-3b16496f93bc,Продавец-кассир,Пятёрочка,7702319337,Город Москва,от 80000,80000,100000,Режим гибкого рабочего времени,,2026-04-01,2026-04-22T20:55:05+0300,https://trudvsem.ru/vacancy/card/1027700404797/68faa4f4-2da0-11f1-a41d-3b16496f93bc,Вакансия интернет ресурса
Продавец-кассир,81abfea4-3a0b-11f1-a3aa-77d7858f7197,Продавец-кассир,Пятёрочка,7702319337,Город Москва,от 90000,90000,110000,Режим гибкого рабочего времени,,2026-04-17,2026-04-22T08:30:08+0300,https://trudvsem.ru/vacancy/card/1027700404797/81abfea4-3a0b-11f1-a3aa-77d7858f7197,Вакансия интернет ресурса
Продавец-кассир,bbc849f4-2128-11f1-82ef-d9ccb3d1ca6b,Продавец-кассир,Пятёрочка,7702319337,Город Москва,от 80000,80000,100000,Режим гибкого рабочего времени,,2026-03-16,2026-04-21T11:55:05+0300,https://trudvsem.ru/vacancy/card/1027700404797/bbc849f4-2128-11f1-82ef-d9ccb3d1ca6b,Вакансия интернет ресурса
Продавец-кассир,45d38034-4e13-11f1-8241-bd8d2ff33401,Продавец-кассир,"ООО ""Воркшеринг""",7709969870,Город Москва,от 69300,69300,89760,Неполный рабочий день/неполная рабочая неделя,,2026-05-12,2026-05-12T18:00:10+0300,https://trudvsem.ru/vacancy/card/5147746474134/45d38034-4e13-11f1-8241-bd8d2ff33401,Вакансия интернет ресурса
Продавец-кассир,26193a24-4943-11f1-80cf-b52e2bd53d54,Продавец-кассир,"ООО ""Воркшеринг""",7709969870,Город Москва,от 69300,69300,89760,Неполный рабочий день/неполная рабочая неделя,,2026-05-06,2026-05-06T15:00:17+0300,https://trudvsem.ru/vacancy/card/5147746474134/26193a24-4943-11f1-80cf-b52e2bd53d54,Вакансия интернет ресурса
Продавец-кассир,260d5344-4943-11f1-b588-0bfc9ef93258,Продавец-кассир,"ООО ""Воркшеринг""",7709969870,Город Москва,от 69300,69300,89760,Неполный рабочий день/неполная рабочая неделя,,2026-05-06,2026-05-06T15:00:17+0300,https://trudvsem.ru/vacancy/card/5147746474134/260d5344-4943-11f1-b588-0bfc9ef93258,Вакансия интернет ресурса
Продавец-кассир,25958b34-4943-11f1-905d-bdc0ab7ceef5,Продавец-кассир,"ООО ""Воркшеринг""",7709969870,Город Москва,от 50400,50400,65280,Неполный рабочий день/неполная рабочая неделя,,2026-05-06,2026-05-06T15:00:16+0300,https://trudvsem.ru/vacancy/card/5147746474134/25958b34-4943-11f1-905d-bdc0ab7ceef5,Вакансия интернет ресурса
Продавец-кассир,2677fbf4-4943-11f1-b25c-e3f0fb441b9d,Продавец-кассир,"ООО ""Воркшеринг""",7709969870,Город Москва,от 69300,69300,89760,Неполный рабочий день/неполная рабочая неделя,,2026-05-06,2026-05-06T15:00:18+0300,https://trudvsem.ru/vacancy/card/5147746474134/2677fbf4-4943-11f1-b25c-e3f0fb441b9d,Вакансия интернет ресурса
Продавец-кассир,8302fd04-4f5d-11f1-8401-9df212a1d3eb,Продавец-кассир,Перекресток,7702319337,Город Москва,от 64400,64400,68500,Полный рабочий день,,2026-05-14,2026-05-14T09:24:08+0300,https://trudvsem.ru/vacancy/card/1027700404797/8302fd04-4f5d-11f1-8401-9df212a1d3eb,Вакансия интернет ресурса
Продавец-кассир,9f8385f5-0b1d-11f1-88a3-773e0f358f03,Продавец-кассир,Азбука вкуса,7702319337,Город Москва,от 97500,97500,97500,Сменная работа,,2026-02-16,2026-05-17T13:10:14+0300,https://trudvsem.ru/vacancy/card/1027700404797/9f8385f5-0b1d-11f1-88a3-773e0f358f03,Вакансия интернет ресурса
Продавец-кассир,9f3ae430-0b1d-11f1-8e7e-9f08ce3976f9,Продавец-кассир,Азбука вкуса,7702319337,Город Москва,от 97500,97500,97500,Сменная работа,,2026-02-16,2026-05-17T13:10:11+0300,https://trudvsem.ru/vacancy/card/1027700404797/9f3ae430-0b1d-11f1-8e7e-9f08ce3976f9,Вакансия интернет ресурса
Продавец-кассир,c04d9f70-20d9-11f0-96cb-25abf1fceba2,Продавец-кассир,Азбука вкуса,7702319337,Город Москва,от 97500,97500,97500,Сменная работа,,2025-04-24,2026-05-17T12:55:14+0300,https://trudvsem.ru/vacancy/card/1027700404797/c04d9f70-20d9-11f0-96cb-25abf1fceba2,Вакансия интернет ресурса
Продавец-кассир,90593f30-2f16-11f1-a212-ef397aa72a18,"Продавец-кассир (Коммунарка,)",Пятёрочка,7702319337,Город Москва,от 62000,62000,74500,Режим гибкого рабочего времени,,2026-04-03,2026-04-30T20:21:07+0300,https://trudvsem.ru/vacancy/card/1027700404797/90593f30-2f16-11f1-a212-ef397aa72a18,Вакансия интернет ресурса
Продавец-кассир,eeb9cdb0-f14f-11f0-9371-89c9d6d3f3fc,Кассир-продавец,"""БЭСТ ПРАЙС"" / Fix Price",7702319337,Город Москва,от 68000,68000,75000,Полный рабочий день,,2026-01-14,2026-05-15T09:55:18+0300,https://trudvsem.ru/vacancy/card/1027700404797/eeb9cdb0-f14f-11f0-9371-89c9d6d3f3fc,Вакансия интернет ресурса
Продавец-кассир,88f05400-f14e-11f0-b1fe-f1978b6702aa,Кассир-продавец,"""БЭСТ ПРАЙС"" / Fix Price",7702319337,Город Москва,от 68000,68000,75000,Полный рабочий день,,2026-01-14,2026-05-15T09:55:05+0300,https://trudvsem.ru/vacancy/card/1027700404797/88f05400-f14e-11f0-b1fe-f1978b6702aa,Вакансия интернет ресурса
Продавец-кассир,c15fb705-291a-11f1-8ea8-d1bee2a491b9,Кассир-продавец,"""БЭСТ ПРАЙС"" / Fix Price",7702319337,Город Москва,от 68000,68000,75000,Полный рабочий день,,2026-03-26,2026-05-13T12:15:59+0300,https://trudvsem.ru/vacancy/card/1027700404797/c15fb705-291a-11f1-8ea8-d1bee2a491b9,Вакансия интернет ресурса
Продавец-кассир,c0208040-291a-11f1-8a26-ff516d3eb5d8,Кассир-продавец,"""БЭСТ ПРАЙС"" / Fix Price",7702319337,Город Москва,от 68000,68000,75000,Полный рабочий день,,2026-03-26,2026-05-13T12:15:56+0300,https://trudvsem.ru/vacancy/card/1027700404797/c0208040-291a-11f1-8a26-ff516d3eb5d8,Вакансия интернет ресурса
Продавец-кассир,bedd2ad0-291a-11f1-8b0f-615f18846a10,Кассир-продавец,"""БЭСТ ПРАЙС"" / Fix Price",7702319337,Город Москва,от 68000,68000,75000,Полный рабочий день,,2026-03-26,2026-05-13T12:15:54+0300,https://trudvsem.ru/vacancy/card/1027700404797/bedd2ad0-291a-11f1-8b0f-615f18846a10,Вакансия интернет ресурса
Продавец-кассир,bd908695-291a-11f1-8ea8-d1bee2a491b9,Кассир-продавец,"""БЭСТ ПРАЙС"" / Fix Price",7702319337,Город Москва,от 68000,68000,75000,Полный рабочий день,,2026-03-26,2026-05-13T12:15:51+0300,https://trudvsem.ru/vacancy/card/1027700404797/bd908695-291a-11f1-8ea8-d1bee2a491b9,Вакансия интернет ресурса
Продавец-кассир,f3df4415-e582-11f0-86aa-11b262190f75,Продавец-кассир,"""БЭСТ ПРАЙС"" / Fix Price",7702319337,Город Москва,от 68000,68000,75000,Полный рабочий день,,2025-12-30,2026-05-11T17:06:59+0300,https://trudvsem.ru/vacancy/card/1027700404797/f3df4415-e582-11f0-86aa-11b262190f75,Вакансия интернет ресурса
Продавец-кассир,f39039b5-e582-11f0-86aa-11b262190f75,Продавец-кассир,"""БЭСТ ПРАЙС"" / Fix Price",7702319337,Город Москва,от 68000,68000,75000,Полный рабочий день,,2025-12-30,2026-05-11T17:06:49+0300,https://trudvsem.ru/vacancy/card/1027700404797/f39039b5-e582-11f0-86aa-11b262190f75,Вакансия интернет ресурса
Продавец-кассир,c9ee2305-45ff-11f1-8d10-2fa629538e1e,Продавец-кассир,"""БЭСТ ПРАЙС"" / Fix Price",7702319337,Город Москва,от 68000,68000,75000,Полный рабочий день,,2026-05-02,2026-05-02T11:20:33+0300,https://trudvsem.ru/vacancy/card/1027700404797/c9ee2305-45ff-11f1-8d10-2fa629538e1e,Вакансия интернет ресурса
Продавец-кассир,c8705ca5-45ff-11f1-8aac-851cbdec40ae,Продавец-кассир,"""БЭСТ ПРАЙС"" / Fix Price",7702319337,Город Москва,от 68000,68000,75000,Полный рабочий день,,2026-05-02,2026-05-02T11:20:31+0300,https://trudvsem.ru/vacancy/card/1027700404797/c8705ca5-45ff-11f1-8aac-851cbdec40ae,Вакансия интернет ресурса
Продавец-кассир,c6e68855-45ff-11f1-8248-9b65cb7be12e,Продавец-кассир,"""БЭСТ ПРАЙС"" / Fix Price",7702319337,Город Москва,от 68000,68000,75000,Полный рабочий день,,2026-05-02,2026-05-02T11:20:28+0300,https://trudvsem.ru/vacancy/card/1027700404797/c6e68855-45ff-11f1-8248-9b65cb7be12e,Вакансия интернет ресурса
Продавец-кассир,25563620-45ff-11f1-8d10-2fa629538e1e,Продавец-кассир,"""БЭСТ ПРАЙС"" / Fix Price",7702319337,Город Москва,от 68000,68000,75000,Полный рабочий день,,2026-05-02,2026-05-02T11:15:57+0300,https://trudvsem.ru/vacancy/card/1027700404797/25563620-45ff-11f1-8d10-2fa629538e1e,Вакансия интернет ресурса
Продавец-кассир,18c53475-45f4-11f1-8d10-2fa629538e1e,Продавец-кассир,"""БЭСТ ПРАЙС"" / Fix Price",7702319337,Город Москва,от 68000,68000,75000,Полный рабочий день,,2026-05-02,2026-05-02T09:56:52+0300,https://trudvsem.ru/vacancy/card/1027700404797/18c53475-45f4-11f1-8d10-2fa629538e1e,Вакансия интернет ресурса
Продавец-кассир,0a7ae905-45f4-11f1-8aac-851cbdec40ae,Продавец-кассир,"""БЭСТ ПРАЙС"" / Fix Price",7702319337,Город Москва,от 68000,68000,75000,Полный рабочий день,,2026-05-02,2026-05-02T09:56:28+0300,https://trudvsem.ru/vacancy/card/1027700404797/0a7ae905-45f4-11f1-8aac-851cbdec40ae,Вакансия интернет ресурса
Продавец-кассир,e9fb0e35-45f3-11f1-8d10-2fa629538e1e,Продавец-кассир,"""БЭСТ ПРАЙС"" / Fix Price",7702319337,Город Москва,от 68000,68000,75000,Полный рабочий день,,2026-05-02,2026-05-02T09:55:33+0300,https://trudvsem.ru/vacancy/card/1027700404797/e9fb0e35-45f3-11f1-8d10-2fa629538e1e,Вакансия интернет ресурса
Продавец-кассир,96563e85-45f3-11f1-bb7b-cf0cb3805771,Продавец-кассир,"""БЭСТ ПРАЙС"" / Fix Price",7702319337,Город Москва,от 68000,68000,75000,Полный рабочий день,,2026-05-02,2026-05-02T09:53:13+0300,https://trudvsem.ru/vacancy/card/1027700404797/96563e85-45f3-11f1-bb7b-cf0cb3805771,Вакансия интернет ресурса
Продавец-кассир,8e37b125-45f3-11f1-a570-eb46ee62d598,Продавец-кассир,"""БЭСТ ПРАЙС"" / Fix Price",7702319337,Город Москва,от 68000,68000,75000,Полный рабочий день,,2026-05-02,2026-05-02T09:52:59+0300,https://trudvsem.ru/vacancy/card/1027700404797/8e37b125-45f3-11f1-a570-eb46ee62d598,Вакансия интернет ресурса
Продавец-кассир,8157f235-45f3-11f1-8d10-2fa629538e1e,Продавец-кассир,"""БЭСТ ПРАЙС"" / Fix Price",7702319337,Город Москва,от 68000,68000,75000,Полный рабочий день,,2026-05-02,2026-05-02T09:52:38+0300,https://trudvsem.ru/vacancy/card/1027700404797/8157f235-45f3-11f1-8d10-2fa629538e1e,Вакансия интернет ресурса
Продавец-кассир,75cc2a85-45f3-11f1-8d10-2fa629538e1e,Продавец-кассир,"""БЭСТ ПРАЙС"" / Fix Price",7702319337,Город Москва,от 68000,68000,75000,Полный рабочий день,,2026-05-02,2026-05-02T09:52:18+0300,https://trudvsem.ru/vacancy/card/1027700404797/75cc2a85-45f3-11f1-8d10-2fa629538e1e,Вакансия интернет ресурса
Продавец-кассир,65985e95-45f3-11f1-8248-9b65cb7be12e,Продавец-кассир,"""БЭСТ ПРАЙС"" / Fix Price",7702319337,Город Москва,от 68000,68000,75000,Полный рабочий день,,2026-05-02,2026-05-02T09:51:51+0300,https://trudvsem.ru/vacancy/card/1027700404797/65985e95-45f3-11f1-8248-9b65cb7be12e,Вакансия интернет ресурса
Продавец-кассир,5d76eb05-45f3-11f1-8248-9b65cb7be12e,Продавец-кассир,"""БЭСТ ПРАЙС"" / Fix Price",7702319337,Город Москва,от 68000,68000,75000,Полный рабочий день,,2026-05-02,2026-05-02T09:51:38+0300,https://trudvsem.ru/vacancy/card/1027700404797/5d76eb05-45f3-11f1-8248-9b65cb7be12e,Вакансия интернет ресурса
Продавец-кассир,53d1bda5-45f3-11f1-8d10-2fa629538e1e,Продавец-кассир,"""БЭСТ ПРАЙС"" / Fix Price",7702319337,Город Москва,от 68000,68000,75000,Полный рабочий день,,2026-05-02,2026-05-02T09:51:21+0300,https://trudvsem.ru/vacancy/card/1027700404797/53d1bda5-45f3-11f1-8d10-2fa629538e1e,Вакансия интернет ресурса
Продавец-кассир,4bd1b4c0-45f3-11f1-8248-9b65cb7be12e,Продавец-кассир,"""БЭСТ ПРАЙС"" / Fix Price",7702319337,Город Москва,от 68000,68000,75000,Полный рабочий день,,2026-05-02,2026-05-02T09:51:08+0300,https://trudvsem.ru/vacancy/card/1027700404797/4bd1b4c0-45f3-11f1-8248-9b65cb7be12e,Вакансия интернет ресурса
Продавец-кассир,45715225-45f3-11f1-8aac-851cbdec40ae,Продавец-кассир,"""БЭСТ ПРАЙС"" / Fix Price",7702319337,Город Москва,от 68000,68000,75000,Полный рабочий день,,2026-05-02,2026-05-02T09:50:57+0300,https://trudvsem.ru/vacancy/card/1027700404797/45715225-45f3-11f1-8aac-851cbdec40ae,Вакансия интернет ресурса
Продавец-кассир,e9c1a425-45f2-11f1-a570-eb46ee62d598,Продавец-кассир,"""БЭСТ ПРАЙС"" / Fix Price",7702319337,Город Москва,от 68000,68000,75000,Полный рабочий день,,2026-05-02,2026-05-02T09:48:23+0300,https://trudvsem.ru/vacancy/card/1027700404797/e9c1a425-45f2-11f1-a570-eb46ee62d598,Вакансия интернет ресурса
Продавец-кассир,d4cddf25-45f2-11f1-8aac-851cbdec40ae,Продавец-кассир,"""БЭСТ ПРАЙС"" / Fix Price",7702319337,Город Москва,от 68000,68000,75000,Полный рабочий день,,2026-05-02,2026-05-02T09:47:48+0300,https://trudvsem.ru/vacancy/card/1027700404797/d4cddf25-45f2-11f1-8aac-851cbdec40ae,Вакансия интернет ресурса
Продавец-кассир,cb0ac985-45f2-11f1-8248-9b65cb7be12e,Продавец-кассир,"""БЭСТ ПРАЙС"" / Fix Price",7702319337,Город Москва,от 68000,68000,75000,Полный рабочий день,,2026-05-02,2026-05-02T09:47:32+0300,https://trudvsem.ru/vacancy/card/1027700404797/cb0ac985-45f2-11f1-8248-9b65cb7be12e,Вакансия интернет ресурса
Продавец-кассир,bfc83fd5-45f2-11f1-bb7b-cf0cb3805771,Продавец-кассир,"""БЭСТ ПРАЙС"" / Fix Price",7702319337,Город Москва,от 68000,68000,75000,Полный рабочий день,,2026-05-02,2026-05-02T09:47:13+0300,https://trudvsem.ru/vacancy/card/1027700404797/bfc83fd5-45f2-11f1-bb7b-cf0cb3805771,Вакансия интернет ресурса
Продавец-кассир,a6f65645-45f2-11f1-8248-9b65cb7be12e,Продавец-кассир,"""БЭСТ ПРАЙС"" / Fix Price",7702319337,Город Москва,от 68000,68000,75000,Полный рабочий день,,2026-05-02,2026-05-02T09:46:31+0300,https://trudvsem.ru/vacancy/card/1027700404797/a6f65645-45f2-11f1-8248-9b65cb7be12e,Вакансия интернет ресурса
Продавец-кассир,96c0b595-45f2-11f1-8d10-2fa629538e1e,Продавец-кассир,"""БЭСТ ПРАЙС"" / Fix Price",7702319337,Город Москва,от 68000,68000,75000,Полный рабочий день,,2026-05-02,2026-05-02T09:46:04+0300,https://trudvsem.ru/vacancy/card/1027700404797/96c0b595-45f2-11f1-8d10-2fa629538e1e,Вакансия интернет ресурса
Продавец-кассир,92126fc5-45f2-11f1-8248-9b65cb7be12e,Продавец-кассир,"""БЭСТ ПРАЙС"" / Fix Price",7702319337,Город Москва,от 68000,68000,75000,Полный рабочий день,,2026-05-02,2026-05-02T09:45:56+0300,https://trudvsem.ru/vacancy/card/1027700404797/92126fc5-45f2-11f1-8248-9b65cb7be12e,Вакансия интернет ресурса
Продавец-кассир,1a08e9f1-45f2-11f1-bb7b-cf0cb3805771,Продавец-кассир,"""БЭСТ ПРАЙС"" / Fix Price",7702319337,Город Москва,от 68000,68000,75000,Полный рабочий день,,2026-05-02,2026-05-02T09:42:35+0300,https://trudvsem.ru/vacancy/card/1027700404797/1a08e9f1-45f2-11f1-bb7b-cf0cb3805771,Вакансия интернет ресурса
Продавец-кассир,13c66f95-45f2-11f1-8999-dbf068bda0fd,Продавец-кассир,"""БЭСТ ПРАЙС"" / Fix Price",7702319337,Город Москва,от 68000,68000,75000,Полный рабочий день,,2026-05-02,2026-05-02T09:42:24+0300,https://trudvsem.ru/vacancy/card/1027700404797/13c66f95-45f2-11f1-8999-dbf068bda0fd,Вакансия интернет ресурса
Продавец-кассир,0d89c190-45f2-11f1-8248-9b65cb7be12e,Продавец-кассир,"""БЭСТ ПРАЙС"" / Fix Price",7702319337,Город Москва,от 68000,68000,75000,Полный рабочий день,,2026-05-02,2026-05-02T09:42:14+0300,https://trudvsem.ru/vacancy/card/1027700404797/0d89c190-45f2-11f1-8248-9b65cb7be12e,Вакансия интернет ресурса
Продавец-кассир,072fa085-45f2-11f1-a570-eb46ee62d598,Продавец-кассир,"""БЭСТ ПРАЙС"" / Fix Price",7702319337,Город Москва,от 68000,68000,75000,Полный рабочий день,,2026-05-02,2026-05-02T09:42:03+0300,https://trudvsem.ru/vacancy/card/1027700404797/072fa085-45f2-11f1-a570-eb46ee62d598,Вакансия интернет ресурса
Продавец-кассир,fbab2bd5-45f1-11f1-8999-dbf068bda0fd,Продавец-кассир,"""БЭСТ ПРАЙС"" / Fix Price",7702319337,Город Москва,от 68000,68000,75000,Полный рабочий день,,2026-05-02,2026-05-02T09:41:44+0300,https://trudvsem.ru/vacancy/card/1027700404797/fbab2bd5-45f1-11f1-8999-dbf068bda0fd,Вакансия интернет ресурса
Продавец-кассир,f2082155-45f1-11f1-8999-dbf068bda0fd,Продавец-кассир,"""БЭСТ ПРАЙС"" / Fix Price",7702319337,Город Москва,от 68000,68000,75000,Полный рабочий день,,2026-05-02,2026-05-02T09:41:28+0300,https://trudvsem.ru/vacancy/card/1027700404797/f2082155-45f1-11f1-8999-dbf068bda0fd,Вакансия интернет ресурса
Продавец-кассир,ed576a85-45f1-11f1-8d10-2fa629538e1e,Продавец-кассир,"""БЭСТ ПРАЙС"" / Fix Price",7702319337,Город Москва,от 68000,68000,75000,Полный рабочий день,,2026-05-02,2026-05-02T09:41:20+0300,https://trudvsem.ru/vacancy/card/1027700404797/ed576a85-45f1-11f1-8d10-2fa629538e1e,Вакансия интернет ресурса
Продавец-кассир,e5489490-45f1-11f1-8aac-851cbdec40ae,Продавец-кассир,"""БЭСТ ПРАЙС"" / Fix Price",7702319337,Город Москва,от 68000,68000,75000,Полный рабочий день,,2026-05-02,2026-05-02T09:41:07+0300,https://trudvsem.ru/vacancy/card/1027700404797/e5489490-45f1-11f1-8aac-851cbdec40ae,Вакансия интернет ресурса
Работник кафе,a04bf0e4-4dca-11f1-8e76-174f1d09c67b,Ночной бариста,Перекресток,7702319337,Город Москва,от 80000,80000,90000,Полный рабочий день,,2026-05-12,2026-05-12T09:20:10+0300,https://trudvsem.ru/vacancy/card/1027700404797/a04bf0e4-4dca-11f1-8e76-174f1d09c67b,Вакансия интернет ресурса
Работник кафе,e8082a54-5024-11f1-b0ba-8f8b6802ecb0,Менеджер кафе,Перекресток,7702319337,Город Москва,от 90600,90600,94500,Полный рабочий день,,2026-05-15,2026-05-15T09:11:27+0300,https://trudvsem.ru/vacancy/card/1027700404797/e8082a54-5024-11f1-b0ba-8f8b6802ecb0,Вакансия интернет ресурса
Работник кафе,d9e6c3a4-5024-11f1-a1d9-b5efdd8f67a5,Менеджер кафе,Перекресток,7702319337,Город Москва,от 88700,88700,92500,Полный рабочий день,,2026-05-15,2026-05-15T09:11:03+0300,https://trudvsem.ru/vacancy/card/1027700404797/d9e6c3a4-5024-11f1-a1d9-b5efdd8f67a5,Вакансия интернет ресурса
Работник кафе,ee38dc64-4f5e-11f1-9259-7b514442a263,Менеджер кафе,Перекресток,7702319337,Город Москва,от 80000,80000,90000,Полный рабочий день,,2026-05-14,2026-05-14T09:34:17+0300,https://trudvsem.ru/vacancy/card/1027700404797/ee38dc64-4f5e-11f1-9259-7b514442a263,Вакансия интернет ресурса
Работник кафе,a3f4de14-4f5e-11f1-b0ba-8f8b6802ecb0,Менеджер кафе,Перекресток,7702319337,Город Москва,от 66000,66000,92400,Полный рабочий день,,2026-05-14,2026-05-14T09:32:12+0300,https://trudvsem.ru/vacancy/card/1027700404797/a3f4de14-4f5e-11f1-b0ba-8f8b6802ecb0,Вакансия интернет ресурса
Работник кафе,d30db721-4dca-11f1-95c9-25915aa800c6,Менеджер кафе,Перекресток,7702319337,Город Москва,от 80000,80000,90000,Полный рабочий день,,2026-05-12,2026-05-12T09:21:35+0300,https://trudvsem.ru/vacancy/card/1027700404797/d30db721-4dca-11f1-95c9-25915aa800c6,Вакансия интернет ресурса
Работник кафе,6bece294-49de-11f1-b588-0bfc9ef93258,Менеджер кафе,Перекресток,7702319337,Город Москва,от 89000,89000,93000,Полный рабочий день,,2026-05-07,2026-05-07T09:31:47+0300,https://trudvsem.ru/vacancy/card/1027700404797/6bece294-49de-11f1-b588-0bfc9ef93258,Вакансия интернет ресурса
Работник кафе,50749124-49de-11f1-b588-0bfc9ef93258,Менеджер кафе,Перекресток,7702319337,Город Москва,от 89200,89200,93000,Полный рабочий день,,2026-05-07,2026-05-07T09:31:01+0300,https://trudvsem.ru/vacancy/card/1027700404797/50749124-49de-11f1-b588-0bfc9ef93258,Вакансия интернет ресурса
Работник кафе,7ed22f64-49dd-11f1-b588-0bfc9ef93258,Менеджер кафе,Перекресток,7702319337,Город Москва,от 90000,90000,94000,Полный рабочий день,,2026-05-07,2026-05-07T09:25:09+0300,https://trudvsem.ru/vacancy/card/1027700404797/7ed22f64-49dd-11f1-b588-0bfc9ef93258,Вакансия интернет ресурса
Работник кафе,9f35d714-4916-11f1-b0a5-e5f4a56febf4,Менеджер кафе,Перекресток,7702319337,Город Москва,от 89700,89700,93500,Полный рабочий день,,2026-05-06,2026-05-06T09:41:34+0300,https://trudvsem.ru/vacancy/card/1027700404797/9f35d714-4916-11f1-b0a5-e5f4a56febf4,Вакансия интернет ресурса
Работник кафе,bf60a980-4915-11f1-b0a5-e5f4a56febf4,Менеджер кафе,Перекресток,7702319337,Город Москва,от 80000,80000,90000,Полный рабочий день,,2026-05-06,2026-05-06T09:35:18+0300,https://trudvsem.ru/vacancy/card/1027700404797/bf60a980-4915-11f1-b0a5-e5f4a56febf4,Вакансия интернет ресурса
Работник кафе,aed17724-4915-11f1-b0a5-e5f4a56febf4,Менеджер кафе,Перекресток,7702319337,Город Москва,от 91000,91000,95000,Полный рабочий день,,2026-05-06,2026-05-06T09:34:51+0300,https://trudvsem.ru/vacancy/card/1027700404797/aed17724-4915-11f1-b0a5-e5f4a56febf4,Вакансия интернет ресурса
Работник кафе,7700d484-4915-11f1-b083-d3994b776f2a,Менеджер кафе,Перекресток,7702319337,Город Москва,от 90000,90000,95000,Полный рабочий день,,2026-05-06,2026-05-06T09:33:17+0300,https://trudvsem.ru/vacancy/card/1027700404797/7700d484-4915-11f1-b083-d3994b776f2a,Вакансия интернет ресурса
Работник кафе,e5a88f74-5024-11f1-ba3f-0559e6c0e4c3,Мобильный менеджер кафе,Перекресток,7702319337,Город Москва,от 85000,85000,95000,Полный рабочий день,,2026-05-15,2026-05-15T09:11:23+0300,https://trudvsem.ru/vacancy/card/1027700404797/e5a88f74-5024-11f1-ba3f-0559e6c0e4c3,Вакансия интернет ресурса
Работник кафе,03c24764-49dd-11f1-b588-0bfc9ef93258,Мобильный менеджер кафе,Перекресток,7702319337,Город Москва,от 90000,90000,95000,Полный рабочий день,,2026-05-07,2026-05-07T09:21:43+0300,https://trudvsem.ru/vacancy/card/1027700404797/03c24764-49dd-11f1-b588-0bfc9ef93258,Вакансия интернет ресурса
Работник кафе,d94f7154-3fec-11f1-bf9b-d5761c894a61,Бариста,Перекресток,7702319337,Город Москва,от 70000,70000,80000,Полный рабочий день,,2026-04-24,2026-04-24T17:49:52+0300,https://trudvsem.ru/vacancy/card/1027700404797/d94f7154-3fec-11f1-bf9b-d5761c894a61,Вакансия интернет ресурса
Работник кафе,d0981ab4-5024-11f1-97c4-9bd84db2b971,Бариста,Перекресток,7702319337,Город Москва,от 79100,79100,82600,Неполный рабочий день/неполная рабочая неделя,,2026-05-15,2026-05-15T09:10:48+0300,https://trudvsem.ru/vacancy/card/1027700404797/d0981ab4-5024-11f1-97c4-9bd84db2b971,Вакансия интернет ресурса
Работник кафе,eae1c224-4f5e-11f1-9259-7b514442a263,Бариста,Перекресток,7702319337,Город Москва,от 61700,61700,65000,Неполный рабочий день/неполная рабочая неделя,,2026-05-14,2026-05-14T09:34:12+0300,https://trudvsem.ru/vacancy/card/1027700404797/eae1c224-4f5e-11f1-9259-7b514442a263,Вакансия интернет ресурса
Работник кафе,e5ff25e4-4f5e-11f1-a1d9-b5efdd8f67a5,Бариста,Перекресток,7702319337,Город Москва,от 70000,70000,80000,Неполный рабочий день/неполная рабочая неделя,,2026-05-14,2026-05-14T09:34:03+0300,https://trudvsem.ru/vacancy/card/1027700404797/e5ff25e4-4f5e-11f1-a1d9-b5efdd8f67a5,Вакансия интернет ресурса
Работник кафе,ddb346f4-4f5e-11f1-97c4-9bd84db2b971,Бариста,Перекресток,7702319337,Город Москва,от 75000,75000,90000,Неполный рабочий день/неполная рабочая неделя,,2026-05-14,2026-05-14T09:33:49+0300,https://trudvsem.ru/vacancy/card/1027700404797/ddb346f4-4f5e-11f1-97c4-9bd84db2b971,Вакансия интернет ресурса
Работник кафе,9dac2224-4f5e-11f1-a1d9-b5efdd8f67a5,Бариста,Перекресток,7702319337,Город Москва,от 59000,59000,82600,Неполный рабочий день/неполная рабочая неделя,,2026-05-14,2026-05-14T09:32:02+0300,https://trudvsem.ru/vacancy/card/1027700404797/9dac2224-4f5e-11f1-a1d9-b5efdd8f67a5,Вакансия интернет ресурса
Работник кафе,69e58b84-4f5d-11f1-ba3f-0559e6c0e4c3,Бариста,Перекресток,7702319337,Город Москва,от 81400,81400,85100,Неполный рабочий день/неполная рабочая неделя,,2026-05-14,2026-05-14T09:23:26+0300,https://trudvsem.ru/vacancy/card/1027700404797/69e58b84-4f5d-11f1-ba3f-0559e6c0e4c3,Вакансия интернет ресурса
Работник кафе,16e67d64-4dcb-11f1-a33c-8730bb28edc7,Бариста,Перекресток,7702319337,Город Москва,от 78600,78600,82100,Неполный рабочий день/неполная рабочая неделя,,2026-05-12,2026-05-12T09:23:29+0300,https://trudvsem.ru/vacancy/card/1027700404797/16e67d64-4dcb-11f1-a33c-8730bb28edc7,Вакансия интернет ресурса
Работник кафе,fe5a0144-4dca-11f1-999a-b7410820bc57,Бариста,Перекресток,7702319337,Город Москва,от 70000,70000,75000,Неполный рабочий день/неполная рабочая неделя,,2026-05-12,2026-05-12T09:22:48+0300,https://trudvsem.ru/vacancy/card/1027700404797/fe5a0144-4dca-11f1-999a-b7410820bc57,Вакансия интернет ресурса
Работник кафе,f89fa2a4-4dca-11f1-8e76-174f1d09c67b,Бариста,Перекресток,7702319337,Город Москва,от 79500,79500,83100,Неполный рабочий день/неполная рабочая неделя,,2026-05-12,2026-05-12T09:22:38+0300,https://trudvsem.ru/vacancy/card/1027700404797/f89fa2a4-4dca-11f1-8e76-174f1d09c67b,Вакансия интернет ресурса
Работник кафе,e3cb7390-4dca-11f1-8e76-174f1d09c67b,Бариста,Перекресток,7702319337,Город Москва,от 81000,81000,84600,Неполный рабочий день/неполная рабочая неделя,,2026-05-12,2026-05-12T09:22:03+0300,https://trudvsem.ru/vacancy/card/1027700404797/e3cb7390-4dca-11f1-8e76-174f1d09c67b,Вакансия интернет ресурса
Работник кафе,d867cd54-4dca-11f1-8e76-174f1d09c67b,Бариста,Перекресток,7702319337,Город Москва,от 81000,81000,84600,Неполный рабочий день/неполная рабочая неделя,,2026-05-12,2026-05-12T09:21:44+0300,https://trudvsem.ru/vacancy/card/1027700404797/d867cd54-4dca-11f1-8e76-174f1d09c67b,Вакансия интернет ресурса
Работник кафе,cecab644-4dca-11f1-95c9-25915aa800c6,Бариста,Перекресток,7702319337,Город Москва,от 70000,70000,80000,Неполный рабочий день/неполная рабочая неделя,,2026-05-12,2026-05-12T09:21:28+0300,https://trudvsem.ru/vacancy/card/1027700404797/cecab644-4dca-11f1-95c9-25915aa800c6,Вакансия интернет ресурса
Работник кафе,c73dba80-4dca-11f1-999a-b7410820bc57,Бариста,Перекресток,7702319337,Город Москва,от 80000,80000,84000,Неполный рабочий день/неполная рабочая неделя,,2026-05-12,2026-05-12T09:21:15+0300,https://trudvsem.ru/vacancy/card/1027700404797/c73dba80-4dca-11f1-999a-b7410820bc57,Вакансия интернет ресурса
Работник кафе,b7fb2c64-4dca-11f1-95c9-25915aa800c6,Бариста,Перекресток,7702319337,Город Москва,от 79100,79100,82600,Неполный рабочий день/неполная рабочая неделя,,2026-05-12,2026-05-12T09:20:49+0300,https://trudvsem.ru/vacancy/card/1027700404797/b7fb2c64-4dca-11f1-95c9-25915aa800c6,Вакансия интернет ресурса
Работник кафе,7a70dba4-49de-11f1-aff5-fda69a5c8381,Бариста,Перекресток,7702319337,Город Москва,от 81000,81000,84600,Неполный рабочий день/неполная рабочая неделя,,2026-05-07,2026-05-07T09:32:11+0300,https://trudvsem.ru/vacancy/card/1027700404797/7a70dba4-49de-11f1-aff5-fda69a5c8381,Вакансия интернет ресурса
Работник кафе,76e8c654-49de-11f1-80cf-b52e2bd53d54,Бариста,Перекресток,7702319337,Город Москва,от 80000,80000,83600,Неполный рабочий день/неполная рабочая неделя,,2026-05-07,2026-05-07T09:32:06+0300,https://trudvsem.ru/vacancy/card/1027700404797/76e8c654-49de-11f1-80cf-b52e2bd53d54,Вакансия интернет ресурса
Работник кафе,75443e14-49de-11f1-80cf-b52e2bd53d54,Бариста,Перекресток,7702319337,Город Москва,от 88000,88000,92000,Неполный рабочий день/неполная рабочая неделя,,2026-05-07,2026-05-07T09:32:03+0300,https://trudvsem.ru/vacancy/card/1027700404797/75443e14-49de-11f1-80cf-b52e2bd53d54,Вакансия интернет ресурса
Работник кафе,738a5914-49de-11f1-aff5-fda69a5c8381,Бариста,Перекресток,7702319337,Город Москва,от 81000,81000,85000,Неполный рабочий день/неполная рабочая неделя,,2026-05-07,2026-05-07T09:32:00+0300,https://trudvsem.ru/vacancy/card/1027700404797/738a5914-49de-11f1-aff5-fda69a5c8381,Вакансия интернет ресурса
Работник кафе,71681550-49de-11f1-905d-bdc0ab7ceef5,Бариста,Перекресток,7702319337,Город Москва,от 81000,81000,85000,Неполный рабочий день/неполная рабочая неделя,,2026-05-07,2026-05-07T09:31:56+0300,https://trudvsem.ru/vacancy/card/1027700404797/71681550-49de-11f1-905d-bdc0ab7ceef5,Вакансия интернет ресурса
Работник кафе,6a476ff4-49de-11f1-80cf-b52e2bd53d54,Бариста,Перекресток,7702319337,Город Москва,от 80000,80000,83000,Неполный рабочий день/неполная рабочая неделя,,2026-05-07,2026-05-07T09:31:44+0300,https://trudvsem.ru/vacancy/card/1027700404797/6a476ff4-49de-11f1-80cf-b52e2bd53d54,Вакансия интернет ресурса
Работник кафе,57d0dff4-49de-11f1-80cf-b52e2bd53d54,Бариста,Перекресток,7702319337,Город Москва,от 81000,81000,85000,Неполный рабочий день/неполная рабочая неделя,,2026-05-07,2026-05-07T09:31:13+0300,https://trudvsem.ru/vacancy/card/1027700404797/57d0dff4-49de-11f1-80cf-b52e2bd53d54,Вакансия интернет ресурса
Работник кафе,523ad234-49de-11f1-b588-0bfc9ef93258,Бариста,Перекресток,7702319337,Город Москва,от 70000,70000,80000,Неполный рабочий день/неполная рабочая неделя,,2026-05-07,2026-05-07T09:31:04+0300,https://trudvsem.ru/vacancy/card/1027700404797/523ad234-49de-11f1-b588-0bfc9ef93258,Вакансия интернет ресурса
Работник кафе,4cda7a74-49de-11f1-905d-bdc0ab7ceef5,Бариста,Перекресток,7702319337,Город Москва,от 80000,80000,85000,Неполный рабочий день/неполная рабочая неделя,,2026-05-07,2026-05-07T09:30:55+0300,https://trudvsem.ru/vacancy/card/1027700404797/4cda7a74-49de-11f1-905d-bdc0ab7ceef5,Вакансия интернет ресурса
Работник кафе,403262c0-49dd-11f1-b25c-e3f0fb441b9d,Бариста,Перекресток,7702319337,Город Москва,от 80000,80000,90000,Неполный рабочий день/неполная рабочая неделя,,2026-05-07,2026-05-07T09:23:24+0300,https://trudvsem.ru/vacancy/card/1027700404797/403262c0-49dd-11f1-b25c-e3f0fb441b9d,Вакансия интернет ресурса
Работник кафе,d936b534-49dc-11f1-80cf-b52e2bd53d54,Бариста,Перекресток,7702319337,Город Москва,от 82400,82400,86100,Неполный рабочий день/неполная рабочая неделя,,2026-05-07,2026-05-07T09:20:32+0300,https://trudvsem.ru/vacancy/card/1027700404797/d936b534-49dc-11f1-80cf-b52e2bd53d54,Вакансия интернет ресурса
Работник кафе,33f94b84-4916-11f1-9bdb-550718aca3ff,Бариста,Перекресток,7702319337,Город Москва,от 80000,80000,85000,Неполный рабочий день/неполная рабочая неделя,,2026-05-06,2026-05-06T09:38:34+0300,https://trudvsem.ru/vacancy/card/1027700404797/33f94b84-4916-11f1-9bdb-550718aca3ff,Вакансия интернет ресурса
Работник кафе,31e3d900-4916-11f1-9bdb-550718aca3ff,Бариста,Перекресток,7702319337,Город Москва,от 80000,80000,85000,Неполный рабочий день/неполная рабочая неделя,,2026-05-06,2026-05-06T09:38:31+0300,https://trudvsem.ru/vacancy/card/1027700404797/31e3d900-4916-11f1-9bdb-550718aca3ff,Вакансия интернет ресурса
Работник кафе,22cb6820-4916-11f1-acb6-c3c15cb64fea,Бариста,Перекресток,7702319337,Город Москва,от 70000,70000,80000,Неполный рабочий день/неполная рабочая неделя,,2026-05-06,2026-05-06T09:38:05+0300,https://trudvsem.ru/vacancy/card/1027700404797/22cb6820-4916-11f1-acb6-c3c15cb64fea,Вакансия интернет ресурса
Работник кафе,1ca94704-4916-11f1-8297-871736ac4017,Бариста,Перекресток,7702319337,Город Москва,от 70000,70000,80000,Неполный рабочий день/неполная рабочая неделя,,2026-05-06,2026-05-06T09:37:55+0300,https://trudvsem.ru/vacancy/card/1027700404797/1ca94704-4916-11f1-8297-871736ac4017,Вакансия интернет ресурса
Работник кафе,1864e694-4916-11f1-8297-871736ac4017,Бариста,Перекресток,7702319337,Город Москва,от 82900,82900,86600,Неполный рабочий день/неполная рабочая неделя,,2026-05-06,2026-05-06T09:37:48+0300,https://trudvsem.ru/vacancy/card/1027700404797/1864e694-4916-11f1-8297-871736ac4017,Вакансия интернет ресурса
Работник кафе,113d8a74-4916-11f1-a4d8-2703234eb817,Бариста,Перекресток,7702319337,Город Москва,от 81000,81000,85000,Неполный рабочий день/неполная рабочая неделя,,2026-05-06,2026-05-06T09:37:36+0300,https://trudvsem.ru/vacancy/card/1027700404797/113d8a74-4916-11f1-a4d8-2703234eb817,Вакансия интернет ресурса
Работник кафе,db7477a4-4915-11f1-8297-871736ac4017,Бариста,Перекресток,7702319337,Город Москва,от 79500,79500,83100,Неполный рабочий день/неполная рабочая неделя,,2026-05-06,2026-05-06T09:36:05+0300,https://trudvsem.ru/vacancy/card/1027700404797/db7477a4-4915-11f1-8297-871736ac4017,Вакансия интернет ресурса
Работник кафе,d61e5910-4915-11f1-a4d8-2703234eb817,Бариста,Перекресток,7702319337,Город Москва,от 80500,80500,84100,Неполный рабочий день/неполная рабочая неделя,,2026-05-06,2026-05-06T09:35:56+0300,https://trudvsem.ru/vacancy/card/1027700404797/d61e5910-4915-11f1-a4d8-2703234eb817,Вакансия интернет ресурса
Работник кафе,cc17d1d4-4915-11f1-8297-871736ac4017,Бариста,Перекресток,7702319337,Город Москва,от 80500,80500,84100,Неполный рабочий день/неполная рабочая неделя,,2026-05-06,2026-05-06T09:35:40+0300,https://trudvsem.ru/vacancy/card/1027700404797/cc17d1d4-4915-11f1-8297-871736ac4017,Вакансия интернет ресурса
Работник кафе,c63837f0-4915-11f1-a4d8-2703234eb817,Бариста,Перекресток,7702319337,Город Москва,от 80000,80000,83600,Неполный рабочий день/неполная рабочая неделя,,2026-05-06,2026-05-06T09:35:30+0300,https://trudvsem.ru/vacancy/card/1027700404797/c63837f0-4915-11f1-a4d8-2703234eb817,Вакансия интернет ресурса
Работник кафе,bbb4b884-4915-11f1-9bdb-550718aca3ff,Бариста,Перекресток,7702319337,Город Москва,от 81400,81400,85100,Неполный рабочий день/неполная рабочая неделя,,2026-05-06,2026-05-06T09:35:12+0300,https://trudvsem.ru/vacancy/card/1027700404797/bbb4b884-4915-11f1-9bdb-550718aca3ff,Вакансия интернет ресурса
Работник кафе,b4636634-4915-11f1-b083-d3994b776f2a,Бариста,Перекресток,7702319337,Город Москва,от 82900,82900,86600,Неполный рабочий день/неполная рабочая неделя,,2026-05-06,2026-05-06T09:35:00+0300,https://trudvsem.ru/vacancy/card/1027700404797/b4636634-4915-11f1-b083-d3994b776f2a,Вакансия интернет ресурса
Работник кафе,b0d2c562-4915-11f1-acb6-c3c15cb64fea,Бариста,Перекресток,7702319337,Город Москва,от 80000,80000,83000,Неполный рабочий день/неполная рабочая неделя,,2026-05-06,2026-05-06T09:34:54+0300,https://trudvsem.ru/vacancy/card/1027700404797/b0d2c562-4915-11f1-acb6-c3c15cb64fea,Вакансия интернет ресурса
Работник кафе,a361c2f4-4915-11f1-acb6-c3c15cb64fea,Бариста,Перекресток,7702319337,Город Москва,от 82900,82900,86600,Неполный рабочий день/неполная рабочая неделя,,2026-05-06,2026-05-06T09:34:31+0300,https://trudvsem.ru/vacancy/card/1027700404797/a361c2f4-4915-11f1-acb6-c3c15cb64fea,Вакансия интернет ресурса
Работник кафе,9db56e10-4915-11f1-a4d8-2703234eb817,Бариста,Перекресток,7702319337,Город Москва,от 80000,80000,83000,Неполный рабочий день/неполная рабочая неделя,,2026-05-06,2026-05-06T09:34:22+0300,https://trudvsem.ru/vacancy/card/1027700404797/9db56e10-4915-11f1-a4d8-2703234eb817,Вакансия интернет ресурса
Работник кафе,95b0f864-4915-11f1-9bdb-550718aca3ff,Бариста,Перекресток,7702319337,Город Москва,от 81000,81000,85000,Неполный рабочий день/неполная рабочая неделя,,2026-05-06,2026-05-06T09:34:08+0300,https://trudvsem.ru/vacancy/card/1027700404797/95b0f864-4915-11f1-9bdb-550718aca3ff,Вакансия интернет ресурса
Работник кафе,8c3a5514-4915-11f1-acb6-c3c15cb64fea,Бариста,Перекресток,7702319337,Город Москва,от 81000,81000,85000,Неполный рабочий день/неполная рабочая неделя,,2026-05-06,2026-05-06T09:33:52+0300,https://trudvsem.ru/vacancy/card/1027700404797/8c3a5514-4915-11f1-acb6-c3c15cb64fea,Вакансия интернет ресурса
Работник кафе,8503ddc4-4915-11f1-b083-d3994b776f2a,Бариста,Перекресток,7702319337,Город Москва,от 78600,78600,82100,Неполный рабочий день/неполная рабочая неделя,,2026-05-06,2026-05-06T09:33:40+0300,https://trudvsem.ru/vacancy/card/1027700404797/8503ddc4-4915-11f1-b083-d3994b776f2a,Вакансия интернет ресурса
Работник кафе,56649814-4915-11f1-9bdb-550718aca3ff,Бариста,Перекресток,7702319337,Город Москва,от 79500,79500,83100,Неполный рабочий день/неполная рабочая неделя,,2026-05-06,2026-05-06T09:32:22+0300,https://trudvsem.ru/vacancy/card/1027700404797/56649814-4915-11f1-9bdb-550718aca3ff,Вакансия интернет ресурса
Работник кафе,500287c4-4915-11f1-b0a5-e5f4a56febf4,Бариста,Перекресток,7702319337,Город Москва,от 81400,81400,85100,Неполный рабочий день/неполная рабочая неделя,,2026-05-06,2026-05-06T09:32:12+0300,https://trudvsem.ru/vacancy/card/1027700404797/500287c4-4915-11f1-b0a5-e5f4a56febf4,Вакансия интернет ресурса
Работник кафе,43757cb4-4915-11f1-acb6-c3c15cb64fea,Бариста,Перекресток,7702319337,Город Москва,от 80000,80000,85000,Неполный рабочий день/неполная рабочая неделя,,2026-05-06,2026-05-06T09:31:50+0300,https://trudvsem.ru/vacancy/card/1027700404797/43757cb4-4915-11f1-acb6-c3c15cb64fea,Вакансия интернет ресурса
Работник кафе,3dcbe6f4-4915-11f1-a4d8-2703234eb817,Бариста,Перекресток,7702319337,Город Москва,от 81000,81000,85000,Неполный рабочий день/неполная рабочая неделя,,2026-05-06,2026-05-06T09:31:41+0300,https://trudvsem.ru/vacancy/card/1027700404797/3dcbe6f4-4915-11f1-a4d8-2703234eb817,Вакансия интернет ресурса
Работник кафе,076c7d04-4914-11f1-a4d8-2703234eb817,Бариста,Перекресток,7702319337,Город Москва,от 81000,81000,85000,Неполный рабочий день/неполная рабочая неделя,,2026-05-06,2026-05-06T09:23:00+0300,https://trudvsem.ru/vacancy/card/1027700404797/076c7d04-4914-11f1-a4d8-2703234eb817,Вакансия интернет ресурса
Работник кафе,649ec494-49de-11f1-aff5-fda69a5c8381,Мобильный бариста,Перекресток,7702319337,Город Москва,от 85000,85000,90000,Полный рабочий день,,2026-05-07,2026-05-07T09:31:35+0300,https://trudvsem.ru/vacancy/card/1027700404797/649ec494-49de-11f1-aff5-fda69a5c8381,Вакансия интернет ресурса
Работник кафе,62ce2344-49de-11f1-9515-675f9983b1ea,Мобильный бариста,Перекресток,7702319337,Город Москва,от 85000,85000,90000,Полный рабочий день,,2026-05-07,2026-05-07T09:31:32+0300,https://trudvsem.ru/vacancy/card/1027700404797/62ce2344-49de-11f1-9515-675f9983b1ea,Вакансия интернет ресурса
Работник кафе,5f5e29d3-49de-11f1-b588-0bfc9ef93258,Мобильный бариста,Перекресток,7702319337,Город Москва,от 85000,85000,90000,Полный рабочий день,,2026-05-07,2026-05-07T09:31:26+0300,https://trudvsem.ru/vacancy/card/1027700404797/5f5e29d3-49de-11f1-b588-0bfc9ef93258,Вакансия интернет ресурса
Работник кафе,5d80b744-49de-11f1-b25c-e3f0fb441b9d,Мобильный бариста,Перекресток,7702319337,Город Москва,от 85000,85000,90000,Полный рабочий день,,2026-05-07,2026-05-07T09:31:23+0300,https://trudvsem.ru/vacancy/card/1027700404797/5d80b744-49de-11f1-b25c-e3f0fb441b9d,Вакансия интернет ресурса
Работник кафе,59937784-49de-11f1-905d-bdc0ab7ceef5,Мобильный бариста,Перекресток,7702319337,Город Москва,от 75000,75000,85000,Полный рабочий день,,2026-05-07,2026-05-07T09:31:16+0300,https://trudvsem.ru/vacancy/card/1027700404797/59937784-49de-11f1-905d-bdc0ab7ceef5,Вакансия интернет ресурса
Работник кафе,f3c39534-49dc-11f1-80cf-b52e2bd53d54,Мобильный бариста,Перекресток,7702319337,Город Москва,от 82400,82400,86100,Полный рабочий день,,2026-05-07,2026-05-07T09:21:16+0300,https://trudvsem.ru/vacancy/card/1027700404797/f3c39534-49dc-11f1-80cf-b52e2bd53d54,Вакансия интернет ресурса
Работник кафе,31a70c10-4f82-11f1-9259-7b514442a263,Повар в магазин,"Магнит, Розничная сеть",7702319337,Город Москва,от 83600,83600,106100,Сменная работа,,2026-05-14,2026-05-14T13:46:43+0300,https://trudvsem.ru/vacancy/card/1027700404797/31a70c10-4f82-11f1-9259-7b514442a263,Вакансия интернет ресурса
Работник кафе,3f04fbf5-4a01-11f1-8623-e10279f764f4,Повар в магазин,"Магнит, Розничная сеть",7702319337,Город Москва,от 91100,91100,119700,Сменная работа,,2026-05-07,2026-05-13T09:15:51+0300,https://trudvsem.ru/vacancy/card/1027700404797/3f04fbf5-4a01-11f1-8623-e10279f764f4,Вакансия интернет ресурса
Помощник бариста,31a70c10-4f82-11f1-9259-7b514442a263,Повар в магазин,"Магнит, Розничная сеть",7702319337,Город Москва,от 83600,83600,106100,Сменная работа,,2026-05-14,2026-05-14T13:46:43+0300,https://trudvsem.ru/vacancy/card/1027700404797/31a70c10-4f82-11f1-9259-7b514442a263,Вакансия интернет ресурса
Помощник бариста,3f04fbf5-4a01-11f1-8623-e10279f764f4,Повар в магазин,"Магнит, Розничная сеть",7702319337,Город Москва,от 91100,91100,119700,Сменная работа,,2026-05-07,2026-05-13T09:15:51+0300,https://trudvsem.ru/vacancy/card/1027700404797/3f04fbf5-4a01-11f1-8623-e10279f764f4,Вакансия интернет ресурса
